altitude_km,energy_eV,probability_density_eV-1,spectral_production_cm-3_s-1_eV-1
98.75,0.0125,0.0,0.0
98.75,0.037500000000000006,0.0,0.0
98.75,0.0625,0.0,0.0
98.75,0.08750000000000001,0.0,0.0
98.75,0.1125,0.0,0.0
98.75,0.1375,0.0,0.0
98.75,0.16250000000000003,0.0,0.0
98.75,0.1875,0.00010000000000000003,0.08591013608377898
98.75,0.21250000000000002,0.00020000000000000006,0.17182027216755796
98.75,0.2375,0.0018000000000000006,1.5463824495080218
98.75,0.2625,0.008699999999999992,7.474181839288763
98.75,0.28750000000000003,0.02509999999999998,21.563444157028503
98.75,0.3125,0.05560000000000007,47.76603566258116
98.75,0.3375,0.1115999999999999,95.87571186949722
98.75,0.36250000000000004,0.18320000000000025,157.38736930548328
98.75,0.3875,0.23699999999999977,203.60702251855594
98.75,0.41250000000000003,0.27649999999999975,237.5415262716486
98.75,0.4375,0.27190000000000036,233.5896600117953
98.75,0.4625,0.2442999999999998,209.8784624526718
98.75,0.48750000000000004,0.19920000000000027,171.1329910788879
98.75,0.5125,0.15109999999999987,129.8102156225899
98.75,0.5375000000000001,0.10159999999999991,87.28469826111935
98.75,0.5625,0.07129999999999993,61.25392702773434
98.75,0.5875000000000001,0.04959999999999996,42.611427497554324
98.75,0.6125,0.03340000000000012,28.69398545198227
98.75,0.6375,0.028299999999999974,24.312568511709422
98.75,0.6625000000000001,0.02209999999999998,18.986140074515134
98.75,0.6875,0.020199999999999982,17.353847488923332
98.75,0.7125000000000001,0.019899999999999984,17.096117080672
98.75,0.7375,0.018900000000000066,16.23701571983428
98.75,0.7625,0.018999999999999982,16.322925855917987
98.75,0.7875000000000001,0.018399999999999986,15.807465039415316
98.75,0.8125,0.013999999999999988,12.027419051729044
98.75,0.8375000000000001,0.013299999999999989,11.426048099142593
98.75,0.8625,0.013000000000000046,11.168317690891303
98.75,0.8875,0.01059999999999999,9.106474424880561
98.75,0.9125000000000001,0.012699999999999989,10.910587282639918
98.75,0.9375,0.010199999999999992,8.762833880545447
98.75,0.9625000000000001,0.008099999999999993,6.958721022786089
98.75,0.9875,0.00840000000000003,7.216451431037458
98.75,1.0125000000000002,0.006299999999999967,5.4123385732780465
98.75,1.0375,0.0059000000000000215,5.068698028942977
98.75,1.0625,0.0059000000000000215,5.068698028942977
98.75,1.0875,0.004799999999999974,4.123686532021368
98.75,1.1125,0.003100000000000011,2.6632142185971572
98.75,1.1375000000000002,0.004099999999999978,3.522315579434918
98.75,1.1625,0.0050000000000000175,4.295506804188963
98.75,1.1875,0.008199999999999956,7.044631158869836
98.75,1.2125000000000001,0.01360000000000005,11.683778507393981
98.75,1.2375,0.024500000000000088,21.04798334052592
98.75,1.2625000000000002,0.04239999999999977,36.42589769952208
98.75,1.2875,0.06220000000000022,53.4361046441107
98.75,1.3125,0.0932999999999995,80.15415696616533
98.75,1.3375000000000001,0.1453000000000005,124.82742772973127
98.75,1.3625,0.19000000000000067,163.22925855918058
98.75,1.3875000000000002,0.2523999999999986,216.8371834754569
98.75,1.4125,0.33010000000000117,283.58935921255534
98.75,1.4375,0.37699999999999795,323.8812130358449
98.75,1.4625000000000001,0.4596000000000016,394.84298544104945
98.75,1.4875,0.4985000000000018,428.26202837763964
98.75,1.5125000000000002,0.5264999999999972,452.3168664810938
98.75,1.5375,0.5303000000000019,455.58145165228143
98.75,1.5625,0.5409999999999971,464.77383621324174
98.75,1.5875000000000001,0.5248000000000018,450.85639416767356
98.75,1.6125,0.49970000000000175,429.292950010645
98.75,1.6375000000000002,0.4533999999999976,389.5165570038517
98.75,1.6625,0.3963000000000014,340.4618693000172
98.75,1.6875,0.35059999999999814,301.2009371097274
98.75,1.7125000000000001,0.290100000000001,249.22530477904363
98.75,1.7375,0.23660000000000084,203.26338197422174
98.75,1.7625000000000002,0.19789999999999894,170.01615930979764
98.75,1.7875,0.15510000000000054,133.24662106594164
98.75,1.8125,0.1309999999999993,112.54227826974984
98.75,1.8375000000000001,0.11760000000000041,101.03032003452441
98.75,1.8625,0.09110000000000032,78.26413397232291
98.75,1.8875000000000002,0.0769999999999996,66.15080478450945
98.75,1.9125,0.06690000000000024,57.473881040048326
98.75,1.9375,0.06119999999999967,52.57700328327244
98.75,1.9625000000000001,0.0544000000000002,46.735114029575925
98.75,1.9875,0.05090000000000018,43.72825926664365
98.75,2.0125,0.04660000000000017,40.03412341504114
98.75,2.0375,0.04589999999999935,39.43275246245398
98.75,2.0625,0.04510000000000016,38.74547137378445
98.75,2.0875000000000004,0.050700000000000175,43.55643899447608
98.75,2.1125,0.06160000000000022,52.920643827608025
98.75,2.1375,0.07370000000000027,63.31577029374532
98.75,2.1625,0.09329999999999868,80.15415696616463
98.75,2.1875,0.12360000000000043,106.18492819955117
98.75,2.2125000000000004,0.1657000000000006,142.35309549082226
98.75,2.2375,0.21520000000000078,184.87861285229297
98.75,2.2625,0.26810000000000095,230.3250748406122
98.75,2.2875,0.3464999999999951,297.6786215302899
98.75,2.3125,0.4361000000000016,374.6541034613614
98.75,2.3375000000000004,0.5172000000000019,444.32722382530636
98.75,2.3625,0.6181000000000022,531.0105511338396
98.75,2.3875,0.7072999999999899,607.64239252056
98.75,2.4125000000000005,0.7991000000000028,686.50789744548
98.75,2.4375,0.863500000000003,741.8340250834339
98.75,2.4625000000000004,0.9456000000000034,812.3662468082167
98.75,2.4875,0.9937000000000036,853.6890222645146
98.75,2.5125,1.0172999999999857,873.9638143802711
98.75,2.5375000000000005,1.0344000000000038,888.6544476506127
98.75,2.5625,0.9900000000000035,850.5103472294147
98.75,2.5875000000000004,0.9880000000000035,848.7921445077392
98.75,2.6125,0.9193000000000032,789.7718810181827
98.75,2.6375,0.855399999999988,734.8753040606348
98.75,2.6625000000000005,0.7903000000000029,678.9478054701076
98.75,2.6875,0.7042000000000025,604.9791783019735
98.75,2.7125000000000004,0.6198000000000022,532.4710234472639
98.75,2.7375,0.554600000000002,476.4576147206398
98.75,2.7625,0.47469999999999324,407.8154159896929
98.75,2.7875000000000005,0.40370000000000145,346.8192193702169
98.75,2.8125,0.3563000000000013,306.09781486650553
98.75,2.8375000000000004,0.29890000000000105,256.7853967544162
98.75,2.8625,0.2588000000000009,222.33543218482072
98.75,2.8875,0.21349999999999697,183.41814053886546
98.75,2.9125000000000005,0.18530000000000066,159.19148216324297
98.75,2.9375,0.1650000000000006,141.75172453823578
98.75,2.9625000000000004,0.14170000000000052,121.73466283071522
98.75,2.9875,0.13110000000000047,112.6281884058346
98.75,3.0125,0.12169999999999827,104.5526356139575
98.75,3.0375000000000005,0.1140000000000004,97.93755513550836
98.75,3.0625,0.11130000000000038,95.61798146124632
98.75,3.0875000000000004,0.1110000000000004,95.36025105299498
98.75,3.1125,0.11880000000000042,102.06124166752976
98.75,3.1375,0.12179999999999827,104.63854575004129
98.75,3.1625000000000005,0.13760000000000047,118.21234725128025
98.75,3.1875,0.14930000000000054,128.26383317308245
98.75,3.2125000000000004,0.1687000000000006,144.93039957333562
98.75,3.2375,0.20150000000000073,173.10892420881524
98.75,3.2625,0.22849999999999673,196.3046609514321
98.75,3.2875000000000005,0.26470000000000093,227.4041302137637
98.75,3.3125,0.3047000000000011,261.7681846472754
98.75,3.3375000000000004,0.3413000000000012,293.21129445393865
98.75,3.3625,0.3691000000000013,317.09431228522925
98.75,3.3875,0.39769999999999434,341.66461120518403
98.75,3.4125000000000005,0.43490000000000156,373.62318182835605
98.75,3.4375,0.4541000000000016,390.11792795644163
98.75,3.4625000000000004,0.4755000000000017,408.5026970783704
98.75,3.4875,0.4944000000000017,424.73971279820466
98.75,3.5125,0.5034999999999928,432.5575351818209
98.75,3.5375000000000005,0.49370000000000175,424.1383418456182
98.75,3.5625,0.4817000000000017,413.82912551556467
98.75,3.5875000000000004,0.4756000000000017,408.58860721445416
98.75,3.6125,0.44800000000000156,384.87740965533106
98.75,3.6375,0.42599999999999394,365.97717971689315
98.75,3.6625000000000005,0.3950000000000014,339.3450375309281
98.75,3.6875,0.3559000000000012,305.75417432217034
98.75,3.7125000000000004,0.3255000000000012,279.6374929527015
98.75,3.7375,0.29800000000000104,256.0122055296622
98.75,3.7625,0.2675999999999962,229.8955241601892
98.75,3.7875000000000005,0.2248000000000008,193.1259859163358
98.75,3.8125,0.2055000000000007,176.54532965216637
98.75,3.8375000000000004,0.18500000000000064,158.93375175499162
98.75,3.8625,0.15020000000000053,129.03702439783643
98.75,3.8875,0.13469999999999807,115.72095330484859
98.75,3.9125000000000005,0.11520000000000041,98.96847676851371
98.75,3.9375,0.09710000000000034,83.41874213734965
98.75,3.9625000000000004,0.0820000000000003,70.446311588699
98.75,3.9875,0.07520000000000027,64.604422335002
98.75,4.0125,0.06779999999999903,58.2470722648013
98.75,4.0375,0.051900000000001105,44.58736062748223
98.75,4.0625,0.05049999999999928,43.384618722307756
98.75,4.0875,0.04459999999999937,38.31592069336487
98.75,4.112500000000001,0.04200000000000089,36.082257155187925
98.75,4.1375,0.031199999999999554,26.803962458138653
98.75,4.1625,0.027500000000000583,23.625287423039715
98.75,4.1875,0.025699999999999633,22.078904973530875
98.75,4.2125,0.0209999999999997,18.041128577593323
98.75,4.237500000000001,0.01920000000000041,16.494746128085914
98.75,4.2625,0.014599999999999792,12.54287986823155
98.75,4.2875,0.013300000000000284,11.426048099142845
98.75,4.3125,0.012999999999999816,11.168317690891106
98.75,4.3375,0.009899999999999859,8.505103472293996
98.75,4.362500000000001,0.009000000000000192,7.731912247540271
98.75,4.3875,0.0073999999999998945,6.357350070199552
98.75,4.4125,0.007000000000000149,6.013709525864655
98.75,4.4375,0.003299999999999953,2.835034490764665
98.75,4.4625,0.002999999999999957,2.577304082513332
98.75,4.487500000000001,0.0033000000000000702,2.835034490764766
98.75,4.5125,0.002599999999999963,2.233663538178221
98.75,4.5375,0.0025000000000000534,2.1477534020945197
98.75,4.5625,0.0012999999999999815,1.1168317690891105
98.75,4.5875,0.001199999999999983,1.0309216330053328
98.75,4.612500000000001,0.0012000000000000257,1.0309216330053697
98.75,4.6375,0.0005999999999999915,0.5154608165026664
98.75,4.6625,0.0003000000000000064,0.2577304082513424
98.75,4.6875,0.00039999999999999433,0.34364054433511093
98.75,4.7125,0.00039999999999999433,0.34364054433511093
98.75,4.737500000000001,0.0003000000000000064,0.2577304082513424
98.75,4.7625,9.999999999999858e-05,0.08591013608377773
98.75,4.7875000000000005,0.0,0.0
98.75,4.8125,0.00010000000000000215,0.0859101360837808
98.75,4.8375,0.0,0.0
98.75,4.862500000000001,0.00010000000000000215,0.0859101360837808
98.75,4.8875,9.999999999999858e-05,0.08591013608377773
98.75,4.9125000000000005,0.0,0.0
98.75,4.9375,0.0,0.0
98.75,4.9625,0.0,0.0
98.75,4.987500000000001,0.0,0.0
98.75,5.0125,0.0,0.0
98.75,5.0375000000000005,0.0,0.0
98.75,5.0625,0.0,0.0
98.75,5.0875,0.0,0.0
98.75,5.112500000000001,0.0,0.0
98.75,5.1375,0.0,0.0
98.75,5.1625000000000005,0.0,0.0
98.75,5.1875,0.0,0.0
98.75,5.2125,0.0,0.0
98.75,5.237500000000001,0.0,0.0
98.75,5.2625,0.0,0.0
98.75,5.2875000000000005,0.0,0.0
98.75,5.3125,0.0,0.0
98.75,5.3375,0.0,0.0
98.75,5.362500000000001,0.0,0.0
98.75,5.3875,0.0,0.0
98.75,5.4125000000000005,0.0,0.0
98.75,5.4375,0.0,0.0
98.75,5.4625,0.0,0.0
98.75,5.487500000000001,0.0,0.0
98.75,5.5125,0.0,0.0
98.75,5.5375000000000005,0.0,0.0
98.75,5.5625,0.0,0.0
98.75,5.5875,0.0,0.0
98.75,5.612500000000001,0.0,0.0
98.75,5.6375,0.0,0.0
98.75,5.6625000000000005,0.0,0.0
98.75,5.6875,0.0,0.0
98.75,5.7125,0.0,0.0
98.75,5.737500000000001,0.0,0.0
98.75,5.7625,0.0,0.0
98.75,5.7875000000000005,0.0,0.0
98.75,5.8125,0.0,0.0
98.75,5.8375,0.0,0.0
98.75,5.862500000000001,0.0,0.0
98.75,5.8875,0.0,0.0
98.75,5.9125000000000005,0.0,0.0
98.75,5.9375,0.0,0.0
98.75,5.9625,0.0,0.0
98.75,5.987500000000001,0.0,0.0
98.75,6.0125,0.0,0.0
98.75,6.0375000000000005,0.0,0.0
98.75,6.0625,0.0,0.0
98.75,6.0875,0.0,0.0
98.75,6.112500000000001,0.0,0.0
98.75,6.1375,0.0,0.0
98.75,6.1625000000000005,0.0,0.0
98.75,6.1875,0.0,0.0
98.75,6.2125,0.0,0.0
98.75,6.237500000000001,0.0,0.0
98.75,6.2625,0.0,0.0
98.75,6.2875000000000005,0.0,0.0
98.75,6.3125,0.0,0.0
98.75,6.3375,0.0,0.0
98.75,6.362500000000001,0.0,0.0
98.75,6.3875,0.0,0.0
98.75,6.4125000000000005,0.0,0.0
98.75,6.4375,0.0,0.0
98.75,6.4625,0.0,0.0
98.75,6.487500000000001,0.0,0.0
98.75,6.5125,0.0,0.0
98.75,6.5375000000000005,0.0,0.0
98.75,6.5625,0.0,0.0
98.75,6.5875,0.0,0.0
98.75,6.612500000000001,0.0,0.0
98.75,6.6375,0.0,0.0
98.75,6.6625000000000005,0.0,0.0
98.75,6.6875,0.0,0.0
98.75,6.7125,0.0,0.0
98.75,6.737500000000001,0.0,0.0
98.75,6.7625,0.0,0.0
98.75,6.7875000000000005,0.0,0.0
98.75,6.8125,0.0,0.0
98.75,6.8375,0.0,0.0
98.75,6.862500000000001,0.0,0.0
98.75,6.8875,0.0,0.0
98.75,6.9125000000000005,0.0,0.0
98.75,6.9375,0.0,0.0
98.75,6.9625,0.0,0.0
98.75,6.987500000000001,0.0,0.0
101.25,0.0125,0.0,0.0
101.25,0.037500000000000006,0.0,0.0
101.25,0.0625,0.0,0.0
101.25,0.08750000000000001,0.0,0.0
101.25,0.1125,0.0,0.0
101.25,0.1375,0.0,0.0
101.25,0.16250000000000003,0.0,0.0
101.25,0.1875,0.0,0.0
101.25,0.21250000000000002,0.0007000000000000001,0.8828570789391711
101.25,0.2375,0.0027000000000000006,3.4053058759082315
101.25,0.2625,0.009499999999999991,11.981631785603023
101.25,0.28750000000000003,0.024299999999999978,30.64775288317405
101.25,0.3125,0.05500000000000007,69.36734191664924
101.25,0.3375,0.11649999999999991,146.93264242344762
101.25,0.36250000000000004,0.18100000000000024,228.28161612570022
101.25,0.3875,0.24919999999999978,314.2971201023446
101.25,0.41250000000000003,0.2720999999999998,343.1791588276403
101.25,0.4375,0.27610000000000035,348.2240564215792
101.25,0.4625,0.25579999999999975,322.62120113234243
101.25,0.48750000000000004,0.20220000000000024,255.01957337357226
101.25,0.5125,0.14779999999999988,186.40896609601336
101.25,0.5375000000000001,0.10349999999999991,130.53672524314874
101.25,0.5625,0.07059999999999994,89.04244253300774
101.25,0.5875000000000001,0.048599999999999956,61.2955057663481
101.25,0.6125,0.03760000000000013,47.42203738301849
101.25,0.6375,0.029599999999999974,37.33224219514205
101.25,0.6625000000000001,0.027799999999999974,35.0620382778699
101.25,0.6875,0.020799999999999978,26.233467488478194
101.25,0.7125000000000001,0.02069999999999998,26.107345048629742
101.25,0.7375,0.020100000000000073,25.350610409539144
101.25,0.7625,0.015499999999999986,19.548978176510197
101.25,0.7875000000000001,0.014599999999999986,18.41387621787412
101.25,0.8125,0.015499999999999986,19.548978176510197
101.25,0.8375000000000001,0.013599999999999989,17.152651819389593
101.25,0.8625,0.013300000000000048,16.77428449984431
101.25,0.8875,0.01069999999999999,13.495101063784459
101.25,0.9125000000000001,0.01209999999999999,15.2608152216628
101.25,0.9375,0.009799999999999991,12.359999105148383
101.25,0.9625000000000001,0.009099999999999992,11.477142026209211
101.25,0.9875,0.007600000000000028,9.585305428482462
101.25,1.0125000000000002,0.00739999999999996,9.333060548785472
101.25,1.0375,0.005400000000000019,6.810611751816486
101.25,1.0625,0.005100000000000019,6.432244432271126
101.25,1.0875,0.004199999999999978,5.297142473634998
101.25,1.1125,0.004600000000000016,5.801632233028858
101.25,1.1375000000000002,0.004599999999999976,5.8016322330288075
101.25,1.1625,0.004800000000000017,6.053877112725766
101.25,1.1875,0.008199999999999956,10.34204006757309
101.25,1.2125000000000001,0.015500000000000054,19.548978176510282
101.25,1.2375,0.02560000000000009,32.28734460120408
101.25,1.2625000000000002,0.0382999999999998,48.30489446195725
101.25,1.2875,0.06550000000000024,82.61019810073701
101.25,1.3125,0.09539999999999949,120.3208076154235
101.25,1.3375000000000001,0.1416000000000005,178.5893748254101
101.25,1.3625,0.18830000000000066,237.48855423463783
101.25,1.3875000000000002,0.2458999999999987,310.1350795873443
101.25,1.4125,0.31910000000000116,402.456705556415
101.25,1.4375,0.3887999999999979,490.36404613078264
101.25,1.4625000000000001,0.44460000000000155,560.740367566224
101.25,1.4875,0.49760000000000176,627.5852606859044
101.25,1.5125000000000002,0.5314999999999972,670.3407677945241
101.25,1.5375,0.5423000000000019,683.961991298163
101.25,1.5625,0.5463999999999971,689.1330113319435
101.25,1.5875000000000001,0.5275000000000019,665.2958702005919
101.25,1.6125,0.48800000000000177,615.4775064604529
101.25,1.6375000000000002,0.4492999999999976,566.6681222390963
101.25,1.6625,0.4004000000000014,504.9942491532076
101.25,1.6875,0.3352999999999982,422.88854081186065
101.25,1.7125000000000001,0.28830000000000106,363.6109940830913
101.25,1.7375,0.23690000000000083,298.7840600009862
101.25,1.7625000000000002,0.19689999999999894,248.3350840616026
101.25,1.7875,0.15770000000000056,198.8950876410111
101.25,1.8125,0.1356999999999993,171.14815087434982
101.25,1.8375000000000001,0.11010000000000039,138.86080627314723
101.25,1.8625,0.09490000000000035,119.69019541618233
101.25,1.8875000000000002,0.08409999999999956,106.06897191254842
101.25,1.9125,0.07060000000000026,89.04244253300814
101.25,1.9375,0.06179999999999967,77.94366782634353
101.25,1.9625000000000001,0.055300000000000196,69.74570923619476
101.25,1.9875,0.05140000000000018,64.82693408210507
101.25,2.0125,0.052200000000000184,65.8359136008927
101.25,2.0375,0.04709999999999933,59.40366916862052
101.25,2.0625,0.04720000000000017,59.529791608470035
101.25,2.0875000000000004,0.054000000000000194,68.10611751816487
101.25,2.1125,0.05990000000000021,75.54734146922361
101.25,2.1375,0.07090000000000025,89.42080985255349
101.25,2.1625,0.09439999999999867,119.05958321693794
101.25,2.1875,0.12610000000000043,159.0403966488998
101.25,2.2125000000000004,0.16050000000000056,202.42651595676776
101.25,2.2375,0.21080000000000076,265.8661032005399
101.25,2.2625,0.265300000000001,334.602832917947
101.25,2.2875,0.34659999999999513,437.14037651473194
101.25,2.3125,0.4264000000000015,537.7860835138055
101.25,2.3375000000000004,0.5131000000000019,647.1342388624147
101.25,2.3625,0.6106000000000023,770.1036177146568
101.25,2.3875,0.6967999999999902,878.8211608640081
101.25,2.4125000000000005,0.7955000000000028,1003.304008994447
101.25,2.4375,0.8741000000000031,1102.4362467153314
101.25,2.4625000000000004,0.9425000000000033,1188.7039955716737
101.25,2.4875,0.9851000000000035,1242.432154947115
101.25,2.5125,1.0088999999999857,1272.4492956310241
101.25,2.5375000000000005,1.0188000000000037,1284.9354171760438
101.25,2.5625,1.0162000000000035,1281.656233739984
101.25,2.5875000000000004,0.9694000000000035,1222.6309318909077
101.25,2.6125,0.9127000000000033,1151.1195084968347
101.25,2.6375,0.8595999999999877,1084.1484929372864
101.25,2.6625000000000005,0.7742000000000028,976.4399293067266
101.25,2.6875,0.7081000000000025,893.0729965668988
101.25,2.7125000000000004,0.6258000000000022,789.2742285716216
101.25,2.7375,0.5524000000000019,696.7003577228568
101.25,2.7625,0.4666999999999934,588.6134267727218
101.25,2.7875000000000005,0.40210000000000146,507.13833063063134
101.25,2.8125,0.3356000000000012,423.26690813140976
101.25,2.8375000000000004,0.30080000000000107,379.37629906414793
101.25,2.8625,0.2590000000000009,326.65711920749436
101.25,2.8875,0.2242999999999968,282.89263258007605
101.25,2.9125000000000005,0.18830000000000066,237.48855423463783
101.25,2.9375,0.16080000000000058,202.80488327631315
101.25,2.9625000000000004,0.1438000000000005,181.36406850207607
101.25,2.9875,0.13060000000000047,164.7159064420802
101.25,3.0125,0.12439999999999823,156.8963151714733
101.25,3.0375000000000005,0.11200000000000039,141.25713263026785
101.25,3.0625,0.10610000000000037,133.8159086792091
101.25,3.0875000000000004,0.11790000000000042,148.6983565813266
101.25,3.1125,0.1151000000000004,145.1669282655699
101.25,3.1375,0.12179999999999827,153.61713173541358
101.25,3.1625000000000005,0.13370000000000049,168.62570207738227
101.25,3.1875,0.15080000000000054,190.1926392914678
101.25,3.2125000000000004,0.17910000000000062,225.8852897685801
101.25,3.2375,0.2010000000000007,253.5061040953914
101.25,3.2625,0.23479999999999668,296.1354887641634
101.25,3.2875000000000005,0.26450000000000096,333.5938533991594
101.25,3.3125,0.30280000000000107,381.89874786111704
101.25,3.3375000000000004,0.32380000000000114,408.38446022929224
101.25,3.3625,0.3696000000000013,466.14853767988393
101.25,3.3875,0.4104999999999942,517.7326155778923
101.25,3.4125000000000005,0.4485000000000016,565.6591427203138
101.25,3.4375,0.4536000000000016,572.0913871525848
101.25,3.4625000000000004,0.4731000000000017,596.6852629230333
101.25,3.4875,0.49450000000000177,623.6754650506023
101.25,3.5125,0.5252999999999926,662.5211765239142
101.25,3.5375000000000005,0.49510000000000176,624.432199689693
101.25,3.5625,0.4879000000000017,615.3513840206043
101.25,3.5875000000000004,0.4746000000000017,598.57709952076
101.25,3.6125,0.44860000000000155,565.7852651601621
101.25,3.6375,0.423799999999994,534.5069000777362
101.25,3.6625000000000005,0.3989000000000014,503.1024125554808
101.25,3.6875,0.3589000000000013,452.6534366160994
101.25,3.7125000000000004,0.3259000000000012,411.03303146610983
101.25,3.7375,0.295700000000001,372.9440546318768
101.25,3.7625,0.2642999999999962,333.3416085194565
101.25,3.7875000000000005,0.2263000000000008,285.41508137705017
101.25,3.8125,0.20010000000000072,252.37100213675535
101.25,3.8375000000000004,0.17990000000000064,226.89426928736776
101.25,3.8625,0.15320000000000056,193.2195778478307
101.25,3.8875,0.12979999999999817,163.70692692328967
101.25,3.9125000000000005,0.11970000000000042,150.96856049859875
101.25,3.9375,0.10750000000000037,135.58162283708745
101.25,3.9625000000000004,0.09320000000000034,117.54611393875862
101.25,3.9875,0.07470000000000027,94.21346256679472
101.25,4.0125,0.06939999999999902,87.52897325482515
101.25,4.0375,0.05530000000000118,69.74570923619599
101.25,4.0625,0.046599999999999336,58.77305696937826
101.25,4.0875,0.040499999999999425,51.07958813862274
101.25,4.112500000000001,0.03930000000000084,49.56611886044309
101.25,4.1375,0.03259999999999953,41.115915390595084
101.25,4.1625,0.028500000000000608,35.94489535680987
101.25,4.1875,0.025699999999999633,32.41346704105196
101.25,4.2125,0.021699999999999692,27.368569447113913
101.25,4.237500000000001,0.01790000000000038,22.575916732873566
101.25,4.2625,0.01539999999999978,19.422855736661486
101.25,4.2875,0.012700000000000272,16.017549860753874
101.25,4.3125,0.011999999999999829,15.134692781814143
101.25,4.3375,0.008799999999999876,11.098774706663706
101.25,4.362500000000001,0.009200000000000196,11.603264466057922
101.25,4.3875,0.007299999999999896,9.206938108936937
101.25,4.4125,0.00610000000000013,7.693468830755796
101.25,4.4375,0.004799999999999932,6.053877112725658
101.25,4.4625,0.004399999999999938,5.549387353331853
101.25,4.487500000000001,0.0033000000000000702,4.162040514999037
101.25,4.5125,0.0024999999999999645,3.15306099621128
101.25,4.5375,0.002200000000000047,2.774693676666025
101.25,4.5625,0.000999999999999986,1.2612243984845122
101.25,4.5875,0.001999999999999972,2.5224487969690244
101.25,4.612500000000001,0.0009000000000000193,1.1351019586361013
101.25,4.6375,0.0005999999999999915,0.7567346390907073
101.25,4.6625,0.0005000000000000106,0.6306121992422784
101.25,4.6875,0.00019999999999999716,0.2522448796969024
101.25,4.7125,0.00039999999999999433,0.5044897593938048
101.25,4.737500000000001,0.0002000000000000043,0.2522448796969114
101.25,4.7625,9.999999999999858e-05,0.1261224398484512
101.25,4.7875000000000005,0.00039999999999999433,0.5044897593938048
101.25,4.8125,0.0,0.0
101.25,4.8375,0.00019999999999999716,0.2522448796969024
101.25,4.862500000000001,0.00010000000000000215,0.1261224398484557
101.25,4.8875,0.0,0.0
101.25,4.9125000000000005,0.0,0.0
101.25,4.9375,0.00010000000000000215,0.1261224398484557
101.25,4.9625,0.0,0.0
101.25,4.987500000000001,0.0,0.0
101.25,5.0125,0.0,0.0
101.25,5.0375000000000005,0.0,0.0
101.25,5.0625,0.0,0.0
101.25,5.0875,0.0,0.0
101.25,5.112500000000001,0.0,0.0
101.25,5.1375,0.0,0.0
101.25,5.1625000000000005,0.0,0.0
101.25,5.1875,0.0,0.0
101.25,5.2125,0.0,0.0
101.25,5.237500000000001,0.0,0.0
101.25,5.2625,0.0,0.0
101.25,5.2875000000000005,0.0,0.0
101.25,5.3125,0.0,0.0
101.25,5.3375,0.0,0.0
101.25,5.362500000000001,0.0,0.0
101.25,5.3875,0.0,0.0
101.25,5.4125000000000005,0.0,0.0
101.25,5.4375,0.0,0.0
101.25,5.4625,0.0,0.0
101.25,5.487500000000001,0.0,0.0
101.25,5.5125,0.0,0.0
101.25,5.5375000000000005,0.0,0.0
101.25,5.5625,0.0,0.0
101.25,5.5875,0.0,0.0
101.25,5.612500000000001,0.0,0.0
101.25,5.6375,0.0,0.0
101.25,5.6625000000000005,0.0,0.0
101.25,5.6875,0.0,0.0
101.25,5.7125,0.0,0.0
101.25,5.737500000000001,0.0,0.0
101.25,5.7625,0.0,0.0
101.25,5.7875000000000005,0.0,0.0
101.25,5.8125,0.0,0.0
101.25,5.8375,0.0,0.0
101.25,5.862500000000001,0.0,0.0
101.25,5.8875,0.0,0.0
101.25,5.9125000000000005,0.0,0.0
101.25,5.9375,0.0,0.0
101.25,5.9625,0.0,0.0
101.25,5.987500000000001,0.0,0.0
101.25,6.0125,0.0,0.0
101.25,6.0375000000000005,0.0,0.0
101.25,6.0625,0.0,0.0
101.25,6.0875,0.0,0.0
101.25,6.112500000000001,0.0,0.0
101.25,6.1375,0.0,0.0
101.25,6.1625000000000005,0.0,0.0
101.25,6.1875,0.0,0.0
101.25,6.2125,0.0,0.0
101.25,6.237500000000001,0.0,0.0
101.25,6.2625,0.0,0.0
101.25,6.2875000000000005,0.0,0.0
101.25,6.3125,0.0,0.0
101.25,6.3375,0.0,0.0
101.25,6.362500000000001,0.0,0.0
101.25,6.3875,0.0,0.0
101.25,6.4125000000000005,0.0,0.0
101.25,6.4375,0.0,0.0
101.25,6.4625,0.0,0.0
101.25,6.487500000000001,0.0,0.0
101.25,6.5125,0.0,0.0
101.25,6.5375000000000005,0.0,0.0
101.25,6.5625,0.0,0.0
101.25,6.5875,0.0,0.0
101.25,6.612500000000001,0.0,0.0
101.25,6.6375,0.0,0.0
101.25,6.6625000000000005,0.0,0.0
101.25,6.6875,0.0,0.0
101.25,6.7125,0.0,0.0
101.25,6.737500000000001,0.0,0.0
101.25,6.7625,0.0,0.0
101.25,6.7875000000000005,0.0,0.0
101.25,6.8125,0.0,0.0
101.25,6.8375,0.0,0.0
101.25,6.862500000000001,0.0,0.0
101.25,6.8875,0.0,0.0
101.25,6.9125000000000005,0.0,0.0
101.25,6.9375,0.0,0.0
101.25,6.9625,0.0,0.0
101.25,6.987500000000001,0.0,0.0
103.75,0.0125,0.0,0.0
103.75,0.037500000000000006,0.0,0.0
103.75,0.0625,0.0,0.0
103.75,0.08750000000000001,0.0,0.0
103.75,0.1125,0.0,0.0
103.75,0.1375,0.0,0.0
103.75,0.16250000000000003,0.0,0.0
103.75,0.1875,0.00010000000000000003,0.16567773981712
103.75,0.21250000000000002,0.00040000000000000013,0.66271095926848
103.75,0.2375,0.0016000000000000005,2.65084383707392
103.75,0.2625,0.009299999999999992,15.408029802992141
103.75,0.28750000000000003,0.02479999999999998,41.08807947464571
103.75,0.3125,0.059600000000000077,98.74393293100361
103.75,0.3375,0.1160999999999999,192.35185592767607
103.75,0.36250000000000004,0.17640000000000022,292.2555330373999
103.75,0.3875,0.2407999999999998,398.9519974796245
103.75,0.41250000000000003,0.2827999999999997,468.5366482028147
103.75,0.4375,0.2826000000000004,468.2052927231816
103.75,0.4625,0.24849999999999978,411.7091834455427
103.75,0.48750000000000004,0.19790000000000024,327.87624709808074
103.75,0.5125,0.14779999999999988,244.87169944970307
103.75,0.5375000000000001,0.1042999999999999,172.80188262925594
103.75,0.5625,0.07329999999999993,121.4417832859488
103.75,0.5875000000000001,0.05019999999999996,83.17022538819414
103.75,0.6125,0.037700000000000136,62.46050791105444
103.75,0.6375,0.03239999999999997,53.67958770074681
103.75,0.6625000000000001,0.025999999999999975,43.076212352451144
103.75,0.6875,0.02329999999999998,38.602913377388916
103.75,0.7125000000000001,0.02369999999999998,39.265624336657396
103.75,0.7375,0.01910000000000007,31.64444830507002
103.75,0.7625,0.018299999999999983,30.31902638653292
103.75,0.7875000000000001,0.015799999999999988,26.17708289110493
103.75,0.8125,0.016799999999999985,27.833860289276124
103.75,0.8375000000000001,0.014799999999999987,24.52030549293373
103.75,0.8625,0.014800000000000053,24.520305492933836
103.75,0.8875,0.01239999999999999,20.544039737322855
103.75,0.9125000000000001,0.012199999999999989,20.212684257688615
103.75,0.9375,0.009299999999999992,15.408029802992141
103.75,0.9625000000000001,0.008899999999999991,14.745318843723659
103.75,0.9875,0.00580000000000002,9.60930890939299
103.75,1.0125000000000002,0.005499999999999971,9.112275689941548
103.75,1.0375,0.0059000000000000215,9.774986649210112
103.75,1.0625,0.0050000000000000175,8.283886990856026
103.75,1.0875,0.0035999999999999813,5.964398633416287
103.75,1.1125,0.004100000000000014,6.792787332501941
103.75,1.1375000000000002,0.004499999999999976,7.455498291770358
103.75,1.1625,0.005400000000000019,8.94659795012451
103.75,1.1875,0.009099999999999952,15.076674323357835
103.75,1.2125000000000001,0.012600000000000045,20.875395216957187
103.75,1.2375,0.023300000000000085,38.602913377389086
103.75,1.2625000000000002,0.03709999999999981,61.466441472151175
103.75,1.2875,0.06190000000000022,102.55452094679761
103.75,1.3125,0.09639999999999947,159.71334118370274
103.75,1.3375000000000001,0.1436000000000005,237.91323437738507
103.75,1.3625,0.18510000000000065,306.6694964014901
103.75,1.3875000000000002,0.2499999999999987,414.1943495427977
103.75,1.4125,0.3130000000000011,518.5713256275873
103.75,1.4375,0.38409999999999794,636.3681986375543
103.75,1.4625000000000001,0.4467000000000016,740.0824637630774
103.75,1.4875,0.4974000000000018,824.0810778503575
103.75,1.5125000000000002,0.5305999999999972,879.0860874696338
103.75,1.5375,0.5561000000000019,921.3339111230072
103.75,1.5625,0.555999999999997,921.1682333831819
103.75,1.5875000000000001,0.5207000000000018,862.6839912277466
103.75,1.6125,0.49510000000000176,820.2704898345637
103.75,1.6375000000000002,0.45159999999999756,748.2006730141096
103.75,1.6625,0.3942000000000014,653.101650359089
103.75,1.6875,0.3369999999999982,558.3339831836912
103.75,1.7125000000000001,0.279700000000001,463.40063826848615
103.75,1.7375,0.23810000000000087,394.478698504564
103.75,1.7625000000000002,0.19499999999999895,323.07159264338213
103.75,1.7875,0.16090000000000057,266.57548336574695
103.75,1.8125,0.12789999999999932,211.90182922609526
103.75,1.8375000000000001,0.10960000000000038,181.58280283956407
103.75,1.8625,0.09360000000000034,155.07436446882483
103.75,1.8875000000000002,0.0750999999999996,124.42398260265641
103.75,1.9125,0.06490000000000024,107.52485314131123
103.75,1.9375,0.05969999999999968,98.90961067082007
103.75,1.9625000000000001,0.05460000000000019,90.4600459401478
103.75,1.9875,0.04960000000000018,82.17615894929179
103.75,2.0125,0.046200000000000165,76.54311579550968
103.75,2.0375,0.04669999999999933,77.3715044945939
103.75,2.0625,0.04150000000000015,68.75626202410501
103.75,2.0875000000000004,0.053800000000000195,89.13462402161085
103.75,2.1125,0.06080000000000022,100.7320658088093
103.75,2.1375,0.07060000000000026,116.9684843108871
103.75,2.1625,0.09259999999999867,153.41758707065085
103.75,2.1875,0.12250000000000044,202.95523127597266
103.75,2.2125000000000004,0.15440000000000056,255.80643027763412
103.75,2.2375,0.20460000000000073,338.9766556658286
103.75,2.2625,0.26620000000000094,441.0341433931748
103.75,2.2875,0.3464999999999951,574.0733684663124
103.75,2.3125,0.4339000000000015,718.8757130664859
103.75,2.3375000000000004,0.5006000000000018,829.3827655245054
103.75,2.3625,0.6142000000000022,1017.5926779567543
103.75,2.3875,0.71009999999999,1176.477630441352
103.75,2.4125000000000005,0.7998000000000028,1325.09056305733
103.75,2.4375,0.8648000000000031,1432.7810939384583
103.75,2.4625000000000004,0.9518000000000034,1576.9207275793533
103.75,2.4875,1.0043000000000035,1663.9015409833414
103.75,2.5125,1.0213999999999854,1692.232434492039
103.75,2.5375000000000005,1.0240000000000038,1696.5400557273144
103.75,2.5625,1.0321000000000036,1709.9599526525008
103.75,2.5875000000000004,0.9704000000000035,1607.7367871853376
103.75,2.6125,0.9147000000000032,1515.4542861072014
103.75,2.6375,0.8666999999999877,1435.928970994958
103.75,2.6625000000000005,0.7848000000000027,1300.2389020847618
103.75,2.6875,0.6956000000000024,1152.4543581678904
103.75,2.7125000000000004,0.6203000000000022,1027.6990200855985
103.75,2.7375,0.5414000000000019,896.9792833698905
103.75,2.7625,0.48369999999999314,801.3832274953977
103.75,2.7875000000000005,0.4008000000000014,664.036381187019
103.75,2.8125,0.34340000000000126,568.937358531992
103.75,2.8375000000000004,0.30180000000000107,500.01541876806976
103.75,2.8625,0.2530000000000009,419.16468173731494
103.75,2.8875,0.209699999999997,347.4262203964955
103.75,2.9125000000000005,0.18510000000000065,306.6694964014901
103.75,2.9375,0.15830000000000058,262.26786213050184
103.75,2.9625000000000004,0.15450000000000055,255.9721080174512
103.75,2.9875,0.12850000000000045,212.89589566499987
103.75,3.0125,0.1199999999999983,198.81328778054112
103.75,3.0375000000000005,0.11250000000000039,186.38745729426057
103.75,3.0625,0.10630000000000038,176.1154374255991
103.75,3.0875000000000004,0.1137000000000004,188.37559017206604
103.75,3.1125,0.1164000000000004,192.8488891471283
103.75,3.1375,0.11719999999999833,194.1743110656618
103.75,3.1625000000000005,0.13510000000000047,223.8306264929298
103.75,3.1875,0.15400000000000055,255.1437193183656
103.75,3.2125000000000004,0.17790000000000064,294.7406991346574
103.75,3.2375,0.1986000000000007,329.0359912768013
103.75,3.2625,0.23489999999999667,389.1770108304092
103.75,3.2875000000000005,0.2564000000000009,424.797724891097
103.75,3.3125,0.3042000000000011,503.99168452368065
103.75,3.3375000000000004,0.3335000000000012,552.535262290097
103.75,3.3625,0.37420000000000136,619.9661023956651
103.75,3.3875,0.4099999999999942,679.2787332501821
103.75,3.4125000000000005,0.43960000000000155,728.3193442360619
103.75,3.4375,0.46770000000000167,774.8747891246727
103.75,3.4625000000000004,0.46480000000000166,770.0701346699763
103.75,3.4875,0.4804000000000017,795.915862081447
103.75,3.5125,0.4952999999999929,820.6018453141833
103.75,3.5375000000000005,0.4853000000000017,804.0340713324858
103.75,3.5625,0.4862000000000017,805.5251709908399
103.75,3.5875000000000004,0.4666000000000017,773.0523339866844
103.75,3.6125,0.44950000000000156,744.7214404779567
103.75,3.6375,0.4287999999999939,710.4261483358002
103.75,3.6625000000000005,0.3969000000000014,657.5749493341514
103.75,3.6875,0.36860000000000126,610.6881489659062
103.75,3.7125000000000004,0.3255000000000012,539.2810431047274
103.75,3.7375,0.2996000000000011,496.3705084920931
103.75,3.7625,0.26529999999999626,439.543043734813
103.75,3.7875000000000005,0.23140000000000083,383.3782899368169
103.75,3.8125,0.21290000000000076,352.7279080706496
103.75,3.8375000000000004,0.17980000000000063,297.88857619118266
103.75,3.8625,0.15910000000000057,263.59328404903874
103.75,3.8875,0.1336999999999981,221.5111381354862
103.75,3.9125000000000005,0.1154000000000004,191.19211174895707
103.75,3.9375,0.10180000000000036,168.6599391338287
103.75,3.9625000000000004,0.08740000000000031,144.80234460016334
103.75,3.9875,0.07790000000000027,129.0629593175369
103.75,4.0125,0.06839999999999903,113.32357403490843
103.75,4.0375,0.057900000000001235,95.92741135411448
103.75,4.0625,0.052499999999999256,86.98081340398673
103.75,4.0875,0.04429999999999937,73.39523873898308
103.75,4.112500000000001,0.03940000000000084,65.27702948794663
103.75,4.1375,0.0351999999999995,58.318564415625396
103.75,4.1625,0.028500000000000608,47.21815584788019
103.75,4.1875,0.023299999999999668,38.6029133773884
103.75,4.2125,0.021299999999999698,35.289358581046045
103.75,4.237500000000001,0.01910000000000041,31.644448305070583
103.75,4.2625,0.01849999999999974,30.650381866166757
103.75,4.2875,0.013400000000000287,22.200817135494546
103.75,4.3125,0.010199999999999855,16.899129461345993
103.75,4.3375,0.010999999999999845,18.224551379882936
103.75,4.362500000000001,0.007400000000000157,12.260152746467137
103.75,4.3875,0.008699999999999876,14.413963364089229
103.75,4.4125,0.005900000000000126,9.774986649210284
103.75,4.4375,0.003599999999999949,5.964398633416233
103.75,4.4625,0.004399999999999938,7.2898205519531745
103.75,4.487500000000001,0.003000000000000064,4.970332194513704
103.75,4.5125,0.0022999999999999674,3.8105880157937047
103.75,4.5375,0.0025000000000000534,4.1419434954280865
103.75,4.5625,0.0010999999999999845,1.8224551379882936
103.75,4.5875,0.0010999999999999845,1.8224551379882936
103.75,4.612500000000001,0.0009000000000000193,1.4910996583541114
103.75,4.6375,0.0007999999999999887,1.3254219185369407
103.75,4.6625,0.0007000000000000148,1.1597441787198641
103.75,4.6875,0.000499999999999993,0.828388699085588
103.75,4.7125,0.000499999999999993,0.828388699085588
103.75,4.737500000000001,0.00010000000000000215,0.1656777398171235
103.75,4.7625,0.00019999999999999716,0.3313554796342352
103.75,4.7875000000000005,9.999999999999858e-05,0.1656777398171176
103.75,4.8125,0.0003000000000000064,0.49703321945137047
103.75,4.8375,0.00029999999999999575,0.49703321945135276
103.75,4.862500000000001,0.0,0.0
103.75,4.8875,0.0,0.0
103.75,4.9125000000000005,0.0,0.0
103.75,4.9375,0.0,0.0
103.75,4.9625,0.0,0.0
103.75,4.987500000000001,0.0,0.0
103.75,5.0125,0.0,0.0
103.75,5.0375000000000005,0.0,0.0
103.75,5.0625,0.0,0.0
103.75,5.0875,0.0,0.0
103.75,5.112500000000001,0.0,0.0
103.75,5.1375,0.0,0.0
103.75,5.1625000000000005,0.0,0.0
103.75,5.1875,0.0,0.0
103.75,5.2125,0.0,0.0
103.75,5.237500000000001,0.0,0.0
103.75,5.2625,0.0,0.0
103.75,5.2875000000000005,0.0,0.0
103.75,5.3125,0.0,0.0
103.75,5.3375,0.0,0.0
103.75,5.362500000000001,0.0,0.0
103.75,5.3875,0.0,0.0
103.75,5.4125000000000005,0.0,0.0
103.75,5.4375,0.0,0.0
103.75,5.4625,0.0,0.0
103.75,5.487500000000001,0.0,0.0
103.75,5.5125,0.0,0.0
103.75,5.5375000000000005,0.0,0.0
103.75,5.5625,0.0,0.0
103.75,5.5875,0.0,0.0
103.75,5.612500000000001,0.0,0.0
103.75,5.6375,0.0,0.0
103.75,5.6625000000000005,0.0,0.0
103.75,5.6875,0.0,0.0
103.75,5.7125,0.0,0.0
103.75,5.737500000000001,0.0,0.0
103.75,5.7625,0.0,0.0
103.75,5.7875000000000005,0.0,0.0
103.75,5.8125,0.0,0.0
103.75,5.8375,0.0,0.0
103.75,5.862500000000001,0.0,0.0
103.75,5.8875,0.0,0.0
103.75,5.9125000000000005,0.0,0.0
103.75,5.9375,0.0,0.0
103.75,5.9625,0.0,0.0
103.75,5.987500000000001,0.0,0.0
103.75,6.0125,0.0,0.0
103.75,6.0375000000000005,0.0,0.0
103.75,6.0625,0.0,0.0
103.75,6.0875,0.0,0.0
103.75,6.112500000000001,0.0,0.0
103.75,6.1375,0.0,0.0
103.75,6.1625000000000005,0.0,0.0
103.75,6.1875,0.0,0.0
103.75,6.2125,0.0,0.0
103.75,6.237500000000001,0.0,0.0
103.75,6.2625,0.0,0.0
103.75,6.2875000000000005,0.0,0.0
103.75,6.3125,0.0,0.0
103.75,6.3375,0.0,0.0
103.75,6.362500000000001,0.0,0.0
103.75,6.3875,0.0,0.0
103.75,6.4125000000000005,0.0,0.0
103.75,6.4375,0.0,0.0
103.75,6.4625,0.0,0.0
103.75,6.487500000000001,0.0,0.0
103.75,6.5125,0.0,0.0
103.75,6.5375000000000005,0.0,0.0
103.75,6.5625,0.0,0.0
103.75,6.5875,0.0,0.0
103.75,6.612500000000001,0.0,0.0
103.75,6.6375,0.0,0.0
103.75,6.6625000000000005,0.0,0.0
103.75,6.6875,0.0,0.0
103.75,6.7125,0.0,0.0
103.75,6.737500000000001,0.0,0.0
103.75,6.7625,0.0,0.0
103.75,6.7875000000000005,0.0,0.0
103.75,6.8125,0.0,0.0
103.75,6.8375,0.0,0.0
103.75,6.862500000000001,0.0,0.0
103.75,6.8875,0.0,0.0
103.75,6.9125000000000005,0.0,0.0
103.75,6.9375,0.0,0.0
103.75,6.9625,0.0,0.0
103.75,6.987500000000001,0.0,0.0
106.25,0.0125,0.0,0.0
106.25,0.037500000000000006,0.0,0.0
106.25,0.0625,0.0,0.0
106.25,0.08750000000000001,0.0,0.0
106.25,0.1125,0.0,0.0
106.25,0.1375,0.0,0.0
106.25,0.16250000000000003,0.0,0.0
106.25,0.1875,0.0,0.0
106.25,0.21250000000000002,0.00020000000000000006,0.4468537413325964
106.25,0.2375,0.0016000000000000005,3.5748299306607714
106.25,0.2625,0.007299999999999993,16.31016155863975
106.25,0.28750000000000003,0.02339999999999998,52.28188773591372
106.25,0.3125,0.05830000000000008,130.257865598452
106.25,0.3375,0.1166999999999999,260.7391580675697
106.25,0.36250000000000004,0.18250000000000025,407.75403896599465
106.25,0.3875,0.23609999999999978,527.5108416431294
106.25,0.41250000000000003,0.27599999999999975,616.6581630389824
106.25,0.4375,0.28300000000000036,632.2980439856245
106.25,0.4625,0.24449999999999977,546.2786987790985
106.25,0.48750000000000004,0.19890000000000027,444.3960457552676
106.25,0.5125,0.14909999999999987,333.1294641634502
106.25,0.5375000000000001,0.10209999999999991,228.11883495029022
106.25,0.5625,0.07079999999999995,158.18622443173896
106.25,0.5875000000000001,0.051499999999999956,115.06483839314345
106.25,0.6125,0.03650000000000013,81.55080779319911
106.25,0.6375,0.03119999999999997,69.70918364788496
106.25,0.6625000000000001,0.025499999999999978,56.973852019905976
106.25,0.6875,0.02279999999999998,50.94132651191593
106.25,0.7125000000000001,0.02139999999999998,47.81335032258776
106.25,0.7375,0.018400000000000066,41.11054420259901
106.25,0.7625,0.016799999999999985,37.535714271938055
106.25,0.7875000000000001,0.016499999999999987,36.865433659939164
106.25,0.8125,0.015399999999999985,34.40773808260988
106.25,0.8375000000000001,0.014099999999999988,31.50318876394801
106.25,0.8625,0.01360000000000005,30.38605441061666
106.25,0.8875,0.012899999999999988,28.822066315952434
106.25,0.9125000000000001,0.01189999999999999,26.587797609289456
106.25,0.9375,0.008199999999999992,18.32100339463643
106.25,0.9625000000000001,0.009399999999999992,21.002125842632008
106.25,0.9875,0.008800000000000032,19.66156461863431
106.25,1.0125000000000002,0.006999999999999963,15.639880946640787
106.25,1.0375,0.0059000000000000215,13.18218536931164
106.25,1.0625,0.004200000000000015,9.383928567984556
106.25,1.0875,0.004899999999999974,10.94791666264855
106.25,1.1125,0.0034000000000000124,7.596513602654165
106.25,1.1375000000000002,0.004199999999999978,9.383928567984473
106.25,1.1625,0.003700000000000013,8.26679421465306
106.25,1.1875,0.00949999999999995,21.22555271329821
106.25,1.2125000000000001,0.014000000000000049,31.27976189328185
106.25,1.2375,0.02530000000000009,56.52699827857363
106.25,1.2625000000000002,0.03899999999999979,87.13647955985581
106.25,1.2875,0.06430000000000023,143.66347783843023
106.25,1.3125,0.09949999999999948,222.3097363129655
106.25,1.3375000000000001,0.13560000000000047,302.9668366235013
106.25,1.3625,0.1916000000000007,428.0858841966288
106.25,1.3875000000000002,0.2549999999999986,569.7385201990572
106.25,1.4125,0.3100000000000011,692.6232990655267
106.25,1.4375,0.39319999999999794,878.5144554598797
106.25,1.4625000000000001,0.4386000000000016,979.9502547423872
106.25,1.4875,0.5092000000000018,1137.6896254327942
106.25,1.5125000000000002,0.5409999999999971,1208.7393703046666
106.25,1.5375,0.5440000000000019,1215.4421764246663
106.25,1.5625,0.546899999999997,1221.921555673978
106.25,1.5875000000000001,0.5335000000000019,1191.9823550047047
106.25,1.6125,0.4876000000000017,1089.4294213688736
106.25,1.6375000000000002,0.45299999999999757,1012.1237241183252
106.25,1.6625,0.3963000000000014,885.4406884505427
106.25,1.6875,0.34429999999999816,769.2587157040604
106.25,1.7125000000000001,0.280600000000001,626.9357990896349
106.25,1.7375,0.23340000000000083,521.4783161351418
106.25,1.7625000000000002,0.19329999999999897,431.88414099795204
106.25,1.7875,0.16270000000000057,363.5155185740683
106.25,1.8125,0.1327999999999993,296.7108842448424
106.25,1.8375000000000001,0.10910000000000038,243.75871589693213
106.25,1.8625,0.09760000000000034,218.06462577030774
106.25,1.8875000000000002,0.0768999999999996,171.81526354238235
106.25,1.9125,0.06770000000000025,151.2599914410844
106.25,1.9375,0.06209999999999967,138.7480866837704
106.25,1.9625000000000001,0.058000000000000204,129.58758498645338
106.25,1.9875,0.05290000000000019,118.19281458247214
106.25,2.0125,0.05050000000000018,112.83056968648096
106.25,2.0375,0.05149999999999927,115.06483839314191
106.25,2.0625,0.04490000000000016,100.31866492916824
106.25,2.0875000000000004,0.049700000000000175,111.04315472115057
106.25,2.1125,0.060600000000000216,135.39668362377716
106.25,2.1375,0.07580000000000027,169.35756796505459
106.25,2.1625,0.09379999999999866,209.57440468498467
106.25,2.1875,0.12110000000000043,270.56994037688804
106.25,2.2125000000000004,0.16100000000000056,359.71726177274127
106.25,2.2375,0.21220000000000075,474.11181955388633
106.25,2.2625,0.26700000000000096,596.5497446790182
106.25,2.2875,0.3422999999999951,764.7901782907276
106.25,2.3125,0.42790000000000156,956.0435795810932
106.25,2.3375000000000004,0.5188000000000018,1159.138605016759
106.25,2.3625,0.6111000000000022,1365.3616066417528
106.25,2.3875,0.6954999999999901,1553.9338854840817
106.25,2.4125000000000005,0.8018000000000028,1791.436649002385
106.25,2.4375,0.8681000000000031,1939.5686642541411
106.25,2.4625000000000004,0.9369000000000033,2093.286351272555
106.25,2.4875,0.9775000000000035,2183.997660763072
106.25,2.5125,1.0188999999999855,2276.4963852188794
106.25,2.5375000000000005,1.0258000000000036,2291.9128392948946
106.25,2.5625,0.9935000000000035,2219.7459600696798
106.25,2.5875000000000004,0.9782000000000035,2185.561648857736
106.25,2.6125,0.9262000000000032,2069.379676111261
106.25,2.6375,0.8576999999999878,1916.332269704812
106.25,2.6625000000000005,0.7736000000000027,1728.4302714744886
106.25,2.6875,0.6903000000000024,1542.3156882094613
106.25,2.7125000000000004,0.6267000000000023,1400.2161984656955
106.25,2.7375,0.5570000000000019,1244.487669611285
106.25,2.7625,0.4717999999999933,1054.1279758035796
106.25,2.7875000000000005,0.4059000000000014,906.8896680345074
106.25,2.8125,0.3393000000000012,758.0873721707524
106.25,2.8375000000000004,0.29700000000000104,663.5778058789078
106.25,2.8625,0.24430000000000088,545.8318450377683
106.25,2.8875,0.21959999999999688,490.64540798318376
106.25,2.9125000000000005,0.18670000000000064,417.1379675339801
106.25,2.9375,0.16080000000000058,359.2704080314087
106.25,2.9625000000000004,0.14540000000000053,324.86266994879867
106.25,2.9875,0.13430000000000047,300.06228730483946
106.25,3.0125,0.11389999999999839,254.48320568891
106.25,3.0375000000000005,0.10470000000000038,233.927933587615
106.25,3.0625,0.11250000000000039,251.3552294995863
106.25,3.0875000000000004,0.11250000000000039,251.3552294995863
106.25,3.1125,0.11110000000000039,248.2272533102581
106.25,3.1375,0.1257999999999982,281.071003298199
106.25,3.1625000000000005,0.13430000000000047,300.06228730483946
106.25,3.1875,0.15160000000000054,338.71513593010917
106.25,3.2125000000000004,0.17970000000000064,401.4980865873392
106.25,3.2375,0.20230000000000073,451.9925593579228
106.25,3.2625,0.23199999999999668,518.3503399458043
106.25,3.2875000000000005,0.272900000000001,609.7319300483298
106.25,3.3125,0.3042000000000011,679.6645405668813
106.25,3.3375000000000004,0.3395000000000012,758.5342259120848
106.25,3.3625,0.3709000000000013,828.6902633013027
106.25,3.3875,0.40359999999999424,901.7508500091665
106.25,3.4125000000000005,0.4328000000000015,966.9914962437417
106.25,3.4375,0.4680000000000017,1045.6377547182792
106.25,3.4625000000000004,0.46520000000000167,1039.3818023396227
106.25,3.4875,0.5110000000000018,1141.7113091047875
106.25,3.5125,0.5071999999999928,1133.221088019448
106.25,3.5375000000000005,0.4993000000000018,1115.5703652368306
106.25,3.5625,0.4797000000000017,1071.778698586236
106.25,3.5875000000000004,0.46990000000000165,1049.8828652609386
106.25,3.6125,0.4538000000000016,1013.9111390836646
106.25,3.6375,0.42649999999999394,952.915603391748
106.25,3.6625000000000005,0.3875000000000014,865.7791238319085
106.25,3.6875,0.3608000000000013,806.1241493640066
106.25,3.7125000000000004,0.3399000000000012,759.4279333947501
106.25,3.7375,0.30260000000000103,676.0897106362205
106.25,3.7625,0.26549999999999624,593.1983416190131
106.25,3.7875000000000005,0.23320000000000082,521.0314623938091
106.25,3.8125,0.20010000000000072,447.0771682032642
106.25,3.8375000000000004,0.18140000000000064,405.2963433886663
106.25,3.8625,0.15530000000000055,346.98193014476226
106.25,3.8875,0.13609999999999808,304.0839709768275
106.25,3.9125000000000005,0.11890000000000042,265.65454922222943
106.25,3.9375,0.09770000000000034,218.28805264097406
106.25,3.9625000000000004,0.08940000000000031,199.74362237567124
106.25,3.9875,0.07190000000000026,160.64392000906895
106.25,4.0125,0.06719999999999905,150.14285708775023
106.25,4.0375,0.05730000000000122,128.02359689179156
106.25,4.0625,0.050399999999999286,112.60714281581267
106.25,4.0875,0.04439999999999937,99.20153057583497
106.25,4.112500000000001,0.03420000000000073,76.4119897678756
106.25,4.1375,0.033599999999999526,75.07142854387511
106.25,4.1625,0.026900000000000576,60.101828209235485
106.25,4.1875,0.026099999999999627,58.31441324390298
106.25,4.2125,0.022999999999999673,51.388180253247846
106.25,4.237500000000001,0.017500000000000373,39.09970236660301
106.25,4.2625,0.014699999999999791,32.84374998794536
106.25,4.2875,0.014100000000000302,31.503188763948714
106.25,4.3125,0.01049999999999985,23.45982141996097
106.25,4.3375,0.011799999999999833,26.36437073862281
106.25,4.362500000000001,0.009100000000000195,20.331845230633565
106.25,4.3875,0.005899999999999917,13.182185369311405
106.25,4.4125,0.0063000000000001345,14.075892851977084
106.25,4.4375,0.005199999999999926,11.618197274647338
106.25,4.4625,0.004099999999999941,9.160501697318093
106.25,4.487500000000001,0.0028000000000000594,6.255952378656481
106.25,4.5125,0.002599999999999963,5.809098637323669
106.25,4.5375,0.002100000000000045,4.691964283992362
106.25,4.5625,0.001899999999999973,4.245110542659605
106.25,4.5875,0.001199999999999983,2.6811224479955396
106.25,4.612500000000001,0.0008000000000000172,1.7874149653304234
106.25,4.6375,0.000499999999999993,1.117134353331475
106.25,4.6625,0.0004000000000000086,0.8937074826652117
106.25,4.6875,0.00029999999999999575,0.6702806119988849
106.25,4.7125,0.00019999999999999716,0.4468537413325899
106.25,4.737500000000001,0.0007000000000000148,1.5639880946641203
106.25,4.7625,0.00019999999999999716,0.4468537413325899
106.25,4.7875000000000005,0.0,0.0
106.25,4.8125,0.00010000000000000215,0.22342687066630293
106.25,4.8375,0.00019999999999999716,0.4468537413325899
106.25,4.862500000000001,0.00010000000000000215,0.22342687066630293
106.25,4.8875,0.00019999999999999716,0.4468537413325899
106.25,4.9125000000000005,0.0,0.0
106.25,4.9375,0.0,0.0
106.25,4.9625,0.0,0.0
106.25,4.987500000000001,0.0,0.0
106.25,5.0125,0.0,0.0
106.25,5.0375000000000005,0.0,0.0
106.25,5.0625,0.0,0.0
106.25,5.0875,0.0,0.0
106.25,5.112500000000001,0.0,0.0
106.25,5.1375,0.0,0.0
106.25,5.1625000000000005,0.0,0.0
106.25,5.1875,0.0,0.0
106.25,5.2125,0.0,0.0
106.25,5.237500000000001,0.0,0.0
106.25,5.2625,0.0,0.0
106.25,5.2875000000000005,0.0,0.0
106.25,5.3125,0.0,0.0
106.25,5.3375,0.0,0.0
106.25,5.362500000000001,0.0,0.0
106.25,5.3875,0.0,0.0
106.25,5.4125000000000005,0.0,0.0
106.25,5.4375,0.0,0.0
106.25,5.4625,0.0,0.0
106.25,5.487500000000001,0.0,0.0
106.25,5.5125,0.0,0.0
106.25,5.5375000000000005,0.0,0.0
106.25,5.5625,0.0,0.0
106.25,5.5875,0.0,0.0
106.25,5.612500000000001,0.0,0.0
106.25,5.6375,0.0,0.0
106.25,5.6625000000000005,0.0,0.0
106.25,5.6875,0.0,0.0
106.25,5.7125,0.0,0.0
106.25,5.737500000000001,0.0,0.0
106.25,5.7625,0.0,0.0
106.25,5.7875000000000005,0.0,0.0
106.25,5.8125,0.0,0.0
106.25,5.8375,0.0,0.0
106.25,5.862500000000001,0.0,0.0
106.25,5.8875,0.0,0.0
106.25,5.9125000000000005,0.0,0.0
106.25,5.9375,0.0,0.0
106.25,5.9625,0.0,0.0
106.25,5.987500000000001,0.0,0.0
106.25,6.0125,0.0,0.0
106.25,6.0375000000000005,0.0,0.0
106.25,6.0625,0.0,0.0
106.25,6.0875,0.0,0.0
106.25,6.112500000000001,0.0,0.0
106.25,6.1375,0.0,0.0
106.25,6.1625000000000005,0.0,0.0
106.25,6.1875,0.0,0.0
106.25,6.2125,0.0,0.0
106.25,6.237500000000001,0.0,0.0
106.25,6.2625,0.0,0.0
106.25,6.2875000000000005,0.0,0.0
106.25,6.3125,0.0,0.0
106.25,6.3375,0.0,0.0
106.25,6.362500000000001,0.0,0.0
106.25,6.3875,0.0,0.0
106.25,6.4125000000000005,0.0,0.0
106.25,6.4375,0.0,0.0
106.25,6.4625,0.0,0.0
106.25,6.487500000000001,0.0,0.0
106.25,6.5125,0.0,0.0
106.25,6.5375000000000005,0.0,0.0
106.25,6.5625,0.0,0.0
106.25,6.5875,0.0,0.0
106.25,6.612500000000001,0.0,0.0
106.25,6.6375,0.0,0.0
106.25,6.6625000000000005,0.0,0.0
106.25,6.6875,0.0,0.0
106.25,6.7125,0.0,0.0
106.25,6.737500000000001,0.0,0.0
106.25,6.7625,0.0,0.0
106.25,6.7875000000000005,0.0,0.0
106.25,6.8125,0.0,0.0
106.25,6.8375,0.0,0.0
106.25,6.862500000000001,0.0,0.0
106.25,6.8875,0.0,0.0
106.25,6.9125000000000005,0.0,0.0
106.25,6.9375,0.0,0.0
106.25,6.9625,0.0,0.0
106.25,6.987500000000001,0.0,0.0
108.75,0.0125,0.0,0.0
108.75,0.037500000000000006,0.0,0.0
108.75,0.0625,0.0,0.0
108.75,0.08750000000000001,0.0,0.0
108.75,0.1125,0.0,0.0
108.75,0.1375,0.0,0.0
108.75,0.16250000000000003,0.0,0.0
108.75,0.1875,0.0,0.0
108.75,0.21250000000000002,0.00040000000000000013,1.3546003728340192
108.75,0.2375,0.0017000000000000006,5.757051584544582
108.75,0.2625,0.007499999999999994,25.398756990637832
108.75,0.28750000000000003,0.026399999999999976,89.40362460704516
108.75,0.3125,0.06050000000000008,204.88330639114562
108.75,0.3375,0.1156999999999999,391.8181578422396
108.75,0.36250000000000004,0.18380000000000024,622.4388713172325
108.75,0.3875,0.2354999999999998,797.5209695060279
108.75,0.41250000000000003,0.2731999999999998,925.1920546456341
108.75,0.4375,0.28210000000000035,955.331912941193
108.75,0.4625,0.2388999999999998,809.0350726751171
108.75,0.48750000000000004,0.19770000000000026,669.5112342732148
108.75,0.5125,0.14829999999999988,502.2180882282121
108.75,0.5375000000000001,0.1035999999999999,350.8414965640106
108.75,0.5625,0.07159999999999993,242.47346673728913
108.75,0.5875000000000001,0.048799999999999955,165.26124548575015
108.75,0.6125,0.035900000000000126,121.57538346185362
108.75,0.6375,0.029999999999999975,101.59502796255133
108.75,0.6625000000000001,0.028399999999999974,96.17662647121526
108.75,0.6875,0.019999999999999983,67.73001864170088
108.75,0.7125000000000001,0.02069999999999998,70.10056929416041
108.75,0.7375,0.020100000000000073,68.06866873490969
108.75,0.7625,0.017899999999999982,60.61836668432228
108.75,0.7875000000000001,0.017499999999999984,59.263766311488276
108.75,0.8125,0.015099999999999987,51.13616407448417
108.75,0.8375000000000001,0.015299999999999985,51.81346426090117
108.75,0.8625,0.012700000000000046,43.00856183748026
108.75,0.8875,0.01209999999999999,40.97666127822904
108.75,0.9125000000000001,0.010899999999999991,36.91286015972698
108.75,0.9375,0.009599999999999992,32.510408948016426
108.75,0.9625000000000001,0.008699999999999992,29.462558109139884
108.75,0.9875,0.00800000000000003,27.092007456680477
108.75,1.0125000000000002,0.007099999999999962,24.044156617803708
108.75,1.0375,0.006000000000000021,20.319005592510354
108.75,1.0625,0.006000000000000021,20.319005592510354
108.75,1.0875,0.00379999999999998,12.868703541923113
108.75,1.1125,0.0059000000000000215,19.98035549930185
108.75,1.1375000000000002,0.004599999999999976,15.577904287591135
108.75,1.1625,0.006900000000000024,23.366856431386907
108.75,1.1875,0.008999999999999952,30.478508388765263
108.75,1.2125000000000001,0.015600000000000055,52.82941454052692
108.75,1.2375,0.024300000000000085,82.29197264966693
108.75,1.2625000000000002,0.040199999999999785,136.13733746981816
108.75,1.2875,0.062000000000000215,209.96305778927365
108.75,1.3125,0.09809999999999947,332.21574143754134
108.75,1.3375000000000001,0.13980000000000048,473.4328303054912
108.75,1.3625,0.1929000000000007,653.256029799208
108.75,1.3875000000000002,0.25009999999999866,846.9638831144657
108.75,1.4125,0.30680000000000107,1038.9784859636961
108.75,1.4375,0.38769999999999794,1312.9464113693657
108.75,1.4625000000000001,0.4383000000000016,1484.3033585328815
108.75,1.4875,0.4929000000000018,1669.2063094247258
108.75,1.5125000000000002,0.5248999999999973,1777.574339251432
108.75,1.5375,0.559500000000002,1894.7472715015906
108.75,1.5625,0.5505999999999971,1864.607413206017
108.75,1.5875000000000001,0.5264000000000019,1782.6540906495752
108.75,1.6125,0.49450000000000177,1674.6247109160618
108.75,1.6375000000000002,0.43949999999999767,1488.3671596513705
108.75,1.6625,0.3942000000000014,1334.9586674279303
108.75,1.6875,0.3394999999999982,1149.7170664428675
108.75,1.7125000000000001,0.27370000000000094,926.8853051116806
108.75,1.7375,0.24530000000000088,830.7086786404651
108.75,1.7625000000000002,0.19709999999999894,667.4793337139592
108.75,1.7875,0.16040000000000057,543.1947495064435
108.75,1.8125,0.1338999999999993,453.4524748061854
108.75,1.8375000000000001,0.1084000000000004,367.09670103802046
108.75,1.8625,0.08790000000000031,297.6734319302767
108.75,1.8875000000000002,0.08229999999999955,278.70902671059787
108.75,1.9125,0.07120000000000025,241.1188663644562
108.75,1.9375,0.06029999999999967,204.20600620472723
108.75,1.9625000000000001,0.055000000000000195,186.25755126467826
108.75,1.9875,0.047700000000000166,161.53609446045732
108.75,2.0125,0.04720000000000017,159.8428439944148
108.75,2.0375,0.0426999999999994,144.60358980002948
108.75,2.0625,0.04450000000000016,150.69929147778512
108.75,2.0875000000000004,0.05090000000000018,172.37289744312952
108.75,2.1125,0.058800000000000206,199.12625480660148
108.75,2.1375,0.07260000000000026,245.85996766937532
108.75,2.1625,0.09399999999999867,318.33108761598993
108.75,2.1875,0.12210000000000044,413.49176380758576
108.75,2.2125000000000004,0.16360000000000058,554.0315524891157
108.75,2.2375,0.20960000000000073,709.8105953650283
108.75,2.2625,0.277900000000001,941.108609026438
108.75,2.2875,0.3459999999999951,1171.7293225014098
108.75,2.3125,0.4222000000000015,1429.780693526312
108.75,2.3375000000000004,0.5227000000000018,1770.1240372008604
108.75,2.3625,0.6075000000000021,2057.2993162416733
108.75,2.3875,0.7013999999999899,2375.291753764418
108.75,2.4125000000000005,0.7976000000000029,2701.0731434310433
108.75,2.4375,0.8920000000000032,3020.758831419873
108.75,2.4625000000000004,0.9440000000000033,3196.8568798882957
108.75,2.4875,0.9855000000000035,3337.396668569826
108.75,2.5125,1.0033999999999856,3398.0150352540877
108.75,2.5375000000000005,1.0128000000000035,3429.8481440157475
108.75,2.5625,0.9935000000000035,3364.4886760265063
108.75,2.5875000000000004,0.9906000000000035,3354.6678233234597
108.75,2.6125,0.9364000000000033,3171.1194728044497
108.75,2.6375,0.8512999999999878,2882.9282434839597
108.75,2.6625000000000005,0.7752000000000028,2625.215522552338
108.75,2.6875,0.7096000000000025,2403.0610614075576
108.75,2.7125000000000004,0.6261000000000022,2120.2882335784557
108.75,2.7375,0.5434000000000019,1840.2246064950211
108.75,2.7625,0.4742999999999933,1606.2173920879152
108.75,2.7875000000000005,0.41160000000000146,1393.8837836462103
108.75,2.8125,0.34790000000000126,1178.1636742723922
108.75,2.8375000000000004,0.29170000000000107,987.8423218892119
108.75,2.8625,0.2573000000000009,871.3466898254858
108.75,2.8875,0.22139999999999685,749.7713063636188
108.75,2.9125000000000005,0.18110000000000065,613.2953188006043
108.75,2.9375,0.15950000000000056,540.1468986675669
108.75,2.9625000000000004,0.14600000000000052,494.42913608441864
108.75,2.9875,0.13170000000000046,446.00217275560226
108.75,3.0125,0.11869999999999832,401.9776606384894
108.75,3.0375000000000005,0.11560000000000042,391.4795077490329
108.75,3.0625,0.10910000000000038,369.46725169047994
108.75,3.0875000000000004,0.1118000000000004,378.61080420710965
108.75,3.1125,0.1115000000000004,377.5948539274841
108.75,3.1375,0.1267999999999982,429.40831818837785
108.75,3.1625000000000005,0.13530000000000048,458.1935761111085
108.75,3.1875,0.15260000000000054,516.7800422361801
108.75,3.2125000000000004,0.17360000000000061,587.8965618099663
108.75,3.2375,0.20320000000000074,688.1369893996841
108.75,3.2625,0.22819999999999677,772.7995127017969
108.75,3.2875000000000005,0.26170000000000093,886.2472939266601
108.75,3.3125,0.30000000000000104,1015.9502796255177
108.75,3.3375000000000004,0.3349000000000012,1134.1391621552864
108.75,3.3625,0.3788000000000013,1282.8065530738204
108.75,3.3875,0.41249999999999415,1396.9316344850622
108.75,3.4125000000000005,0.4319000000000015,1462.629752567537
108.75,3.4375,0.45390000000000164,1537.1327730734085
108.75,3.4625000000000004,0.4767000000000017,1614.3449943249477
108.75,3.4875,0.49360000000000176,1671.5768600771853
108.75,3.5125,0.5002999999999929,1694.266416322125
108.75,3.5375000000000005,0.5006000000000018,1695.2823666017807
108.75,3.5625,0.49020000000000175,1660.0627569080962
108.75,3.5875000000000004,0.46530000000000166,1575.7388836991781
108.75,3.6125,0.44010000000000155,1490.3990602106346
108.75,3.6375,0.4346999999999938,1472.111955177349
108.75,3.6625000000000005,0.39370000000000144,1333.265416961888
108.75,3.6875,0.3647000000000013,1235.0568899314212
108.75,3.7125000000000004,0.32690000000000113,1107.0471546986057
108.75,3.7375,0.287200000000001,972.603067694829
108.75,3.7625,0.2650999999999962,897.7613970957333
108.75,3.7875000000000005,0.23340000000000083,790.4093175486528
108.75,3.8125,0.20570000000000074,696.6032417298967
108.75,3.8375000000000004,0.18280000000000066,619.0523703851488
108.75,3.8625,0.16180000000000058,547.9358508113626
108.75,3.8875,0.140099999999998,474.44878058510835
108.75,3.9125000000000005,0.12100000000000043,409.76661278229216
108.75,3.9375,0.10390000000000037,351.85744684363766
108.75,3.9625000000000004,0.08980000000000032,304.10778370123836
108.75,3.9875,0.07780000000000027,263.4697725162176
108.75,4.0125,0.06929999999999902,234.68451459349043
108.75,4.0375,0.0608000000000013,205.89925667077526
108.75,4.0625,0.05079999999999928,172.03424734991796
108.75,4.0875,0.045299999999999355,153.40849222345045
108.75,4.112500000000001,0.037400000000000794,126.65513485998345
108.75,4.1375,0.034799999999999505,117.85023243655797
108.75,4.1625,0.03240000000000069,109.72263019955787
108.75,4.1875,0.023299999999999668,78.90547171758048
108.75,4.2125,0.02049999999999971,69.42326910774248
108.75,4.237500000000001,0.02070000000000044,70.10056929416197
108.75,4.2625,0.015199999999999785,51.47481416769199
108.75,4.2875,0.014500000000000308,49.10426351523423
108.75,4.3125,0.011599999999999834,39.283410812185984
108.75,4.3375,0.009799999999999861,33.18770913443299
108.75,4.362500000000001,0.009200000000000196,31.155808575183098
108.75,4.3875,0.006399999999999909,21.673605965343995
108.75,4.4125,0.00420000000000009,14.223303914757503
108.75,4.4375,0.004599999999999935,15.577904287590997
108.75,4.4625,0.003799999999999946,12.868703541922997
108.75,4.487500000000001,0.0034000000000000727,11.514103169089406
108.75,4.5125,0.0022999999999999674,7.788952143795498
108.75,4.5375,0.0012000000000000257,4.063801118502144
108.75,4.5625,0.001699999999999976,5.7570515845445
108.75,4.5875,0.00139999999999998,4.741101304918999
108.75,4.612500000000001,0.0012000000000000257,4.063801118502144
108.75,4.6375,0.0005999999999999915,2.0319005592509995
108.75,4.6625,0.0002000000000000043,0.6773001864170239
108.75,4.6875,0.00019999999999999716,0.6773001864169998
108.75,4.7125,0.000499999999999993,1.6932504660424998
108.75,4.737500000000001,0.0003000000000000064,1.015950279625536
108.75,4.7625,9.999999999999858e-05,0.3386500932084999
108.75,4.7875000000000005,9.999999999999858e-05,0.3386500932084999
108.75,4.8125,0.00010000000000000215,0.33865009320851197
108.75,4.8375,0.0,0.0
108.75,4.862500000000001,0.00010000000000000215,0.33865009320851197
108.75,4.8875,0.0,0.0
108.75,4.9125000000000005,0.0,0.0
108.75,4.9375,0.0,0.0
108.75,4.9625,0.0,0.0
108.75,4.987500000000001,0.0,0.0
108.75,5.0125,0.0,0.0
108.75,5.0375000000000005,0.0,0.0
108.75,5.0625,0.0,0.0
108.75,5.0875,0.0,0.0
108.75,5.112500000000001,0.0,0.0
108.75,5.1375,0.0,0.0
108.75,5.1625000000000005,0.0,0.0
108.75,5.1875,0.0,0.0
108.75,5.2125,0.0,0.0
108.75,5.237500000000001,0.0,0.0
108.75,5.2625,0.0,0.0
108.75,5.2875000000000005,0.0,0.0
108.75,5.3125,0.0,0.0
108.75,5.3375,0.0,0.0
108.75,5.362500000000001,0.0,0.0
108.75,5.3875,0.0,0.0
108.75,5.4125000000000005,0.0,0.0
108.75,5.4375,0.0,0.0
108.75,5.4625,0.0,0.0
108.75,5.487500000000001,0.0,0.0
108.75,5.5125,0.0,0.0
108.75,5.5375000000000005,0.0,0.0
108.75,5.5625,0.0,0.0
108.75,5.5875,0.0,0.0
108.75,5.612500000000001,0.0,0.0
108.75,5.6375,0.0,0.0
108.75,5.6625000000000005,0.0,0.0
108.75,5.6875,0.0,0.0
108.75,5.7125,0.0,0.0
108.75,5.737500000000001,0.0,0.0
108.75,5.7625,0.0,0.0
108.75,5.7875000000000005,0.0,0.0
108.75,5.8125,0.0,0.0
108.75,5.8375,0.0,0.0
108.75,5.862500000000001,0.0,0.0
108.75,5.8875,0.0,0.0
108.75,5.9125000000000005,0.0,0.0
108.75,5.9375,0.0,0.0
108.75,5.9625,0.0,0.0
108.75,5.987500000000001,0.0,0.0
108.75,6.0125,0.0,0.0
108.75,6.0375000000000005,0.0,0.0
108.75,6.0625,0.0,0.0
108.75,6.0875,0.0,0.0
108.75,6.112500000000001,0.0,0.0
108.75,6.1375,0.0,0.0
108.75,6.1625000000000005,0.0,0.0
108.75,6.1875,0.0,0.0
108.75,6.2125,0.0,0.0
108.75,6.237500000000001,0.0,0.0
108.75,6.2625,0.0,0.0
108.75,6.2875000000000005,0.0,0.0
108.75,6.3125,0.0,0.0
108.75,6.3375,0.0,0.0
108.75,6.362500000000001,0.0,0.0
108.75,6.3875,0.0,0.0
108.75,6.4125000000000005,0.0,0.0
108.75,6.4375,0.0,0.0
108.75,6.4625,0.0,0.0
108.75,6.487500000000001,0.0,0.0
108.75,6.5125,0.0,0.0
108.75,6.5375000000000005,0.0,0.0
108.75,6.5625,0.0,0.0
108.75,6.5875,0.0,0.0
108.75,6.612500000000001,0.0,0.0
108.75,6.6375,0.0,0.0
108.75,6.6625000000000005,0.0,0.0
108.75,6.6875,0.0,0.0
108.75,6.7125,0.0,0.0
108.75,6.737500000000001,0.0,0.0
108.75,6.7625,0.0,0.0
108.75,6.7875000000000005,0.0,0.0
108.75,6.8125,0.0,0.0
108.75,6.8375,0.0,0.0
108.75,6.862500000000001,0.0,0.0
108.75,6.8875,0.0,0.0
108.75,6.9125000000000005,0.0,0.0
108.75,6.9375,0.0,0.0
108.75,6.9625,0.0,0.0
108.75,6.987500000000001,0.0,0.0
111.25,0.0125,0.0,0.0
111.25,0.037500000000000006,0.0,0.0
111.25,0.0625,0.0,0.0
111.25,0.08750000000000001,0.0,0.0
111.25,0.1125,0.0,0.0
111.25,0.1375,0.0,0.0
111.25,0.16250000000000003,0.0,0.0
111.25,0.1875,0.0,0.0
111.25,0.21250000000000002,0.00020000000000000006,1.0975591164649894
111.25,0.2375,0.0021000000000000007,11.524370722882388
111.25,0.2625,0.006799999999999994,37.317009959809596
111.25,0.28750000000000003,0.026399999999999976,144.8778033733784
111.25,0.3125,0.057900000000000076,317.74336421661474
111.25,0.3375,0.1136999999999999,623.9623577103457
111.25,0.36250000000000004,0.17990000000000023,987.2544252602588
111.25,0.3875,0.25409999999999977,1394.4488574687673
111.25,0.41250000000000003,0.27999999999999975,1536.5827630509832
111.25,0.4375,0.2757000000000004,1512.9852420469895
111.25,0.4625,0.24989999999999976,1371.4001160230025
111.25,0.48750000000000004,0.20870000000000027,1145.3029380312175
111.25,0.5125,0.14929999999999988,819.3278804411136
111.25,0.5375000000000001,0.10439999999999991,572.9258587947238
111.25,0.5625,0.07099999999999994,389.63348634507076
111.25,0.5875000000000001,0.048799999999999955,267.8044244174571
111.25,0.6125,0.034100000000000116,187.13382935728126
111.25,0.6375,0.030299999999999973,166.28020614444569
111.25,0.6625000000000001,0.02559999999999998,140.48756690751847
111.25,0.6875,0.021899999999999982,120.18272325291619
111.25,0.7125000000000001,0.02119999999999998,116.34126634528872
111.25,0.7375,0.017600000000000064,96.58520224891937
111.25,0.7625,0.014399999999999987,79.02425638547913
111.25,0.7875000000000001,0.017299999999999986,94.93886357422147
111.25,0.8125,0.014299999999999988,78.47547682724665
111.25,0.8375000000000001,0.013399999999999988,73.5364608031542
111.25,0.8625,0.012800000000000046,70.24378345375955
111.25,0.8875,0.01179999999999999,64.75598787143429
111.25,0.9125000000000001,0.010299999999999991,56.52429449794688
111.25,0.9375,0.007199999999999994,39.51212819273957
111.25,0.9625000000000001,0.009099999999999992,49.938939799156955
111.25,0.9875,0.007300000000000025,40.060907750972234
111.25,1.0125000000000002,0.006199999999999967,34.024332610414476
111.25,1.0375,0.00570000000000002,31.280434819252296
111.25,1.0625,0.004500000000000016,24.69508012046234
111.25,1.0875,0.004399999999999977,24.14630056222963
111.25,1.1125,0.0034000000000000124,18.65850497990488
111.25,1.1375000000000002,0.004899999999999974,26.890198353392087
111.25,1.1625,0.00580000000000002,31.829214377484792
111.25,1.1875,0.009699999999999948,53.231617148551685
111.25,1.2125000000000001,0.014900000000000054,81.76815417664197
111.25,1.2375,0.025000000000000088,137.19488955812412
111.25,1.2625000000000002,0.039099999999999795,214.57280726890423
111.25,1.2875,0.06250000000000022,342.98722389531025
111.25,1.3125,0.09989999999999948,548.2307786742591
111.25,1.3375000000000001,0.1418000000000005,778.16941357368
111.25,1.3625,0.19250000000000067,1056.4006495975557
111.25,1.3875000000000002,0.24939999999999868,1368.656218231834
111.25,1.4125,0.31800000000000117,1745.118995179339
111.25,1.4375,0.38249999999999795,2099.08181023928
111.25,1.4625000000000001,0.4503000000000016,2471.1543507209312
111.25,1.4875,0.4984000000000018,2735.1173182307625
111.25,1.5125000000000002,0.5269999999999971,2892.0682718852304
111.25,1.5375,0.552100000000002,3029.8119410016134
111.25,1.5625,0.5385999999999971,2955.7267006401994
111.25,1.5875000000000001,0.5226000000000018,2867.9219713230264
111.25,1.6125,0.49830000000000174,2734.5685386725295
111.25,1.6375000000000002,0.45239999999999764,2482.6787214437923
111.25,1.6625,0.3903000000000014,2141.8866157814336
111.25,1.6875,0.3465999999999982,1902.069948833816
111.25,1.7125000000000001,0.281800000000001,1546.460795099175
111.25,1.7375,0.24290000000000087,1332.9855469467338
111.25,1.7625000000000002,0.20079999999999892,1101.9493529308431
111.25,1.7875,0.16370000000000057,898.3521368265966
111.25,1.8125,0.1284999999999993,705.1817323287517
111.25,1.8375000000000001,0.10940000000000039,600.3648367063511
111.25,1.8625,0.09600000000000034,526.8283759031965
111.25,1.8875000000000002,0.07939999999999957,435.73096923659824
111.25,1.9125,0.07000000000000026,384.14569076274756
111.25,1.9375,0.06549999999999966,359.450610642282
111.25,1.9625000000000001,0.055000000000000195,301.82875702787305
111.25,1.9875,0.048200000000000166,264.51174706806324
111.25,2.0125,0.04760000000000017,261.2190697186683
111.25,2.0375,0.04839999999999931,265.6093061845236
111.25,2.0625,0.04720000000000017,259.02395148573834
111.25,2.0875000000000004,0.053800000000000195,295.2434023290831
111.25,2.1125,0.06110000000000022,335.3043100800553
111.25,2.1375,0.07490000000000027,411.03588911613986
111.25,2.1625,0.0986999999999986,541.6454239754644
111.25,2.1875,0.12290000000000044,674.4500770677381
111.25,2.2125000000000004,0.16650000000000062,913.7179644571067
111.25,2.2375,0.21050000000000074,1155.180970079405
111.25,2.2625,0.269800000000001,1480.6072481112756
111.25,2.2875,0.3446999999999951,1891.6431372273817
111.25,2.3125,0.41120000000000145,2256.5815434520255
111.25,2.3375000000000004,0.5218000000000018,2863.531734857166
111.25,2.3625,0.6027000000000021,3307.494397467256
111.25,2.3875,0.7163999999999898,3931.456755177535
111.25,2.4125000000000005,0.7858000000000027,4312.309768590957
111.25,2.4375,0.8821000000000031,4840.784483168851
111.25,2.4625000000000004,0.9349000000000034,5130.540089915609
111.25,2.4875,0.9713000000000034,5330.295849112237
111.25,2.5125,0.9990999999999858,5482.856566300775
111.25,2.5375000000000005,1.0195000000000036,5594.8075961803015
111.25,2.5625,0.9952000000000035,5461.454163529805
111.25,2.5875000000000004,0.9704000000000035,5325.356833088145
111.25,2.6125,0.9222000000000032,5060.845086020082
111.25,2.6375,0.8417999999999881,4619.626321201074
111.25,2.6625000000000005,0.7841000000000027,4302.9805161010045
111.25,2.6875,0.6977000000000024,3828.8349777881276
111.25,2.7125000000000004,0.6305000000000022,3460.0551146558896
111.25,2.7375,0.5382000000000019,2953.531582407296
111.25,2.7625,0.4727999999999933,2594.629751323197
111.25,2.7875000000000005,0.4132000000000015,2267.5571346166757
111.25,2.8125,0.33870000000000117,1858.7163637334652
111.25,2.8375000000000004,0.294100000000001,1613.960680761772
111.25,2.8625,0.25860000000000094,1419.143937589236
111.25,2.8875,0.22729999999999678,1247.3759358624422
111.25,2.9125000000000005,0.19090000000000068,1047.6201766658357
111.25,2.9375,0.1680000000000006,921.949657830594
111.25,2.9625000000000004,0.14550000000000052,798.4742572282823
111.25,2.9875,0.1359000000000005,745.7914196379627
111.25,3.0125,0.11819999999999832,648.6574378307993
111.25,3.0375000000000005,0.11880000000000042,651.9501151802058
111.25,3.0625,0.10920000000000038,599.267277589886
111.25,3.0875000000000004,0.1118000000000004,613.535546103931
111.25,3.1125,0.11560000000000042,634.389169316766
111.25,3.1375,0.12289999999999826,674.4500770677262
111.25,3.1625000000000005,0.13020000000000045,714.5109848187103
111.25,3.1875,0.15870000000000056,870.9131589149719
111.25,3.2125000000000004,0.1716000000000006,941.7057219269639
111.25,3.2375,0.20250000000000073,1111.2786054208054
111.25,3.2625,0.23579999999999665,1294.0221983122037
111.25,3.2875000000000005,0.26600000000000096,1459.7536248984406
111.25,3.3125,0.30680000000000107,1683.655684657299
111.25,3.3375000000000004,0.3417000000000012,1875.1797504804404
111.25,3.3625,0.36410000000000126,1998.1063715245193
111.25,3.3875,0.4024999999999943,2208.837721885759
111.25,3.4125000000000005,0.43550000000000155,2389.934976102522
111.25,3.4375,0.4601000000000017,2524.9347474277165
111.25,3.4625000000000004,0.47850000000000165,2625.910186142495
111.25,3.4875,0.48680000000000173,2671.4588894757926
111.25,3.5125,0.4861999999999931,2668.1662121263503
111.25,3.5375000000000005,0.49000000000000177,2689.0198353392325
111.25,3.5625,0.49640000000000173,2724.1417270661123
111.25,3.5875000000000004,0.4746000000000017,2604.507783371428
111.25,3.6125,0.4529000000000016,2485.422619234976
111.25,3.6375,0.4088999999999942,2243.9596136126383
111.25,3.6625000000000005,0.4001000000000014,2195.667012488218
111.25,3.6875,0.37050000000000133,2033.2282632513993
111.25,3.7125000000000004,0.3384000000000012,1857.070025058768
111.25,3.7375,0.2972000000000011,1630.9728470669795
111.25,3.7625,0.2749999999999961,1509.1437851393384
111.25,3.7875000000000005,0.23070000000000082,1266.0344408423693
111.25,3.8125,0.20350000000000074,1116.7664010031303
111.25,3.8375000000000004,0.18160000000000062,996.5836777502134
111.25,3.8625,0.14640000000000053,803.4132732523749
111.25,3.8875,0.13279999999999811,728.7792533327423
111.25,3.9125000000000005,0.11790000000000042,647.0110991561133
111.25,3.9375,0.10350000000000037,567.9868427706339
111.25,3.9625000000000004,0.09230000000000033,506.5235322485942
111.25,3.9875,0.07880000000000027,432.43829188720713
111.25,4.0125,0.06829999999999903,374.8164382727884
111.25,4.0375,0.05680000000000121,311.7067890760635
111.25,4.0625,0.047999999999999314,263.4141879515936
111.25,4.0875,0.044499999999999366,244.20690341345656
111.25,4.112500000000001,0.03580000000000076,196.46308184723722
111.25,4.1375,0.03189999999999955,175.06067907616327
111.25,4.1625,0.030300000000000646,166.28020614444938
111.25,4.1875,0.02729999999999961,149.81681939746886
111.25,4.2125,0.023599999999999666,129.51197574286687
111.25,4.237500000000001,0.019400000000000413,106.4632342971062
111.25,4.2625,0.017799999999999747,97.68276136538263
111.25,4.2875,0.01460000000000031,80.1218155019459
111.25,4.3125,0.010199999999999855,55.97551493971364
111.25,4.3375,0.009699999999999863,53.231617148551216
111.25,4.362500000000001,0.008500000000000181,46.64626244976303
111.25,4.3875,0.007099999999999899,38.96334863450655
111.25,4.4125,0.006800000000000145,37.31700995981042
111.25,4.4375,0.004999999999999929,27.438977911624335
111.25,4.4625,0.0036999999999999473,20.304843654602006
111.25,4.487500000000001,0.0031000000000000662,17.012166305207693
111.25,4.5125,0.0028999999999999586,15.914607188742114
111.25,4.5375,0.0017000000000000363,9.329252489952605
111.25,4.5625,0.000999999999999986,5.487795582324868
111.25,4.5875,0.00139999999999998,7.682913815254813
111.25,4.612500000000001,0.0007000000000000148,3.841456907627543
111.25,4.6375,0.0010999999999999845,6.036575140557354
111.25,4.6625,0.0010000000000000213,5.487795582325061
111.25,4.6875,9.999999999999858e-05,0.5487795582324867
111.25,4.7125,0.00039999999999999433,2.195118232929947
111.25,4.737500000000001,0.0002000000000000043,1.0975591164650125
111.25,4.7625,0.0,0.0
111.25,4.7875000000000005,0.00019999999999999716,1.0975591164649734
111.25,4.8125,0.0002000000000000043,1.0975591164650125
111.25,4.8375,0.0,0.0
111.25,4.862500000000001,0.0,0.0
111.25,4.8875,0.0,0.0
111.25,4.9125000000000005,0.0,0.0
111.25,4.9375,0.0002000000000000043,1.0975591164650125
111.25,4.9625,0.0,0.0
111.25,4.987500000000001,0.0,0.0
111.25,5.0125,0.0,0.0
111.25,5.0375000000000005,0.0,0.0
111.25,5.0625,0.0,0.0
111.25,5.0875,0.0,0.0
111.25,5.112500000000001,0.0,0.0
111.25,5.1375,0.0,0.0
111.25,5.1625000000000005,0.0,0.0
111.25,5.1875,0.0,0.0
111.25,5.2125,0.0,0.0
111.25,5.237500000000001,0.0,0.0
111.25,5.2625,0.0,0.0
111.25,5.2875000000000005,0.0,0.0
111.25,5.3125,0.0,0.0
111.25,5.3375,0.0,0.0
111.25,5.362500000000001,0.0,0.0
111.25,5.3875,0.0,0.0
111.25,5.4125000000000005,0.0,0.0
111.25,5.4375,0.0,0.0
111.25,5.4625,0.0,0.0
111.25,5.487500000000001,0.0,0.0
111.25,5.5125,0.0,0.0
111.25,5.5375000000000005,0.0,0.0
111.25,5.5625,0.0,0.0
111.25,5.5875,0.0,0.0
111.25,5.612500000000001,0.0,0.0
111.25,5.6375,0.0,0.0
111.25,5.6625000000000005,0.0,0.0
111.25,5.6875,0.0,0.0
111.25,5.7125,0.0,0.0
111.25,5.737500000000001,0.0,0.0
111.25,5.7625,0.0,0.0
111.25,5.7875000000000005,0.0,0.0
111.25,5.8125,0.0,0.0
111.25,5.8375,0.0,0.0
111.25,5.862500000000001,0.0,0.0
111.25,5.8875,0.0,0.0
111.25,5.9125000000000005,0.0,0.0
111.25,5.9375,0.0,0.0
111.25,5.9625,0.0,0.0
111.25,5.987500000000001,0.0,0.0
111.25,6.0125,0.0,0.0
111.25,6.0375000000000005,0.0,0.0
111.25,6.0625,0.0,0.0
111.25,6.0875,0.0,0.0
111.25,6.112500000000001,0.0,0.0
111.25,6.1375,0.0,0.0
111.25,6.1625000000000005,0.0,0.0
111.25,6.1875,0.0,0.0
111.25,6.2125,0.0,0.0
111.25,6.237500000000001,0.0,0.0
111.25,6.2625,0.0,0.0
111.25,6.2875000000000005,0.0,0.0
111.25,6.3125,0.0,0.0
111.25,6.3375,0.0,0.0
111.25,6.362500000000001,0.0,0.0
111.25,6.3875,0.0,0.0
111.25,6.4125000000000005,0.0,0.0
111.25,6.4375,0.0,0.0
111.25,6.4625,0.0,0.0
111.25,6.487500000000001,0.0,0.0
111.25,6.5125,0.0,0.0
111.25,6.5375000000000005,0.0,0.0
111.25,6.5625,0.0,0.0
111.25,6.5875,0.0,0.0
111.25,6.612500000000001,0.0,0.0
111.25,6.6375,0.0,0.0
111.25,6.6625000000000005,0.0,0.0
111.25,6.6875,0.0,0.0
111.25,6.7125,0.0,0.0
111.25,6.737500000000001,0.0,0.0
111.25,6.7625,0.0,0.0
111.25,6.7875000000000005,0.0,0.0
111.25,6.8125,0.0,0.0
111.25,6.8375,0.0,0.0
111.25,6.862500000000001,0.0,0.0
111.25,6.8875,0.0,0.0
111.25,6.9125000000000005,0.0,0.0
111.25,6.9375,0.0,0.0
111.25,6.9625,0.0,0.0
111.25,6.987500000000001,0.0,0.0
113.75,0.0125,0.0,0.0
113.75,0.037500000000000006,0.0,0.0
113.75,0.0625,0.0,0.0
113.75,0.08750000000000001,0.0,0.0
113.75,0.1125,0.0,0.0
113.75,0.1375,0.0,0.0
113.75,0.16250000000000003,0.0,0.0
113.75,0.1875,0.00010000000000000003,0.8583141169359301
113.75,0.21250000000000002,0.00040000000000000013,3.4332564677437203
113.75,0.2375,0.0022000000000000006,18.88291057259046
113.75,0.2625,0.007499999999999994,64.37355877019468
113.75,0.28750000000000003,0.026099999999999977,224.0199845202775
113.75,0.3125,0.056900000000000076,488.3807325365447
113.75,0.3375,0.1136999999999999,975.9031509561513
113.75,0.36250000000000004,0.17640000000000022,1514.066102274982
113.75,0.3875,0.2432999999999998,2088.2782465051155
113.75,0.41250000000000003,0.28199999999999975,2420.44580975932
113.75,0.4375,0.2698000000000004,2315.7314874931417
113.75,0.4625,0.25009999999999977,2146.6436064567583
113.75,0.48750000000000004,0.19940000000000027,1711.4783491702465
113.75,0.5125,0.14789999999999986,1269.446578948239
113.75,0.5375000000000001,0.1008999999999999,866.0389439883523
113.75,0.5625,0.07849999999999992,673.7765817947042
113.75,0.5875000000000001,0.05119999999999996,439.45682787119574
113.75,0.6125,0.03330000000000012,285.81860093966566
113.75,0.6375,0.03369999999999997,289.2518574074081
113.75,0.6625000000000001,0.026399999999999976,226.59492687108525
113.75,0.6875,0.02319999999999998,199.12887512913557
113.75,0.7125000000000001,0.02169999999999998,186.2541633750966
113.75,0.7375,0.019700000000000068,169.08788103637875
113.75,0.7625,0.020099999999999982,172.52113750412175
113.75,0.7875000000000001,0.016299999999999985,139.90520106055644
113.75,0.8125,0.015499999999999986,133.038688125069
113.75,0.8375000000000001,0.014199999999999987,121.88060460490192
113.75,0.8625,0.015500000000000054,133.03868812506957
113.75,0.8875,0.013599999999999989,116.73071990328636
113.75,0.9125000000000001,0.01159999999999999,99.56443756456778
113.75,0.9375,0.009699999999999992,83.25646934278512
113.75,0.9625000000000001,0.009099999999999992,78.10658464116955
113.75,0.9875,0.008100000000000029,69.52344347181057
113.75,1.0125000000000002,0.006199999999999967,53.21547525002736
113.75,1.0375,0.0059000000000000215,50.64053289922004
113.75,1.0625,0.00580000000000002,49.782218782284104
113.75,1.0875,0.004999999999999973,42.915705846796264
113.75,1.1125,0.0030000000000000105,25.749423508077985
113.75,1.1375000000000002,0.00559999999999997,48.065590548411805
113.75,1.1625,0.005300000000000018,45.490648197604436
113.75,1.1875,0.009999999999999946,85.83141169359253
113.75,1.2125000000000001,0.016200000000000058,139.04688694362113
113.75,1.2375,0.027300000000000095,234.31975392350967
113.75,1.2625000000000002,0.04349999999999977,373.3666408671275
113.75,1.2875,0.06230000000000022,534.7296948510862
113.75,1.3125,0.10399999999999944,892.6466816133621
113.75,1.3375000000000001,0.13370000000000049,1147.5659743433423
113.75,1.3625,0.18590000000000065,1595.605943383899
113.75,1.3875000000000002,0.25449999999999867,2184.40942760193
113.75,1.4125,0.3161000000000011,2713.1309236344837
113.75,1.4375,0.381499999999998,3274.4683561105553
113.75,1.4625000000000001,0.44550000000000156,3823.7893909495806
113.75,1.4875,0.49370000000000175,4237.496795312701
113.75,1.5125000000000002,0.5389999999999971,4626.313090284637
113.75,1.5375,0.5434000000000019,4664.078911429859
113.75,1.5625,0.555799999999997,4770.5098619298715
113.75,1.5875000000000001,0.5311000000000019,4558.50627504674
113.75,1.6125,0.4864000000000018,4174.839864776378
113.75,1.6375000000000002,0.4435999999999976,3807.4814227277643
113.75,1.6625,0.3965000000000014,3403.2154736509738
113.75,1.6875,0.3440999999999982,2953.458876376519
113.75,1.7125000000000001,0.292100000000001,2507.1355355698597
113.75,1.7375,0.23250000000000082,1995.5803218760439
113.75,1.7625000000000002,0.19589999999999896,1681.4373550774776
113.75,1.7875,0.1697000000000006,1456.559056440278
113.75,1.8125,0.13259999999999927,1138.1245190570367
113.75,1.8375000000000001,0.1098000000000004,942.4289003956543
113.75,1.8625,0.09590000000000033,823.1232381415596
113.75,1.8875000000000002,0.08049999999999957,690.9428641334198
113.75,1.9125,0.06950000000000024,596.5283112704733
113.75,1.9375,0.0563999999999997,484.08916195186185
113.75,1.9625000000000001,0.05360000000000019,460.05636667766
113.75,1.9875,0.04990000000000017,428.29874435103045
113.75,2.0125,0.04960000000000018,425.72380200022275
113.75,2.0375,0.04689999999999933,402.54932084294535
113.75,2.0625,0.05040000000000018,432.5903149357102
113.75,2.0875000000000004,0.05050000000000018,433.4486290526461
113.75,2.1125,0.06300000000000022,540.7378936696377
113.75,2.1375,0.07420000000000027,636.8690747664622
113.75,2.1625,0.10269999999999854,881.4885980931874
113.75,2.1875,0.12580000000000044,1079.7591591054036
113.75,2.2125000000000004,0.16360000000000058,1404.201895307186
113.75,2.2375,0.21470000000000075,1842.8004090614477
113.75,2.2625,0.277800000000001,2384.3966168480215
113.75,2.2875,0.3464999999999951,2974.058415182955
113.75,2.3125,0.4263000000000015,3658.9930804978817
113.75,2.3375000000000004,0.5013000000000017,4302.728668199831
113.75,2.3625,0.6156000000000021,5283.781703857602
113.75,2.3875,0.69959999999999,6004.7655620836795
113.75,2.4125000000000005,0.7844000000000028,6732.615933245457
113.75,2.4375,0.8756000000000032,7515.398407891029
113.75,2.4625000000000004,0.9239000000000033,7929.964126371084
113.75,2.4875,0.9830000000000034,8437.22776948022
113.75,2.5125,1.0055999999999856,8631.206759907587
113.75,2.5375000000000005,1.0040000000000036,8617.473734036766
113.75,2.5625,0.9998000000000036,8581.424541125458
113.75,2.5875000000000004,0.9441000000000033,8103.343577992141
113.75,2.6125,0.9182000000000032,7881.040221705735
113.75,2.6375,0.8523999999999878,7316.269532761761
113.75,2.6625000000000005,0.7911000000000028,6790.122979080164
113.75,2.6875,0.6930000000000025,5948.116830366015
113.75,2.7125000000000004,0.6230000000000022,5347.2969485108615
113.75,2.7375,0.540800000000002,4641.762744389525
113.75,2.7625,0.48789999999999306,4187.714576530342
113.75,2.7875000000000005,0.4175000000000015,3583.4614382075197
113.75,2.8125,0.34790000000000126,2986.0748128201108
113.75,2.8375000000000004,0.29810000000000103,2558.634382586016
113.75,2.8625,0.25920000000000093,2224.750191097938
113.75,2.8875,0.22549999999999681,1935.4983336904943
113.75,2.9125000000000005,0.1950000000000007,1673.712528025069
113.75,2.9375,0.16560000000000058,1421.3681776459048
113.75,2.9625000000000004,0.1424000000000005,1222.2393025167682
113.75,2.9875,0.13380000000000047,1148.4242884602781
113.75,3.0125,0.12169999999999827,1044.5682803110117
113.75,3.0375000000000005,0.1168000000000004,1002.5108885811695
113.75,3.0625,0.1134000000000004,973.3282086053479
113.75,3.0875000000000004,0.10950000000000039,939.8539580448465
113.75,3.1125,0.1164000000000004,999.0776321134258
113.75,3.1375,0.12199999999999828,1047.1432226618197
113.75,3.1625000000000005,0.13930000000000048,1195.6315648917544
113.75,3.1875,0.15230000000000055,1307.2124000934257
113.75,3.2125000000000004,0.17330000000000062,1487.4583646499716
113.75,3.2375,0.2012000000000007,1726.928003275097
113.75,3.2625,0.23559999999999667,2022.188059501022
113.75,3.2875000000000005,0.26190000000000097,2247.9246722552084
113.75,3.3125,0.3065000000000011,2630.7327684086345
113.75,3.3375000000000004,0.33440000000000114,2870.2024070337593
113.75,3.3625,0.3665000000000013,3145.721238570194
113.75,3.3875,0.41039999999999416,3522.521135905006
113.75,3.4125000000000005,0.43180000000000157,3706.2003569293583
113.75,3.4375,0.44800000000000156,3845.247243872979
113.75,3.4625000000000004,0.4790000000000017,4111.324620123119
113.75,3.4875,0.5028000000000018,4315.603379953871
113.75,3.5125,0.5041999999999929,4327.619777590897
113.75,3.5375000000000005,0.4985000000000018,4278.695872925626
113.75,3.5625,0.4732000000000017,4061.542401340834
113.75,3.5875000000000004,0.4658000000000017,3998.027156687576
113.75,3.6125,0.4529000000000016,3887.30463560284
113.75,3.6375,0.4293999999999939,3685.6008181228303
113.75,3.6625000000000005,0.38740000000000135,3325.1088890098035
113.75,3.6875,0.36490000000000133,3131.9882126992193
113.75,3.7125000000000004,0.33220000000000116,2851.319496461169
113.75,3.7375,0.29500000000000104,2532.0266449610017
113.75,3.7625,0.2661999999999962,2284.8321792834126
113.75,3.7875000000000005,0.23760000000000084,2039.3543418397765
113.75,3.8125,0.2013000000000007,1727.7863173920327
113.75,3.8375000000000004,0.1740000000000006,1493.466563468523
113.75,3.8625,0.15580000000000055,1337.2533941861834
113.75,3.8875,0.1341999999999981,1151.8575449280015
113.75,3.9125000000000005,0.11460000000000041,983.6279780085791
113.75,3.9375,0.10580000000000038,908.096335718217
113.75,3.9625000000000004,0.0856000000000003,734.7168840971585
113.75,3.9875,0.07520000000000027,645.4522159358215
113.75,4.0125,0.07429999999999895,637.7273888833869
113.75,4.0375,0.057600000000001234,494.38893135510614
113.75,4.0625,0.051399999999999266,441.17345610506163
113.75,4.0875,0.04809999999999932,412.8490902461764
113.75,4.112500000000001,0.03650000000000078,313.2846526816211
113.75,4.1375,0.03349999999999952,287.5352291735324
113.75,4.1625,0.03190000000000068,273.8022033025674
113.75,4.1875,0.02739999999999961,235.17806804044142
113.75,4.2125,0.02479999999999965,212.86190100010757
113.75,4.237500000000001,0.018500000000000395,158.7881116331504
113.75,4.2625,0.015799999999999776,135.613630475875
113.75,4.2875,0.013400000000000287,115.01409166941706
113.75,4.3125,0.011399999999999837,97.8478093306946
113.75,4.3375,0.009599999999999864,82.3981552258481
113.75,4.362500000000001,0.008200000000000174,70.38175758874775
113.75,4.3875,0.006599999999999906,56.648731717770566
113.75,4.4125,0.004500000000000096,38.62413526211766
113.75,4.4375,0.005199999999999926,44.63233408066772
113.75,4.4625,0.0026999999999999615,23.174481157269774
113.75,4.487500000000001,0.0037000000000000787,31.757622326630077
113.75,4.5125,0.001699999999999976,14.591339987910601
113.75,4.5375,0.0017000000000000363,14.591339987911118
113.75,4.5625,0.0014999999999999786,12.874711754038763
113.75,4.5875,0.0007999999999999887,6.866512935487341
113.75,4.612500000000001,0.0012000000000000257,10.299769403231378
113.75,4.6375,0.0008999999999999873,7.724827052423259
113.75,4.6625,0.0007000000000000148,6.008198818551636
113.75,4.6875,0.00069999999999999,6.008198818551423
113.75,4.7125,0.000499999999999993,4.291570584679588
113.75,4.737500000000001,0.0004000000000000086,3.433256467743793
113.75,4.7625,0.00019999999999999716,1.7166282338718353
113.75,4.7875000000000005,0.0,0.0
113.75,4.8125,0.0,0.0
113.75,4.8375,9.999999999999858e-05,0.8583141169359176
113.75,4.862500000000001,0.0,0.0
113.75,4.8875,9.999999999999858e-05,0.8583141169359176
113.75,4.9125000000000005,9.999999999999858e-05,0.8583141169359176
113.75,4.9375,0.0,0.0
113.75,4.9625,0.0,0.0
113.75,4.987500000000001,0.0,0.0
113.75,5.0125,0.0,0.0
113.75,5.0375000000000005,0.0,0.0
113.75,5.0625,0.0,0.0
113.75,5.0875,0.0,0.0
113.75,5.112500000000001,0.0,0.0
113.75,5.1375,0.0,0.0
113.75,5.1625000000000005,0.0,0.0
113.75,5.1875,0.0,0.0
113.75,5.2125,0.0,0.0
113.75,5.237500000000001,0.0,0.0
113.75,5.2625,0.0,0.0
113.75,5.2875000000000005,0.0,0.0
113.75,5.3125,0.0,0.0
113.75,5.3375,0.0,0.0
113.75,5.362500000000001,0.0,0.0
113.75,5.3875,0.0,0.0
113.75,5.4125000000000005,0.0,0.0
113.75,5.4375,0.0,0.0
113.75,5.4625,0.0,0.0
113.75,5.487500000000001,0.0,0.0
113.75,5.5125,0.0,0.0
113.75,5.5375000000000005,0.0,0.0
113.75,5.5625,0.0,0.0
113.75,5.5875,0.0,0.0
113.75,5.612500000000001,0.0,0.0
113.75,5.6375,0.0,0.0
113.75,5.6625000000000005,0.0,0.0
113.75,5.6875,0.0,0.0
113.75,5.7125,0.0,0.0
113.75,5.737500000000001,0.0,0.0
113.75,5.7625,0.0,0.0
113.75,5.7875000000000005,0.0,0.0
113.75,5.8125,0.0,0.0
113.75,5.8375,0.0,0.0
113.75,5.862500000000001,0.0,0.0
113.75,5.8875,0.0,0.0
113.75,5.9125000000000005,0.0,0.0
113.75,5.9375,0.0,0.0
113.75,5.9625,0.0,0.0
113.75,5.987500000000001,0.0,0.0
113.75,6.0125,0.0,0.0
113.75,6.0375000000000005,0.0,0.0
113.75,6.0625,0.0,0.0
113.75,6.0875,0.0,0.0
113.75,6.112500000000001,0.0,0.0
113.75,6.1375,0.0,0.0
113.75,6.1625000000000005,0.0,0.0
113.75,6.1875,0.0,0.0
113.75,6.2125,0.0,0.0
113.75,6.237500000000001,0.0,0.0
113.75,6.2625,0.0,0.0
113.75,6.2875000000000005,0.0,0.0
113.75,6.3125,0.0,0.0
113.75,6.3375,0.0,0.0
113.75,6.362500000000001,0.0,0.0
113.75,6.3875,0.0,0.0
113.75,6.4125000000000005,0.0,0.0
113.75,6.4375,0.0,0.0
113.75,6.4625,0.0,0.0
113.75,6.487500000000001,0.0,0.0
113.75,6.5125,0.0,0.0
113.75,6.5375000000000005,0.0,0.0
113.75,6.5625,0.0,0.0
113.75,6.5875,0.0,0.0
113.75,6.612500000000001,0.0,0.0
113.75,6.6375,0.0,0.0
113.75,6.6625000000000005,0.0,0.0
113.75,6.6875,0.0,0.0
113.75,6.7125,0.0,0.0
113.75,6.737500000000001,0.0,0.0
113.75,6.7625,0.0,0.0
113.75,6.7875000000000005,0.0,0.0
113.75,6.8125,0.0,0.0
113.75,6.8375,0.0,0.0
113.75,6.862500000000001,0.0,0.0
113.75,6.8875,0.0,0.0
113.75,6.9125000000000005,0.0,0.0
113.75,6.9375,0.0,0.0
113.75,6.9625,0.0,0.0
113.75,6.987500000000001,0.0,0.0
116.25,0.0125,0.0,0.0
116.25,0.037500000000000006,0.0,0.0
116.25,0.0625,0.0,0.0
116.25,0.08750000000000001,0.0,0.0
116.25,0.1125,0.0,0.0
116.25,0.1375,0.0,0.0
116.25,0.16250000000000003,0.0,0.0
116.25,0.1875,0.00010000000000000003,1.2087920888913775
116.25,0.21250000000000002,0.00040000000000000013,4.83516835556551
116.25,0.2375,0.0026000000000000003,31.428594311175807
116.25,0.2625,0.010299999999999991,124.50558515581173
116.25,0.28750000000000003,0.026899999999999976,325.1650719117801
116.25,0.3125,0.05950000000000008,719.2312928903702
116.25,0.3375,0.11379999999999989,1375.6053971583856
116.25,0.36250000000000004,0.17670000000000025,2135.935621071066
116.25,0.3875,0.23539999999999978,2845.4965772502987
116.25,0.41250000000000003,0.27029999999999976,3267.3650162733893
116.25,0.4375,0.2703000000000003,3267.3650162733957
116.25,0.4625,0.2379999999999998,2876.9251715614746
116.25,0.48750000000000004,0.19850000000000026,2399.4522964493863
116.25,0.5125,0.14369999999999988,1737.0342317369073
116.25,0.5375000000000001,0.1102999999999999,1333.2976740471877
116.25,0.5625,0.07329999999999993,886.0446011573786
116.25,0.5875000000000001,0.050299999999999956,608.0224207123621
116.25,0.6125,0.03820000000000014,461.7585779565077
116.25,0.6375,0.030399999999999976,367.4727950229783
116.25,0.6625000000000001,0.026899999999999976,325.1650719117801
116.25,0.6875,0.022199999999999984,268.3518437338855
116.25,0.7125000000000001,0.019999999999999983,241.7584177782752
116.25,0.7375,0.01790000000000006,216.37378391155724
116.25,0.7625,0.019199999999999984,232.0880810671442
116.25,0.7875000000000001,0.016199999999999985,195.8243184004029
116.25,0.8125,0.015499999999999986,187.36277377816327
116.25,0.8375000000000001,0.013899999999999987,168.02210035590124
116.25,0.8625,0.013400000000000047,161.97813991144508
116.25,0.8875,0.013599999999999989,164.39572408922714
116.25,0.9125000000000001,0.009499999999999991,114.8352484446807
116.25,0.9375,0.008799999999999992,106.37370382244107
116.25,0.9625000000000001,0.009399999999999992,113.62645635578933
116.25,0.9875,0.00800000000000003,96.70336711131051
116.25,1.0125000000000002,0.006299999999999967,76.15390160015635
116.25,1.0375,0.006000000000000021,72.52752533348287
116.25,1.0625,0.004300000000000015,51.97805982232939
116.25,1.0875,0.00379999999999998,45.93409937787209
116.25,1.1125,0.004900000000000017,59.23081235567768
116.25,1.1375000000000002,0.005799999999999969,70.10994115569949
116.25,1.1625,0.006800000000000025,82.19786204461394
116.25,1.1875,0.009999999999999946,120.87920888913705
116.25,1.2125000000000001,0.014400000000000052,174.0660608003589
116.25,1.2375,0.02530000000000009,305.82439848951947
116.25,1.2625000000000002,0.04589999999999976,554.8355688011392
116.25,1.2875,0.07040000000000025,850.9896305795324
116.25,1.3125,0.10279999999999945,1242.638267380329
116.25,1.3375000000000001,0.14820000000000053,1791.429875737027
116.25,1.3625,0.18250000000000063,2206.0455622267705
116.25,1.3875000000000002,0.25059999999999866,3029.2329747617746
116.25,1.4125,0.3230000000000012,3904.398447119162
116.25,1.4375,0.37259999999999804,4503.959323209247
116.25,1.4625000000000001,0.4316000000000015,5217.146655655201
116.25,1.4875,0.4901000000000017,5924.290027656659
116.25,1.5125000000000002,0.5252999999999972,6349.784842946369
116.25,1.5375,0.5275000000000019,6376.378268902036
116.25,1.5625,0.5287999999999972,6392.092566057568
116.25,1.5875000000000001,0.5301000000000019,6407.806863213213
116.25,1.6125,0.4795000000000017,5796.158066234173
116.25,1.6375000000000002,0.44009999999999766,5319.893983210922
116.25,1.6625,0.3930000000000014,4750.552909343129
116.25,1.6875,0.34319999999999823,4148.574449075184
116.25,1.7125000000000001,0.285400000000001,3449.8926216960017
116.25,1.7375,0.24170000000000086,2921.6504788504685
116.25,1.7625000000000002,0.20319999999999894,2456.265524627265
116.25,1.7875,0.1673000000000006,2022.3091647152808
116.25,1.8125,0.14029999999999926,1695.935300714593
116.25,1.8375000000000001,0.1143000000000004,1381.6493576028488
116.25,1.8625,0.09630000000000034,1164.0667816024002
116.25,1.8875000000000002,0.07839999999999958,947.6929976908345
116.25,1.9125,0.07150000000000026,864.2863435573377
116.25,1.9375,0.06349999999999965,767.5829764460202
116.25,1.9625000000000001,0.0566000000000002,684.1763223125217
116.25,1.9875,0.05330000000000019,644.2861833791062
116.25,2.0125,0.05050000000000018,610.4400048901475
116.25,2.0375,0.049099999999999304,593.5169156456577
116.25,2.0625,0.04640000000000016,560.8795292456009
116.25,2.0875000000000004,0.0570000000000002,689.0114906680874
116.25,2.1125,0.06540000000000024,790.5500261349634
116.25,2.1375,0.07910000000000028,956.1545423130826
116.25,2.1625,0.1055999999999985,1276.484445869276
116.25,2.1875,0.13370000000000049,1616.155022847777
116.25,2.2125000000000004,0.1709000000000006,2065.8256799153705
116.25,2.2375,0.21880000000000077,2644.837090494342
116.25,2.2625,0.280700000000001,3393.0793935181073
116.25,2.2875,0.3586999999999949,4335.9372228533075
116.25,2.3125,0.43040000000000156,5202.641150588505
116.25,2.3375000000000004,0.5282000000000019,6384.839813524276
116.25,2.3625,0.6052000000000021,7315.609721970639
116.25,2.3875,0.6960999999999902,8414.401730772757
116.25,2.4125000000000005,0.7783000000000028,9408.028827841621
116.25,2.4375,0.8609000000000031,10406.491093265902
116.25,2.4625000000000004,0.9226000000000032,11152.315812111883
116.25,2.4875,0.9626000000000035,11635.832647668436
116.25,2.5125,0.9901999999999859,11969.459264202244
116.25,2.5375000000000005,1.0038000000000036,12133.854988291685
116.25,2.5625,0.9873000000000035,11934.404293624608
116.25,2.5875000000000004,0.9604000000000034,11609.239221712825
116.25,2.6125,0.9052000000000032,10941.985988644783
116.25,2.6375,0.8331999999999882,10071.65568464281
116.25,2.6625000000000005,0.7851000000000028,9490.226689886234
116.25,2.6875,0.7035000000000025,8503.852345350866
116.25,2.7125000000000004,0.6325000000000023,7645.609962237987
116.25,2.7375,0.557400000000002,6737.80710348056
116.25,2.7625,0.4827999999999932,5836.048205167485
116.25,2.7875000000000005,0.4045000000000014,4889.5639995656375
116.25,2.8125,0.3646000000000013,4407.255956097976
116.25,2.8375000000000004,0.3118000000000011,3769.0137331633264
116.25,2.8625,0.26020000000000093,3145.277015295374
116.25,2.8875,0.22549999999999681,2725.8261604500167
116.25,2.9125000000000005,0.2012000000000007,2432.089682849459
116.25,2.9375,0.1702000000000006,2057.364135293131
116.25,2.9625000000000004,0.14990000000000053,1811.9793412481806
116.25,2.9875,0.14050000000000049,1698.3528848923906
116.25,3.0125,0.1193999999999983,1443.2977541362836
116.25,3.0375000000000005,0.11970000000000042,1446.9241304029833
116.25,3.0625,0.11830000000000042,1430.001041158504
116.25,3.0875000000000004,0.1114000000000004,1346.594387024999
116.25,3.1125,0.11770000000000042,1422.7482886251557
116.25,3.1375,0.12449999999999822,1504.9461506697428
116.25,3.1625000000000005,0.1432000000000005,1730.990271292458
116.25,3.1875,0.16550000000000056,2000.5509071152358
116.25,3.2125000000000004,0.17360000000000061,2098.463066315438
116.25,3.2375,0.20990000000000075,2537.2545945830093
116.25,3.2625,0.23339999999999667,2821.3207354724336
116.25,3.2875000000000005,0.27200000000000096,3287.914481784557
116.25,3.3125,0.296700000000001,3586.4861277407276
116.25,3.3375000000000004,0.3422000000000012,4136.486528186307
116.25,3.3625,0.3766000000000013,4552.311006764941
116.25,3.3875,0.3999999999999943,4835.168355565439
116.25,3.4125000000000005,0.43320000000000153,5236.487329077464
116.25,3.4375,0.4526000000000016,5470.9929943223915
116.25,3.4625000000000004,0.47740000000000166,5770.773432367454
116.25,3.4875,0.4753000000000017,5745.388798500736
116.25,3.5125,0.4822999999999932,5830.004244723029
116.25,3.5375000000000005,0.4862000000000017,5877.147136189896
116.25,3.5625,0.4736000000000017,5724.839332989582
116.25,3.5875000000000004,0.46440000000000164,5613.630460811574
116.25,3.6125,0.44250000000000156,5348.904993344362
116.25,3.6375,0.427699999999994,5170.003764188346
116.25,3.6625000000000005,0.39620000000000144,4789.234256187653
116.25,3.6875,0.36250000000000127,4381.871322231257
116.25,3.7125000000000004,0.3287000000000012,3973.299596185971
116.25,3.7375,0.3002000000000011,3628.793850851927
116.25,3.7625,0.2601999999999963,3145.2770152953185
116.25,3.7875000000000005,0.23400000000000085,2828.5734880058326
116.25,3.8125,0.20800000000000074,2514.287544894073
116.25,3.8375000000000004,0.1878000000000007,2270.1115429380143
116.25,3.8625,0.1662000000000006,2009.0124517374759
116.25,3.8875,0.13969999999999802,1688.6825481812298
116.25,3.9125000000000005,0.12220000000000043,1477.143932625268
116.25,3.9375,0.10310000000000036,1246.264643647014
116.25,3.9625000000000004,0.09030000000000032,1091.5392562689174
116.25,3.9875,0.07770000000000028,939.2314530686033
116.25,4.0125,0.07129999999999899,861.8687593795396
116.25,4.0375,0.059400000000001264,718.0225008014933
116.25,4.0625,0.05259999999999925,635.8246387568553
116.25,4.0875,0.045299999999999355,547.582816267786
116.25,4.112500000000001,0.0421000000000009,508.9014694232806
116.25,4.1375,0.036299999999999485,438.79152826756365
116.25,4.1625,0.02670000000000057,322.74748773400455
116.25,4.1875,0.027899999999999602,337.25299280068936
116.25,4.2125,0.026499999999999625,320.32990355621035
116.25,4.237500000000001,0.01980000000000042,239.34083360049775
116.25,4.2625,0.01819999999999974,220.00016017822747
116.25,4.2875,0.014000000000000299,169.23089244479638
116.25,4.3125,0.010599999999999849,128.13196142248412
116.25,4.3375,0.01049999999999985,126.92316933359277
116.25,4.362500000000001,0.007600000000000162,91.86819875574662
116.25,4.3875,0.007799999999999889,94.28578293352606
116.25,4.4125,0.0063000000000001345,76.15390160015838
116.25,4.4375,0.004799999999999932,58.022020266785276
116.25,4.4625,0.0038999999999999443,47.14289146676303
116.25,4.487500000000001,0.003000000000000064,36.26376266674208
116.25,4.5125,0.0024999999999999645,30.219802222283995
116.25,4.5375,0.002300000000000049,27.80221804450226
116.25,4.5625,0.0022999999999999674,27.802218044501277
116.25,4.5875,0.0005999999999999915,7.2527525333481595
116.25,4.612500000000001,0.0005000000000000106,6.043960444457014
116.25,4.6375,0.00069999999999999,8.461544622239519
116.25,4.6625,0.0004000000000000086,4.835168355565612
116.25,4.6875,0.00039999999999999433,4.83516835556544
116.25,4.7125,0.00029999999999999575,3.6263762666740798
116.25,4.737500000000001,0.0003000000000000064,3.6263762666742085
116.25,4.7625,0.00029999999999999575,3.6263762666740798
116.25,4.7875000000000005,9.999999999999858e-05,1.20879208889136
116.25,4.8125,0.0003000000000000064,3.6263762666742085
116.25,4.8375,0.0,0.0
116.25,4.862500000000001,0.0002000000000000043,2.417584177782806
116.25,4.8875,0.0,0.0
116.25,4.9125000000000005,0.0,0.0
116.25,4.9375,0.0,0.0
116.25,4.9625,0.0,0.0
116.25,4.987500000000001,0.0,0.0
116.25,5.0125,0.0,0.0
116.25,5.0375000000000005,0.0,0.0
116.25,5.0625,0.0,0.0
116.25,5.0875,0.0,0.0
116.25,5.112500000000001,0.0,0.0
116.25,5.1375,0.0,0.0
116.25,5.1625000000000005,0.0,0.0
116.25,5.1875,0.0,0.0
116.25,5.2125,0.0,0.0
116.25,5.237500000000001,0.0,0.0
116.25,5.2625,0.0,0.0
116.25,5.2875000000000005,0.0,0.0
116.25,5.3125,0.0,0.0
116.25,5.3375,0.0,0.0
116.25,5.362500000000001,0.0,0.0
116.25,5.3875,0.0,0.0
116.25,5.4125000000000005,0.0,0.0
116.25,5.4375,0.0,0.0
116.25,5.4625,0.0,0.0
116.25,5.487500000000001,0.0,0.0
116.25,5.5125,0.0,0.0
116.25,5.5375000000000005,0.0,0.0
116.25,5.5625,0.0,0.0
116.25,5.5875,0.0,0.0
116.25,5.612500000000001,0.0,0.0
116.25,5.6375,0.0,0.0
116.25,5.6625000000000005,0.0,0.0
116.25,5.6875,0.0,0.0
116.25,5.7125,0.0,0.0
116.25,5.737500000000001,0.0,0.0
116.25,5.7625,0.0,0.0
116.25,5.7875000000000005,0.0,0.0
116.25,5.8125,0.0,0.0
116.25,5.8375,0.0,0.0
116.25,5.862500000000001,0.0,0.0
116.25,5.8875,0.0,0.0
116.25,5.9125000000000005,0.0,0.0
116.25,5.9375,0.0,0.0
116.25,5.9625,0.0,0.0
116.25,5.987500000000001,0.0,0.0
116.25,6.0125,0.0,0.0
116.25,6.0375000000000005,0.0,0.0
116.25,6.0625,0.0,0.0
116.25,6.0875,0.0,0.0
116.25,6.112500000000001,0.0,0.0
116.25,6.1375,0.0,0.0
116.25,6.1625000000000005,0.0,0.0
116.25,6.1875,0.0,0.0
116.25,6.2125,0.0,0.0
116.25,6.237500000000001,0.0,0.0
116.25,6.2625,0.0,0.0
116.25,6.2875000000000005,0.0,0.0
116.25,6.3125,0.0,0.0
116.25,6.3375,0.0,0.0
116.25,6.362500000000001,0.0,0.0
116.25,6.3875,0.0,0.0
116.25,6.4125000000000005,0.0,0.0
116.25,6.4375,0.0,0.0
116.25,6.4625,0.0,0.0
116.25,6.487500000000001,0.0,0.0
116.25,6.5125,0.0,0.0
116.25,6.5375000000000005,0.0,0.0
116.25,6.5625,0.0,0.0
116.25,6.5875,0.0,0.0
116.25,6.612500000000001,0.0,0.0
116.25,6.6375,0.0,0.0
116.25,6.6625000000000005,0.0,0.0
116.25,6.6875,0.0,0.0
116.25,6.7125,0.0,0.0
116.25,6.737500000000001,0.0,0.0
116.25,6.7625,0.0,0.0
116.25,6.7875000000000005,0.0,0.0
116.25,6.8125,0.0,0.0
116.25,6.8375,0.0,0.0
116.25,6.862500000000001,0.0,0.0
116.25,6.8875,0.0,0.0
116.25,6.9125000000000005,0.0,0.0
116.25,6.9375,0.0,0.0
116.25,6.9625,0.0,0.0
116.25,6.987500000000001,0.0,0.0
118.75,0.0125,0.0,0.0
118.75,0.037500000000000006,0.0,0.0
118.75,0.0625,0.0,0.0
118.75,0.08750000000000001,0.0,0.0
118.75,0.1125,0.0,0.0
118.75,0.1375,0.0,0.0
118.75,0.16250000000000003,0.0,0.0
118.75,0.1875,0.0,0.0
118.75,0.21250000000000002,0.0005000000000000001,7.524736316762587
118.75,0.2375,0.0028000000000000004,42.13852337387048
118.75,0.2625,0.010299999999999991,155.0095681253091
118.75,0.28750000000000003,0.027699999999999975,416.8703919486468
118.75,0.3125,0.06360000000000009,957.1464594922021
118.75,0.3375,0.1165999999999999,1754.7685090690331
118.75,0.36250000000000004,0.18430000000000024,2773.617806358692
118.75,0.3875,0.2289999999999998,3446.3292330772606
118.75,0.41250000000000003,0.25669999999999976,3863.199625025907
118.75,0.4375,0.26600000000000035,4003.1597205177
118.75,0.4625,0.2321999999999998,3494.4875455045412
118.75,0.48750000000000004,0.19940000000000027,3000.8648431249226
118.75,0.5125,0.15249999999999986,2295.0445766125863
118.75,0.5375000000000001,0.1107999999999999,1667.4815677945871
118.75,0.5625,0.07889999999999993,1187.4033907851347
118.75,0.5875000000000001,0.05469999999999995,823.206153053826
118.75,0.6125,0.03960000000000014,595.9591162875988
118.75,0.6375,0.032099999999999976,483.08807153615754
118.75,0.6625000000000001,0.026799999999999977,403.3258665784742
118.75,0.6875,0.02359999999999998,355.16755415119366
118.75,0.7125000000000001,0.020399999999999984,307.0092417239132
118.75,0.7375,0.018600000000000068,279.92019098356917
118.75,0.7625,0.01909999999999998,287.44492730033045
118.75,0.7875000000000001,0.015399999999999985,231.76187855628737
118.75,0.8125,0.016999999999999984,255.84103476992763
118.75,0.8375000000000001,0.015899999999999987,239.28661487304998
118.75,0.8625,0.013700000000000047,206.17777507929551
118.75,0.8875,0.013199999999999988,198.65303876253205
118.75,0.9125000000000001,0.012199999999999989,183.60356612900688
118.75,0.9375,0.00989999999999999,148.98977907189902
118.75,0.9625000000000001,0.008999999999999992,135.44525370172641
118.75,0.9875,0.007700000000000027,115.88093927814421
118.75,1.0125000000000002,0.006899999999999963,103.8413611713231
118.75,1.0375,0.006600000000000023,99.32651938126646
118.75,1.0625,0.004300000000000015,64.71273232415845
118.75,1.0875,0.004799999999999974,72.23746864092043
118.75,1.1125,0.003800000000000014,57.18799600739585
118.75,1.1375000000000002,0.006199999999999967,93.30673032785555
118.75,1.1625,0.008100000000000029,121.9007283315543
118.75,1.1875,0.01329999999999993,200.1579860258837
118.75,1.2125000000000001,0.017600000000000064,264.87071835004394
118.75,1.2375,0.029600000000000105,445.4643899523466
118.75,1.2625000000000002,0.04649999999999975,699.8004774589166
118.75,1.2875,0.07580000000000027,1140.7500256212118
118.75,1.3125,0.10579999999999945,1592.2342046269546
118.75,1.3375000000000001,0.15010000000000054,2258.925842292136
118.75,1.3625,0.19890000000000072,2993.3401068081666
118.75,1.3875000000000002,0.2612999999999986,3932.4271991401056
118.75,1.4125,0.3200000000000011,4815.831242728071
118.75,1.4375,0.381499999999998,5741.373809689822
118.75,1.4625000000000001,0.43540000000000156,6552.540384636882
118.75,1.4875,0.4869000000000017,7327.588225263431
118.75,1.5125000000000002,0.5018999999999973,7553.330314766243
118.75,1.5375,0.5176000000000018,7789.6070351126555
118.75,1.5625,0.5110999999999973,7691.785462994674
118.75,1.5875000000000001,0.5204000000000019,7831.745558486526
118.75,1.6125,0.48570000000000174,7309.528858103201
118.75,1.6375000000000002,0.44719999999999765,6730.124161712421
118.75,1.6625,0.39490000000000136,5943.0367429791095
118.75,1.6875,0.3440999999999982,5178.523533195983
118.75,1.7125000000000001,0.30080000000000107,4526.881368164387
118.75,1.7375,0.24530000000000088,3691.635637003737
118.75,1.7625000000000002,0.20509999999999892,3086.646837135996
118.75,1.7875,0.17520000000000063,2636.667605393619
118.75,1.8125,0.13709999999999928,2063.28269805629
118.75,1.8375000000000001,0.11630000000000042,1750.2536672789834
118.75,1.8625,0.10180000000000036,1532.0363140928675
118.75,1.8875000000000002,0.08169999999999956,1229.5419141589998
118.75,1.9125,0.07410000000000026,1115.165922144219
118.75,1.9375,0.06579999999999965,990.2552992859509
118.75,1.9625000000000001,0.056800000000000204,854.8100455842326
118.75,1.9875,0.05410000000000019,814.1764694737145
118.75,2.0125,0.04860000000000017,731.4043699893258
118.75,2.0375,0.05109999999999927,769.0280515731251
118.75,2.0625,0.055300000000000196,832.2358366339448
118.75,2.0875000000000004,0.0549000000000002,826.2160475805348
118.75,2.1125,0.06760000000000024,1017.344350026305
118.75,2.1375,0.0866000000000003,1303.2843300632842
118.75,2.1625,0.1130999999999984,1702.0953548516725
118.75,2.1875,0.1404000000000005,2112.945957746941
118.75,2.2125000000000004,0.17420000000000063,2621.618132760094
118.75,2.2375,0.23060000000000083,3470.4083892909166
118.75,2.2625,0.2961000000000011,4456.1488467868185
118.75,2.2875,0.3577999999999949,5384.701308275228
118.75,2.3125,0.4423000000000016,6656.381745808206
118.75,2.3375000000000004,0.5172000000000019,7783.587246059245
118.75,2.3625,0.5841000000000021,8790.396965242082
118.75,2.3875,0.6910999999999903,10400.690537029099
118.75,2.4125000000000005,0.7804000000000028,11744.608443203084
118.75,2.4375,0.859400000000003,12933.516781251576
118.75,2.4625000000000004,0.8979000000000031,13512.921477642296
118.75,2.4875,0.9459000000000033,14235.296164051508
118.75,2.5125,0.9663999999999863,14543.810353038516
118.75,2.5375000000000005,0.9662000000000034,14540.800458512069
118.75,2.5625,0.9655000000000034,14530.265827668602
118.75,2.5875000000000004,0.9354000000000033,14077.276701399493
118.75,2.6125,0.9077000000000033,13660.406309450846
118.75,2.6375,0.8412999999999881,12661.121326584545
118.75,2.6625000000000005,0.7788000000000028,11720.529286989444
118.75,2.6875,0.6929000000000025,10427.779587769628
118.75,2.7125000000000004,0.6215000000000022,9353.247241735926
118.75,2.7375,0.566500000000002,8525.52624689204
118.75,2.7625,0.4872999999999931,7333.608014316711
118.75,2.7875000000000005,0.4298000000000015,6468.2633378891405
118.75,2.8125,0.3741000000000013,5630.007712201786
118.75,2.8375000000000004,0.31780000000000114,4782.722402934316
118.75,2.8625,0.27510000000000095,4140.109921482788
118.75,2.8875,0.2338999999999967,3520.071648981487
118.75,2.9125000000000005,0.20490000000000075,3083.6369426093183
118.75,2.9375,0.17800000000000063,2678.8061287674896
118.75,2.9625000000000004,0.15460000000000054,2326.648469142999
118.75,2.9875,0.14810000000000054,2228.8268970250856
118.75,3.0125,0.1277999999999982,1923.3226025644894
118.75,3.0375000000000005,0.12310000000000043,1852.5900811869549
118.75,3.0625,0.1118000000000004,1682.53104042812
118.75,3.0875000000000004,0.11840000000000042,1781.8575598093864
118.75,3.1125,0.12720000000000045,1914.2929189844083
118.75,3.1375,0.13059999999999816,1965.4611259383594
118.75,3.1625000000000005,0.14350000000000052,2159.5993229108694
118.75,3.1875,0.16110000000000058,2424.4700412609136
118.75,3.2125000000000004,0.18510000000000065,2785.6573844655186
118.75,3.2375,0.21320000000000075,3208.5475654675774
118.75,3.2625,0.2387999999999966,3593.8140648857593
118.75,3.2875000000000005,0.27850000000000097,4191.278128436774
118.75,3.3125,0.30630000000000107,4609.653467648775
118.75,3.3375000000000004,0.34090000000000126,5130.365220768749
118.75,3.3625,0.3637000000000013,5473.493196813123
118.75,3.3875,0.3938999999999944,5927.98727034548
118.75,3.4125000000000005,0.42650000000000154,6418.600078198508
118.75,3.4375,0.44320000000000154,6669.926271178378
118.75,3.4625000000000004,0.45840000000000164,6898.678255207962
118.75,3.4875,0.4714000000000017,7094.32139944379
118.75,3.5125,0.46989999999999327,7071.7471904933755
118.75,3.5375000000000005,0.47580000000000167,7160.5390790313
118.75,3.5625,0.46620000000000167,7016.064141749459
118.75,3.5875000000000004,0.45780000000000165,6889.648571627848
118.75,3.6125,0.43310000000000154,6517.926597579773
118.75,3.6375,0.4161999999999941,6263.590510073086
118.75,3.6625000000000005,0.3886000000000014,5848.225065387902
118.75,3.6875,0.3628000000000013,5459.94867144295
118.75,3.7125000000000004,0.3310000000000011,4981.375441696848
118.75,3.7375,0.30480000000000107,4587.079258698488
118.75,3.7625,0.27199999999999613,4093.456556318788
118.75,3.7875000000000005,0.23510000000000084,3538.1310161417796
118.75,3.8125,0.21230000000000074,3195.0030400974047
118.75,3.8375000000000004,0.18200000000000066,2739.0040193015907
118.75,3.8625,0.16390000000000057,2466.6085646347838
118.75,3.8875,0.14459999999999795,2176.1537428077086
118.75,3.9125000000000005,0.1142000000000004,1718.6497747485803
118.75,3.9375,0.10430000000000036,1569.6599956766806
118.75,3.9625000000000004,0.08920000000000032,1342.4129589104498
118.75,3.9875,0.07950000000000029,1196.4330743652554
118.75,4.0125,0.070799999999999,1065.502662453567
118.75,4.0375,0.05800000000000123,872.8694127444784
118.75,4.0625,0.053999999999999236,812.6715222103476
118.75,4.0875,0.04819999999999931,725.3845809359028
118.75,4.112500000000001,0.04010000000000085,603.483852604372
118.75,4.1375,0.03639999999999948,547.8008038603083
118.75,4.1625,0.0329000000000007,495.12764964298856
118.75,4.1875,0.022299999999999685,335.60323972760654
118.75,4.2125,0.02179999999999969,328.078503410844
118.75,4.237500000000001,0.022900000000000486,344.6329233077337
118.75,4.2625,0.016699999999999764,251.32619297986676
118.75,4.2875,0.01650000000000035,248.31629845317056
118.75,4.3125,0.012099999999999828,182.09861886565196
118.75,4.3375,0.010599999999999849,159.52440991536452
118.75,4.362500000000001,0.008900000000000189,133.94030643837684
118.75,4.3875,0.006799999999999904,102.33641390796971
118.75,4.4125,0.006400000000000137,96.31662485456314
118.75,4.4375,0.004799999999999932,72.23746864091979
118.75,4.4625,0.004599999999999935,69.2275741142148
118.75,4.487500000000001,0.004400000000000094,66.21767958751215
118.75,4.5125,0.003599999999999949,54.17810148068984
118.75,4.5375,0.002100000000000045,31.60389253040353
118.75,4.5625,0.0014999999999999786,22.57420895028743
118.75,4.5875,0.0007999999999999887,12.039578106819965
118.75,4.612500000000001,0.0019000000000000405,28.59399800369843
118.75,4.6375,0.00069999999999999,10.534630843467468
118.75,4.6625,0.0002000000000000043,3.0098945267050983
118.75,4.6875,0.0005999999999999915,9.029683580114973
118.75,4.7125,0.00029999999999999575,4.514841790057487
118.75,4.737500000000001,0.0005000000000000106,7.524736316762745
118.75,4.7625,9.999999999999858e-05,1.5049472633524956
118.75,4.7875000000000005,0.00029999999999999575,4.514841790057487
118.75,4.8125,0.0002000000000000043,3.0098945267050983
118.75,4.8375,9.999999999999858e-05,1.5049472633524956
118.75,4.862500000000001,0.0,0.0
118.75,4.8875,9.999999999999858e-05,1.5049472633524956
118.75,4.9125000000000005,0.0,0.0
118.75,4.9375,0.0,0.0
118.75,4.9625,9.999999999999858e-05,1.5049472633524956
118.75,4.987500000000001,0.0,0.0
118.75,5.0125,0.0,0.0
118.75,5.0375000000000005,0.0,0.0
118.75,5.0625,0.0,0.0
118.75,5.0875,0.0,0.0
118.75,5.112500000000001,0.0,0.0
118.75,5.1375,0.0,0.0
118.75,5.1625000000000005,0.0,0.0
118.75,5.1875,0.0,0.0
118.75,5.2125,0.0,0.0
118.75,5.237500000000001,0.0,0.0
118.75,5.2625,0.0,0.0
118.75,5.2875000000000005,0.0,0.0
118.75,5.3125,0.0,0.0
118.75,5.3375,0.0,0.0
118.75,5.362500000000001,0.0,0.0
118.75,5.3875,0.0,0.0
118.75,5.4125000000000005,0.0,0.0
118.75,5.4375,0.0,0.0
118.75,5.4625,0.0,0.0
118.75,5.487500000000001,0.0,0.0
118.75,5.5125,0.0,0.0
118.75,5.5375000000000005,0.0,0.0
118.75,5.5625,0.0,0.0
118.75,5.5875,0.0,0.0
118.75,5.612500000000001,0.0,0.0
118.75,5.6375,0.0,0.0
118.75,5.6625000000000005,0.0,0.0
118.75,5.6875,0.0,0.0
118.75,5.7125,0.0,0.0
118.75,5.737500000000001,0.0,0.0
118.75,5.7625,0.0,0.0
118.75,5.7875000000000005,0.0,0.0
118.75,5.8125,0.0,0.0
118.75,5.8375,0.0,0.0
118.75,5.862500000000001,0.0,0.0
118.75,5.8875,0.0,0.0
118.75,5.9125000000000005,0.0,0.0
118.75,5.9375,0.0,0.0
118.75,5.9625,0.0,0.0
118.75,5.987500000000001,0.0,0.0
118.75,6.0125,0.0,0.0
118.75,6.0375000000000005,0.0,0.0
118.75,6.0625,0.0,0.0
118.75,6.0875,0.0,0.0
118.75,6.112500000000001,0.0,0.0
118.75,6.1375,0.0,0.0
118.75,6.1625000000000005,0.0,0.0
118.75,6.1875,0.0,0.0
118.75,6.2125,0.0,0.0
118.75,6.237500000000001,0.0,0.0
118.75,6.2625,0.0,0.0
118.75,6.2875000000000005,0.0,0.0
118.75,6.3125,0.0,0.0
118.75,6.3375,0.0,0.0
118.75,6.362500000000001,0.0,0.0
118.75,6.3875,0.0,0.0
118.75,6.4125000000000005,0.0,0.0
118.75,6.4375,0.0,0.0
118.75,6.4625,0.0,0.0
118.75,6.487500000000001,0.0,0.0
118.75,6.5125,0.0,0.0
118.75,6.5375000000000005,0.0,0.0
118.75,6.5625,0.0,0.0
118.75,6.5875,0.0,0.0
118.75,6.612500000000001,0.0,0.0
118.75,6.6375,0.0,0.0
118.75,6.6625000000000005,0.0,0.0
118.75,6.6875,0.0,0.0
118.75,6.7125,0.0,0.0
118.75,6.737500000000001,0.0,0.0
118.75,6.7625,0.0,0.0
118.75,6.7875000000000005,0.0,0.0
118.75,6.8125,0.0,0.0
118.75,6.8375,0.0,0.0
118.75,6.862500000000001,0.0,0.0
118.75,6.8875,0.0,0.0
118.75,6.9125000000000005,0.0,0.0
118.75,6.9375,0.0,0.0
118.75,6.9625,0.0,0.0
118.75,6.987500000000001,0.0,0.0
121.25,0.0125,0.0,0.0
121.25,0.037500000000000006,0.0,0.0
121.25,0.0625,0.0,0.0
121.25,0.08750000000000001,0.0,0.0
121.25,0.1125,0.0,0.0
121.25,0.1375,0.0,0.0
121.25,0.16250000000000003,0.0,0.0
121.25,0.1875,0.00010000000000000003,1.7055672104105337
121.25,0.21250000000000002,0.0011000000000000003,18.76123931451587
121.25,0.2375,0.0031000000000000008,52.87258352272654
121.25,0.2625,0.010399999999999989,177.37898988269527
121.25,0.28750000000000003,0.028499999999999977,486.08665496700155
121.25,0.3125,0.06360000000000009,1084.7407458211005
121.25,0.3375,0.1195999999999999,2039.8583836509958
121.25,0.36250000000000004,0.17710000000000023,3020.559529637058
121.25,0.3875,0.2289999999999998,3905.748911840117
121.25,0.41250000000000003,0.2538999999999998,4330.435147232341
121.25,0.4375,0.25850000000000034,4408.891238911234
121.25,0.4625,0.23949999999999977,4084.833468933223
121.25,0.48750000000000004,0.19630000000000028,3348.028434035881
121.25,0.5125,0.16049999999999984,2737.435372708903
121.25,0.5375000000000001,0.10589999999999991,1806.1956758247532
121.25,0.5625,0.07919999999999992,1350.809230645141
121.25,0.5875000000000001,0.05419999999999996,924.4174280425083
121.25,0.6125,0.03930000000000014,670.2879136913419
121.25,0.6375,0.03059999999999997,521.9035663856226
121.25,0.6625000000000001,0.02359999999999998,402.51386165688547
121.25,0.6875,0.02559999999999998,436.6252058650962
121.25,0.7125000000000001,0.020599999999999983,351.34684534456954
121.25,0.7375,0.018100000000000064,308.70766508430756
121.25,0.7625,0.017599999999999984,300.17982903225356
121.25,0.7875000000000001,0.015499999999999986,264.3629176136324
121.25,0.8125,0.017099999999999983,291.6519929802009
121.25,0.8375000000000001,0.014599999999999986,249.0128127199376
121.25,0.8625,0.01680000000000006,286.53529134897065
121.25,0.8875,0.013399999999999988,228.54600619501124
121.25,0.9125000000000001,0.011299999999999989,192.72909477639007
121.25,0.9375,0.01139999999999999,194.43466198680062
121.25,0.9625000000000001,0.010099999999999991,172.2622882514637
121.25,0.9875,0.007800000000000027,133.03424241202205
121.25,1.0125000000000002,0.006099999999999967,104.03959983504197
121.25,1.0375,0.006600000000000023,112.56743588709558
121.25,1.0625,0.00580000000000002,98.92289820381127
121.25,1.0875,0.005299999999999971,90.39506215175777
121.25,1.1125,0.004900000000000017,83.57279331011642
121.25,1.1375000000000002,0.006599999999999964,112.56743588709458
121.25,1.1625,0.0071000000000000256,121.09527193914829
121.25,1.1875,0.01329999999999993,226.8404389845997
121.25,1.2125000000000001,0.01990000000000007,339.4078748716973
121.25,1.2375,0.030700000000000106,523.6091335960355
121.25,1.2625000000000002,0.05209999999999972,888.6005166238831
121.25,1.2875,0.08230000000000029,1403.6818141678737
121.25,1.3125,0.10859999999999942,1852.245990505829
121.25,1.3375000000000001,0.15740000000000057,2684.5627891861886
121.25,1.3625,0.1993000000000007,3399.1954503482043
121.25,1.3875000000000002,0.2608999999999986,4449.824851961057
121.25,1.4125,0.3172000000000011,5410.05919142223
121.25,1.4375,0.37259999999999804,6354.943425989613
121.25,1.4625000000000001,0.42860000000000154,7310.061063819571
121.25,1.4875,0.4582000000000016,7814.90895810109
121.25,1.5125000000000002,0.5058999999999974,8628.464517466842
121.25,1.5375,0.5130000000000018,8749.559789406065
121.25,1.5625,0.5218999999999973,8901.355271132526
121.25,1.5875000000000001,0.5053000000000017,8618.231114204455
121.25,1.6125,0.4700000000000017,8016.165888929535
121.25,1.6375000000000002,0.4388999999999976,7485.7344864917895
121.25,1.6625,0.4011000000000014,6841.0300809566725
121.25,1.6875,0.34689999999999815,5916.612652914108
121.25,1.7125000000000001,0.29450000000000104,5022.895434659038
121.25,1.7375,0.2513000000000009,4286.090399761685
121.25,1.7625000000000002,0.21359999999999887,3643.0915614368796
121.25,1.7875,0.17530000000000062,2989.859319849675
121.25,1.8125,0.14569999999999922,2485.0114255681333
121.25,1.8375000000000001,0.12190000000000042,2079.0864294904472
121.25,1.8625,0.09880000000000035,1685.1004038856126
121.25,1.8875000000000002,0.09069999999999952,1546.9494598423453
121.25,1.9125,0.07410000000000026,1263.8253029142095
121.25,1.9375,0.06389999999999965,1089.8574474523248
121.25,1.9625000000000001,0.06080000000000022,1036.9848639296079
121.25,1.9875,0.0544000000000002,927.8285624633335
121.25,2.0125,0.05410000000000019,922.7118608321017
121.25,2.0375,0.0559999999999992,955.117637829885
121.25,2.0625,0.05240000000000018,893.7172182551225
121.25,2.0875000000000004,0.061300000000000215,1045.5126999816605
121.25,2.1125,0.07220000000000025,1231.4195259164092
121.25,2.1375,0.08710000000000032,1485.5490402675798
121.25,2.1625,0.10929999999999845,1864.1849609786864
121.25,2.1875,0.14500000000000052,2473.072455095282
121.25,2.2125000000000004,0.18610000000000068,3174.060578574014
121.25,2.2375,0.23450000000000082,3999.555108412714
121.25,2.2625,0.29830000000000106,5087.706988654639
121.25,2.2875,0.36979999999999474,6307.187544098062
121.25,2.3125,0.45110000000000156,7693.813686161941
121.25,2.3375000000000004,0.5251000000000019,8955.933421865742
121.25,2.3625,0.6198000000000022,10571.105570124522
121.25,2.3875,0.6999999999999901,11938.970472873563
121.25,2.4125000000000005,0.7644000000000026,13037.35575637816
121.25,2.4375,0.8216000000000029,14012.94020073299
121.25,2.4625000000000004,0.9222000000000032,15728.740814405992
121.25,2.4875,0.9315000000000033,15887.358564974173
121.25,2.5125,0.9398999999999866,16030.626210648374
121.25,2.5375000000000005,0.9657000000000034,16470.662550934576
121.25,2.5625,0.9728000000000036,16591.757822873726
121.25,2.5875000000000004,0.9289000000000033,15843.013817503499
121.25,2.6125,0.8693000000000031,14826.495760098816
121.25,2.6375,0.8367999999999881,14272.186416715138
121.25,2.6625000000000005,0.7726000000000027,13177.212267631825
121.25,2.6875,0.7140000000000026,12177.74988233125
121.25,2.7125000000000004,0.6293000000000022,10733.134455113523
121.25,2.7375,0.5729000000000021,9771.19454844198
121.25,2.7625,0.4966999999999929,8471.552334108997
121.25,2.7875000000000005,0.43260000000000154,7378.283752235992
121.25,2.8125,0.36750000000000127,6267.959498258731
121.25,2.8375000000000004,0.31880000000000114,5437.348266788799
121.25,2.8625,0.27050000000000096,4613.559304160509
121.25,2.8875,0.23789999999999661,4057.544393566601
121.25,2.9125000000000005,0.19990000000000072,3409.428853610668
121.25,2.9375,0.17560000000000062,2994.9760214809066
121.25,2.9625000000000004,0.16390000000000057,2795.4246578628736
121.25,2.9875,0.1461000000000005,2491.8336944097978
121.25,3.0125,0.1271999999999982,2169.4814916421674
121.25,3.0375000000000005,0.12430000000000044,2120.0200425403
121.25,3.0625,0.11660000000000041,1988.6913673386887
121.25,3.0875000000000004,0.12070000000000043,2058.619622965521
121.25,3.1125,0.12950000000000045,2208.709537481648
121.25,3.1375,0.13759999999999803,2346.86048152486
121.25,3.1625000000000005,0.14420000000000052,2459.427917411998
121.25,3.1875,0.16550000000000056,2822.713733229442
121.25,3.2125000000000004,0.18300000000000066,3121.187995051287
121.25,3.2375,0.21800000000000078,3718.1365186949756
121.25,3.2625,0.2466999999999965,4207.6343080827255
121.25,3.2875000000000005,0.280200000000001,4778.999323570331
121.25,3.3125,0.29580000000000106,5045.067808394375
121.25,3.3375000000000004,0.3264000000000012,5566.971374780001
121.25,3.3625,0.36180000000000123,6170.74216726533
121.25,3.3875,0.3848999999999946,6564.7281928700495
121.25,3.4125000000000005,0.4205000000000015,7171.9101197763175
121.25,3.4375,0.43740000000000157,7460.150978335699
121.25,3.4625000000000004,0.45250000000000157,7717.691627107689
121.25,3.4875,0.4604000000000016,7852.431436730121
121.25,3.5125,0.4572999999999935,7799.558853207257
121.25,3.5375000000000005,0.45990000000000164,7843.90360067807
121.25,3.5625,0.4582000000000016,7814.90895810109
121.25,3.5875000000000004,0.4581000000000016,7813.20339089068
121.25,3.6125,0.42840000000000156,7306.649929398751
121.25,3.6375,0.4102999999999941,6997.942264314317
121.25,3.6625000000000005,0.3779000000000013,6445.338488141427
121.25,3.6875,0.3577000000000013,6100.813911638499
121.25,3.7125000000000004,0.3206000000000011,5468.0484765761885
121.25,3.7375,0.2982000000000011,5086.001421444228
121.25,3.7625,0.28259999999999597,4819.932936620098
121.25,3.7875000000000005,0.24230000000000088,4132.589350824736
121.25,3.8125,0.21590000000000079,3682.3196072763544
121.25,3.8375000000000004,0.18510000000000065,3157.004906469908
121.25,3.8625,0.15910000000000057,2713.557431763168
121.25,3.8875,0.15329999999999783,2614.63453355931
121.25,3.9125000000000005,0.13130000000000047,2239.4097472690382
121.25,3.9375,0.10710000000000039,1826.6624823496877
121.25,3.9625000000000004,0.09620000000000034,1640.7556564149388
121.25,3.9875,0.0844000000000003,1439.498725586495
121.25,4.0125,0.070699999999999,1205.8360177602299
121.25,4.0375,0.06310000000000134,1076.2129097690693
121.25,4.0625,0.05829999999999917,994.3456836693267
121.25,4.0875,0.04869999999999931,830.6112314699179
121.25,4.112500000000001,0.044700000000000954,762.3885430535246
121.25,4.1375,0.03889999999999944,663.4656448496879
121.25,4.1625,0.032700000000000694,557.7204778042561
121.25,4.1875,0.026399999999999625,450.2697435483744
121.25,4.2125,0.02589999999999963,441.7419074963218
121.25,4.237500000000001,0.02070000000000044,353.0524125549879
121.25,4.2625,0.01839999999999974,313.82436671553364
121.25,4.2875,0.018100000000000387,308.7076650843131
121.25,4.3125,0.013899999999999801,237.07384224706072
121.25,4.3375,0.01049999999999985,179.08455709310343
121.25,4.362500000000001,0.008100000000000173,138.15094404325615
121.25,4.3875,0.007199999999999898,122.80083914955665
121.25,4.4125,0.007400000000000157,126.21197357038214
121.25,4.4375,0.004699999999999933,80.16165888929392
121.25,4.4625,0.004499999999999936,76.7505244684729
121.25,4.487500000000001,0.004000000000000085,68.22268841642278
121.25,4.5125,0.004099999999999941,69.92825562683086
121.25,4.5375,0.0025000000000000534,42.63918026026424
121.25,4.5625,0.003399999999999952,57.98928515395731
121.25,4.5875,0.0014999999999999786,25.58350815615763
121.25,4.612500000000001,0.0012000000000000257,20.466806524926834
121.25,4.6375,0.0012999999999999815,22.172373735336617
121.25,4.6625,0.0004000000000000086,6.822268841642279
121.25,4.6875,0.0005999999999999915,10.233403262463053
121.25,4.7125,0.00029999999999999575,5.1167016312315265
121.25,4.737500000000001,0.0005000000000000106,8.527836052052848
121.25,4.7625,0.00029999999999999575,5.1167016312315265
121.25,4.7875000000000005,0.0,0.0
121.25,4.8125,0.0003000000000000064,5.116701631231709
121.25,4.8375,0.00019999999999999716,3.411134420821018
121.25,4.862500000000001,0.00010000000000000215,1.7055672104105697
121.25,4.8875,0.0,0.0
121.25,4.9125000000000005,0.00029999999999999575,5.1167016312315265
121.25,4.9375,0.0,0.0
121.25,4.9625,9.999999999999858e-05,1.705567210410509
121.25,4.987500000000001,0.0,0.0
121.25,5.0125,0.0,0.0
121.25,5.0375000000000005,0.0,0.0
121.25,5.0625,0.0,0.0
121.25,5.0875,0.0,0.0
121.25,5.112500000000001,0.0,0.0
121.25,5.1375,0.0,0.0
121.25,5.1625000000000005,0.0,0.0
121.25,5.1875,0.0,0.0
121.25,5.2125,0.0,0.0
121.25,5.237500000000001,0.0,0.0
121.25,5.2625,0.0,0.0
121.25,5.2875000000000005,0.0,0.0
121.25,5.3125,0.0,0.0
121.25,5.3375,0.0,0.0
121.25,5.362500000000001,0.0,0.0
121.25,5.3875,0.0,0.0
121.25,5.4125000000000005,0.0,0.0
121.25,5.4375,0.0,0.0
121.25,5.4625,0.0,0.0
121.25,5.487500000000001,0.0,0.0
121.25,5.5125,0.0,0.0
121.25,5.5375000000000005,0.0,0.0
121.25,5.5625,0.0,0.0
121.25,5.5875,0.0,0.0
121.25,5.612500000000001,0.0,0.0
121.25,5.6375,0.0,0.0
121.25,5.6625000000000005,0.0,0.0
121.25,5.6875,0.0,0.0
121.25,5.7125,0.0,0.0
121.25,5.737500000000001,0.0,0.0
121.25,5.7625,0.0,0.0
121.25,5.7875000000000005,0.0,0.0
121.25,5.8125,0.0,0.0
121.25,5.8375,0.0,0.0
121.25,5.862500000000001,0.0,0.0
121.25,5.8875,0.0,0.0
121.25,5.9125000000000005,0.0,0.0
121.25,5.9375,0.0,0.0
121.25,5.9625,0.0,0.0
121.25,5.987500000000001,0.0,0.0
121.25,6.0125,0.0,0.0
121.25,6.0375000000000005,0.0,0.0
121.25,6.0625,0.0,0.0
121.25,6.0875,0.0,0.0
121.25,6.112500000000001,0.0,0.0
121.25,6.1375,0.0,0.0
121.25,6.1625000000000005,0.0,0.0
121.25,6.1875,0.0,0.0
121.25,6.2125,0.0,0.0
121.25,6.237500000000001,0.0,0.0
121.25,6.2625,0.0,0.0
121.25,6.2875000000000005,0.0,0.0
121.25,6.3125,0.0,0.0
121.25,6.3375,0.0,0.0
121.25,6.362500000000001,0.0,0.0
121.25,6.3875,0.0,0.0
121.25,6.4125000000000005,0.0,0.0
121.25,6.4375,0.0,0.0
121.25,6.4625,0.0,0.0
121.25,6.487500000000001,0.0,0.0
121.25,6.5125,0.0,0.0
121.25,6.5375000000000005,0.0,0.0
121.25,6.5625,0.0,0.0
121.25,6.5875,0.0,0.0
121.25,6.612500000000001,0.0,0.0
121.25,6.6375,0.0,0.0
121.25,6.6625000000000005,0.0,0.0
121.25,6.6875,0.0,0.0
121.25,6.7125,0.0,0.0
121.25,6.737500000000001,0.0,0.0
121.25,6.7625,0.0,0.0
121.25,6.7875000000000005,0.0,0.0
121.25,6.8125,0.0,0.0
121.25,6.8375,0.0,0.0
121.25,6.862500000000001,0.0,0.0
121.25,6.8875,0.0,0.0
121.25,6.9125000000000005,0.0,0.0
121.25,6.9375,0.0,0.0
121.25,6.9625,0.0,0.0
121.25,6.987500000000001,0.0,0.0
123.75,0.0125,0.0,0.0
123.75,0.037500000000000006,0.0,0.0
123.75,0.0625,0.0,0.0
123.75,0.08750000000000001,0.0,0.0
123.75,0.1125,0.0,0.0
123.75,0.1375,0.0,0.0
123.75,0.16250000000000003,0.0,0.0
123.75,0.1875,0.0,0.0
123.75,0.21250000000000002,0.0009000000000000003,15.020329165464604
123.75,0.2375,0.0028000000000000004,46.7299129592232
123.75,0.2625,0.014099999999999988,235.31849025894516
123.75,0.28750000000000003,0.034399999999999965,574.110359213313
123.75,0.3125,0.0644000000000001,1074.787998062135
123.75,0.3375,0.1141999999999999,1905.912878551173
123.75,0.36250000000000004,0.16920000000000024,2823.8218831073486
123.75,0.3875,0.22429999999999978,3743.39981312634
123.75,0.41250000000000003,0.26139999999999974,4362.571159836047
123.75,0.4375,0.26300000000000034,4389.273967241327
123.75,0.4625,0.23369999999999977,3900.2788066323037
123.75,0.48750000000000004,0.19790000000000024,3302.8034909393864
123.75,0.5125,0.15049999999999986,2511.7328215582443
123.75,0.5375000000000001,0.1085999999999999,1812.4530526327267
123.75,0.5625,0.07659999999999993,1278.396904527319
123.75,0.5875000000000001,0.06309999999999993,1053.0919670453502
123.75,0.6125,0.04130000000000015,689.2662161485446
123.75,0.6375,0.03419999999999997,570.7725082876542
123.75,0.6625000000000001,0.026499999999999975,442.2652476497905
123.75,0.6875,0.02419999999999998,403.8799620047144
123.75,0.7125000000000001,0.020599999999999983,343.7986453428561
123.75,0.7375,0.01790000000000006,298.7376578464636
123.75,0.7625,0.018299999999999983,305.41335969777987
123.75,0.7875000000000001,0.015299999999999985,255.34559581289793
123.75,0.8125,0.015699999999999985,262.0212976642155
123.75,0.8375000000000001,0.014799999999999987,247.00096849875095
123.75,0.8625,0.013300000000000048,221.967086556311
123.75,0.8875,0.01139999999999999,190.2575027625514
123.75,0.9125000000000001,0.01079999999999999,180.24394998557503
123.75,0.9375,0.009599999999999992,160.21684443162226
123.75,0.9625000000000001,0.01079999999999999,180.24394998557503
123.75,0.9875,0.007800000000000027,130.17618610069366
123.75,1.0125000000000002,0.0071999999999999625,120.16263332371616
123.75,1.0375,0.006100000000000021,101.80445323259374
123.75,1.0625,0.004700000000000017,78.43949675298207
123.75,1.0875,0.005499999999999971,91.79090045561651
123.75,1.1125,0.006500000000000023,108.48015508391137
123.75,1.1375000000000002,0.006499999999999965,108.4801550839104
123.75,1.1625,0.00850000000000003,141.8586643404995
123.75,1.1875,0.015299999999999918,255.34559581289682
123.75,1.2125000000000001,0.026700000000000095,445.6030985754513
123.75,1.2375,0.03580000000000012,597.4753156929272
123.75,1.2625000000000002,0.0553999999999997,924.5847064074825
123.75,1.2875,0.0840000000000003,1401.8973887767008
123.75,1.3125,0.1125999999999994,1879.210071145894
123.75,1.3375000000000001,0.15850000000000056,2645.246858584608
123.75,1.3625,0.1965000000000007,3279.438534459782
123.75,1.3875000000000002,0.2574999999999986,4297.483066785681
123.75,1.4125,0.3163000000000011,5278.81123892941
123.75,1.4375,0.365899999999998,6106.59826849274
123.75,1.4625000000000001,0.40710000000000146,6794.195559178511
123.75,1.4875,0.45740000000000164,7633.665066981702
123.75,1.5125000000000002,0.49669999999999737,8289.552773873585
123.75,1.5375,0.5247000000000019,8756.851903465893
123.75,1.5625,0.5110999999999973,8529.878040521018
123.75,1.5875000000000001,0.4991000000000018,8329.606984981565
123.75,1.6125,0.46590000000000165,7775.5237313222015
123.75,1.6375000000000002,0.42149999999999777,7034.520825825883
123.75,1.6625,0.3796000000000014,6335.241056900425
123.75,1.6875,0.3455999999999982,5767.806399538375
123.75,1.7125000000000001,0.29130000000000106,4861.579873222059
123.75,1.7375,0.2544000000000009,4245.7463774380085
123.75,1.7625000000000002,0.21689999999999884,3619.899328876949
123.75,1.7875,0.18460000000000065,3080.836404383083
123.75,1.8125,0.1503999999999992,2510.063896095404
123.75,1.8375000000000001,0.12700000000000045,2119.535337793345
123.75,1.8625,0.10820000000000038,1805.777350781417
123.75,1.8875000000000002,0.08549999999999955,1426.9312707191293
123.75,1.9125,0.0831000000000003,1386.8770596112363
123.75,1.9375,0.07059999999999962,1178.26137675755
123.75,1.9625000000000001,0.06510000000000023,1086.470476301943
123.75,1.9875,0.0556000000000002,927.9225573331496
123.75,2.0125,0.053500000000000186,892.8751226137321
123.75,2.0375,0.05699999999999919,951.2875138127444
123.75,2.0625,0.05720000000000021,954.6253647384202
123.75,2.0875000000000004,0.06290000000000022,1049.7541161196962
123.75,2.1125,0.07660000000000028,1278.396904527325
123.75,2.1375,0.09810000000000034,1637.2158790356468
123.75,2.1625,0.12089999999999829,2017.7308845607158
123.75,2.1875,0.16040000000000057,2676.956442378367
123.75,2.2125000000000004,0.19990000000000072,3336.1820001959823
123.75,2.2375,0.2487000000000009,4150.617626056733
123.75,2.2625,0.30040000000000106,5013.452090339535
123.75,2.2875,0.36889999999999473,6156.666032377568
123.75,2.3125,0.45220000000000166,7546.880942914574
123.75,2.3375000000000004,0.5243000000000019,8750.176201614575
123.75,2.3625,0.6073000000000022,10135.384335762981
123.75,2.3875,0.6951999999999902,11602.369817589823
123.75,2.4125000000000005,0.7481000000000027,12485.231387426784
123.75,2.4375,0.8292000000000029,13838.729937781432
123.75,2.4625000000000004,0.880700000000003,14698.226551138576
123.75,2.4875,0.9041000000000032,15088.755109440657
123.75,2.5125,0.9229999999999868,15404.182021915141
123.75,2.5375000000000005,0.9480000000000033,15821.413387622766
123.75,2.5625,0.9368000000000033,15634.493735785873
123.75,2.5875000000000004,0.9147000000000032,15265.661208500573
123.75,2.6125,0.8763000000000031,14624.793830774082
123.75,2.6375,0.8208999999999883,13700.209124366349
123.75,2.6625000000000005,0.7732000000000028,12904.131678596967
123.75,2.6875,0.6937000000000024,11577.335935647587
123.75,2.7125000000000004,0.6298000000000021,10510.892564899596
123.75,2.7375,0.570500000000002,9521.21976544176
123.75,2.7625,0.4968999999999929,8292.890624799169
123.75,2.7875000000000005,0.4368000000000015,7289.866421638844
123.75,2.8125,0.37580000000000136,6271.821889312907
123.75,2.8375000000000004,0.3339000000000012,5572.542120387386
123.75,2.8625,0.29250000000000104,4881.606978776012
123.75,2.8875,0.24809999999999646,4140.604073279682
123.75,2.9125000000000005,0.21480000000000074,3584.851894157563
123.75,2.9375,0.19620000000000068,3274.4317580712936
123.75,2.9625000000000004,0.17680000000000065,2950.66021828239
123.75,2.9875,0.1456000000000005,2429.9554738796146
123.75,3.0125,0.13639999999999805,2276.4143312992687
123.75,3.0375000000000005,0.12430000000000044,2074.4743502969513
123.75,3.0625,0.12590000000000046,2101.177157702222
123.75,3.0875000000000004,0.13550000000000048,2261.394002133845
123.75,3.1125,0.13150000000000048,2194.6369836206686
123.75,3.1375,0.14329999999999798,2391.5701882344965
123.75,3.1625000000000005,0.15140000000000053,2526.7531507237204
123.75,3.1875,0.17340000000000064,2893.91675254619
123.75,3.2125000000000004,0.18870000000000067,3149.2623483590887
123.75,3.2375,0.2203000000000008,3676.642794613181
123.75,3.2625,0.24489999999999654,4087.198458469142
123.75,3.2875000000000005,0.27050000000000096,4514.443376953543
123.75,3.3125,0.30180000000000107,5036.8170468191465
123.75,3.3375000000000004,0.32520000000000115,5427.345605121228
123.75,3.3625,0.3473000000000012,5796.178132406526
123.75,3.3875,0.3991999999999943,6662.350447614869
123.75,3.4125000000000005,0.41130000000000144,6864.290428617345
123.75,3.4375,0.4253000000000015,7097.939993413463
123.75,3.4625000000000004,0.4604000000000016,7683.732830866584
123.75,3.4875,0.4588000000000016,7657.030023461313
123.75,3.5125,0.4512999999999936,7531.860613748974
123.75,3.5375000000000005,0.4636000000000016,7737.138445677125
123.75,3.5625,0.45690000000000164,7625.320439667556
123.75,3.5875000000000004,0.4440000000000016,7410.029054962562
123.75,3.6125,0.43210000000000154,7211.426924885863
123.75,3.6375,0.4094999999999942,6834.249770286296
123.75,3.6625000000000005,0.3702000000000013,6178.36206339446
123.75,3.6875,0.3439000000000012,5739.434666670326
123.75,3.7125000000000004,0.3377000000000012,5635.961287974904
123.75,3.7375,0.29350000000000104,4898.296233404306
123.75,3.7625,0.2679999999999962,4472.720240382728
123.75,3.7875000000000005,0.24460000000000087,4082.1916820807264
123.75,3.8125,0.22000000000000078,3671.6360182246926
123.75,3.8375000000000004,0.19060000000000069,3180.9719321528473
123.75,3.8625,0.1692000000000006,2823.8218831073546
123.75,3.8875,0.14949999999999788,2495.0435669299172
123.75,3.9125000000000005,0.13200000000000048,2202.9816109348158
123.75,3.9375,0.1118000000000004,1865.8586674432756
123.75,3.9625000000000004,0.10350000000000037,1727.337854028435
123.75,3.9875,0.08910000000000032,1487.0125873810005
123.75,4.0125,0.07799999999999889,1301.7618610069133
123.75,4.0375,0.06650000000000142,1109.8354327815746
123.75,4.0625,0.057099999999999186,952.9564392755738
123.75,4.0875,0.05099999999999928,851.1519860429819
123.75,4.112500000000001,0.042800000000000914,714.3000980909984
123.75,4.1375,0.03639999999999948,607.4888684698929
123.75,4.1625,0.029000000000000616,483.9883842205362
123.75,4.1875,0.028899999999999593,482.31945875768974
123.75,4.2125,0.02669999999999962,445.6030985754434
123.75,4.237500000000001,0.021000000000000445,350.4743471941814
123.75,4.2625,0.016899999999999762,282.0484032181646
123.75,4.2875,0.01680000000000036,280.3794777553452
123.75,4.3125,0.013699999999999804,228.64278840762452
123.75,4.3375,0.012099999999999828,201.9399810023545
123.75,4.362500000000001,0.009700000000000207,161.88576989445522
123.75,4.3875,0.00769999999999989,128.50726063786195
123.75,4.4125,0.0069000000000001465,115.15585693523103
123.75,4.4375,0.005799999999999917,96.7976768441038
123.75,4.4625,0.004699999999999933,78.43949675298069
123.75,4.487500000000001,0.003900000000000083,65.08809305034798
123.75,4.5125,0.0028999999999999586,48.3988384220519
123.75,4.5375,0.0033000000000000702,55.07454027337137
123.75,4.5625,0.001699999999999976,28.371732868099397
123.75,4.5875,0.001699999999999976,28.371732868099397
123.75,4.612500000000001,0.001500000000000032,25.03388194244153
123.75,4.6375,0.0005999999999999915,10.013552776976256
123.75,4.6625,0.0013000000000000277,21.69603101678266
123.75,4.6875,0.00069999999999999,11.682478239805633
123.75,4.7125,0.00029999999999999575,5.006776388488128
123.75,4.737500000000001,0.0002000000000000043,3.3378509256588713
123.75,4.7625,0.00029999999999999575,5.006776388488128
123.75,4.7875000000000005,0.00029999999999999575,5.006776388488128
123.75,4.8125,0.0005000000000000106,8.344627314147177
123.75,4.8375,0.0,0.0
123.75,4.862500000000001,0.0,0.0
123.75,4.8875,0.00019999999999999716,3.3378509256587523
123.75,4.9125000000000005,9.999999999999858e-05,1.6689254628293761
123.75,4.9375,0.0,0.0
123.75,4.9625,0.0,0.0
123.75,4.987500000000001,0.0,0.0
123.75,5.0125,0.0,0.0
123.75,5.0375000000000005,0.0,0.0
123.75,5.0625,0.0,0.0
123.75,5.0875,0.0,0.0
123.75,5.112500000000001,0.0,0.0
123.75,5.1375,0.0,0.0
123.75,5.1625000000000005,0.0,0.0
123.75,5.1875,0.0,0.0
123.75,5.2125,0.0,0.0
123.75,5.237500000000001,0.0,0.0
123.75,5.2625,0.0,0.0
123.75,5.2875000000000005,0.0,0.0
123.75,5.3125,0.0,0.0
123.75,5.3375,0.0,0.0
123.75,5.362500000000001,0.0,0.0
123.75,5.3875,0.0,0.0
123.75,5.4125000000000005,0.0,0.0
123.75,5.4375,0.0,0.0
123.75,5.4625,0.0,0.0
123.75,5.487500000000001,0.0,0.0
123.75,5.5125,0.0,0.0
123.75,5.5375000000000005,0.0,0.0
123.75,5.5625,0.0,0.0
123.75,5.5875,0.0,0.0
123.75,5.612500000000001,0.0,0.0
123.75,5.6375,0.0,0.0
123.75,5.6625000000000005,0.0,0.0
123.75,5.6875,0.0,0.0
123.75,5.7125,0.0,0.0
123.75,5.737500000000001,0.0,0.0
123.75,5.7625,0.0,0.0
123.75,5.7875000000000005,0.0,0.0
123.75,5.8125,0.0,0.0
123.75,5.8375,0.0,0.0
123.75,5.862500000000001,0.0,0.0
123.75,5.8875,0.0,0.0
123.75,5.9125000000000005,0.0,0.0
123.75,5.9375,0.0,0.0
123.75,5.9625,0.0,0.0
123.75,5.987500000000001,0.0,0.0
123.75,6.0125,0.0,0.0
123.75,6.0375000000000005,0.0,0.0
123.75,6.0625,0.0,0.0
123.75,6.0875,0.0,0.0
123.75,6.112500000000001,0.0,0.0
123.75,6.1375,0.0,0.0
123.75,6.1625000000000005,0.0,0.0
123.75,6.1875,0.0,0.0
123.75,6.2125,0.0,0.0
123.75,6.237500000000001,0.0,0.0
123.75,6.2625,0.0,0.0
123.75,6.2875000000000005,0.0,0.0
123.75,6.3125,0.0,0.0
123.75,6.3375,0.0,0.0
123.75,6.362500000000001,0.0,0.0
123.75,6.3875,0.0,0.0
123.75,6.4125000000000005,0.0,0.0
123.75,6.4375,0.0,0.0
123.75,6.4625,0.0,0.0
123.75,6.487500000000001,0.0,0.0
123.75,6.5125,0.0,0.0
123.75,6.5375000000000005,0.0,0.0
123.75,6.5625,0.0,0.0
123.75,6.5875,0.0,0.0
123.75,6.612500000000001,0.0,0.0
123.75,6.6375,0.0,0.0
123.75,6.6625000000000005,0.0,0.0
123.75,6.6875,0.0,0.0
123.75,6.7125,0.0,0.0
123.75,6.737500000000001,0.0,0.0
123.75,6.7625,0.0,0.0
123.75,6.7875000000000005,0.0,0.0
123.75,6.8125,0.0,0.0
123.75,6.8375,0.0,0.0
123.75,6.862500000000001,0.0,0.0
123.75,6.8875,0.0,0.0
123.75,6.9125000000000005,0.0,0.0
123.75,6.9375,0.0,0.0
123.75,6.9625,0.0,0.0
123.75,6.987500000000001,0.0,0.0
126.25,0.0125,0.0,0.0
126.25,0.037500000000000006,0.0,0.0
126.25,0.0625,0.0,0.0
126.25,0.08750000000000001,0.0,0.0
126.25,0.1125,0.0,0.0
126.25,0.1375,0.0,0.0
126.25,0.16250000000000003,0.0,0.0
126.25,0.1875,0.00010000000000000003,1.5037250724060087
126.25,0.21250000000000002,0.0016000000000000005,24.05960115849614
126.25,0.2375,0.005200000000000001,78.19370376511245
126.25,0.2625,0.013399999999999988,201.49915970240494
126.25,0.28750000000000003,0.03489999999999997,524.8000502696965
126.25,0.3125,0.06320000000000009,950.3542457605986
126.25,0.3375,0.11399999999999991,1714.246582542848
126.25,0.36250000000000004,0.17490000000000022,2630.015151638112
126.25,0.3875,0.2209999999999998,3323.2324100172755
126.25,0.41250000000000003,0.25329999999999975,3808.9356084044152
126.25,0.4375,0.24740000000000034,3720.2158291324695
126.25,0.4625,0.23619999999999977,3551.798621022988
126.25,0.48750000000000004,0.19520000000000026,2935.2713413365323
126.25,0.5125,0.16009999999999985,2407.463840922017
126.25,0.5375000000000001,0.11879999999999989,1786.4253860183362
126.25,0.5625,0.07879999999999993,1184.9353570559333
126.25,0.5875000000000001,0.05979999999999995,899.2275932987922
126.25,0.6125,0.04410000000000015,663.142756931052
126.25,0.6375,0.03589999999999997,539.8373009937565
126.25,0.6625000000000001,0.026199999999999977,393.9759689703738
126.25,0.6875,0.022599999999999978,339.8418663637575
126.25,0.7125000000000001,0.020799999999999978,312.7748150604494
126.25,0.7375,0.020400000000000074,306.7599147708268
126.25,0.7625,0.020399999999999984,306.75991477082545
126.25,0.7875000000000001,0.019199999999999984,288.71521390195335
126.25,0.8125,0.016699999999999986,251.12208709180317
126.25,0.8375000000000001,0.015199999999999988,228.5662110057131
126.25,0.8625,0.013200000000000047,198.4917095575938
126.25,0.8875,0.014299999999999988,215.032685354059
126.25,0.9125000000000001,0.01179999999999999,177.43955854390882
126.25,0.9375,0.009799999999999991,147.36505709578867
126.25,0.9625000000000001,0.008399999999999993,126.31290608210458
126.25,0.9875,0.008200000000000028,123.3054559372931
126.25,1.0125000000000002,0.007099999999999962,106.76448014082602
126.25,1.0375,0.00570000000000002,85.71232912714278
126.25,1.0625,0.005300000000000018,79.69742883751871
126.25,1.0875,0.005799999999999969,87.21605419954801
126.25,1.1125,0.006700000000000024,100.74957985120291
126.25,1.1375000000000002,0.006599999999999964,99.24585477879602
126.25,1.1625,0.01160000000000004,174.43210839909756
126.25,1.1875,0.01499999999999992,225.55876086090004
126.25,1.2125000000000001,0.026100000000000092,392.4722438979695
126.25,1.2375,0.038900000000000136,584.9490531659393
126.25,1.2625000000000002,0.0549999999999997,827.0487898233
126.25,1.2875,0.08670000000000032,1303.729637776014
126.25,1.3125,0.11499999999999938,1729.2838332669003
126.25,1.3375000000000001,0.15790000000000054,2374.381889329095
126.25,1.3625,0.2012000000000007,3025.4948456808993
126.25,1.3875000000000002,0.2604999999999986,3917.2038136176307
126.25,1.4125,0.3103000000000011,4666.05889967586
126.25,1.4375,0.37169999999999803,5589.346094133103
126.25,1.4625000000000001,0.40370000000000145,6070.538117303077
126.25,1.4875,0.4562000000000016,6859.993780316234
126.25,1.5125000000000002,0.4912999999999974,7387.8012807306795
126.25,1.5375,0.4988000000000018,7500.580661161196
126.25,1.5625,0.4939999999999974,7428.4018576856415
126.25,1.5875000000000001,0.4896000000000017,7362.237954499842
126.25,1.6125,0.4557000000000016,6852.475154954203
126.25,1.6375000000000002,0.41959999999999775,6309.630403815577
126.25,1.6625,0.3903000000000014,5869.038957600672
126.25,1.6875,0.3382999999999982,5087.1019199494995
126.25,1.7125000000000001,0.30010000000000103,4512.678942290447
126.25,1.7375,0.24960000000000088,3753.2977807254097
126.25,1.7625000000000002,0.22049999999999884,3315.7137846552305
126.25,1.7875,0.18020000000000067,2709.712580475637
126.25,1.8125,0.15829999999999916,2380.3967896186987
126.25,1.8375000000000001,0.12870000000000045,1935.2941681865395
126.25,1.8625,0.10660000000000038,1602.9709271848105
126.25,1.8875000000000002,0.08949999999999952,1345.8339398033702
126.25,1.9125,0.08020000000000028,1205.987508069623
126.25,1.9375,0.06909999999999963,1039.0740250325462
126.25,1.9625000000000001,0.06590000000000024,990.954822715563
126.25,1.9875,0.0584000000000002,878.1754422851119
126.25,2.0125,0.053700000000000185,807.5003638820292
126.25,2.0375,0.05669999999999919,852.6121160541945
126.25,2.0625,0.06320000000000023,950.3542457606006
126.25,2.0875000000000004,0.07230000000000027,1087.193227349548
126.25,2.1125,0.0857000000000003,1288.6923870519536
126.25,2.1375,0.10540000000000038,1584.9262263159385
126.25,2.1625,0.13189999999999813,1983.4133705034967
126.25,2.1875,0.15480000000000055,2327.766412084509
126.25,2.2125000000000004,0.19420000000000068,2920.234090612478
126.25,2.2375,0.2538000000000009,3816.4542337664625
126.25,2.2625,0.31600000000000117,4751.771228803003
126.25,2.2875,0.37989999999999463,5712.6515500703445
126.25,2.3125,0.44500000000000156,6691.57657220676
126.25,2.3375000000000004,0.5217000000000018,7844.9337027421725
126.25,2.3625,0.5933000000000022,8921.60085458488
126.25,2.3875,0.6684999999999905,10052.402109034023
126.25,2.4125000000000005,0.7517000000000027,11303.501369276004
126.25,2.4375,0.8024000000000029,12065.889980985854
126.25,2.4625000000000004,0.844700000000003,12701.965686613597
126.25,2.4875,0.9121000000000032,13715.47638541525
126.25,2.5125,0.9340999999999868,14046.295901344325
126.25,2.5375000000000005,0.9399000000000034,14133.511955544123
126.25,2.5625,0.9112000000000033,13701.942859763598
126.25,2.5875000000000004,0.8904000000000031,13389.168044703143
126.25,2.6125,0.8613000000000031,12951.584048632994
126.25,2.6375,0.8024999999999887,12067.393706058047
126.25,2.6625000000000005,0.7606000000000027,11437.33290072014
126.25,2.6875,0.6885000000000024,10353.147123515404
126.25,2.7125000000000004,0.6401000000000022,9625.344188470892
126.25,2.7375,0.562800000000002,8462.964707501043
126.25,2.7625,0.5090999999999928,7655.46434361888
126.25,2.7875000000000005,0.44350000000000156,6669.02069612067
126.25,2.8125,0.3842000000000014,5777.311728183904
126.25,2.8375000000000004,0.34160000000000124,5136.724847338943
126.25,2.8625,0.28590000000000104,4299.149982008793
126.25,2.8875,0.25039999999999646,3765.3275813045916
126.25,2.9125000000000005,0.21950000000000078,3300.6765339311996
126.25,2.9375,0.19800000000000073,2977.3756433639073
126.25,2.9625000000000004,0.18040000000000064,2712.7200306204486
126.25,2.9875,0.15690000000000054,2359.344638605035
126.25,3.0125,0.14359999999999795,2159.349203974997
126.25,3.0375000000000005,0.1426000000000005,2144.3119532509754
126.25,3.0625,0.1354000000000005,2036.0437480377425
126.25,3.0875000000000004,0.12750000000000045,1917.2494673176673
126.25,3.1125,0.1458000000000005,2192.431155567968
126.25,3.1375,0.15059999999999787,2264.6099590434164
126.25,3.1625000000000005,0.1640000000000006,2466.1091187458624
126.25,3.1875,0.17890000000000064,2690.164154534358
126.25,3.2125000000000004,0.19910000000000072,2993.916619160373
126.25,3.2375,0.22020000000000078,3311.202609438042
126.25,3.2625,0.24649999999999647,3706.682303480757
126.25,3.2875000000000005,0.283900000000001,4269.075480560672
126.25,3.3125,0.29910000000000103,4497.641691566386
126.25,3.3375000000000004,0.33440000000000114,5028.456642125709
126.25,3.3625,0.3681000000000013,5535.211991526537
126.25,3.3875,0.39259999999999445,5903.624634265905
126.25,3.4125000000000005,0.4001000000000014,6016.40401469646
126.25,3.4375,0.41810000000000147,6287.074527729543
126.25,3.4625000000000004,0.4361000000000016,6557.745040762626
126.25,3.4875,0.4473000000000016,6726.162248872099
126.25,3.5125,0.46129999999999344,6936.683759008817
126.25,3.5375000000000005,0.44970000000000165,6762.251650609844
126.25,3.5625,0.4448000000000016,6688.569122061948
126.25,3.5875000000000004,0.42570000000000147,6401.357633232399
126.25,3.6125,0.4210000000000015,6330.682554829317
126.25,3.6375,0.40769999999999423,6130.687120199209
126.25,3.6625000000000005,0.3942000000000014,5927.6842354245055
126.25,3.6875,0.35100000000000126,5278.075004145107
126.25,3.7125000000000004,0.32180000000000114,4838.9872830025515
126.25,3.7375,0.3007000000000011,4521.701292724883
126.25,3.7625,0.27819999999999606,4183.363151433456
126.25,3.7875000000000005,0.24330000000000088,3658.563101163831
126.25,3.8125,0.2169000000000008,3261.579682048644
126.25,3.8375000000000004,0.20160000000000072,3031.5097459705235
126.25,3.8625,0.17270000000000063,2596.933200045186
126.25,3.8875,0.15249999999999783,2293.18073541913
126.25,3.9125000000000005,0.1402000000000005,2108.222551513231
126.25,3.9375,0.11860000000000043,1783.4179358735323
126.25,3.9625000000000004,0.10750000000000037,1616.5044528364645
126.25,3.9875,0.09040000000000031,1359.3674654550362
126.25,4.0125,0.07929999999999887,1192.4539824179476
126.25,4.0375,0.0656000000000014,986.4436474983623
126.25,4.0625,0.059599999999999154,896.2201431539681
126.25,4.0875,0.05669999999999919,852.6121160541945
126.25,4.112500000000001,0.04620000000000098,694.7209834515907
126.25,4.1375,0.03829999999999946,575.926702731493
126.25,4.1625,0.03480000000000074,523.296325197302
126.25,4.1875,0.029699999999999577,446.6063465045781
126.25,4.2125,0.026599999999999624,399.99086925999256
126.25,4.237500000000001,0.02450000000000052,368.41264273947985
126.25,4.2625,0.01859999999999974,279.6928634675136
126.25,4.2875,0.01770000000000038,266.15933781586915
126.25,4.3125,0.012899999999999816,193.9805343403723
126.25,4.3375,0.012399999999999824,186.4619089783424
126.25,4.362500000000001,0.00800000000000017,120.29800579248322
126.25,4.3875,0.00849999999999988,127.81663115450888
126.25,4.4125,0.00800000000000017,120.29800579248322
126.25,4.4375,0.005699999999999919,85.71232912714125
126.25,4.4625,0.004499999999999936,67.66762825826942
126.25,4.487500000000001,0.004000000000000085,60.14900289624161
126.25,4.5125,0.004599999999999935,69.1713533306754
126.25,4.5375,0.0025000000000000534,37.59312681015101
126.25,4.5625,0.002999999999999957,45.1117521721796
126.25,4.5875,0.002599999999999963,39.09685188255566
126.25,4.612500000000001,0.0014000000000000297,21.05215101368456
126.25,4.6375,0.0014999999999999786,22.5558760860898
126.25,4.6625,0.0009000000000000193,13.533525651654363
126.25,4.6875,0.0008999999999999873,13.533525651653884
126.25,4.7125,0.00069999999999999,10.526075506841908
126.25,4.737500000000001,0.0004000000000000086,6.014900289624162
126.25,4.7625,0.00039999999999999433,6.014900289623948
126.25,4.7875000000000005,9.999999999999858e-05,1.503725072405987
126.25,4.8125,0.0003000000000000064,4.511175217218121
126.25,4.8375,0.00019999999999999716,3.007450144811974
126.25,4.862500000000001,0.00010000000000000215,1.5037250724060405
126.25,4.8875,9.999999999999858e-05,1.503725072405987
126.25,4.9125000000000005,0.00019999999999999716,3.007450144811974
126.25,4.9375,0.0,0.0
126.25,4.9625,0.0,0.0
126.25,4.987500000000001,0.0,0.0
126.25,5.0125,0.0,0.0
126.25,5.0375000000000005,0.0,0.0
126.25,5.0625,0.0,0.0
126.25,5.0875,9.999999999999858e-05,1.503725072405987
126.25,5.112500000000001,0.0,0.0
126.25,5.1375,0.0,0.0
126.25,5.1625000000000005,0.0,0.0
126.25,5.1875,0.0,0.0
126.25,5.2125,0.0,0.0
126.25,5.237500000000001,0.0,0.0
126.25,5.2625,0.0,0.0
126.25,5.2875000000000005,0.0,0.0
126.25,5.3125,0.0,0.0
126.25,5.3375,0.0,0.0
126.25,5.362500000000001,0.0,0.0
126.25,5.3875,0.0,0.0
126.25,5.4125000000000005,0.0,0.0
126.25,5.4375,0.0,0.0
126.25,5.4625,0.0,0.0
126.25,5.487500000000001,0.0,0.0
126.25,5.5125,0.0,0.0
126.25,5.5375000000000005,0.0,0.0
126.25,5.5625,0.0,0.0
126.25,5.5875,0.0,0.0
126.25,5.612500000000001,0.0,0.0
126.25,5.6375,0.0,0.0
126.25,5.6625000000000005,0.0,0.0
126.25,5.6875,0.0,0.0
126.25,5.7125,0.0,0.0
126.25,5.737500000000001,0.0,0.0
126.25,5.7625,0.0,0.0
126.25,5.7875000000000005,0.0,0.0
126.25,5.8125,0.0,0.0
126.25,5.8375,0.0,0.0
126.25,5.862500000000001,0.0,0.0
126.25,5.8875,0.0,0.0
126.25,5.9125000000000005,0.0,0.0
126.25,5.9375,0.0,0.0
126.25,5.9625,0.0,0.0
126.25,5.987500000000001,0.0,0.0
126.25,6.0125,0.0,0.0
126.25,6.0375000000000005,0.0,0.0
126.25,6.0625,0.0,0.0
126.25,6.0875,0.0,0.0
126.25,6.112500000000001,0.0,0.0
126.25,6.1375,0.0,0.0
126.25,6.1625000000000005,0.0,0.0
126.25,6.1875,0.0,0.0
126.25,6.2125,0.0,0.0
126.25,6.237500000000001,0.0,0.0
126.25,6.2625,0.0,0.0
126.25,6.2875000000000005,0.0,0.0
126.25,6.3125,0.0,0.0
126.25,6.3375,0.0,0.0
126.25,6.362500000000001,0.0,0.0
126.25,6.3875,0.0,0.0
126.25,6.4125000000000005,0.0,0.0
126.25,6.4375,0.0,0.0
126.25,6.4625,0.0,0.0
126.25,6.487500000000001,0.0,0.0
126.25,6.5125,0.0,0.0
126.25,6.5375000000000005,0.0,0.0
126.25,6.5625,0.0,0.0
126.25,6.5875,0.0,0.0
126.25,6.612500000000001,0.0,0.0
126.25,6.6375,0.0,0.0
126.25,6.6625000000000005,0.0,0.0
126.25,6.6875,0.0,0.0
126.25,6.7125,0.0,0.0
126.25,6.737500000000001,0.0,0.0
126.25,6.7625,0.0,0.0
126.25,6.7875000000000005,0.0,0.0
126.25,6.8125,0.0,0.0
126.25,6.8375,0.0,0.0
126.25,6.862500000000001,0.0,0.0
126.25,6.8875,0.0,0.0
126.25,6.9125000000000005,0.0,0.0
126.25,6.9375,0.0,0.0
126.25,6.9625,0.0,0.0
126.25,6.987500000000001,0.0,0.0
128.75,0.0125,0.0,0.0
128.75,0.037500000000000006,0.0,0.0
128.75,0.0625,0.0,0.0
128.75,0.08750000000000001,0.0,0.0
128.75,0.1125,0.0,0.0
128.75,0.1375,0.0,0.0
128.75,0.16250000000000003,0.0,0.0
128.75,0.1875,0.0003000000000000001,3.8614884789138118
128.75,0.21250000000000002,0.0007000000000000001,9.010139784132226
128.75,0.2375,0.005600000000000001,72.08111827305781
128.75,0.2625,0.014899999999999986,191.78726111938576
128.75,0.28750000000000003,0.04059999999999997,522.5881074796687
128.75,0.3125,0.06600000000000009,849.5274653610395
128.75,0.3375,0.1183999999999999,1524.0007863446492
128.75,0.36250000000000004,0.16840000000000024,2167.5821994969556
128.75,0.3875,0.2211999999999998,2847.2041717857805
128.75,0.41250000000000003,0.24479999999999977,3150.9745987936667
128.75,0.4375,0.2465000000000003,3172.8563668408515
128.75,0.4625,0.23029999999999978,2964.3359889794992
128.75,0.48750000000000004,0.20310000000000028,2614.2277002246533
128.75,0.5125,0.15839999999999985,2038.8659168664901
128.75,0.5375000000000001,0.1135999999999999,1462.2169706820282
128.75,0.5625,0.08909999999999992,1146.8620782374007
128.75,0.5875000000000001,0.06279999999999994,808.3382549192902
128.75,0.6125,0.04750000000000017,611.4023424946888
128.75,0.6375,0.03309999999999997,426.0508955068234
128.75,0.6625000000000001,0.03149999999999997,405.45629028594976
128.75,0.6875,0.024999999999999977,321.79070657615057
128.75,0.7125000000000001,0.01969999999999998,253.57107678200666
128.75,0.7375,0.017300000000000062,222.6791689506972
128.75,0.7625,0.014699999999999986,189.21293546677654
128.75,0.7875000000000001,0.017599999999999984,226.54065742961
128.75,0.8125,0.015099999999999987,194.36158677199498
128.75,0.8375000000000001,0.015499999999999986,199.51023807721336
128.75,0.8625,0.011500000000000041,148.02372502502993
128.75,0.8875,0.01069999999999999,137.72642241459246
128.75,0.9125000000000001,0.009399999999999992,120.99330567263263
128.75,0.9375,0.010299999999999991,132.57777110937405
128.75,0.9625000000000001,0.008099999999999993,104.2601889306728
128.75,0.9875,0.00830000000000003,106.83451458328247
128.75,1.0125000000000002,0.007099999999999962,91.38856066762636
128.75,1.0375,0.006400000000000023,82.37842088349493
128.75,1.0625,0.005600000000000019,72.08111827305804
128.75,1.0875,0.005399999999999972,69.50679262044822
128.75,1.1125,0.007300000000000025,93.96288632023638
128.75,1.1375000000000002,0.006999999999999963,90.10139784132177
128.75,1.1625,0.01160000000000004,149.31088785133454
128.75,1.1875,0.016999999999999908,218.81768047178142
128.75,1.2125000000000001,0.0282000000000001,362.9799170178995
128.75,1.2375,0.04150000000000015,534.1725729164124
128.75,1.2625000000000002,0.06229999999999967,801.9024407877638
128.75,1.2875,0.08500000000000031,1094.088402358917
128.75,1.3125,0.12449999999999933,1602.517718749223
128.75,1.3375000000000001,0.1677000000000006,2158.572059712828
128.75,1.3625,0.2020000000000007,2600.0689091353083
128.75,1.3875000000000002,0.25329999999999864,3260.3834390295433
128.75,1.4125,0.30590000000000106,3937.4310856657958
128.75,1.4375,0.36689999999999806,4722.600409711566
128.75,1.4625000000000001,0.4177000000000015,5376.479125474349
128.75,1.4875,0.44210000000000155,5690.546855092673
128.75,1.5125000000000002,0.48229999999999745,6207.98631126707
128.75,1.5375,0.4822000000000017,6206.69914844082
128.75,1.5625,0.4834999999999974,6223.432265182724
128.75,1.5875000000000001,0.47960000000000175,6173.232914956901
128.75,1.6125,0.4550000000000016,5856.590859685967
128.75,1.6375000000000002,0.43039999999999773,5539.948804414985
128.75,1.6625,0.38310000000000133,4931.120787572953
128.75,1.6875,0.3419999999999982,4402.096865961721
128.75,1.7125000000000001,0.29650000000000104,3816.437779993163
128.75,1.7375,0.2578000000000009,3318.3057662132796
128.75,1.7625000000000002,0.2224999999999988,2863.9372885277276
128.75,1.7875,0.18830000000000066,2423.727601931577
128.75,1.8125,0.16009999999999916,2060.7476849136597
128.75,1.8375000000000001,0.13090000000000046,1684.896139632732
128.75,1.8625,0.11600000000000041,1493.1088785133454
128.75,1.8875000000000002,0.0936999999999995,1206.0715682474072
128.75,1.9125,0.07880000000000027,1014.2843071280311
128.75,1.9375,0.0733999999999996,944.7775145075739
128.75,1.9625000000000001,0.06830000000000025,879.1322103660474
128.75,1.9875,0.058800000000000206,756.8517418671096
128.75,2.0125,0.06440000000000023,828.9328601401677
128.75,2.0375,0.06209999999999912,799.3281151351475
128.75,2.0625,0.06630000000000023,853.3889538399552
128.75,2.0875000000000004,0.07040000000000025,906.1626297184441
128.75,2.1125,0.0887000000000003,1141.7134269321873
128.75,2.1375,0.10950000000000039,1409.443294803546
128.75,2.1625,0.13829999999999804,1780.1461887792414
128.75,2.1875,0.1688000000000006,2172.7308508021783
128.75,2.2125000000000004,0.21500000000000075,2767.400076554907
128.75,2.2375,0.25570000000000087,3291.2753468608826
128.75,2.2625,0.31880000000000114,4103.47509025909
128.75,2.2875,0.38249999999999457,4923.397810615039
128.75,2.3125,0.4536000000000016,5838.570580117703
128.75,2.3375000000000004,0.5260000000000019,6770.476466362239
128.75,2.3625,0.5948000000000021,7656.044490859809
128.75,2.3875,0.6659999999999906,8572.504423188539
128.75,2.4125000000000005,0.7301000000000026,9397.575794849945
128.75,2.4375,0.8002000000000028,10299.876936089473
128.75,2.4625000000000004,0.8572000000000031,11033.559747083102
128.75,2.4875,0.888600000000003,11437.728874542747
128.75,2.5125,0.9061999999999872,11664.269531972153
128.75,2.5375000000000005,0.9346000000000033,12029.823774642868
128.75,2.5625,0.9198000000000033,11839.323676349786
128.75,2.5875000000000004,0.8899000000000031,11454.461991284707
128.75,2.6125,0.844100000000003,10864.941416837197
128.75,2.6375,0.7867999999999888,10127.397117364477
128.75,2.6625000000000005,0.7533000000000026,9696.197570552613
128.75,2.6875,0.6960000000000024,8958.653271080071
128.75,2.7125000000000004,0.6341000000000022,8161.899481597519
128.75,2.7375,0.560800000000002,7218.409129916242
128.75,2.7625,0.5038999999999928,6486.013481748804
128.75,2.7875000000000005,0.4472000000000016,5756.192159234208
128.75,2.8125,0.40130000000000143,5165.3844219603925
128.75,2.8375000000000004,0.34950000000000125,4498.634077934606
128.75,2.8625,0.3103000000000011,3994.066250023199
128.75,2.8875,0.2603999999999963,3351.77199969714
128.75,2.9125000000000005,0.23500000000000085,3024.8326418158294
128.75,2.9375,0.20600000000000074,2651.5554221874927
128.75,2.9625000000000004,0.17700000000000063,2278.2782025591564
128.75,2.9875,0.1641000000000006,2112.234197965862
128.75,3.0125,0.1545999999999978,1989.9537294668887
128.75,3.0375000000000005,0.1424000000000005,1832.9198646577618
128.75,3.0625,0.1382000000000005,1778.8590259529683
128.75,3.0875000000000004,0.1407000000000005,1811.0380966105836
128.75,3.1125,0.1421000000000005,1829.0583761788482
128.75,3.1375,0.15069999999999786,1939.7543792410102
128.75,3.1625000000000005,0.16710000000000058,2150.849082755
128.75,3.1875,0.1792000000000006,2306.5957847378572
128.75,3.2125000000000004,0.21000000000000077,2703.0419352396775
128.75,3.2375,0.21950000000000078,2825.322403738615
128.75,3.2625,0.24369999999999653,3136.815807704274
128.75,3.2875000000000005,0.2694000000000009,3467.6166540646136
128.75,3.3125,0.30330000000000107,3903.9648521818763
128.75,3.3375000000000004,0.32290000000000113,4156.248766137579
128.75,3.3625,0.3608000000000013,4644.083477307026
128.75,3.3875,0.37779999999999464,4862.901157778723
128.75,3.4125000000000005,0.39710000000000145,5111.323583255599
128.75,3.4375,0.40330000000000144,5191.127678486485
128.75,3.4625000000000004,0.42930000000000157,5525.7900133256835
128.75,3.4875,0.4350000000000015,5599.158294425045
128.75,3.5125,0.45509999999999357,5857.878022512168
128.75,3.5375000000000005,0.4476000000000016,5761.3408105394265
128.75,3.5625,0.43370000000000153,5582.425177683085
128.75,3.5875000000000004,0.4179000000000015,5379.053451126957
128.75,3.6125,0.4109000000000015,5288.952053285635
128.75,3.6375,0.4017999999999943,5171.820236091823
128.75,3.6625000000000005,0.36380000000000134,4682.698362096165
128.75,3.6875,0.35240000000000127,4535.961799897439
128.75,3.7125000000000004,0.32560000000000117,4191.002162447804
128.75,3.7375,0.30590000000000106,3937.4310856657958
128.75,3.7625,0.26709999999999623,3438.0119090595476
128.75,3.7875000000000005,0.24370000000000086,3136.81580770433
128.75,3.8125,0.2238000000000008,2880.6704052697132
128.75,3.8375000000000004,0.2045000000000007,2632.247979792923
128.75,3.8625,0.17200000000000062,2213.9200612439263
128.75,3.8875,0.15259999999999782,1964.210472940797
128.75,3.9125000000000005,0.1416000000000005,1822.6225620473251
128.75,3.9375,0.12130000000000044,1561.3285083074898
128.75,3.9625000000000004,0.1102000000000004,1418.4534345876782
128.75,3.9875,0.0852000000000003,1096.662728011526
128.75,4.0125,0.08069999999999886,1038.7404008278004
128.75,4.0375,0.07390000000000158,951.2133286391223
128.75,4.0625,0.06779999999999903,872.6963962345087
128.75,4.0875,0.05589999999999921,719.5240199042631
128.75,4.112500000000001,0.04730000000000101,608.8280168420905
128.75,4.1375,0.04059999999999943,522.5881074796616
128.75,4.1625,0.0375000000000008,482.6860598642366
128.75,4.1875,0.03219999999999954,414.46643007007646
128.75,4.2125,0.02729999999999961,351.39545158115175
128.75,4.237500000000001,0.023700000000000505,305.05758983419753
128.75,4.2625,0.01889999999999973,243.2737741715666
128.75,4.2875,0.016600000000000354,213.66902916656875
128.75,4.3125,0.016299999999999766,209.80754068764736
128.75,4.3375,0.01119999999999984,144.16223654611355
128.75,4.362500000000001,0.00990000000000021,127.42911980415846
128.75,4.3875,0.007899999999999888,101.68586327806224
128.75,4.4125,0.0063000000000001345,81.09125805719175
128.75,4.4375,0.007899999999999888,101.68586327806224
128.75,4.4625,0.0052999999999999246,68.21962979414302
128.75,4.487500000000001,0.004600000000000098,59.20949001001302
128.75,4.5125,0.003299999999999953,42.47637326805131
128.75,4.5375,0.003800000000000081,48.91218739957598
128.75,4.5625,0.002599999999999963,33.46623348391922
128.75,4.5875,0.0020999999999999704,27.030419352396294
128.75,4.612500000000001,0.0017000000000000363,21.881768047178728
128.75,4.6375,0.000999999999999986,12.871628263045855
128.75,4.6625,0.0018000000000000385,23.16893087348336
128.75,4.6875,0.00019999999999999716,2.5743256526091707
128.75,4.7125,0.0008999999999999873,11.584465436741269
128.75,4.737500000000001,0.0006000000000000128,7.722976957827787
128.75,4.7625,0.000499999999999993,6.435814131522927
128.75,4.7875000000000005,9.999999999999858e-05,1.2871628263045853
128.75,4.8125,0.00010000000000000215,1.287162826304631
128.75,4.8375,9.999999999999858e-05,1.2871628263045853
128.75,4.862500000000001,0.0,0.0
128.75,4.8875,0.0,0.0
128.75,4.9125000000000005,0.0,0.0
128.75,4.9375,0.0003000000000000064,3.8614884789138935
128.75,4.9625,0.0,0.0
128.75,4.987500000000001,0.00010000000000000215,1.287162826304631
128.75,5.0125,0.0,0.0
128.75,5.0375000000000005,9.999999999999858e-05,1.2871628263045853
128.75,5.0625,0.0,0.0
128.75,5.0875,9.999999999999858e-05,1.2871628263045853
128.75,5.112500000000001,0.0,0.0
128.75,5.1375,0.0,0.0
128.75,5.1625000000000005,0.0,0.0
128.75,5.1875,0.0,0.0
128.75,5.2125,0.0,0.0
128.75,5.237500000000001,0.0,0.0
128.75,5.2625,0.0,0.0
128.75,5.2875000000000005,0.0,0.0
128.75,5.3125,0.0,0.0
128.75,5.3375,0.0,0.0
128.75,5.362500000000001,0.0,0.0
128.75,5.3875,0.0,0.0
128.75,5.4125000000000005,0.0,0.0
128.75,5.4375,0.0,0.0
128.75,5.4625,0.0,0.0
128.75,5.487500000000001,0.0,0.0
128.75,5.5125,0.0,0.0
128.75,5.5375000000000005,0.0,0.0
128.75,5.5625,0.0,0.0
128.75,5.5875,0.0,0.0
128.75,5.612500000000001,0.0,0.0
128.75,5.6375,0.0,0.0
128.75,5.6625000000000005,0.0,0.0
128.75,5.6875,0.0,0.0
128.75,5.7125,0.0,0.0
128.75,5.737500000000001,0.0,0.0
128.75,5.7625,0.0,0.0
128.75,5.7875000000000005,0.0,0.0
128.75,5.8125,0.0,0.0
128.75,5.8375,0.0,0.0
128.75,5.862500000000001,0.0,0.0
128.75,5.8875,0.0,0.0
128.75,5.9125000000000005,0.0,0.0
128.75,5.9375,0.0,0.0
128.75,5.9625,0.0,0.0
128.75,5.987500000000001,0.0,0.0
128.75,6.0125,0.0,0.0
128.75,6.0375000000000005,0.0,0.0
128.75,6.0625,0.0,0.0
128.75,6.0875,0.0,0.0
128.75,6.112500000000001,0.0,0.0
128.75,6.1375,0.0,0.0
128.75,6.1625000000000005,0.0,0.0
128.75,6.1875,0.0,0.0
128.75,6.2125,0.0,0.0
128.75,6.237500000000001,0.0,0.0
128.75,6.2625,0.0,0.0
128.75,6.2875000000000005,0.0,0.0
128.75,6.3125,0.0,0.0
128.75,6.3375,0.0,0.0
128.75,6.362500000000001,0.0,0.0
128.75,6.3875,0.0,0.0
128.75,6.4125000000000005,0.0,0.0
128.75,6.4375,0.0,0.0
128.75,6.4625,0.0,0.0
128.75,6.487500000000001,0.0,0.0
128.75,6.5125,0.0,0.0
128.75,6.5375000000000005,0.0,0.0
128.75,6.5625,0.0,0.0
128.75,6.5875,0.0,0.0
128.75,6.612500000000001,0.0,0.0
128.75,6.6375,0.0,0.0
128.75,6.6625000000000005,0.0,0.0
128.75,6.6875,0.0,0.0
128.75,6.7125,0.0,0.0
128.75,6.737500000000001,0.0,0.0
128.75,6.7625,0.0,0.0
128.75,6.7875000000000005,0.0,0.0
128.75,6.8125,0.0,0.0
128.75,6.8375,0.0,0.0
128.75,6.862500000000001,0.0,0.0
128.75,6.8875,0.0,0.0
128.75,6.9125000000000005,0.0,0.0
128.75,6.9375,0.0,0.0
128.75,6.9625,0.0,0.0
128.75,6.987500000000001,0.0,0.0
131.25,0.0125,0.0,0.0
131.25,0.037500000000000006,0.0,0.0
131.25,0.0625,0.0,0.0
131.25,0.08750000000000001,0.0,0.0
131.25,0.1125,0.0,0.0
131.25,0.1375,0.0,0.0
131.25,0.16250000000000003,0.0,0.0
131.25,0.1875,0.0003000000000000001,3.1920695185317416
131.25,0.21250000000000002,0.0016000000000000005,17.024370765502624
131.25,0.2375,0.005600000000000001,59.58529767925917
131.25,0.2625,0.015499999999999986,164.92359179080646
131.25,0.28750000000000003,0.033899999999999965,360.70385559408635
131.25,0.3125,0.0707000000000001,752.2643832006479
131.25,0.3375,0.11809999999999989,1256.6113671286607
131.25,0.36250000000000004,0.1581000000000002,1682.2206362662296
131.25,0.3875,0.2154999999999998,2292.9699374786314
131.25,0.41250000000000003,0.2371999999999998,2523.8629659857606
131.25,0.4375,0.24330000000000032,2588.768379529245
131.25,0.4625,0.2214999999999998,2356.8113278492665
131.25,0.48750000000000004,0.19670000000000026,2092.933580983981
131.25,0.5125,0.15469999999999987,1646.0438483895327
131.25,0.5375000000000001,0.1237999999999999,1317.2606879807638
131.25,0.5625,0.08969999999999993,954.4287860409897
131.25,0.5875000000000001,0.06579999999999994,700.1272477312945
131.25,0.6125,0.046700000000000165,496.8988217181094
131.25,0.6375,0.03859999999999997,410.7129447177503
131.25,0.6625000000000001,0.028099999999999976,298.99051156913947
131.25,0.6875,0.02349999999999998,250.04544561831946
131.25,0.7125000000000001,0.02159999999999998,229.8290053342851
131.25,0.7375,0.01960000000000007,208.54854187740779
131.25,0.7625,0.018499999999999985,196.84428697612384
131.25,0.7875000000000001,0.016199999999999985,172.37175400071385
131.25,0.8125,0.014499999999999987,154.28336006236734
131.25,0.8375000000000001,0.014599999999999986,155.34738323521123
131.25,0.8625,0.01460000000000005,155.3473832352119
131.25,0.8875,0.012699999999999989,135.1309429511769
131.25,0.9125000000000001,0.011999999999999988,127.6827807412695
131.25,0.9375,0.011099999999999992,118.10657218567432
131.25,0.9625000000000001,0.009799999999999991,104.27427093870344
131.25,0.9875,0.007900000000000029,84.05783065466947
131.25,1.0125000000000002,0.00739999999999996,78.73771479044919
131.25,1.0375,0.006800000000000025,72.35357575338638
131.25,1.0625,0.007000000000000024,74.48162209907422
131.25,1.0875,0.006799999999999964,72.35357575338574
131.25,1.1125,0.006600000000000023,70.22552940769855
131.25,1.1375000000000002,0.008499999999999954,90.44196969173215
131.25,1.1625,0.014400000000000052,153.2193368895241
131.25,1.1875,0.017699999999999907,188.3321015933717
131.25,1.2125000000000001,0.027700000000000096,294.73441887776505
131.25,1.2375,0.04640000000000016,493.70675219957764
131.25,1.2625000000000002,0.06469999999999966,688.4229928300084
131.25,1.2875,0.08880000000000032,944.8525774853987
131.25,1.3125,0.11979999999999935,1274.6997610670016
131.25,1.3375000000000001,0.1701000000000006,1809.9034170075035
131.25,1.3625,0.22270000000000081,2369.579605923404
131.25,1.3875000000000002,0.25779999999999864,2743.051739591595
131.25,1.4125,0.31510000000000116,3352.737017631184
131.25,1.4375,0.36049999999999804,3835.803538102288
131.25,1.4625000000000001,0.40710000000000146,4331.6383366475875
131.25,1.4875,0.4408000000000016,4690.214145895988
131.25,1.5125000000000002,0.4749999999999975,5054.110071008563
131.25,1.5375,0.4700000000000017,5000.908912366412
131.25,1.5625,0.48499999999999743,5160.512388292954
131.25,1.5875000000000001,0.4769000000000017,5074.326511292642
131.25,1.6125,0.4478000000000016,4764.695767995062
131.25,1.6375000000000002,0.41239999999999777,4388.031564808276
131.25,1.6625,0.40050000000000147,4261.41280723989
131.25,1.6875,0.3447999999999981,3668.7518999657937
131.25,1.7125000000000001,0.3032000000000011,3226.1182600627576
131.25,1.7375,0.275500000000001,2931.383841184993
131.25,1.7625000000000002,0.23409999999999875,2490.8782476275883
131.25,1.7875,0.18550000000000066,1973.7629856254666
131.25,1.8125,0.16229999999999914,1726.9096095256625
131.25,1.8375000000000001,0.1369000000000005,1456.647723623323
131.25,1.8625,0.11940000000000042,1270.4436683756373
131.25,1.8875000000000002,0.10159999999999947,1081.0475436094105
131.25,1.9125,0.0887000000000003,943.7885543125545
131.25,1.9375,0.0752999999999996,801.2094491514626
131.25,1.9625000000000001,0.06810000000000024,724.5997807067077
131.25,1.9875,0.06310000000000023,671.3986220645119
131.25,2.0125,0.056800000000000204,604.3651621753451
131.25,2.0375,0.05949999999999916,633.0937878421196
131.25,2.0625,0.07060000000000026,751.2003600278057
131.25,2.0875000000000004,0.08150000000000028,867.1788858677926
131.25,2.1125,0.09320000000000034,991.669597090531
131.25,2.1375,0.11500000000000041,1223.626648770505
131.25,2.1625,0.14419999999999797,1534.3214152409018
131.25,2.1875,0.18090000000000062,1924.8179196746462
131.25,2.2125000000000004,0.2194000000000008,2334.4668412195547
131.25,2.2375,0.27310000000000095,2905.847285036738
131.25,2.2625,0.3304000000000012,3515.532563076303
131.25,2.2875,0.3865999999999945,4113.513586214512
131.25,2.3125,0.4420000000000016,4702.982423970115
131.25,2.3375000000000004,0.5294000000000019,5632.938677035699
131.25,2.3625,0.5989000000000021,6372.4347821622205
131.25,2.3875,0.6607999999999906,7031.065126152481
131.25,2.4125000000000005,0.7311000000000025,7779.073416661879
131.25,2.4375,0.7755000000000027,8251.499705404578
131.25,2.4625000000000004,0.8261000000000029,8789.895430863602
131.25,2.4875,0.8637000000000031,9189.968143852915
131.25,2.5125,0.8739999999999877,9299.562530655674
131.25,2.5375000000000005,0.8781000000000031,9343.187480742437
131.25,2.5625,0.8863000000000032,9430.43738091564
131.25,2.5875000000000004,0.850400000000003,9048.453061864673
131.25,2.6125,0.8333000000000029,8866.505099308362
131.25,2.6375,0.7847999999999888,8350.453860478914
131.25,2.6625000000000005,0.7489000000000027,7968.469541428097
131.25,2.6875,0.6929000000000025,7372.616564635504
131.25,2.7125000000000004,0.6490000000000024,6905.510391757024
131.25,2.7375,0.574400000000002,6111.749104815461
131.25,2.7625,0.5154999999999926,5485.039456010296
131.25,2.7875000000000005,0.4538000000000016,4828.537158365697
131.25,2.8125,0.41260000000000147,4390.159611154003
131.25,2.8375000000000004,0.3645000000000013,3878.364465016079
131.25,2.8625,0.31350000000000117,3335.7126468656816
131.25,2.8875,0.2735999999999961,2911.167400900906
131.25,2.9125000000000005,0.24350000000000085,2590.896425874939
131.25,2.9375,0.20630000000000073,2195.0798055770015
131.25,2.9625000000000004,0.1930000000000007,2053.5647235887604
131.25,2.9875,0.16170000000000057,1720.5254704886142
131.25,3.0125,0.16069999999999773,1709.885238760145
131.25,3.0375000000000005,0.14100000000000049,1500.2726737099233
131.25,3.0625,0.14540000000000053,1547.089693315056
131.25,3.0875000000000004,0.1416000000000005,1506.656812746987
131.25,3.1125,0.15370000000000056,1635.403616661101
131.25,3.1375,0.15889999999999777,1690.7328216489548
131.25,3.1625000000000005,0.17280000000000062,1838.6320426742893
131.25,3.1875,0.18680000000000066,1987.5952868724376
131.25,3.2125000000000004,0.20590000000000075,2190.823712885626
131.25,3.2375,0.22610000000000083,2405.756393800097
131.25,3.2625,0.2544999999999964,2707.9389748877215
131.25,3.2875000000000005,0.26710000000000095,2842.0058946661034
131.25,3.3125,0.29680000000000106,3158.020777000747
131.25,3.3375000000000004,0.3260000000000011,3468.7155434711703
131.25,3.3625,0.3471000000000012,3693.2244329412365
131.25,3.3875,0.37659999999999466,4007.1112689301217
131.25,3.4125000000000005,0.3927000000000014,4178.418999758063
131.25,3.4375,0.3972000000000014,4226.30004253604
131.25,3.4625000000000004,0.4230000000000015,4500.81802112977
131.25,3.4875,0.4303000000000015,4578.491712747376
131.25,3.5125,0.4495999999999936,4783.848185106168
131.25,3.5375000000000005,0.44190000000000157,4701.918400797271
131.25,3.5625,0.42340000000000155,4505.074113821147
131.25,3.5875000000000004,0.4183000000000015,4450.808932006106
131.25,3.6125,0.40620000000000145,4322.062128091992
131.25,3.6375,0.39889999999999437,4244.388436474312
131.25,3.6625000000000005,0.3701000000000013,3937.949762695338
131.25,3.6875,0.3439000000000012,3659.1756914102316
131.25,3.7125000000000004,0.3343000000000012,3557.029466817216
131.25,3.7375,0.3006000000000011,3198.4536575688157
131.25,3.7625,0.2735999999999961,2911.167400900906
131.25,3.7875000000000005,0.2548000000000009,2711.1310444063015
131.25,3.8125,0.2248000000000008,2391.9240925531262
131.25,3.8375000000000004,0.1936000000000007,2059.948862625824
131.25,3.8625,0.18100000000000066,1925.8819428474906
131.25,3.8875,0.15769999999999776,1677.9645435748278
131.25,3.9125000000000005,0.1400000000000005,1489.6324419814844
131.25,3.9375,0.12610000000000043,1341.7332209561796
131.25,3.9625000000000004,0.1110000000000004,1181.0657218567483
131.25,3.9875,0.09790000000000035,1041.678686214195
131.25,4.0125,0.07959999999999887,846.9624455837431
131.25,4.0375,0.07410000000000158,788.4411710773568
131.25,4.0625,0.061699999999999124,656.5022976446853
131.25,4.0875,0.05259999999999925,559.6761889158905
131.25,4.112500000000001,0.0512000000000011,544.7798644960955
131.25,4.1375,0.0420999999999994,447.9537557672812
131.25,4.1625,0.035000000000000746,372.4081104953777
131.25,4.1875,0.03309999999999953,352.1916702113304
131.25,4.2125,0.026199999999999626,278.7740712851014
131.25,4.237500000000001,0.02390000000000051,254.3015383097008
131.25,4.2625,0.021299999999999698,226.63693581575038
131.25,4.2875,0.015100000000000323,160.6674990994344
131.25,4.3125,0.016299999999999766,173.4357771735554
131.25,4.3375,0.013699999999999804,145.77117467961406
131.25,4.362500000000001,0.01220000000000026,129.81082708696022
131.25,4.3875,0.00929999999999987,98.95415507448257
131.25,4.4125,0.008500000000000181,90.44196969173458
131.25,4.4375,0.008399999999999882,89.37794651888748
131.25,4.4625,0.006299999999999911,67.0334598891656
131.25,4.487500000000001,0.005700000000000122,60.64932085210437
131.25,4.5125,0.00279999999999996,29.792648839629155
131.25,4.5375,0.0034000000000000727,36.17678787669384
131.25,4.5625,0.0014999999999999786,15.960347592658476
131.25,4.5875,0.0020999999999999704,22.34448662972187
131.25,4.612500000000001,0.0020000000000000425,21.280463456878724
131.25,4.6375,0.0015999999999999773,17.024370765502375
131.25,4.6625,0.0010000000000000213,10.640231728439362
131.25,4.6875,0.000499999999999993,5.320115864219493
131.25,4.7125,0.00069999999999999,7.448162209907289
131.25,4.737500000000001,0.0007000000000000148,7.448162209907553
131.25,4.7625,0.00029999999999999575,3.1920695185316954
131.25,4.7875000000000005,0.00019999999999999716,2.128046345687797
131.25,4.8125,0.0005000000000000106,5.320115864219681
131.25,4.8375,0.00019999999999999716,2.128046345687797
131.25,4.862500000000001,0.0003000000000000064,3.192069518531809
131.25,4.8875,9.999999999999858e-05,1.0640231728438985
131.25,4.9125000000000005,0.00019999999999999716,2.128046345687797
131.25,4.9375,0.0,0.0
131.25,4.9625,0.0,0.0
131.25,4.987500000000001,0.0,0.0
131.25,5.0125,0.0,0.0
131.25,5.0375000000000005,9.999999999999858e-05,1.0640231728438985
131.25,5.0625,0.0,0.0
131.25,5.0875,0.0,0.0
131.25,5.112500000000001,0.0,0.0
131.25,5.1375,0.0,0.0
131.25,5.1625000000000005,0.0,0.0
131.25,5.1875,0.0,0.0
131.25,5.2125,0.0,0.0
131.25,5.237500000000001,0.0,0.0
131.25,5.2625,0.0,0.0
131.25,5.2875000000000005,0.0,0.0
131.25,5.3125,0.0,0.0
131.25,5.3375,0.0,0.0
131.25,5.362500000000001,0.0,0.0
131.25,5.3875,0.0,0.0
131.25,5.4125000000000005,0.0,0.0
131.25,5.4375,0.0,0.0
131.25,5.4625,0.0,0.0
131.25,5.487500000000001,0.0,0.0
131.25,5.5125,0.0,0.0
131.25,5.5375000000000005,0.0,0.0
131.25,5.5625,0.0,0.0
131.25,5.5875,0.0,0.0
131.25,5.612500000000001,0.0,0.0
131.25,5.6375,0.0,0.0
131.25,5.6625000000000005,0.0,0.0
131.25,5.6875,0.0,0.0
131.25,5.7125,0.0,0.0
131.25,5.737500000000001,0.0,0.0
131.25,5.7625,0.0,0.0
131.25,5.7875000000000005,0.0,0.0
131.25,5.8125,0.0,0.0
131.25,5.8375,0.0,0.0
131.25,5.862500000000001,0.0,0.0
131.25,5.8875,0.0,0.0
131.25,5.9125000000000005,0.0,0.0
131.25,5.9375,0.0,0.0
131.25,5.9625,0.0,0.0
131.25,5.987500000000001,0.0,0.0
131.25,6.0125,0.0,0.0
131.25,6.0375000000000005,0.0,0.0
131.25,6.0625,0.0,0.0
131.25,6.0875,0.0,0.0
131.25,6.112500000000001,0.0,0.0
131.25,6.1375,0.0,0.0
131.25,6.1625000000000005,0.0,0.0
131.25,6.1875,0.0,0.0
131.25,6.2125,0.0,0.0
131.25,6.237500000000001,0.0,0.0
131.25,6.2625,0.0,0.0
131.25,6.2875000000000005,0.0,0.0
131.25,6.3125,0.0,0.0
131.25,6.3375,0.0,0.0
131.25,6.362500000000001,0.0,0.0
131.25,6.3875,0.0,0.0
131.25,6.4125000000000005,0.0,0.0
131.25,6.4375,0.0,0.0
131.25,6.4625,0.0,0.0
131.25,6.487500000000001,0.0,0.0
131.25,6.5125,0.0,0.0
131.25,6.5375000000000005,0.0,0.0
131.25,6.5625,0.0,0.0
131.25,6.5875,0.0,0.0
131.25,6.612500000000001,0.0,0.0
131.25,6.6375,0.0,0.0
131.25,6.6625000000000005,0.0,0.0
131.25,6.6875,0.0,0.0
131.25,6.7125,0.0,0.0
131.25,6.737500000000001,0.0,0.0
131.25,6.7625,0.0,0.0
131.25,6.7875000000000005,0.0,0.0
131.25,6.8125,0.0,0.0
131.25,6.8375,0.0,0.0
131.25,6.862500000000001,0.0,0.0
131.25,6.8875,0.0,0.0
131.25,6.9125000000000005,0.0,0.0
131.25,6.9375,0.0,0.0
131.25,6.9625,0.0,0.0
131.25,6.987500000000001,0.0,0.0
133.75,0.0125,0.0,0.0
133.75,0.037500000000000006,0.0,0.0
133.75,0.0625,0.0,0.0
133.75,0.08750000000000001,0.0,0.0
133.75,0.1125,0.0,0.0
133.75,0.1375,0.0,0.0
133.75,0.16250000000000003,0.0,0.0
133.75,0.1875,0.00040000000000000013,3.4595401920360067
133.75,0.21250000000000002,0.0018000000000000006,15.56793086416203
133.75,0.2375,0.005500000000000001,47.56867764049509
133.75,0.2625,0.017599999999999984,152.2197684495841
133.75,0.28750000000000003,0.035599999999999965,307.89907709120416
133.75,0.3125,0.0706000000000001,610.6088438943558
133.75,0.3375,0.1106999999999999,957.4277481459636
133.75,0.36250000000000004,0.1655000000000002,1431.384754454899
133.75,0.3875,0.2096999999999998,1813.6639456748742
133.75,0.41250000000000003,0.2265999999999998,1959.8295187883955
133.75,0.4375,0.23830000000000032,2061.021069405453
133.75,0.4625,0.22539999999999982,1949.4508982122875
133.75,0.48750000000000004,0.19480000000000028,1684.796073521537
133.75,0.5125,0.16849999999999984,1457.331305895166
133.75,0.5375000000000001,0.1241999999999999,1074.1872296271788
133.75,0.5625,0.09149999999999991,791.3698189282355
133.75,0.5875000000000001,0.06489999999999994,561.3103961578414
133.75,0.6125,0.05010000000000017,433.30740905251116
133.75,0.6375,0.038499999999999965,332.98074348346523
133.75,0.6625000000000001,0.029799999999999972,257.7357443066822
133.75,0.6875,0.02389999999999998,206.70752647415117
133.75,0.7125000000000001,0.02209999999999998,191.13959560998913
133.75,0.7375,0.02200000000000008,190.27471056198098
133.75,0.7625,0.017899999999999982,154.81442359361108
133.75,0.7875000000000001,0.017999999999999985,155.6793086416201
133.75,0.8125,0.016099999999999986,139.2464927294491
133.75,0.8375000000000001,0.013599999999999989,117.62436652922409
133.75,0.8625,0.012400000000000045,107.24574595311655
133.75,0.8875,0.01059999999999999,91.67781508895405
133.75,0.9125000000000001,0.01099999999999999,95.13735528099006
133.75,0.9375,0.009099999999999992,78.70453936881906
133.75,0.9625000000000001,0.008999999999999992,77.83965432081006
133.75,0.9875,0.007700000000000027,66.59614869669333
133.75,1.0125000000000002,0.006899999999999963,59.67706831262077
133.75,1.0375,0.007000000000000024,60.54195336063031
133.75,1.0625,0.005300000000000018,45.83890754447723
133.75,1.0875,0.006099999999999967,52.7579879285488
133.75,1.1125,0.009000000000000032,77.8396543208104
133.75,1.1375000000000002,0.010099999999999946,87.35338984890866
133.75,1.1625,0.015300000000000053,132.32741234537767
133.75,1.1875,0.019499999999999896,168.65258436175438
133.75,1.2125000000000001,0.03180000000000011,275.0334452668634
133.75,1.2375,0.04740000000000017,409.95551275626815
133.75,1.2625000000000002,0.06749999999999964,583.7974074060728
133.75,1.2875,0.08850000000000031,765.4232674879689
133.75,1.3125,0.12819999999999931,1108.7826315475338
133.75,1.3375000000000001,0.1640000000000006,1418.4114787347673
133.75,1.3625,0.21520000000000078,1861.2326233153776
133.75,1.3875000000000002,0.2554999999999986,2209.7812976629866
133.75,1.4125,0.2951000000000011,2552.2757766745726
133.75,1.4375,0.35589999999999805,3078.125885864019
133.75,1.4625000000000001,0.3852000000000014,3331.537204930685
133.75,1.4875,0.43650000000000155,3775.2232345593043
133.75,1.5125000000000002,0.46279999999999755,4002.6880021856373
133.75,1.5375,0.4731000000000017,4091.7711621306003
133.75,1.5625,0.4720999999999975,4083.122311650474
133.75,1.5875000000000001,0.4794000000000017,4146.258920155167
133.75,1.6125,0.44360000000000155,3836.6300729679433
133.75,1.6375000000000002,0.4105999999999978,3551.2180071249404
133.75,1.6625,0.37830000000000136,3271.8601366180637
133.75,1.6875,0.34389999999999815,2974.33968010294
133.75,1.7125000000000001,0.3077000000000011,2661.2512927237067
133.75,1.7375,0.26440000000000097,2286.756066935808
133.75,1.7625000000000002,0.22919999999999877,1982.3165300366204
133.75,1.7875,0.2022000000000007,1748.7975670742069
133.75,1.8125,0.16579999999999911,1433.9794095989166
133.75,1.8375000000000001,0.14350000000000052,1241.1100438929213
133.75,1.8625,0.12090000000000042,1045.6460230428863
133.75,1.8875000000000002,0.09969999999999947,862.2903928649698
133.75,1.9125,0.09090000000000033,786.180508640185
133.75,1.9375,0.0750999999999996,649.5286710547565
133.75,1.9625000000000001,0.07650000000000026,661.6370617268883
133.75,1.9875,0.07000000000000026,605.4195336063032
133.75,2.0125,0.06340000000000022,548.3371204377088
133.75,2.0375,0.06539999999999907,565.6348213978788
133.75,2.0625,0.07120000000000025,615.7981541824112
133.75,2.0875000000000004,0.08970000000000032,775.801888064077
133.75,2.1125,0.09600000000000034,830.2896460886442
133.75,2.1375,0.11740000000000042,1015.3750463625712
133.75,2.1625,0.14749999999999788,1275.7054458132586
133.75,2.1875,0.17970000000000064,1554.1984312721809
133.75,2.2125000000000004,0.21330000000000074,1844.7998074032064
133.75,2.2375,0.268700000000001,2323.946124000195
133.75,2.2625,0.31980000000000114,2765.902383532796
133.75,2.2875,0.3863999999999945,3341.915825506734
133.75,2.3125,0.45490000000000164,3934.3620833929613
133.75,2.3375000000000004,0.5184000000000019,4483.564088878679
133.75,2.3625,0.587300000000002,5079.469886956883
133.75,2.3875,0.6582999999999907,5693.538271043175
133.75,2.4125000000000005,0.7228000000000026,6251.3891270090835
133.75,2.4375,0.7811000000000028,6755.617109998334
133.75,2.4625000000000004,0.8209000000000028,7099.841359105917
133.75,2.4875,0.8439000000000031,7298.764920147989
133.75,2.5125,0.8638999999999877,7471.741929749656
133.75,2.5375000000000005,0.870700000000003,7530.554113014401
133.75,2.5625,0.874600000000003,7564.284629886753
133.75,2.5875000000000004,0.861600000000003,7451.849573645582
133.75,2.6125,0.8305000000000029,7182.870323714781
133.75,2.6375,0.8005999999999887,6924.269694359967
133.75,2.6625000000000005,0.7426000000000027,6422.636366514867
133.75,2.6875,0.6888000000000024,5957.328210686022
133.75,2.7125000000000004,0.6306000000000023,5453.965112744782
133.75,2.7375,0.577800000000002,4997.305807396027
133.75,2.7625,0.5236999999999925,4529.402996423075
133.75,2.7875000000000005,0.45420000000000166,3928.3078880568987
133.75,2.8125,0.41080000000000144,3552.9477772209902
133.75,2.8375000000000004,0.3572000000000013,3089.369391488164
133.75,2.8625,0.3154000000000011,2727.8474414204
133.75,2.8875,0.27949999999999603,2417.3537091851244
133.75,2.9125000000000005,0.24990000000000087,2161.347734974502
133.75,2.9375,0.21880000000000077,1892.3684850437016
133.75,2.9625000000000004,0.19630000000000072,1697.7693492416759
133.75,2.9875,0.17820000000000064,1541.2251555520459
133.75,3.0125,0.16519999999999765,1428.7900993108499
133.75,3.0375000000000005,0.15430000000000055,1334.5176290778938
133.75,3.0625,0.1466000000000005,1267.9214803812004
133.75,3.0875000000000004,0.15060000000000054,1302.5168823015608
133.75,3.1125,0.15540000000000057,1344.031364605993
133.75,3.1375,0.1609999999999977,1392.4649272944723
133.75,3.1625000000000005,0.17800000000000063,1539.4953854560279
133.75,3.1875,0.19110000000000066,1652.7953267452074
133.75,3.2125000000000004,0.21300000000000074,1842.2051522591794
133.75,3.2375,0.22160000000000077,1916.5852663879537
133.75,3.2625,0.2466999999999965,2133.671413438176
133.75,3.2875000000000005,0.27120000000000094,2345.5682502004197
133.75,3.3125,0.3007000000000011,2600.7093393630767
133.75,3.3375000000000004,0.32330000000000114,2796.173360213111
133.75,3.3625,0.34610000000000124,2993.3671511591647
133.75,3.3875,0.36489999999999484,3155.9655401848013
133.75,3.4125000000000005,0.3931000000000014,3399.8631237233963
133.75,3.4375,0.4014000000000014,3471.6485827081437
133.75,3.4625000000000004,0.41810000000000147,3616.0843857256473
133.75,3.4875,0.4253000000000015,3678.3561091822958
133.75,3.5125,0.42859999999999393,3706.8973157665273
133.75,3.5375000000000005,0.4358000000000016,3769.1690392232417
133.75,3.5625,0.4213000000000015,3643.7607072619357
133.75,3.5875000000000004,0.4233000000000015,3661.0584082221158
133.75,3.6125,0.41240000000000143,3566.785937989134
133.75,3.6375,0.3870999999999945,3347.9700208427967
133.75,3.6625000000000005,0.37280000000000135,3224.2914589775687
133.75,3.6875,0.3513000000000013,3038.3411736556327
133.75,3.7125000000000004,0.31850000000000117,2754.6588779086796
133.75,3.7375,0.30350000000000105,2624.926120707328
133.75,3.7625,0.27389999999999615,2368.9201464966213
133.75,3.7875000000000005,0.2559000000000009,2213.240837855042
133.75,3.8125,0.23260000000000083,2011.7226216689444
133.75,3.8375000000000004,0.21080000000000076,1823.1776812029816
133.75,3.8625,0.18530000000000066,1602.6319939606851
133.75,3.8875,0.16469999999999765,1424.4656740708049
133.75,3.9125000000000005,0.15030000000000054,1299.9222271575338
133.75,3.9375,0.12380000000000044,1070.7276894351476
133.75,3.9625000000000004,0.10990000000000039,950.5086677618958
133.75,3.9875,0.09710000000000034,839.8033816167433
133.75,4.0125,0.08779999999999875,759.3690721518924
133.75,4.0375,0.07410000000000158,640.8798205746837
133.75,4.0625,0.06999999999999901,605.4195336062924
133.75,4.0875,0.05829999999999917,504.2279829892406
133.75,4.112500000000001,0.05260000000000112,454.9295352527444
133.75,4.1375,0.050599999999999284,437.6318342925485
133.75,4.1625,0.035900000000000765,310.4937322352381
133.75,4.1875,0.034199999999999516,295.7906864190743
133.75,4.2125,0.02949999999999958,255.14108916265175
133.75,4.237500000000001,0.02400000000000051,207.57241152216474
133.75,4.2625,0.019599999999999722,169.51746940976187
133.75,4.2875,0.017500000000000373,151.35488340157846
133.75,4.3125,0.015599999999999777,134.92206748940228
133.75,4.3375,0.015899999999999775,137.51672263342928
133.75,4.362500000000001,0.013800000000000293,119.35413662524472
133.75,4.3875,0.009599999999999864,83.02896460886295
133.75,4.4125,0.0065000000000001385,56.21752812058629
133.75,4.4375,0.008199999999999883,70.9205739367371
133.75,4.4625,0.006199999999999912,53.622872976557325
133.75,4.487500000000001,0.005500000000000118,47.56867764049609
133.75,4.5125,0.004399999999999938,38.05494211239552
133.75,4.5375,0.0035000000000000747,30.270976680315695
133.75,4.5625,0.0028999999999999586,25.081666392260683
133.75,4.5875,0.00279999999999996,24.216781344251693
133.75,4.612500000000001,0.0026000000000000554,22.487011248234516
133.75,4.6375,0.00139999999999998,12.108390672125847
133.75,4.6625,0.0006000000000000128,5.189310288054119
133.75,4.6875,0.0010999999999999845,9.51373552809888
133.75,4.7125,0.000999999999999986,8.648850480089893
133.75,4.737500000000001,0.0008000000000000172,6.919080384072159
133.75,4.7625,0.00039999999999999433,3.4595401920359565
133.75,4.7875000000000005,0.000499999999999993,4.324425240044946
133.75,4.8125,0.0002000000000000043,1.7297700960180398
133.75,4.8375,9.999999999999858e-05,0.8648850480089891
133.75,4.862500000000001,0.0002000000000000043,1.7297700960180398
133.75,4.8875,9.999999999999858e-05,0.8648850480089891
133.75,4.9125000000000005,0.00019999999999999716,1.7297700960179783
133.75,4.9375,0.00010000000000000215,0.8648850480090199
133.75,4.9625,9.999999999999858e-05,0.8648850480089891
133.75,4.987500000000001,0.00010000000000000215,0.8648850480090199
133.75,5.0125,0.0,0.0
133.75,5.0375000000000005,0.0,0.0
133.75,5.0625,0.0,0.0
133.75,5.0875,0.0,0.0
133.75,5.112500000000001,0.0,0.0
133.75,5.1375,0.0,0.0
133.75,5.1625000000000005,9.999999999999858e-05,0.8648850480089891
133.75,5.1875,0.0,0.0
133.75,5.2125,0.0,0.0
133.75,5.237500000000001,0.0,0.0
133.75,5.2625,0.0,0.0
133.75,5.2875000000000005,0.0,0.0
133.75,5.3125,0.0,0.0
133.75,5.3375,0.0,0.0
133.75,5.362500000000001,0.0,0.0
133.75,5.3875,0.0,0.0
133.75,5.4125000000000005,0.0,0.0
133.75,5.4375,0.0,0.0
133.75,5.4625,0.0,0.0
133.75,5.487500000000001,0.0,0.0
133.75,5.5125,0.0,0.0
133.75,5.5375000000000005,0.0,0.0
133.75,5.5625,0.0,0.0
133.75,5.5875,0.0,0.0
133.75,5.612500000000001,0.0,0.0
133.75,5.6375,0.0,0.0
133.75,5.6625000000000005,0.0,0.0
133.75,5.6875,0.0,0.0
133.75,5.7125,0.0,0.0
133.75,5.737500000000001,0.0,0.0
133.75,5.7625,0.0,0.0
133.75,5.7875000000000005,0.0,0.0
133.75,5.8125,0.0,0.0
133.75,5.8375,0.0,0.0
133.75,5.862500000000001,0.0,0.0
133.75,5.8875,0.0,0.0
133.75,5.9125000000000005,0.0,0.0
133.75,5.9375,0.0,0.0
133.75,5.9625,0.0,0.0
133.75,5.987500000000001,0.0,0.0
133.75,6.0125,0.0,0.0
133.75,6.0375000000000005,0.0,0.0
133.75,6.0625,0.0,0.0
133.75,6.0875,0.0,0.0
133.75,6.112500000000001,0.0,0.0
133.75,6.1375,0.0,0.0
133.75,6.1625000000000005,0.0,0.0
133.75,6.1875,0.0,0.0
133.75,6.2125,0.0,0.0
133.75,6.237500000000001,0.0,0.0
133.75,6.2625,0.0,0.0
133.75,6.2875000000000005,0.0,0.0
133.75,6.3125,0.0,0.0
133.75,6.3375,0.0,0.0
133.75,6.362500000000001,0.0,0.0
133.75,6.3875,0.0,0.0
133.75,6.4125000000000005,0.0,0.0
133.75,6.4375,0.0,0.0
133.75,6.4625,0.0,0.0
133.75,6.487500000000001,0.0,0.0
133.75,6.5125,0.0,0.0
133.75,6.5375000000000005,0.0,0.0
133.75,6.5625,0.0,0.0
133.75,6.5875,0.0,0.0
133.75,6.612500000000001,0.0,0.0
133.75,6.6375,0.0,0.0
133.75,6.6625000000000005,0.0,0.0
133.75,6.6875,0.0,0.0
133.75,6.7125,0.0,0.0
133.75,6.737500000000001,0.0,0.0
133.75,6.7625,0.0,0.0
133.75,6.7875000000000005,0.0,0.0
133.75,6.8125,0.0,0.0
133.75,6.8375,0.0,0.0
133.75,6.862500000000001,0.0,0.0
133.75,6.8875,0.0,0.0
133.75,6.9125000000000005,0.0,0.0
133.75,6.9375,0.0,0.0
133.75,6.9625,0.0,0.0
133.75,6.987500000000001,0.0,0.0
136.25,0.0125,0.0,0.0
136.25,0.037500000000000006,0.0,0.0
136.25,0.0625,0.0,0.0
136.25,0.08750000000000001,0.0,0.0
136.25,0.1125,0.0,0.0
136.25,0.1375,0.0,0.0
136.25,0.16250000000000003,0.0,0.0
136.25,0.1875,0.00010000000000000003,0.6932028561571247
136.25,0.21250000000000002,0.0011000000000000003,7.625231417728371
136.25,0.2375,0.0065000000000000014,45.0581856502131
136.25,0.2625,0.018499999999999985,128.24252838906793
136.25,0.28750000000000003,0.03809999999999997,264.1102881958642
136.25,0.3125,0.07090000000000009,491.4808250154019
136.25,0.3375,0.1113999999999999,772.227981759036
136.25,0.36250000000000004,0.1581000000000002,1095.9537155844152
136.25,0.3875,0.19749999999999981,1369.0756409103196
136.25,0.41250000000000003,0.2284999999999998,1583.968526319028
136.25,0.4375,0.2274000000000003,1576.3432949013031
136.25,0.4625,0.2239999999999998,1552.7743977919574
136.25,0.48750000000000004,0.18980000000000025,1315.699020986224
136.25,0.5125,0.15739999999999987,1091.101295591313
136.25,0.5375000000000001,0.13209999999999988,915.7209729835606
136.25,0.5625,0.08959999999999992,621.1097591167829
136.25,0.5875000000000001,0.07059999999999994,489.4012164469295
136.25,0.6125,0.0557000000000002,386.1139908795197
136.25,0.6375,0.04079999999999997,282.82676531210655
136.25,0.6625000000000001,0.035599999999999965,246.78021679193606
136.25,0.6875,0.026499999999999975,183.69875688163782
136.25,0.7125000000000001,0.02159999999999998,149.73181692993876
136.25,0.7375,0.017300000000000062,119.92409411518297
136.25,0.7625,0.017699999999999987,122.69690553981094
136.25,0.7875000000000001,0.017299999999999986,119.92409411518243
136.25,0.8125,0.016999999999999984,117.84448554671104
136.25,0.8375000000000001,0.015999999999999986,110.91245698513983
136.25,0.8625,0.013700000000000047,94.96879129352638
136.25,0.8875,0.012899999999999988,89.42316844426897
136.25,0.9125000000000001,0.01059999999999999,73.47950275265512
136.25,0.9375,0.009499999999999991,65.85427133492676
136.25,0.9625000000000001,0.009799999999999991,67.93387990339814
136.25,0.9875,0.009100000000000032,63.08145991029855
136.25,1.0125000000000002,0.006199999999999967,42.978577081741484
136.25,1.0375,0.0071000000000000256,49.21740278715601
136.25,1.0625,0.00550000000000002,38.12615708864198
136.25,1.0875,0.00739999999999996,51.297011355626935
136.25,1.1125,0.00840000000000003,58.22903991719867
136.25,1.1375000000000002,0.009199999999999951,63.774662766455116
136.25,1.1625,0.01410000000000005,97.7416027181549
136.25,1.1875,0.023099999999999878,160.1298597722949
136.25,1.2125000000000001,0.031900000000000116,221.1317111141235
136.25,1.2375,0.04400000000000016,305.00925670913585
136.25,1.2625000000000002,0.06539999999999965,453.354667926757
136.25,1.2875,0.09110000000000032,631.5078019591426
136.25,1.3125,0.12639999999999932,876.2084101826006
136.25,1.3375000000000001,0.15900000000000059,1102.192541289832
136.25,1.3625,0.21250000000000077,1473.0560693338948
136.25,1.3875000000000002,0.24919999999999867,1727.461517543545
136.25,1.4125,0.30250000000000105,2096.9386398753086
136.25,1.4375,0.34949999999999815,2422.743982269137
136.25,1.4625000000000001,0.3930000000000014,2724.287224697509
136.25,1.4875,0.41960000000000147,2908.6791844353043
136.25,1.5125000000000002,0.4549999999999976,3154.0729955148995
136.25,1.5375,0.4728000000000017,3277.4631039108963
136.25,1.5625,0.4826999999999974,3346.0901866704216
136.25,1.5875000000000001,0.4660000000000017,3230.3253096922117
136.25,1.6125,0.42230000000000145,2927.3956615515467
136.25,1.6375000000000002,0.43039999999999773,2983.5450929002477
136.25,1.6625,0.3844000000000014,2664.6717790679963
136.25,1.6875,0.3383999999999982,2345.7984652356968
136.25,1.7125000000000001,0.30180000000000107,2092.086219882209
136.25,1.7375,0.27460000000000095,1903.5350430074704
136.25,1.7625000000000002,0.23309999999999875,1615.8558577022484
136.25,1.7875,0.20960000000000073,1452.953186505338
136.25,1.8125,0.16409999999999914,1137.5458869538352
136.25,1.8375000000000001,0.1409000000000005,976.7228243253918
136.25,1.8625,0.1140000000000004,790.2512560191248
136.25,1.8875000000000002,0.10129999999999946,702.2144932871634
136.25,1.9125,0.09420000000000033,652.9970905000135
136.25,1.9375,0.08329999999999957,577.4379791788817
136.25,1.9625000000000001,0.07260000000000026,503.26527357007416
136.25,1.9875,0.06770000000000025,469.29833361837495
136.25,2.0125,0.06670000000000023,462.36630505680364
136.25,2.0375,0.06859999999999902,475.5371593237806
136.25,2.0625,0.07760000000000028,537.9254163779306
136.25,2.0875000000000004,0.08280000000000029,573.9719648981011
136.25,2.1125,0.10280000000000036,712.6125361295265
136.25,2.1375,0.12270000000000043,850.5599045047948
136.25,2.1625,0.14949999999999788,1036.3382699548863
136.25,2.1875,0.18940000000000065,1312.9262095615982
136.25,2.2125000000000004,0.2319000000000008,1607.5374234283772
136.25,2.2375,0.274300000000001,1901.4554344389992
136.25,2.2625,0.33420000000000116,2316.683945277118
136.25,2.2875,0.3933999999999944,2727.060036122089
136.25,2.3125,0.44490000000000157,3084.0595070430577
136.25,2.3375000000000004,0.5130000000000018,3556.1306520860608
136.25,2.3625,0.591400000000002,4099.601691313248
136.25,2.3875,0.6560999999999907,4548.103939246829
136.25,2.4125000000000005,0.7044000000000026,4882.920918770803
136.25,2.4375,0.7602000000000028,5269.728112506479
136.25,2.4625000000000004,0.8020000000000028,5559.486906380158
136.25,2.4875,0.836000000000003,5795.175877473581
136.25,2.5125,0.852199999999988,5907.474740170931
136.25,2.5375000000000005,0.8738000000000031,6057.206557100975
136.25,2.5625,0.854600000000003,5924.111608718807
136.25,2.5875000000000004,0.8511000000000031,5899.849508753307
136.25,2.6125,0.811700000000003,5626.7275834274
136.25,2.6375,0.7821999999999889,5422.232740860951
136.25,2.6625000000000005,0.7390000000000025,5122.769107001167
136.25,2.6875,0.6934000000000025,4806.6686045935185
136.25,2.7125000000000004,0.6487000000000023,4496.806927891282
136.25,2.7375,0.572800000000002,3970.6659600680227
136.25,2.7625,0.5258999999999925,3645.5538205302655
136.25,2.7875000000000005,0.4741000000000017,3286.4747410409386
136.25,2.8125,0.4197000000000015,2909.372387291462
136.25,2.8375000000000004,0.36790000000000134,2550.29330780207
136.25,2.8625,0.32990000000000114,2286.8762224623615
136.25,2.8875,0.29329999999999584,2033.163977108817
136.25,2.9125000000000005,0.2609000000000009,1808.566251713944
136.25,2.9375,0.2270000000000008,1573.5704834766782
136.25,2.9625000000000004,0.19630000000000072,1360.7572066364403
136.25,2.9875,0.19000000000000067,1317.0854266985411
136.25,3.0125,0.17219999999999755,1193.6953183025514
136.25,3.0375000000000005,0.15320000000000056,1061.9867756327185
136.25,3.0625,0.16120000000000057,1117.4430041252886
136.25,3.0875000000000004,0.16210000000000055,1123.6818298307026
136.25,3.1125,0.15440000000000056,1070.305209906604
136.25,3.1375,0.16529999999999764,1145.8643212277104
136.25,3.1625000000000005,0.17820000000000064,1235.2874896720002
136.25,3.1875,0.19030000000000066,1319.1650352670124
136.25,3.2125000000000004,0.21320000000000075,1477.9084893269946
136.25,3.2375,0.22720000000000082,1574.9568891889924
136.25,3.2625,0.2515999999999964,1744.0983860913
136.25,3.2875000000000005,0.27170000000000094,1883.4321601789136
136.25,3.3125,0.30140000000000106,2089.3134084575804
136.25,3.3375000000000004,0.3300000000000012,2287.569425318519
136.25,3.3625,0.3363000000000012,2331.2412052564177
136.25,3.3875,0.3698999999999948,2564.1573649251673
136.25,3.4125000000000005,0.37330000000000135,2587.726262034555
136.25,3.4375,0.39910000000000145,2766.5725989230937
136.25,3.4625000000000004,0.41780000000000145,2896.2015330244762
136.25,3.4875,0.4164000000000015,2886.4966930382766
136.25,3.5125,0.43069999999999387,2985.6247014686924
136.25,3.5375000000000005,0.4206000000000015,2915.6112129968756
136.25,3.5625,0.42340000000000155,2935.020892969276
136.25,3.5875000000000004,0.4152000000000015,2878.178258764391
136.25,3.6125,0.39710000000000145,2752.7085417999515
136.25,3.6375,0.3865999999999945,2679.922241903405
136.25,3.6625000000000005,0.3659000000000013,2536.4292506789275
136.25,3.6875,0.35420000000000124,2455.324516508543
136.25,3.7125000000000004,0.32690000000000113,2266.0801367776476
136.25,3.7375,0.29270000000000107,2029.0047599719107
136.25,3.7625,0.27069999999999617,1876.5001316173093
136.25,3.7875000000000005,0.2573000000000009,1783.6109488922875
136.25,3.8125,0.23150000000000082,1604.7646120037489
136.25,3.8375000000000004,0.20800000000000074,1441.861940806824
136.25,3.8625,0.18820000000000067,1304.607775287713
136.25,3.8875,0.17439999999999753,1208.945781138008
136.25,3.9125000000000005,0.15720000000000056,1089.7148898790035
136.25,3.9375,0.12810000000000046,887.9928587372797
136.25,3.9625000000000004,0.11040000000000039,765.2959531974681
136.25,3.9875,0.10190000000000035,706.3737104241122
136.25,4.0125,0.08949999999999872,620.4165562606175
136.25,4.0375,0.08130000000000173,563.5739220557542
136.25,4.0625,0.070499999999999,488.70801359076574
136.25,4.0875,0.05489999999999922,380.5683680302559
136.25,4.112500000000001,0.04950000000000106,343.13541379778394
136.25,4.1375,0.0493999999999993,342.44221094161463
136.25,4.1625,0.04070000000000087,282.13356245595565
136.25,4.1875,0.03139999999999955,217.66569683333398
136.25,4.2125,0.02439999999999965,169.14149690233594
136.25,4.237500000000001,0.02780000000000059,192.7103940116847
136.25,4.2625,0.022899999999999674,158.74345405997923
136.25,4.2875,0.016900000000000363,117.15128269055654
136.25,4.3125,0.015199999999999785,105.36683413588143
136.25,4.3375,0.013299999999999812,92.19597986889625
136.25,4.362500000000001,0.014400000000000308,99.82121128662806
136.25,4.3875,0.008699999999999876,60.30864848566897
136.25,4.4125,0.007700000000000163,53.376619924099714
136.25,4.4375,0.006099999999999913,42.285374225583986
136.25,4.4625,0.006799999999999904,47.1377942186838
136.25,4.487500000000001,0.005600000000000119,38.81935994479979
136.25,4.5125,0.003599999999999949,24.95530282165613
136.25,4.5375,0.0035000000000000747,24.262099965499875
136.25,4.5625,0.0036999999999999473,25.64850567781324
136.25,4.5875,0.0024999999999999645,17.330071403927864
136.25,4.612500000000001,0.0019000000000000405,13.170854266985646
136.25,4.6375,0.0014999999999999786,10.398042842356718
136.25,4.6625,0.0014000000000000297,9.704839986199948
136.25,4.6875,0.001699999999999976,11.78444855467095
136.25,4.7125,0.0005999999999999915,4.159217136942687
136.25,4.737500000000001,0.0008000000000000172,5.545622849257115
136.25,4.7625,0.00069999999999999,4.852419993099802
136.25,4.7875000000000005,0.0005999999999999915,4.159217136942687
136.25,4.8125,0.0002000000000000043,1.3864057123142788
136.25,4.8375,0.00029999999999999575,2.0796085684713437
136.25,4.862500000000001,0.0002000000000000043,1.3864057123142788
136.25,4.8875,9.999999999999858e-05,0.6932028561571146
136.25,4.9125000000000005,9.999999999999858e-05,0.6932028561571146
136.25,4.9375,0.0002000000000000043,1.3864057123142788
136.25,4.9625,9.999999999999858e-05,0.6932028561571146
136.25,4.987500000000001,0.0,0.0
136.25,5.0125,0.0,0.0
136.25,5.0375000000000005,0.0,0.0
136.25,5.0625,0.0,0.0
136.25,5.0875,0.0,0.0
136.25,5.112500000000001,0.00010000000000000215,0.6932028561571394
136.25,5.1375,0.0,0.0
136.25,5.1625000000000005,0.0,0.0
136.25,5.1875,0.0,0.0
136.25,5.2125,0.0,0.0
136.25,5.237500000000001,0.0,0.0
136.25,5.2625,0.0,0.0
136.25,5.2875000000000005,0.0,0.0
136.25,5.3125,0.0,0.0
136.25,5.3375,0.0,0.0
136.25,5.362500000000001,0.0,0.0
136.25,5.3875,0.0,0.0
136.25,5.4125000000000005,0.0,0.0
136.25,5.4375,0.0,0.0
136.25,5.4625,0.0,0.0
136.25,5.487500000000001,0.0,0.0
136.25,5.5125,0.0,0.0
136.25,5.5375000000000005,0.0,0.0
136.25,5.5625,0.0,0.0
136.25,5.5875,0.0,0.0
136.25,5.612500000000001,0.0,0.0
136.25,5.6375,0.0,0.0
136.25,5.6625000000000005,0.0,0.0
136.25,5.6875,0.0,0.0
136.25,5.7125,0.0,0.0
136.25,5.737500000000001,0.0,0.0
136.25,5.7625,0.0,0.0
136.25,5.7875000000000005,0.0,0.0
136.25,5.8125,0.0,0.0
136.25,5.8375,0.0,0.0
136.25,5.862500000000001,0.0,0.0
136.25,5.8875,0.0,0.0
136.25,5.9125000000000005,0.0,0.0
136.25,5.9375,0.0,0.0
136.25,5.9625,0.0,0.0
136.25,5.987500000000001,0.0,0.0
136.25,6.0125,0.0,0.0
136.25,6.0375000000000005,0.0,0.0
136.25,6.0625,0.0,0.0
136.25,6.0875,0.0,0.0
136.25,6.112500000000001,0.0,0.0
136.25,6.1375,0.0,0.0
136.25,6.1625000000000005,0.0,0.0
136.25,6.1875,0.0,0.0
136.25,6.2125,0.0,0.0
136.25,6.237500000000001,0.0,0.0
136.25,6.2625,0.0,0.0
136.25,6.2875000000000005,0.0,0.0
136.25,6.3125,0.0,0.0
136.25,6.3375,0.0,0.0
136.25,6.362500000000001,0.0,0.0
136.25,6.3875,0.0,0.0
136.25,6.4125000000000005,0.0,0.0
136.25,6.4375,0.0,0.0
136.25,6.4625,0.0,0.0
136.25,6.487500000000001,0.0,0.0
136.25,6.5125,0.0,0.0
136.25,6.5375000000000005,0.0,0.0
136.25,6.5625,0.0,0.0
136.25,6.5875,0.0,0.0
136.25,6.612500000000001,0.0,0.0
136.25,6.6375,0.0,0.0
136.25,6.6625000000000005,0.0,0.0
136.25,6.6875,0.0,0.0
136.25,6.7125,0.0,0.0
136.25,6.737500000000001,0.0,0.0
136.25,6.7625,0.0,0.0
136.25,6.7875000000000005,0.0,0.0
136.25,6.8125,0.0,0.0
136.25,6.8375,0.0,0.0
136.25,6.862500000000001,0.0,0.0
136.25,6.8875,0.0,0.0
136.25,6.9125000000000005,0.0,0.0
136.25,6.9375,0.0,0.0
136.25,6.9625,0.0,0.0
136.25,6.987500000000001,0.0,0.0
138.75,0.0125,0.0,0.0
138.75,0.037500000000000006,0.0,0.0
138.75,0.0625,0.0,0.0
138.75,0.08750000000000001,0.0,0.0
138.75,0.1125,0.0,0.0
138.75,0.1375,0.0,0.0
138.75,0.16250000000000003,0.00010000000000000003,0.5533910395100343
138.75,0.1875,0.0008000000000000003,4.427128316080275
138.75,0.21250000000000002,0.0011000000000000003,6.087301434610377
138.75,0.2375,0.006400000000000002,35.4170265286422
138.75,0.2625,0.015299999999999985,84.66882904503515
138.75,0.28750000000000003,0.03819999999999996,211.39537709283286
138.75,0.3125,0.0659000000000001,364.68469503711304
138.75,0.3375,0.1165999999999999,645.2539520686993
138.75,0.36250000000000004,0.1561000000000002,863.8434126751645
138.75,0.3875,0.20199999999999982,1117.849899810268
138.75,0.41250000000000003,0.2266999999999998,1254.5374865692463
138.75,0.4375,0.2401000000000003,1328.6918858635938
138.75,0.4625,0.2244999999999998,1242.3628837000256
138.75,0.48750000000000004,0.20250000000000026,1120.6168550078207
138.75,0.5125,0.15759999999999985,872.144278267813
138.75,0.5375000000000001,0.1288999999999999,713.3210499284335
138.75,0.5625,0.0993999999999999,550.0706932729735
138.75,0.5875000000000001,0.07159999999999993,396.22798428918406
138.75,0.6125,0.05480000000000019,303.25828965149975
138.75,0.6375,0.043799999999999964,242.38527530539477
138.75,0.6625000000000001,0.03239999999999997,179.2986968012509
138.75,0.6875,0.028499999999999977,157.71644626035962
138.75,0.7125000000000001,0.022599999999999978,125.0663749292676
138.75,0.7375,0.02000000000000007,110.67820790200722
138.75,0.7625,0.018899999999999983,104.59090646739637
138.75,0.7875000000000001,0.014199999999999987,78.58152761042479
138.75,0.8125,0.013999999999999988,77.47474553140472
138.75,0.8375000000000001,0.014799999999999987,81.90187384748498
138.75,0.8625,0.01460000000000005,80.79509176846527
138.75,0.8875,0.013599999999999989,75.26118137336458
138.75,0.9125000000000001,0.01209999999999999,66.96031578071407
138.75,0.9375,0.009499999999999991,52.5721487534532
138.75,0.9625000000000001,0.009799999999999991,54.2323218719833
138.75,0.9875,0.007400000000000026,40.950936923742674
138.75,1.0125000000000002,0.00759999999999996,42.057719002762376
138.75,1.0375,0.006700000000000024,37.07719964717242
138.75,1.0625,0.007400000000000026,40.950936923742674
138.75,1.0875,0.007699999999999959,42.6111100422724
138.75,1.1125,0.008200000000000028,45.37806523982296
138.75,1.1375000000000002,0.010699999999999942,59.212841227573335
138.75,1.1625,0.017500000000000064,96.84343191425633
138.75,1.1875,0.020799999999999888,115.10533621808649
138.75,1.2125000000000001,0.03250000000000011,179.85208784076173
138.75,1.2375,0.05250000000000019,290.530295742769
138.75,1.2625000000000002,0.06999999999999963,387.3737276570219
138.75,1.2875,0.09600000000000034,531.2553979296347
138.75,1.3125,0.12149999999999934,672.3701130046879
138.75,1.3375000000000001,0.1716000000000006,949.6190237992221
138.75,1.3625,0.20360000000000072,1126.7041564424335
138.75,1.3875000000000002,0.24769999999999867,1370.7496048663472
138.75,1.4125,0.30100000000000104,1665.7070289252085
138.75,1.4375,0.35859999999999814,1984.4602676829722
138.75,1.4625000000000001,0.38190000000000135,2113.400379888828
138.75,1.4875,0.42840000000000156,2370.727213260995
138.75,1.5125000000000002,0.44669999999999765,2471.9977734913095
138.75,1.5375,0.4512000000000016,2496.900370269283
138.75,1.5625,0.4604999999999976,2548.365736943694
138.75,1.5875000000000001,0.45890000000000164,2539.5114803115557
138.75,1.6125,0.43090000000000156,2384.5619892487457
138.75,1.6375000000000002,0.4272999999999977,2364.639911826363
138.75,1.6625,0.3920000000000014,2169.2928748793415
138.75,1.6875,0.34709999999999813,1920.8202981393183
138.75,1.7125000000000001,0.3080000000000011,1704.4444016909113
138.75,1.7375,0.27030000000000093,1495.8159797956275
138.75,1.7625000000000002,0.23989999999999873,1327.5851037845648
138.75,1.7875,0.20360000000000072,1126.7041564424335
138.75,1.8125,0.16889999999999908,934.6774657324427
138.75,1.8375000000000001,0.15670000000000056,867.1637589122266
138.75,1.8625,0.12590000000000046,696.7193187431355
138.75,1.8875000000000002,0.10919999999999941,604.3030151449541
138.75,1.9125,0.09220000000000034,510.2265384282534
138.75,1.9375,0.08529999999999954,472.04255670205663
138.75,1.9625000000000001,0.07900000000000029,437.1789212129286
138.75,1.9875,0.07080000000000025,391.80085597310557
138.75,2.0125,0.06080000000000022,336.461752022102
138.75,2.0375,0.06659999999999905,368.5584323136775
138.75,2.0625,0.07600000000000028,420.5771900276275
138.75,2.0875000000000004,0.09210000000000032,509.67314738874325
138.75,2.1125,0.10220000000000036,565.5656423792569
138.75,2.1375,0.12180000000000044,674.0302861232241
138.75,2.1625,0.14849999999999788,821.785693672389
138.75,2.1875,0.19030000000000066,1053.1031481875987
138.75,2.2125000000000004,0.2236000000000008,1237.382364344441
138.75,2.2375,0.281500000000001,1557.7957762207518
138.75,2.2625,0.3245000000000012,1795.7539232100673
138.75,2.2875,0.39799999999999436,2202.4963372499046
138.75,2.3125,0.45390000000000164,2511.841928336054
138.75,2.3375000000000004,0.5180000000000018,2866.565584661987
138.75,2.3625,0.5901000000000021,3265.5605241487233
138.75,2.3875,0.6520999999999908,3608.662968644882
138.75,2.4125000000000005,0.7104000000000026,3931.289944679297
138.75,2.4375,0.7531000000000027,4167.587918550082
138.75,2.4625000000000004,0.7982000000000029,4417.167277369109
138.75,2.4875,0.840100000000003,4649.038122923814
138.75,2.5125,0.8324999999999882,4606.980403920969
138.75,2.5375000000000005,0.8406000000000029,4651.805078121363
138.75,2.5625,0.863400000000003,4777.978235129652
138.75,2.5875000000000004,0.854900000000003,4730.939996771299
138.75,2.6125,0.8124000000000029,4495.748804979534
138.75,2.6375,0.774899999999989,4288.2271651631945
138.75,2.6625000000000005,0.7511000000000027,4156.5200977598815
138.75,2.6875,0.6854000000000025,3792.942184801788
138.75,2.7125000000000004,0.6348000000000023,3512.9263188097093
138.75,2.7375,0.586600000000002,3246.1918377658717
138.75,2.7625,0.5417999999999923,2998.2726520653223
138.75,2.7875000000000005,0.47510000000000163,2629.1608287121812
138.75,2.8125,0.4246000000000015,2349.6983537596134
138.75,2.8375000000000004,0.37750000000000133,2089.0511741503865
138.75,2.8625,0.33280000000000115,1841.6853794894
138.75,2.8875,0.28589999999999594,1582.1449819591653
138.75,2.9125000000000005,0.2584000000000009,1429.9624460939333
138.75,2.9375,0.22880000000000084,1266.1586983989628
138.75,2.9625000000000004,0.20570000000000074,1138.3253682721445
138.75,2.9875,0.18730000000000066,1036.5014170022976
138.75,3.0125,0.17369999999999752,961.2402356289157
138.75,3.0375000000000005,0.1649000000000006,912.5418241520497
138.75,3.0625,0.15960000000000055,883.2120990580175
138.75,3.0875000000000004,0.15010000000000054,830.6399503045643
138.75,3.1125,0.15480000000000055,856.6493291615359
138.75,3.1375,0.16219999999999768,897.6002660852625
138.75,3.1625000000000005,0.17520000000000063,969.5411012215834
138.75,3.1875,0.1940000000000007,1073.5786166494702
138.75,3.2125000000000004,0.1979000000000007,1095.1608671903614
138.75,3.2375,0.23630000000000084,1307.6630263622153
138.75,3.2625,0.24819999999999645,1373.5165600638852
138.75,3.2875000000000005,0.27450000000000097,1519.058403455049
138.75,3.3125,0.3006000000000011,1663.4934647671687
138.75,3.3375000000000004,0.3072000000000011,1700.017273374831
138.75,3.3625,0.33410000000000123,1848.8794630030309
138.75,3.3875,0.3603999999999949,1994.421306394135
138.75,3.4125000000000005,0.37490000000000134,2074.6630071231257
138.75,3.4375,0.4011000000000014,2219.651459474755
138.75,3.4625000000000004,0.41460000000000147,2294.35924980861
138.75,3.4875,0.40500000000000147,2241.2337100156465
138.75,3.5125,0.421499999999994,2332.5432315347607
138.75,3.5375000000000005,0.4210000000000015,2329.776276337252
138.75,3.5625,0.4218000000000015,2334.2034046533327
138.75,3.5875000000000004,0.40930000000000144,2265.0295247145777
138.75,3.6125,0.39570000000000144,2189.768343341213
138.75,3.6375,0.3789999999999946,2097.3520397429998
138.75,3.6625000000000005,0.3670000000000013,2030.9451150018328
138.75,3.6875,0.3429000000000012,1897.5778744799138
138.75,3.7125000000000004,0.32520000000000115,1799.6276604866375
138.75,3.7375,0.29910000000000103,1655.192599174518
138.75,3.7625,0.280899999999996,1554.4754299836638
138.75,3.7875000000000005,0.26320000000000093,1456.525215990415
138.75,3.8125,0.2280000000000008,1261.7315700828824
138.75,3.8375000000000004,0.20800000000000074,1151.0533621808752
138.75,3.8625,0.18290000000000065,1012.1522112638561
138.75,3.8875,0.17169999999999758,950.1724148387152
138.75,3.9125000000000005,0.1424000000000005,788.0288402622914
138.75,3.9375,0.12240000000000043,677.3506323602842
138.75,3.9625000000000004,0.11530000000000042,638.0598685550717
138.75,3.9875,0.10060000000000036,556.7113857470963
138.75,4.0125,0.09429999999999865,521.8477502579548
138.75,4.0375,0.08360000000000177,462.6349090303984
138.75,4.0625,0.06859999999999902,379.626253103878
138.75,4.0875,0.05889999999999917,325.94732227140554
138.75,4.112500000000001,0.05380000000000115,297.72437925640475
138.75,4.1375,0.04689999999999933,259.5403975302023
138.75,4.1625,0.038100000000000814,210.84198605332753
138.75,4.1875,0.037299999999999466,206.4148577372398
138.75,4.2125,0.032899999999999534,182.06565199879867
138.75,4.237500000000001,0.026000000000000554,143.88167027261196
138.75,4.2625,0.023299999999999668,128.94011220583613
138.75,4.2875,0.022700000000000484,125.61976596878043
138.75,4.3125,0.016699999999999764,92.4163035981744
138.75,4.3375,0.013299999999999812,73.6010082548335
138.75,4.362500000000001,0.013200000000000281,73.04761721532607
138.75,4.3875,0.010699999999999849,59.21284122757282
138.75,4.4125,0.00840000000000018,46.48484731884387
138.75,4.4375,0.00909999999999987,50.358584595412395
138.75,4.4625,0.006199999999999912,34.310244449621635
138.75,4.487500000000001,0.005600000000000119,30.989898212562572
138.75,4.5125,0.004199999999999941,23.242423659421107
138.75,4.5375,0.0031000000000000662,17.155122224811425
138.75,4.5625,0.003299999999999953,18.261904303830867
138.75,4.5875,0.00279999999999996,15.494949106280735
138.75,4.612500000000001,0.0028000000000000594,15.494949106281286
138.75,4.6375,0.0022999999999999674,12.727993908730605
138.75,4.6625,0.0016000000000000343,8.854256632160737
138.75,4.6875,0.000999999999999986,5.533910395100264
138.75,4.7125,0.0007999999999999887,4.427128316080211
138.75,4.737500000000001,0.0008000000000000172,4.427128316080369
138.75,4.7625,0.000499999999999993,2.766955197550132
138.75,4.7875000000000005,0.00069999999999999,3.873737276570184
138.75,4.8125,0.0006000000000000128,3.320346237060276
138.75,4.8375,0.00029999999999999575,1.660173118530079
138.75,4.862500000000001,0.00010000000000000215,0.5533910395100461
138.75,4.8875,9.999999999999858e-05,0.5533910395100263
138.75,4.9125000000000005,0.0,0.0
138.75,4.9375,0.0004000000000000086,2.2135641580401844
138.75,4.9625,9.999999999999858e-05,0.5533910395100263
138.75,4.987500000000001,0.0002000000000000043,1.1067820790200922
138.75,5.0125,0.0,0.0
138.75,5.0375000000000005,9.999999999999858e-05,0.5533910395100263
138.75,5.0625,0.0,0.0
138.75,5.0875,0.0,0.0
138.75,5.112500000000001,0.0,0.0
138.75,5.1375,0.0,0.0
138.75,5.1625000000000005,0.0,0.0
138.75,5.1875,0.0,0.0
138.75,5.2125,0.0,0.0
138.75,5.237500000000001,0.0,0.0
138.75,5.2625,0.0,0.0
138.75,5.2875000000000005,0.0,0.0
138.75,5.3125,0.0,0.0
138.75,5.3375,0.0,0.0
138.75,5.362500000000001,0.0,0.0
138.75,5.3875,0.0,0.0
138.75,5.4125000000000005,0.0,0.0
138.75,5.4375,0.0,0.0
138.75,5.4625,0.0,0.0
138.75,5.487500000000001,0.0,0.0
138.75,5.5125,0.0,0.0
138.75,5.5375000000000005,0.0,0.0
138.75,5.5625,0.0,0.0
138.75,5.5875,0.0,0.0
138.75,5.612500000000001,0.0,0.0
138.75,5.6375,0.0,0.0
138.75,5.6625000000000005,0.0,0.0
138.75,5.6875,0.0,0.0
138.75,5.7125,0.0,0.0
138.75,5.737500000000001,0.0,0.0
138.75,5.7625,0.0,0.0
138.75,5.7875000000000005,0.0,0.0
138.75,5.8125,0.0,0.0
138.75,5.8375,0.0,0.0
138.75,5.862500000000001,0.0,0.0
138.75,5.8875,0.0,0.0
138.75,5.9125000000000005,0.0,0.0
138.75,5.9375,0.0,0.0
138.75,5.9625,0.0,0.0
138.75,5.987500000000001,0.0,0.0
138.75,6.0125,0.0,0.0
138.75,6.0375000000000005,0.0,0.0
138.75,6.0625,0.0,0.0
138.75,6.0875,0.0,0.0
138.75,6.112500000000001,0.0,0.0
138.75,6.1375,0.0,0.0
138.75,6.1625000000000005,0.0,0.0
138.75,6.1875,0.0,0.0
138.75,6.2125,0.0,0.0
138.75,6.237500000000001,0.0,0.0
138.75,6.2625,0.0,0.0
138.75,6.2875000000000005,0.0,0.0
138.75,6.3125,0.0,0.0
138.75,6.3375,0.0,0.0
138.75,6.362500000000001,0.0,0.0
138.75,6.3875,0.0,0.0
138.75,6.4125000000000005,0.0,0.0
138.75,6.4375,0.0,0.0
138.75,6.4625,0.0,0.0
138.75,6.487500000000001,0.0,0.0
138.75,6.5125,0.0,0.0
138.75,6.5375000000000005,0.0,0.0
138.75,6.5625,0.0,0.0
138.75,6.5875,0.0,0.0
138.75,6.612500000000001,0.0,0.0
138.75,6.6375,0.0,0.0
138.75,6.6625000000000005,0.0,0.0
138.75,6.6875,0.0,0.0
138.75,6.7125,0.0,0.0
138.75,6.737500000000001,0.0,0.0
138.75,6.7625,0.0,0.0
138.75,6.7875000000000005,0.0,0.0
138.75,6.8125,0.0,0.0
138.75,6.8375,0.0,0.0
138.75,6.862500000000001,0.0,0.0
138.75,6.8875,0.0,0.0
138.75,6.9125000000000005,0.0,0.0
138.75,6.9375,0.0,0.0
138.75,6.9625,0.0,0.0
138.75,6.987500000000001,0.0,0.0
141.25,0.0125,0.0,0.0
141.25,0.037500000000000006,0.0,0.0
141.25,0.0625,0.0,0.0
141.25,0.08750000000000001,0.0,0.0
141.25,0.1125,0.0,0.0
141.25,0.1375,0.0,0.0
141.25,0.16250000000000003,0.0,0.0
141.25,0.1875,0.0003000000000000001,1.3186655091991664
141.25,0.21250000000000002,0.0017000000000000006,7.472437885461942
141.25,0.2375,0.0065000000000000014,28.5710860326486
141.25,0.2625,0.018799999999999983,82.63637190981433
141.25,0.28750000000000003,0.040399999999999964,177.5802885721542
141.25,0.3125,0.0702000000000001,308.56772915260524
141.25,0.3375,0.10729999999999991,471.6426971235679
141.25,0.36250000000000004,0.15800000000000022,694.4971681782283
141.25,0.3875,0.19999999999999982,879.1103394661098
141.25,0.41250000000000003,0.2219999999999998,975.8124768073819
141.25,0.4375,0.24410000000000034,1072.9541693183894
141.25,0.4625,0.2180999999999998,958.6698251877928
141.25,0.48750000000000004,0.18820000000000026,827.2428294376112
141.25,0.5125,0.16529999999999984,726.5846955687397
141.25,0.5375000000000001,0.1302999999999999,572.7403861621706
141.25,0.5625,0.10349999999999991,454.9396006737118
141.25,0.5875000000000001,0.07319999999999993,321.75438424459617
141.25,0.6125,0.058000000000000204,254.94199844517297
141.25,0.6375,0.04329999999999996,190.32738849441276
141.25,0.6625000000000001,0.03429999999999997,150.76742321843784
141.25,0.6875,0.030499999999999975,134.06432676858176
141.25,0.7125000000000001,0.02369999999999998,104.17457522673402
141.25,0.7375,0.020100000000000073,88.35058911634444
141.25,0.7625,0.018999999999999982,83.51548224928042
141.25,0.7875000000000001,0.019499999999999983,85.71325809794571
141.25,0.8125,0.014499999999999987,63.73549961129296
141.25,0.8375000000000001,0.013999999999999988,61.53772376262769
141.25,0.8625,0.012200000000000042,53.625730707432936
141.25,0.8875,0.013799999999999988,60.658613423161576
141.25,0.9125000000000001,0.01079999999999999,47.47195833116993
141.25,0.9375,0.01069999999999999,47.032403161436875
141.25,0.9625000000000001,0.01099999999999999,48.35106867063604
141.25,0.9875,0.007300000000000025,32.087527390513145
141.25,1.0125000000000002,0.006599999999999964,29.010641202381493
141.25,1.0375,0.007400000000000026,32.52708256024621
141.25,1.0625,0.008100000000000029,35.6039687483776
141.25,1.0875,0.006199999999999967,27.25242052344928
141.25,1.1125,0.006800000000000025,29.88975154184787
141.25,1.1375000000000002,0.012599999999999934,55.38395138636468
141.25,1.1625,0.014700000000000052,64.61460995075936
141.25,1.1875,0.021799999999999885,95.82302700180556
141.25,1.2125000000000001,0.03520000000000013,154.72341974603603
141.25,1.2375,0.04700000000000017,206.59092977453673
141.25,1.2625000000000002,0.07309999999999961,321.31482907486173
141.25,1.2875,0.09600000000000034,421.97296294373456
141.25,1.3125,0.13009999999999933,571.8612758227019
141.25,1.3375000000000001,0.1691000000000006,743.2877920185992
141.25,1.3625,0.20930000000000076,919.9889702512882
141.25,1.3875000000000002,0.24909999999999868,1094.931927805035
141.25,1.4125,0.29910000000000103,1314.7095126715728
141.25,1.4375,0.35289999999999816,1551.190193987944
141.25,1.4625000000000001,0.3685000000000013,1619.7608004663145
141.25,1.4875,0.42000000000000154,1846.131712878839
141.25,1.5125000000000002,0.4383999999999976,1927.009864109704
141.25,1.5375,0.4550000000000016,1999.9760222854088
141.25,1.5625,0.45719999999999755,2009.646236019518
141.25,1.5875000000000001,0.45980000000000165,2021.0746704325954
141.25,1.6125,0.43060000000000154,1892.724560870543
141.25,1.6375000000000002,0.4163999999999978,1830.3077267684328
141.25,1.6625,0.38640000000000135,1698.4411758485317
141.25,1.6875,0.34949999999999815,1536.2453182170202
141.25,1.7125000000000001,0.31080000000000113,1366.137467530341
141.25,1.7375,0.26910000000000095,1182.842961751656
141.25,1.7625000000000002,0.23799999999999874,1046.1413039646661
141.25,1.7875,0.20990000000000075,922.6263012696863
141.25,1.8125,0.18289999999999904,803.9464054417539
141.25,1.8375000000000001,0.15250000000000055,670.3216338429118
141.25,1.8625,0.12910000000000046,567.4657241253765
141.25,1.8875000000000002,0.1118999999999994,491.86223493128625
141.25,1.9125,0.09660000000000034,424.6102939621329
141.25,1.9375,0.08339999999999956,366.5890115573662
141.25,1.9625000000000001,0.07550000000000028,331.86415314845794
141.25,1.9875,0.07430000000000027,326.5894911116613
141.25,2.0125,0.07320000000000026,321.75438424459765
141.25,2.0375,0.07139999999999898,313.842391189397
141.25,2.0625,0.0845000000000003,371.42411842443306
141.25,2.0875000000000004,0.08810000000000032,387.2481045348231
141.25,2.1125,0.10920000000000038,479.99424534849805
141.25,2.1375,0.13010000000000047,571.861275822707
141.25,2.1625,0.1550999999999978,681.750068255959
141.25,2.1875,0.18860000000000066,829.0010501165452
141.25,2.2125000000000004,0.23120000000000085,1016.2515524228276
141.25,2.2375,0.26410000000000095,1160.8652032650032
141.25,2.2625,0.32630000000000114,1434.2685188389644
141.25,2.2875,0.3872999999999945,1702.397172376099
141.25,2.3125,0.4577000000000016,2011.844011868201
141.25,2.3375000000000004,0.5187000000000018,2279.9726654053657
141.25,2.3625,0.5637000000000021,2477.772491785242
141.25,2.3875,0.6440999999999908,2831.1748482505686
141.25,2.4125000000000005,0.6879000000000025,3023.7000125936984
141.25,2.4375,0.7482000000000026,3288.7517799427314
141.25,2.4625000000000004,0.7833000000000028,3443.035644519034
141.25,2.4875,0.821400000000003,3610.5061641873294
141.25,2.5125,0.845199999999988,3715.1202945837304
141.25,2.5375000000000005,0.8514000000000029,3742.3727151072458
141.25,2.5625,0.8462000000000031,3719.5158462811273
141.25,2.5875000000000004,0.834600000000003,3668.527446592093
141.25,2.6125,0.8009000000000028,3520.3973543920524
141.25,2.6375,0.7782999999999889,3421.0578860323208
141.25,2.6625000000000005,0.7366000000000027,3237.763380253697
141.25,2.6875,0.6620000000000023,2909.855223632836
141.25,2.7125000000000004,0.6306000000000023,2771.8349003366566
141.25,2.7375,0.581300000000002,2555.1342016582594
141.25,2.7625,0.5239999999999926,2303.269089401177
141.25,2.7875000000000005,0.4793000000000017,2106.7879285305416
141.25,2.8125,0.4255000000000015,1870.3072472141569
141.25,2.8375000000000004,0.3827000000000013,1682.1776345684084
141.25,2.8625,0.33910000000000123,1490.5315805647958
141.25,2.8875,0.2901999999999959,1275.5891025653084
141.25,2.9125000000000005,0.25960000000000094,1141.0852206270156
141.25,2.9375,0.24040000000000084,1056.6906280382686
141.25,2.9625000000000004,0.21150000000000074,929.6591839854152
141.25,2.9875,0.1977000000000007,869.0005705622534
141.25,3.0125,0.1769999999999975,778.0126504274969
141.25,3.0375000000000005,0.1678000000000006,737.5735748120694
141.25,3.0625,0.1668000000000006,733.1780231147388
141.25,3.0875000000000004,0.16020000000000056,704.1673819123571
141.25,3.1125,0.16810000000000058,738.8922403212686
141.25,3.1375,0.17709999999999748,778.4522055972299
141.25,3.1625000000000005,0.18900000000000067,830.7592707954775
141.25,3.1875,0.2012000000000007,884.3850015029104
141.25,3.2125000000000004,0.20850000000000074,916.4725288934236
141.25,3.2375,0.22950000000000084,1008.7791145373656
141.25,3.2625,0.25079999999999647,1102.404365690487
141.25,3.2875000000000005,0.27000000000000096,1186.7989582792536
141.25,3.3125,0.293600000000001,1290.533978336255
141.25,3.3375000000000004,0.3141000000000011,1380.6427881315315
141.25,3.3625,0.33370000000000116,1466.7956013992107
141.25,3.3875,0.3652999999999948,1605.6950350348282
141.25,3.4125000000000005,0.37730000000000136,1658.4416554028237
141.25,3.4375,0.39570000000000144,1739.319806633706
141.25,3.4625000000000004,0.4011000000000014,1763.055785799291
141.25,3.4875,0.4006000000000014,1760.8580099506257
141.25,3.5125,0.41549999999999404,1826.3517302408186
141.25,3.5375000000000005,0.41620000000000146,1829.4286164289827
141.25,3.5625,0.41060000000000146,1804.8135269239315
141.25,3.5875000000000004,0.4015000000000014,1764.8140064782233
141.25,3.6125,0.4008000000000014,1761.7371202900918
141.25,3.6375,0.39589999999999437,1740.1989169731412
141.25,3.6625000000000005,0.3677000000000013,1616.24435910845
141.25,3.6875,0.3393000000000012,1491.4106909042619
141.25,3.7125000000000004,0.3190000000000011,1402.1809914484513
141.25,3.7375,0.3065000000000011,1347.2365952318194
141.25,3.7625,0.2684999999999962,1180.2056307332366
141.25,3.7875000000000005,0.2502000000000009,1099.7670346721084
141.25,3.8125,0.23410000000000084,1028.9986523450862
141.25,3.8375000000000004,0.2229000000000008,979.7684733349837
141.25,3.8625,0.1965000000000007,863.7259085254567
141.25,3.8875,0.1766999999999975,776.6939849182977
141.25,3.9125000000000005,0.15560000000000054,683.9478441046365
141.25,3.9375,0.1352000000000005,594.278589479093
141.25,3.9625000000000004,0.11930000000000042,524.3893174915369
141.25,3.9875,0.10730000000000038,471.64269712357003
141.25,4.0125,0.09439999999999867,414.94008022799835
141.25,4.0375,0.08190000000000174,359.9956840113799
141.25,4.0625,0.07219999999999897,317.3588325472614
141.25,4.0875,0.06959999999999901,305.93039813420216
141.25,4.112500000000001,0.05550000000000119,243.9531192018509
141.25,4.1375,0.044699999999999365,196.48116087067294
141.25,4.1625,0.04290000000000092,188.56916781548475
141.25,4.1875,0.034199999999999516,150.32786804870278
141.25,4.2125,0.03089999999999956,135.82254744751216
141.25,4.237500000000001,0.025800000000000548,113.40523379113068
141.25,4.2625,0.02539999999999964,111.64701311219447
141.25,4.2875,0.02120000000000045,93.1856959834097
141.25,4.3125,0.02179999999999969,95.8230270018047
141.25,4.3375,0.013899999999999801,61.09816859289381
141.25,4.362500000000001,0.014200000000000303,62.41683410209518
141.25,4.3875,0.01049999999999985,46.15329282197015
141.25,4.4125,0.009300000000000199,40.87863078517502
141.25,4.4375,0.006499999999999908,28.57108603264819
141.25,4.4625,0.005899999999999917,25.933755014249897
141.25,4.487500000000001,0.005500000000000118,24.17553433531856
141.25,4.5125,0.003399999999999952,14.94487577092367
141.25,4.5375,0.0037000000000000787,16.26354128012339
141.25,4.5625,0.003799999999999946,16.703096449855867
141.25,4.5875,0.0028999999999999586,12.747099922258421
141.25,4.612500000000001,0.002300000000000049,10.109768903860488
141.25,4.6375,0.001699999999999976,7.472437885461835
141.25,4.6625,0.002100000000000045,9.230658564394359
141.25,4.6875,0.0010999999999999845,4.83510686706354
141.25,4.7125,0.0005999999999999915,2.6373310183982945
141.25,4.737500000000001,0.0009000000000000193,3.9559965275975824
141.25,4.7625,0.00039999999999999433,1.7582206789321964
141.25,4.7875000000000005,0.0,0.0
141.25,4.8125,0.0,0.0
141.25,4.8375,0.00029999999999999575,1.3186655091991473
141.25,4.862500000000001,0.0004000000000000086,1.758220678932259
141.25,4.8875,0.00019999999999999716,0.8791103394660982
141.25,4.9125000000000005,9.999999999999858e-05,0.4395551697330491
141.25,4.9375,0.0,0.0
141.25,4.9625,0.00019999999999999716,0.8791103394660982
141.25,4.987500000000001,0.00010000000000000215,0.43955516973306474
141.25,5.0125,0.0,0.0
141.25,5.0375000000000005,0.0,0.0
141.25,5.0625,0.0,0.0
141.25,5.0875,0.0,0.0
141.25,5.112500000000001,0.0,0.0
141.25,5.1375,0.0,0.0
141.25,5.1625000000000005,9.999999999999858e-05,0.4395551697330491
141.25,5.1875,0.0,0.0
141.25,5.2125,0.0,0.0
141.25,5.237500000000001,0.0,0.0
141.25,5.2625,0.0,0.0
141.25,5.2875000000000005,0.0,0.0
141.25,5.3125,0.0,0.0
141.25,5.3375,0.0,0.0
141.25,5.362500000000001,0.0,0.0
141.25,5.3875,0.0,0.0
141.25,5.4125000000000005,0.0,0.0
141.25,5.4375,0.0,0.0
141.25,5.4625,0.0,0.0
141.25,5.487500000000001,0.0,0.0
141.25,5.5125,0.0,0.0
141.25,5.5375000000000005,0.0,0.0
141.25,5.5625,0.0,0.0
141.25,5.5875,0.0,0.0
141.25,5.612500000000001,0.0,0.0
141.25,5.6375,0.0,0.0
141.25,5.6625000000000005,0.0,0.0
141.25,5.6875,0.0,0.0
141.25,5.7125,0.0,0.0
141.25,5.737500000000001,0.0,0.0
141.25,5.7625,0.0,0.0
141.25,5.7875000000000005,0.0,0.0
141.25,5.8125,0.0,0.0
141.25,5.8375,0.0,0.0
141.25,5.862500000000001,0.0,0.0
141.25,5.8875,0.0,0.0
141.25,5.9125000000000005,0.0,0.0
141.25,5.9375,0.0,0.0
141.25,5.9625,0.0,0.0
141.25,5.987500000000001,0.0,0.0
141.25,6.0125,0.0,0.0
141.25,6.0375000000000005,0.0,0.0
141.25,6.0625,0.0,0.0
141.25,6.0875,0.0,0.0
141.25,6.112500000000001,0.0,0.0
141.25,6.1375,0.0,0.0
141.25,6.1625000000000005,0.0,0.0
141.25,6.1875,0.0,0.0
141.25,6.2125,0.0,0.0
141.25,6.237500000000001,0.0,0.0
141.25,6.2625,0.0,0.0
141.25,6.2875000000000005,0.0,0.0
141.25,6.3125,0.0,0.0
141.25,6.3375,0.0,0.0
141.25,6.362500000000001,0.0,0.0
141.25,6.3875,0.0,0.0
141.25,6.4125000000000005,0.0,0.0
141.25,6.4375,0.0,0.0
141.25,6.4625,0.0,0.0
141.25,6.487500000000001,0.0,0.0
141.25,6.5125,0.0,0.0
141.25,6.5375000000000005,0.0,0.0
141.25,6.5625,0.0,0.0
141.25,6.5875,0.0,0.0
141.25,6.612500000000001,0.0,0.0
141.25,6.6375,0.0,0.0
141.25,6.6625000000000005,0.0,0.0
141.25,6.6875,0.0,0.0
141.25,6.7125,0.0,0.0
141.25,6.737500000000001,0.0,0.0
141.25,6.7625,0.0,0.0
141.25,6.7875000000000005,0.0,0.0
141.25,6.8125,0.0,0.0
141.25,6.8375,0.0,0.0
141.25,6.862500000000001,0.0,0.0
141.25,6.8875,0.0,0.0
141.25,6.9125000000000005,0.0,0.0
141.25,6.9375,0.0,0.0
141.25,6.9625,0.0,0.0
141.25,6.987500000000001,0.0,0.0
143.75,0.0125,0.0,0.0
143.75,0.037500000000000006,0.0,0.0
143.75,0.0625,0.0,0.0
143.75,0.08750000000000001,0.0,0.0
143.75,0.1125,0.0,0.0
143.75,0.1375,0.0,0.0
143.75,0.16250000000000003,0.00010000000000000003,0.34968840720681754
143.75,0.1875,0.0006000000000000002,2.098130443240905
143.75,0.21250000000000002,0.0020000000000000005,6.99376814413635
143.75,0.2375,0.005700000000000001,19.932239210788598
143.75,0.2625,0.017499999999999984,61.19547126119299
143.75,0.28750000000000003,0.03379999999999997,118.19468163590417
143.75,0.3125,0.06650000000000009,232.54279079253388
143.75,0.3375,0.11429999999999989,399.6938494373919
143.75,0.36250000000000004,0.15730000000000022,550.0598645363245
143.75,0.3875,0.19139999999999985,669.303611393848
143.75,0.41250000000000003,0.22039999999999982,770.7132494838249
143.75,0.4375,0.2370000000000003,828.7615250801583
143.75,0.4625,0.2276999999999998,796.2405032099225
143.75,0.48750000000000004,0.1990000000000003,695.8799303415676
143.75,0.5125,0.16499999999999987,576.9858718912483
143.75,0.5375000000000001,0.1279999999999999,447.6011612247259
143.75,0.5625,0.09849999999999991,344.44308109871486
143.75,0.5875000000000001,0.07509999999999993,262.61599381231963
143.75,0.6125,0.0558000000000002,195.12613122140482
143.75,0.6375,0.04219999999999996,147.5685078412768
143.75,0.6625000000000001,0.03549999999999997,124.13938455842008
143.75,0.6875,0.030199999999999973,105.60589897645876
143.75,0.7125000000000001,0.02389999999999998,83.57552932242929
143.75,0.7375,0.018700000000000067,65.39173214767509
143.75,0.7625,0.018199999999999984,63.64329011164071
143.75,0.7875000000000001,0.017599999999999984,61.54515966839981
143.75,0.8125,0.016199999999999985,56.64952196750437
143.75,0.8375000000000001,0.015599999999999985,54.551391524263465
143.75,0.8625,0.013800000000000048,48.25700019454097
143.75,0.8875,0.013199999999999988,46.158869751299854
143.75,0.9125000000000001,0.010899999999999991,38.11603638554307
143.75,0.9375,0.009199999999999993,32.171333463027175
143.75,0.9625000000000001,0.010099999999999991,35.318529127888524
143.75,0.9875,0.009500000000000034,33.220398684647776
143.75,1.0125000000000002,0.00739999999999996,25.87694213330435
143.75,1.0375,0.004600000000000016,16.08566673151366
143.75,1.0625,0.00830000000000003,29.02413779816595
143.75,1.0875,0.006599999999999964,23.079434875649824
143.75,1.1125,0.00870000000000003,30.42289142699322
143.75,1.1375000000000002,0.010999999999999942,38.46572479274971
143.75,1.1625,0.01720000000000006,60.1464060395728
143.75,1.1875,0.021999999999999884,76.93144958549942
143.75,1.2125000000000001,0.03550000000000013,124.13938455842063
143.75,1.2375,0.04880000000000017,170.6479427169275
143.75,1.2625000000000002,0.07249999999999962,253.5240952249413
143.75,1.2875,0.09470000000000033,331.15492162485725
143.75,1.3125,0.12429999999999934,434.66269015807177
143.75,1.3375000000000001,0.1615000000000006,564.7467776390122
143.75,1.3625,0.20750000000000074,725.6034449541487
143.75,1.3875000000000002,0.2436999999999987,852.1906483630095
143.75,1.4125,0.3079000000000011,1076.6906057897947
143.75,1.4375,0.34549999999999814,1208.1734468995478
143.75,1.4625000000000001,0.37740000000000135,1319.7240487985337
143.75,1.4875,0.41220000000000145,1441.4156145065065
143.75,1.5125000000000002,0.44379999999999764,1551.9171511838474
143.75,1.5375,0.44860000000000155,1568.7021947297883
143.75,1.5625,0.4513999999999976,1578.4934701315653
143.75,1.5875000000000001,0.44660000000000155,1561.708426585652
143.75,1.6125,0.43460000000000154,1519.7458177208339
143.75,1.6375000000000002,0.4223999999999977,1477.0838320415887
143.75,1.6625,0.3876000000000014,1355.392266333629
143.75,1.6875,0.3579999999999981,1251.8844978003997
143.75,1.7125000000000001,0.3093000000000011,1081.58624349069
143.75,1.7375,0.28100000000000097,982.6244242511603
143.75,1.7625000000000002,0.23839999999999872,833.6571627810482
143.75,1.7875,0.20530000000000073,717.9102999955987
143.75,1.8125,0.17879999999999904,625.2428720857862
143.75,1.8375000000000001,0.14850000000000052,519.2872847021257
143.75,1.8625,0.13410000000000047,468.9321540643438
143.75,1.8875000000000002,0.11459999999999938,400.7429146590106
143.75,1.9125,0.09750000000000035,340.94619702664824
143.75,1.9375,0.08669999999999954,303.1798490483091
143.75,1.9625000000000001,0.07900000000000029,276.2538416933868
143.75,1.9875,0.06710000000000024,234.64092123577532
143.75,2.0125,0.06720000000000025,234.99060964298218
143.75,2.0375,0.07319999999999896,255.9719140753867
143.75,2.0625,0.08410000000000031,294.08795046093456
143.75,2.0875000000000004,0.09480000000000034,331.50461003206414
143.75,2.1125,0.11060000000000039,386.7553783707414
143.75,2.1375,0.12970000000000045,453.5458641472438
143.75,2.1625,0.15879999999999772,555.3051906444181
143.75,2.1875,0.18430000000000063,644.4757344821667
143.75,2.2125000000000004,0.2298000000000008,803.5839597612693
143.75,2.2375,0.280100000000001,979.4772285862991
143.75,2.2625,0.32360000000000116,1131.5916857212653
143.75,2.2875,0.3853999999999945,1347.6991213750553
143.75,2.3125,0.4458000000000016,1558.9109193279976
143.75,2.3375000000000004,0.5136000000000018,1795.9996594142208
143.75,2.3625,0.573500000000002,2005.463015331105
143.75,2.3875,0.634399999999991,2218.423255320018
143.75,2.4125000000000005,0.6936000000000025,2425.4387923864947
143.75,2.4375,0.7306000000000026,2554.8235030530172
143.75,2.4625000000000004,0.7700000000000027,2692.6007354925036
143.75,2.4875,0.8144000000000029,2847.862388292331
143.75,2.5125,0.836299999999988,2924.4441494705725
143.75,2.5375000000000005,0.849900000000003,2972.001772850752
143.75,2.5625,0.841800000000003,2943.6770118669997
143.75,2.5875000000000004,0.834800000000003,2919.198823362522
143.75,2.6125,0.7891000000000028,2759.391221269006
143.75,2.6375,0.7802999999999889,2728.6186414347576
143.75,2.6625000000000005,0.7357000000000026,2572.657611820565
143.75,2.6875,0.6799000000000024,2377.53148059916
143.75,2.7125000000000004,0.6428000000000024,2247.7970815254307
143.75,2.7375,0.5944000000000021,2078.54789243733
143.75,2.7625,0.5207999999999926,1821.1772247330794
143.75,2.7875000000000005,0.47240000000000165,1651.9280356450113
143.75,2.8125,0.4207000000000015,1471.1391291190862
143.75,2.8375000000000004,0.3826000000000014,1337.9078459732882
143.75,2.8625,0.33890000000000126,1185.0940120239086
143.75,2.8875,0.30669999999999564,1072.4943449032937
143.75,2.9125000000000005,0.27520000000000094,962.3424966331648
143.75,2.9375,0.2502000000000009,874.9203948314604
143.75,2.9625000000000004,0.20900000000000074,730.848771062251
143.75,2.9875,0.20180000000000073,705.6712057433601
143.75,3.0125,0.17969999999999745,628.390067750642
143.75,3.0375000000000005,0.1737000000000006,607.4087633182439
143.75,3.0625,0.16080000000000058,562.2989587885644
143.75,3.0875000000000004,0.1615000000000006,564.7467776390122
143.75,3.1125,0.17200000000000062,601.4640603957281
143.75,3.1375,0.17139999999999755,599.3659299524764
143.75,3.1625000000000005,0.19280000000000067,674.1992490947463
143.75,3.1875,0.19020000000000067,665.1073505073691
143.75,3.2125000000000004,0.21520000000000078,752.5294523090738
143.75,3.2375,0.2319000000000008,810.9274163126124
143.75,3.2625,0.24649999999999647,861.9819237647926
143.75,3.2875000000000005,0.26840000000000097,938.5636849431013
143.75,3.3125,0.29490000000000105,1031.2311128529082
143.75,3.3375000000000004,0.3174000000000011,1109.9110044744425
143.75,3.3625,0.34500000000000125,1206.4250048635245
143.75,3.3875,0.36179999999999485,1265.1726572742475
143.75,3.4125000000000005,0.3658000000000013,1279.1601935625426
143.75,3.4375,0.39040000000000136,1365.18354173542
143.75,3.4625000000000004,0.40810000000000146,1427.078389811027
143.75,3.4875,0.40520000000000145,1416.9374260020293
143.75,3.5125,0.421299999999994,1473.2372595623008
143.75,3.5375000000000005,0.4150000000000015,1451.2068899082974
143.75,3.5625,0.41720000000000146,1458.9000348668474
143.75,3.5875000000000004,0.40360000000000146,1411.3424114867203
143.75,3.6125,0.38990000000000136,1363.4350996993858
143.75,3.6375,0.3764999999999947,1316.576853133649
143.75,3.6625000000000005,0.3723000000000013,1301.8899400309858
143.75,3.6875,0.3426000000000012,1198.0324830905606
143.75,3.7125000000000004,0.3176000000000011,1110.610381288856
143.75,3.7375,0.3041000000000011,1063.4024463159355
143.75,3.7625,0.27769999999999606,971.0847068133182
143.75,3.7875000000000005,0.2547000000000009,890.6563731557673
143.75,3.8125,0.24360000000000087,851.8409599558103
143.75,3.8375000000000004,0.2213000000000008,773.8604451486898
143.75,3.8625,0.1964000000000007,686.7880317541919
143.75,3.8875,0.17849999999999747,624.1938068641603
143.75,3.9125000000000005,0.15580000000000055,544.8145384282235
143.75,3.9375,0.1366000000000005,477.6743642445143
143.75,3.9625000000000004,0.11360000000000041,397.246030586946
143.75,3.9875,0.10460000000000037,365.7740739383323
143.75,4.0125,0.09519999999999866,332.9033636608855
143.75,4.0375,0.07770000000000166,271.7078923997029
143.75,4.0625,0.070799999999999,247.57939230242326
143.75,4.0875,0.06009999999999914,210.16273273129426
143.75,4.112500000000001,0.06010000000000128,210.16273273130173
143.75,4.1375,0.04499999999999936,157.3597832430656
143.75,4.1625,0.041000000000000876,143.37224695479821
143.75,4.1875,0.039499999999999445,138.12692084669095
143.75,4.2125,0.03219999999999954,112.59966712059361
143.75,4.237500000000001,0.031100000000000662,108.75309464132253
143.75,4.2625,0.022599999999999676,79.0295800287396
143.75,4.2875,0.018700000000000397,65.39173214767625
143.75,4.3125,0.016699999999999764,58.39796400353768
143.75,4.3375,0.01699999999999976,59.44702922515812
143.75,4.362500000000001,0.013900000000000296,48.60668860174866
143.75,4.3875,0.011299999999999838,39.5147900143698
143.75,4.4125,0.009700000000000207,33.91977549906201
143.75,4.4375,0.008099999999999885,28.32476098375181
143.75,4.4625,0.006899999999999902,24.12850009727006
143.75,4.487500000000001,0.00420000000000009,14.686913102686646
143.75,4.5125,0.004999999999999929,17.48442036034062
143.75,4.5375,0.004100000000000087,14.337224695479819
143.75,4.5625,0.003799999999999946,13.288159473858874
143.75,4.5875,0.002999999999999957,10.490652216204372
143.75,4.612500000000001,0.0026000000000000554,9.091898587377447
143.75,4.6375,0.001699999999999976,5.944702922515813
143.75,4.6625,0.0019000000000000405,6.6440797369296725
143.75,4.6875,0.0010999999999999845,3.846572479274937
143.75,4.7125,0.001899999999999973,6.644079736929437
143.75,4.737500000000001,0.0009000000000000193,3.147195664861424
143.75,4.7625,0.0010999999999999845,3.846572479274937
143.75,4.7875000000000005,0.0007999999999999887,2.7975072576544995
143.75,4.8125,0.0008000000000000172,2.7975072576545994
143.75,4.8375,0.000499999999999993,1.7484420360340625
143.75,4.862500000000001,0.0002000000000000043,0.6993768144136498
143.75,4.8875,0.00029999999999999575,1.0490652216204375
143.75,4.9125000000000005,0.00019999999999999716,0.6993768144136249
143.75,4.9375,0.0002000000000000043,0.6993768144136498
143.75,4.9625,9.999999999999858e-05,0.34968840720681243
143.75,4.987500000000001,0.00010000000000000215,0.3496884072068249
143.75,5.0125,9.999999999999858e-05,0.34968840720681243
143.75,5.0375000000000005,9.999999999999858e-05,0.34968840720681243
143.75,5.0625,0.0,0.0
143.75,5.0875,0.0,0.0
143.75,5.112500000000001,0.00010000000000000215,0.3496884072068249
143.75,5.1375,9.999999999999858e-05,0.34968840720681243
143.75,5.1625000000000005,0.0,0.0
143.75,5.1875,0.0,0.0
143.75,5.2125,0.0,0.0
143.75,5.237500000000001,0.0,0.0
143.75,5.2625,0.0,0.0
143.75,5.2875000000000005,0.0,0.0
143.75,5.3125,0.0,0.0
143.75,5.3375,0.0,0.0
143.75,5.362500000000001,0.0,0.0
143.75,5.3875,0.0,0.0
143.75,5.4125000000000005,0.0,0.0
143.75,5.4375,0.0,0.0
143.75,5.4625,0.0,0.0
143.75,5.487500000000001,0.0,0.0
143.75,5.5125,0.0,0.0
143.75,5.5375000000000005,0.0,0.0
143.75,5.5625,0.0,0.0
143.75,5.5875,0.0,0.0
143.75,5.612500000000001,0.0,0.0
143.75,5.6375,0.0,0.0
143.75,5.6625000000000005,0.0,0.0
143.75,5.6875,0.0,0.0
143.75,5.7125,0.0,0.0
143.75,5.737500000000001,0.0,0.0
143.75,5.7625,0.0,0.0
143.75,5.7875000000000005,0.0,0.0
143.75,5.8125,0.0,0.0
143.75,5.8375,0.0,0.0
143.75,5.862500000000001,0.0,0.0
143.75,5.8875,0.0,0.0
143.75,5.9125000000000005,0.0,0.0
143.75,5.9375,0.0,0.0
143.75,5.9625,0.0,0.0
143.75,5.987500000000001,0.0,0.0
143.75,6.0125,0.0,0.0
143.75,6.0375000000000005,0.0,0.0
143.75,6.0625,0.0,0.0
143.75,6.0875,0.0,0.0
143.75,6.112500000000001,0.0,0.0
143.75,6.1375,0.0,0.0
143.75,6.1625000000000005,0.0,0.0
143.75,6.1875,0.0,0.0
143.75,6.2125,0.0,0.0
143.75,6.237500000000001,0.0,0.0
143.75,6.2625,0.0,0.0
143.75,6.2875000000000005,0.0,0.0
143.75,6.3125,0.0,0.0
143.75,6.3375,0.0,0.0
143.75,6.362500000000001,0.0,0.0
143.75,6.3875,0.0,0.0
143.75,6.4125000000000005,0.0,0.0
143.75,6.4375,0.0,0.0
143.75,6.4625,0.0,0.0
143.75,6.487500000000001,0.0,0.0
143.75,6.5125,0.0,0.0
143.75,6.5375000000000005,0.0,0.0
143.75,6.5625,0.0,0.0
143.75,6.5875,0.0,0.0
143.75,6.612500000000001,0.0,0.0
143.75,6.6375,0.0,0.0
143.75,6.6625000000000005,0.0,0.0
143.75,6.6875,0.0,0.0
143.75,6.7125,0.0,0.0
143.75,6.737500000000001,0.0,0.0
143.75,6.7625,0.0,0.0
143.75,6.7875000000000005,0.0,0.0
143.75,6.8125,0.0,0.0
143.75,6.8375,0.0,0.0
143.75,6.862500000000001,0.0,0.0
143.75,6.8875,0.0,0.0
143.75,6.9125000000000005,0.0,0.0
143.75,6.9375,0.0,0.0
143.75,6.9625,0.0,0.0
143.75,6.987500000000001,0.0,0.0
146.25,0.0125,0.0,0.0
146.25,0.037500000000000006,0.0,0.0
146.25,0.0625,0.0,0.0
146.25,0.08750000000000001,0.0,0.0
146.25,0.1125,0.0,0.0
146.25,0.1375,0.0,0.0
146.25,0.16250000000000003,0.00020000000000000006,0.5556480767035856
146.25,0.1875,0.00040000000000000013,1.1112961534071712
146.25,0.21250000000000002,0.0028000000000000004,7.779073073850198
146.25,0.2375,0.006900000000000002,19.169858646273703
146.25,0.2625,0.017999999999999985,50.008326903322654
146.25,0.28750000000000003,0.03679999999999997,102.23924611345966
146.25,0.3125,0.07290000000000009,202.53372395845716
146.25,0.3375,0.1055999999999999,293.3821844994929
146.25,0.36250000000000004,0.1592000000000002,442.29586905605464
146.25,0.3875,0.20249999999999982,562.5936776623798
146.25,0.41250000000000003,0.20839999999999984,578.9852959251357
146.25,0.4375,0.2189000000000003,608.1568199520751
146.25,0.4625,0.21609999999999982,600.3777468782237
146.25,0.48750000000000004,0.19580000000000025,543.9794670928109
146.25,0.5125,0.16729999999999984,464.79961616254883
146.25,0.5375000000000001,0.13309999999999989,369.7837950462358
146.25,0.5625,0.1068999999999999,296.9938969980662
146.25,0.5875000000000001,0.07689999999999993,213.64668549252843
146.25,0.6125,0.06170000000000022,171.41743166305673
146.25,0.6375,0.04409999999999996,122.52040091314049
146.25,0.6625000000000001,0.037799999999999966,105.01748649697757
146.25,0.6875,0.029299999999999972,81.4024432370752
146.25,0.7125000000000001,0.021799999999999983,60.56564036069077
146.25,0.7375,0.02200000000000008,61.121288437394625
146.25,0.7625,0.019499999999999983,54.175687478599535
146.25,0.7875000000000001,0.017699999999999987,49.17485478826728
146.25,0.8125,0.018799999999999983,52.23091921013699
146.25,0.8375000000000001,0.015299999999999985,42.50707786782425
146.25,0.8625,0.013800000000000048,38.33971729254753
146.25,0.8875,0.013899999999999987,38.61754133089916
146.25,0.9125000000000001,0.01279999999999999,35.561476909029444
146.25,0.9375,0.01159999999999999,32.227588448807936
146.25,0.9625000000000001,0.008899999999999991,24.726339413309532
146.25,0.9875,0.009100000000000032,25.28198749001323
146.25,1.0125000000000002,0.006299999999999967,17.502914416162852
146.25,1.0375,0.00830000000000003,23.05939518319888
146.25,1.0625,0.008100000000000029,22.503747106495293
146.25,1.0875,0.007899999999999957,21.94809902979151
146.25,1.1125,0.010500000000000037,29.171524026938343
146.25,1.1375000000000002,0.010599999999999943,29.449348065289872
146.25,1.1625,0.016400000000000057,45.56314228969417
146.25,1.1875,0.025399999999999867,70.56730574135499
146.25,1.2125000000000001,0.034900000000000125,96.96058938477601
146.25,1.2375,0.04940000000000017,137.2450749457861
146.25,1.2625000000000002,0.07059999999999962,196.14377107636463
146.25,1.2875,0.09530000000000034,264.76630854925946
146.25,1.3125,0.1277999999999993,355.0591210135892
146.25,1.3375000000000001,0.1686000000000006,468.4113286611243
146.25,1.3625,0.20530000000000073,570.3727507362325
146.25,1.3875000000000002,0.2533999999999987,704.0061131834392
146.25,1.4125,0.3036000000000011,843.4737804360458
146.25,1.4375,0.3316999999999982,921.5423352128917
146.25,1.4625000000000001,0.3636000000000013,1010.1682034471221
146.25,1.4875,0.40460000000000146,1124.0760591713574
146.25,1.5125000000000002,0.43429999999999774,1206.5897985618296
146.25,1.5375,0.4537000000000016,1260.4876620020882
146.25,1.5625,0.45469999999999755,1263.265902385595
146.25,1.5875000000000001,0.45130000000000164,1253.8198850816452
146.25,1.6125,0.42950000000000155,1193.2542447209541
146.25,1.6375000000000002,0.4061999999999979,1128.5212437849764
146.25,1.6625,0.38090000000000135,1058.2317620819824
146.25,1.6875,0.3398999999999982,944.3239063577386
146.25,1.7125000000000001,0.3197000000000011,888.2034506106845
146.25,1.7375,0.281800000000001,782.9081400753547
146.25,1.7625000000000002,0.23759999999999873,660.109915123856
146.25,1.7875,0.21780000000000077,605.1007555302067
146.25,1.8125,0.18609999999999902,517.0305353726836
146.25,1.8375000000000001,0.15620000000000056,433.96114790550183
146.25,1.8625,0.13120000000000046,364.50513831755336
146.25,1.8875000000000002,0.11179999999999941,310.60727487730264
146.25,1.9125,0.09600000000000034,266.71107681772196
146.25,1.9375,0.08839999999999953,245.5964499029835
146.25,1.9625000000000001,0.07920000000000028,220.03663837462065
146.25,1.9875,0.07570000000000027,210.31279703230786
146.25,2.0125,0.07190000000000026,199.7554835749397
146.25,2.0375,0.07169999999999899,199.19983549823257
146.25,2.0625,0.0831000000000003,230.8717758703406
146.25,2.0875000000000004,0.09540000000000033,265.0441325876112
146.25,2.1125,0.1133000000000004,314.7746354525823
146.25,2.1375,0.13260000000000047,368.39467485447847
146.25,2.1625,0.15309999999999782,425.34860271658863
146.25,2.1875,0.18940000000000065,526.1987286382973
146.25,2.2125000000000004,0.2259000000000008,627.604502636702
146.25,2.2375,0.280200000000001,778.4629554617261
146.25,2.2625,0.32880000000000115,913.4854381006977
146.25,2.2875,0.3875999999999945,1076.8459726515334
146.25,2.3125,0.4566000000000016,1268.5445591142902
146.25,2.3375000000000004,0.5142000000000019,1428.5712052049234
146.25,2.3625,0.559100000000002,1553.314198424879
146.25,2.3875,0.6237999999999911,1733.0663512384585
146.25,2.4125000000000005,0.6754000000000024,1876.423555028015
146.25,2.4375,0.7557000000000027,2099.5162578245054
146.25,2.4625000000000004,0.7960000000000028,2211.4793452802783
146.25,2.4875,0.8065000000000029,2240.6508693072165
146.25,2.5125,0.837299999999988,2326.2206731195274
146.25,2.5375000000000005,0.835700000000003,2321.7754885059403
146.25,2.5625,0.839800000000003,2333.166274078364
146.25,2.5875000000000004,0.833100000000003,2314.5520635087937
146.25,2.6125,0.8101000000000028,2250.6525346878807
146.25,2.6375,0.777499999999989,2160.081898185158
146.25,2.6625000000000005,0.7353000000000026,2042.8401540007394
146.25,2.6875,0.6673000000000023,1853.9198079215196
146.25,2.7125000000000004,0.6395000000000023,1776.684725259721
146.25,2.7375,0.5775000000000021,1604.4338214816091
146.25,2.7625,0.5382999999999923,1495.526798447679
146.25,2.7875000000000005,0.48500000000000176,1347.4465860061998
146.25,2.8125,0.44070000000000153,1224.370537016355
146.25,2.8375000000000004,0.39170000000000144,1088.2367582239763
146.25,2.8625,0.3432000000000012,953.4920996233561
146.25,2.8875,0.29899999999999577,830.6938746718486
146.25,2.9125000000000005,0.271400000000001,754.0144400867682
146.25,2.9375,0.24150000000000088,670.9450526195819
146.25,2.9625000000000004,0.22160000000000077,615.6580689875749
146.25,2.9875,0.19240000000000068,534.5334497888512
146.25,3.0125,0.1819999999999974,505.63974980025563
146.25,3.0375000000000005,0.1691000000000006,469.8004488528832
146.25,3.0625,0.16930000000000062,470.35609692958684
146.25,3.0875000000000004,0.16080000000000058,446.74105366968433
146.25,3.1125,0.1690000000000006,469.5226248145314
146.25,3.1375,0.1748999999999975,485.91424307727857
146.25,3.1625000000000005,0.18680000000000066,518.9753036411507
146.25,3.1875,0.20140000000000075,559.5376132405127
146.25,3.2125000000000004,0.20750000000000074,576.484879579972
146.25,3.2375,0.23070000000000082,640.9400564775882
146.25,3.2625,0.24899999999999645,691.7818554959541
146.25,3.2875000000000005,0.27850000000000097,773.7399468097456
146.25,3.3125,0.285200000000001,792.3541573793158
146.25,3.3375000000000004,0.3150000000000011,875.1457208081503
146.25,3.3625,0.3394000000000012,942.9347861659879
146.25,3.3875,0.35579999999999495,988.4979284556646
146.25,3.4125000000000005,0.38430000000000136,1067.6777793859433
146.25,3.4375,0.38840000000000136,1079.0685649583668
146.25,3.4625000000000004,0.38810000000000133,1078.2350928433113
146.25,3.4875,0.40670000000000145,1129.9103639767452
146.25,3.5125,0.40799999999999426,1133.5220764752985
146.25,3.5375000000000005,0.40750000000000147,1132.1329562835595
146.25,3.5625,0.39870000000000144,1107.6844409086018
146.25,3.5875000000000004,0.40190000000000137,1116.5748101358588
146.25,3.6125,0.3875000000000014,1076.5681486132007
146.25,3.6375,0.38319999999999454,1064.6217149640547
146.25,3.6625000000000005,0.3570000000000013,991.8318169159038
146.25,3.6875,0.3447000000000012,957.659460198633
146.25,3.7125000000000004,0.3181000000000011,883.7582659970558
146.25,3.7375,0.29890000000000105,830.4160506335114
146.25,3.7625,0.27839999999999604,773.46212277138
146.25,3.7875000000000005,0.2615000000000009,726.5098602899405
146.25,3.8125,0.23650000000000085,657.0538507019922
146.25,3.8375000000000004,0.21840000000000076,606.7676997603174
146.25,3.8625,0.19320000000000068,536.7560420956655
146.25,3.8875,0.18299999999999741,508.41799018377355
146.25,3.9125000000000005,0.15530000000000055,431.46073156033566
146.25,3.9375,0.1409000000000005,391.45407003767735
146.25,3.9625000000000004,0.12560000000000043,348.9469921698529
146.25,3.9875,0.1143000000000004,317.5528758361002
146.25,4.0125,0.09519999999999866,264.488484510903
146.25,4.0375,0.08460000000000181,235.0391364456217
146.25,4.0625,0.07339999999999895,203.92284415021297
146.25,4.0875,0.06009999999999914,166.97224704942505
146.25,4.112500000000001,0.06010000000000128,166.972247049431
146.25,4.1375,0.047999999999999314,133.35553840885862
146.25,4.1625,0.04450000000000095,123.63169706655042
146.25,4.1875,0.033899999999999514,94.1823490012564
146.25,4.2125,0.032099999999999546,89.18151631092421
146.25,4.237500000000001,0.028300000000000602,78.62420285355903
146.25,4.2625,0.026399999999999625,73.34554612487224
146.25,4.2875,0.021100000000000448,58.62087209222952
146.25,4.3125,0.01909999999999973,53.06439132519166
146.25,4.3375,0.016599999999999764,46.118790366396944
146.25,4.362500000000001,0.013700000000000292,38.06189325419642
146.25,4.3875,0.011699999999999834,32.50541248715929
146.25,4.4125,0.008800000000000188,24.448515374958284
146.25,4.4375,0.007199999999999898,20.003330761328794
146.25,4.4625,0.006399999999999909,17.780738454514484
146.25,4.487500000000001,0.0062000000000001325,17.22509037781152
146.25,4.5125,0.006399999999999909,17.780738454514484
146.25,4.5375,0.004300000000000092,11.946433649127345
146.25,4.5625,0.0036999999999999473,10.279489419016185
146.25,4.5875,0.004099999999999941,11.39078557242334
146.25,4.612500000000001,0.0016000000000000343,4.445184613628779
146.25,4.6375,0.0014999999999999786,4.167360575276832
146.25,4.6625,0.0014000000000000297,3.889536536925181
146.25,4.6875,0.00139999999999998,3.889536536925043
146.25,4.7125,0.0008999999999999873,2.5004163451660992
146.25,4.737500000000001,0.0007000000000000148,1.9447682684625904
146.25,4.7625,0.0008999999999999873,2.5004163451660992
146.25,4.7875000000000005,0.00039999999999999433,1.1112961534071553
146.25,4.8125,0.0006000000000000128,1.6669442301107922
146.25,4.8375,0.00019999999999999716,0.5556480767035776
146.25,4.862500000000001,0.0,0.0
146.25,4.8875,9.999999999999858e-05,0.2778240383517888
146.25,4.9125000000000005,0.0,0.0
146.25,4.9375,0.00010000000000000215,0.2778240383517987
146.25,4.9625,9.999999999999858e-05,0.2778240383517888
146.25,4.987500000000001,0.0,0.0
146.25,5.0125,9.999999999999858e-05,0.2778240383517888
146.25,5.0375000000000005,9.999999999999858e-05,0.2778240383517888
146.25,5.0625,0.00010000000000000215,0.2778240383517987
146.25,5.0875,9.999999999999858e-05,0.2778240383517888
146.25,5.112500000000001,0.0,0.0
146.25,5.1375,0.0,0.0
146.25,5.1625000000000005,0.0,0.0
146.25,5.1875,0.0,0.0
146.25,5.2125,0.0,0.0
146.25,5.237500000000001,0.0,0.0
146.25,5.2625,0.0,0.0
146.25,5.2875000000000005,0.0,0.0
146.25,5.3125,0.0,0.0
146.25,5.3375,0.0,0.0
146.25,5.362500000000001,0.0,0.0
146.25,5.3875,0.0,0.0
146.25,5.4125000000000005,0.0,0.0
146.25,5.4375,0.0,0.0
146.25,5.4625,0.0,0.0
146.25,5.487500000000001,0.0,0.0
146.25,5.5125,0.0,0.0
146.25,5.5375000000000005,0.0,0.0
146.25,5.5625,0.0,0.0
146.25,5.5875,0.0,0.0
146.25,5.612500000000001,0.0,0.0
146.25,5.6375,0.0,0.0
146.25,5.6625000000000005,0.0,0.0
146.25,5.6875,0.0,0.0
146.25,5.7125,0.0,0.0
146.25,5.737500000000001,0.0,0.0
146.25,5.7625,0.0,0.0
146.25,5.7875000000000005,0.0,0.0
146.25,5.8125,0.0,0.0
146.25,5.8375,0.0,0.0
146.25,5.862500000000001,0.0,0.0
146.25,5.8875,0.0,0.0
146.25,5.9125000000000005,0.0,0.0
146.25,5.9375,0.0,0.0
146.25,5.9625,0.0,0.0
146.25,5.987500000000001,0.0,0.0
146.25,6.0125,0.0,0.0
146.25,6.0375000000000005,0.0,0.0
146.25,6.0625,0.0,0.0
146.25,6.0875,0.0,0.0
146.25,6.112500000000001,0.0,0.0
146.25,6.1375,0.0,0.0
146.25,6.1625000000000005,0.0,0.0
146.25,6.1875,0.0,0.0
146.25,6.2125,0.0,0.0
146.25,6.237500000000001,0.0,0.0
146.25,6.2625,0.0,0.0
146.25,6.2875000000000005,0.0,0.0
146.25,6.3125,0.0,0.0
146.25,6.3375,0.0,0.0
146.25,6.362500000000001,0.0,0.0
146.25,6.3875,0.0,0.0
146.25,6.4125000000000005,0.0,0.0
146.25,6.4375,0.0,0.0
146.25,6.4625,0.0,0.0
146.25,6.487500000000001,0.0,0.0
146.25,6.5125,0.0,0.0
146.25,6.5375000000000005,0.0,0.0
146.25,6.5625,0.0,0.0
146.25,6.5875,0.0,0.0
146.25,6.612500000000001,0.0,0.0
146.25,6.6375,0.0,0.0
146.25,6.6625000000000005,0.0,0.0
146.25,6.6875,0.0,0.0
146.25,6.7125,0.0,0.0
146.25,6.737500000000001,0.0,0.0
146.25,6.7625,0.0,0.0
146.25,6.7875000000000005,0.0,0.0
146.25,6.8125,0.0,0.0
146.25,6.8375,0.0,0.0
146.25,6.862500000000001,0.0,0.0
146.25,6.8875,0.0,0.0
146.25,6.9125000000000005,0.0,0.0
146.25,6.9375,0.0,0.0
146.25,6.9625,0.0,0.0
146.25,6.987500000000001,0.0,0.0
148.75,0.0125,0.0,0.0
148.75,0.037500000000000006,0.0,0.0
148.75,0.0625,0.0,0.0
148.75,0.08750000000000001,0.0,0.0
148.75,0.1125,0.0,0.0
148.75,0.1375,0.0,0.0
148.75,0.16250000000000003,0.00010000000000000003,0.22036121716402257
148.75,0.1875,0.0003000000000000001,0.6610836514920676
148.75,0.21250000000000002,0.0022000000000000006,4.847946777608496
148.75,0.2375,0.006600000000000002,14.543840332825487
148.75,0.2625,0.016699999999999986,36.80032326639172
148.75,0.28750000000000003,0.03739999999999997,82.41509521934434
148.75,0.3125,0.0674000000000001,148.52346036855138
148.75,0.3375,0.10889999999999991,239.9733654916203
148.75,0.36250000000000004,0.1534000000000002,338.03410712961096
148.75,0.3875,0.18839999999999982,415.160533137018
148.75,0.41250000000000003,0.2220999999999998,489.4222633212935
148.75,0.4375,0.2252000000000003,496.2534610533793
148.75,0.4625,0.2254999999999998,496.9145447048703
148.75,0.48750000000000004,0.19760000000000025,435.433765116109
148.75,0.5125,0.16779999999999984,369.7661224012294
148.75,0.5375000000000001,0.13809999999999986,304.31884090351474
148.75,0.5625,0.10349999999999991,228.07385976476309
148.75,0.5875000000000001,0.07939999999999992,174.96680642823367
148.75,0.6125,0.06220000000000022,137.06467707602246
148.75,0.6375,0.04439999999999997,97.84038042082591
148.75,0.6625000000000001,0.040199999999999965,88.58520929993696
148.75,0.6875,0.028099999999999976,61.92150202309027
148.75,0.7125000000000001,0.023999999999999976,52.88669211936534
148.75,0.7375,0.026700000000000095,58.83644498279421
148.75,0.7625,0.01909999999999998,42.08899247832826
148.75,0.7875000000000001,0.017199999999999983,37.90212935221183
148.75,0.8125,0.016899999999999984,37.241045700719766
148.75,0.8375000000000001,0.017299999999999986,38.122490569375856
148.75,0.8625,0.016200000000000058,35.69851718057177
148.75,0.8875,0.01179999999999999,26.00262362535463
148.75,0.9125000000000001,0.01079999999999999,23.799011453714407
148.75,0.9375,0.009599999999999992,21.154676847746142
148.75,0.9625000000000001,0.008299999999999993,18.28998102461385
148.75,0.9875,0.009900000000000036,21.815760499238305
148.75,1.0125000000000002,0.007899999999999957,17.408536155957684
148.75,1.0375,0.007200000000000026,15.866007635809677
148.75,1.0625,0.006200000000000022,13.662395464169444
148.75,1.0875,0.007799999999999958,17.18817493879366
148.75,1.1125,0.009100000000000032,20.052870761926116
148.75,1.1375000000000002,0.012799999999999933,28.206235796994733
148.75,1.1625,0.017300000000000062,38.122490569376026
148.75,1.1875,0.02679999999999986,59.05680619995772
148.75,1.2125000000000001,0.03580000000000012,78.88931574472032
148.75,1.2375,0.05140000000000018,113.26566562230796
148.75,1.2625000000000002,0.07099999999999962,156.45646418645512
148.75,1.2875,0.09270000000000034,204.2748483110496
148.75,1.3125,0.12889999999999932,284.0456089244235
148.75,1.3375000000000001,0.16290000000000057,358.9684227601939
148.75,1.3625,0.2020000000000007,445.129658671327
148.75,1.3875000000000002,0.23749999999999874,523.3578907645507
148.75,1.4125,0.29130000000000106,641.9122255987999
148.75,1.4375,0.32849999999999824,723.88659838381
148.75,1.4625000000000001,0.36740000000000134,809.6071118606216
148.75,1.4875,0.40790000000000143,898.8534048120509
148.75,1.5125000000000002,0.42409999999999776,934.5519219926144
148.75,1.5375,0.45740000000000164,1007.9322073082425
148.75,1.5625,0.4413999999999976,972.67441256199
148.75,1.5875000000000001,0.44500000000000156,980.6074163799035
148.75,1.6125,0.4305000000000015,948.6550398911202
148.75,1.6375000000000002,0.39779999999999793,876.5969218784769
148.75,1.6625,0.37130000000000135,818.2011993300185
148.75,1.6875,0.3606999999999981,794.8429103106249
148.75,1.7125000000000001,0.3130000000000011,689.7306097233928
148.75,1.7375,0.26700000000000096,588.3644498279422
148.75,1.7625000000000002,0.24149999999999872,532.1723394511115
148.75,1.7875,0.20730000000000073,456.80880318102027
148.75,1.8125,0.189699999999999,418.02522896014847
148.75,1.8375000000000001,0.16280000000000058,358.7480615430299
148.75,1.8625,0.1403000000000005,309.1667876811247
148.75,1.8875000000000002,0.11809999999999936,260.24659747070916
148.75,1.9125,0.10120000000000036,223.00555176999154
148.75,1.9375,0.08979999999999952,197.88437301329114
148.75,1.9625000000000001,0.07770000000000028,171.2206657364461
148.75,1.9875,0.07660000000000028,168.79669234764185
148.75,2.0125,0.07570000000000027,166.81344139316562
148.75,2.0375,0.07879999999999888,173.64463912524727
148.75,2.0625,0.08630000000000031,190.17173041255208
148.75,2.0875000000000004,0.09920000000000036,218.5983274267111
148.75,2.1125,0.10910000000000038,240.41408792594936
148.75,2.1375,0.12990000000000046,286.2492210960662
148.75,2.1625,0.15219999999999784,335.3897725236375
148.75,2.1875,0.18400000000000066,405.4646395818028
148.75,2.2125000000000004,0.2311000000000008,509.25477286605775
148.75,2.2375,0.27070000000000094,596.5178148630109
148.75,2.2625,0.32580000000000114,717.9368455203878
148.75,2.2875,0.3924999999999944,864.917777368776
148.75,2.3125,0.4469000000000016,984.79427950602
148.75,2.3375000000000004,0.5079000000000018,1119.214621976074
148.75,2.3625,0.574600000000002,1266.1955538244777
148.75,2.3875,0.6368999999999909,1403.4805921176392
148.75,2.4125000000000005,0.6835000000000023,1506.168919316099
148.75,2.4375,0.7327000000000026,1614.5866381607984
148.75,2.4625000000000004,0.7661000000000027,1688.1872846935821
148.75,2.4875,0.8031000000000029,1769.720935044271
148.75,2.5125,0.8284999999999881,1825.6926842039002
148.75,2.5375000000000005,0.821400000000003,1810.0470377852873
148.75,2.5625,0.832800000000003,1835.1682165419859
148.75,2.5875000000000004,0.821900000000003,1811.1488438711074
148.75,2.6125,0.8052000000000028,1774.3485206047153
148.75,2.6375,0.7683999999999891,1693.255592688325
148.75,2.6625000000000005,0.7296000000000026,1607.7554404287139
148.75,2.6875,0.6959000000000025,1533.493710244438
148.75,2.7125000000000004,0.6427000000000023,1416.2615427131775
148.75,2.7375,0.6051000000000022,1333.405725059505
148.75,2.7625,0.5440999999999923,1198.9853825894293
148.75,2.7875000000000005,0.48720000000000174,1073.5998500231215
148.75,2.8125,0.43100000000000155,949.7568459769403
148.75,2.8375000000000004,0.3930000000000014,866.0195834546115
148.75,2.8625,0.3489000000000012,768.8402866852772
148.75,2.8875,0.30659999999999565,675.6274918248834
148.75,2.9125000000000005,0.274800000000001,605.552624766736
148.75,2.9375,0.24110000000000084,531.29089458246
148.75,2.9625000000000004,0.21550000000000077,474.87842298847016
148.75,2.9875,0.20830000000000076,459.0124153526605
148.75,3.0125,0.18669999999999734,411.4143924452241
148.75,3.0375000000000005,0.17820000000000064,392.6836889862895
148.75,3.0625,0.1662000000000006,366.2403429266067
148.75,3.0875000000000004,0.17630000000000062,388.49682586017303
148.75,3.1125,0.1640000000000006,361.39239614899816
148.75,3.1375,0.17449999999999752,384.5303239512138
148.75,3.1625000000000005,0.17990000000000064,396.42982967807785
148.75,3.1875,0.20330000000000073,447.99435449445934
148.75,3.2125000000000004,0.21080000000000076,464.5214457817611
148.75,3.2375,0.24410000000000087,537.9017310973808
148.75,3.2625,0.24509999999999652,540.1053432690114
148.75,3.2875000000000005,0.26370000000000093,581.0925296615294
148.75,3.3125,0.29900000000000104,658.8800393204295
148.75,3.3375000000000004,0.31430000000000113,692.5953055465252
148.75,3.3625,0.3315000000000012,730.4974348987372
148.75,3.3875,0.350799999999995,773.0271498113799
148.75,3.4125000000000005,0.37470000000000137,825.6934807135952
148.75,3.4375,0.38140000000000135,840.4576822635847
148.75,3.4625000000000004,0.39870000000000144,878.5801728329609
148.75,3.4875,0.40250000000000147,886.9538990851937
148.75,3.5125,0.423399999999994,933.009393472458
148.75,3.5375000000000005,0.40750000000000147,897.971959943395
148.75,3.5625,0.39680000000000143,874.3933097068444
148.75,3.5875000000000004,0.3956000000000014,871.748975100876
148.75,3.6125,0.4069000000000014,896.6497926404106
148.75,3.6375,0.3738999999999947,823.9305909762684
148.75,3.6625000000000005,0.35960000000000125,792.4189369218276
148.75,3.6875,0.35190000000000127,775.4511232001979
148.75,3.7125000000000004,0.32830000000000115,723.4458759494884
148.75,3.7375,0.290100000000001,639.2678909928316
148.75,3.7625,0.28669999999999596,631.7756096092436
148.75,3.7875000000000005,0.25330000000000086,558.1749630764708
148.75,3.8125,0.23510000000000084,518.0692215526187
148.75,3.8375000000000004,0.21600000000000077,475.98022907429026
148.75,3.8625,0.19270000000000068,424.6360654750728
148.75,3.8875,0.17319999999999752,381.6656281280815
148.75,3.9125000000000005,0.15350000000000055,338.25446834677575
148.75,3.9375,0.1456000000000005,320.84593219081785
148.75,3.9625000000000004,0.12150000000000043,267.73887885428826
148.75,3.9875,0.1114000000000004,245.48239592072193
148.75,4.0125,0.09769999999999861,215.2929091692469
148.75,4.0375,0.08920000000000192,196.5622057103123
148.75,4.0625,0.07399999999999896,163.06730070137434
148.75,4.0875,0.06669999999999905,146.9809318484009
148.75,4.112500000000001,0.05860000000000125,129.13167325811992
148.75,4.1375,0.0559999999999992,123.40228161185084
148.75,4.1625,0.041600000000000886,91.67026634023532
148.75,4.1875,0.039499999999999445,87.04268077978766
148.75,4.2125,0.03229999999999954,71.17667314397825
148.75,4.237500000000001,0.028400000000000605,62.58258567458372
148.75,4.2625,0.026299999999999626,57.95500011413709
148.75,4.2875,0.022500000000000478,49.58127386190611
148.75,4.3125,0.016899999999999762,37.241045700719276
148.75,4.3375,0.016799999999999763,37.02068448355526
148.75,4.362500000000001,0.013100000000000278,28.86731944848756
148.75,4.3875,0.010899999999999846,24.019372670878113
148.75,4.4125,0.011000000000000235,24.23973388804299
148.75,4.4375,0.008599999999999877,18.951064676105663
148.75,4.4625,0.007799999999999889,17.18817493879351
148.75,4.487500000000001,0.005700000000000122,12.56058937834955
148.75,4.5125,0.004799999999999932,10.577338423872929
148.75,4.5375,0.003800000000000081,8.373726252233034
148.75,4.5625,0.003799999999999946,8.373726252232736
148.75,4.5875,0.0036999999999999473,8.153365035068717
148.75,4.612500000000001,0.0020000000000000425,4.407224343280544
148.75,4.6375,0.0024999999999999645,5.509030429100484
148.75,4.6625,0.0013000000000000277,2.8646958231323536
148.75,4.6875,0.001999999999999972,4.4072243432803875
148.75,4.7125,0.0010999999999999845,2.423973388804213
148.75,4.737500000000001,0.0009000000000000193,1.9832509544762449
148.75,4.7625,0.000499999999999993,1.1018060858200969
148.75,4.7875000000000005,0.000999999999999986,2.2036121716401937
148.75,4.8125,0.0007000000000000148,1.5425285201481902
148.75,4.8375,0.000499999999999993,1.1018060858200969
148.75,4.862500000000001,0.0003000000000000064,0.6610836514920816
148.75,4.8875,9.999999999999858e-05,0.22036121716401938
148.75,4.9125000000000005,0.00019999999999999716,0.44072243432803876
148.75,4.9375,0.0002000000000000043,0.44072243432805447
148.75,4.9625,9.999999999999858e-05,0.22036121716401938
148.75,4.987500000000001,0.0002000000000000043,0.44072243432805447
148.75,5.0125,0.0,0.0
148.75,5.0375000000000005,0.0,0.0
148.75,5.0625,0.0,0.0
148.75,5.0875,0.0,0.0
148.75,5.112500000000001,0.00010000000000000215,0.22036121716402723
148.75,5.1375,0.0,0.0
148.75,5.1625000000000005,0.0,0.0
148.75,5.1875,0.0,0.0
148.75,5.2125,0.0,0.0
148.75,5.237500000000001,0.0,0.0
148.75,5.2625,0.0,0.0
148.75,5.2875000000000005,0.0,0.0
148.75,5.3125,0.0,0.0
148.75,5.3375,0.0,0.0
148.75,5.362500000000001,0.0,0.0
148.75,5.3875,0.0,0.0
148.75,5.4125000000000005,0.0,0.0
148.75,5.4375,0.0,0.0
148.75,5.4625,0.0,0.0
148.75,5.487500000000001,0.0,0.0
148.75,5.5125,0.0,0.0
148.75,5.5375000000000005,0.0,0.0
148.75,5.5625,0.0,0.0
148.75,5.5875,0.0,0.0
148.75,5.612500000000001,0.0,0.0
148.75,5.6375,0.0,0.0
148.75,5.6625000000000005,0.0,0.0
148.75,5.6875,0.0,0.0
148.75,5.7125,0.0,0.0
148.75,5.737500000000001,0.0,0.0
148.75,5.7625,0.0,0.0
148.75,5.7875000000000005,0.0,0.0
148.75,5.8125,0.0,0.0
148.75,5.8375,0.0,0.0
148.75,5.862500000000001,0.0,0.0
148.75,5.8875,0.0,0.0
148.75,5.9125000000000005,0.0,0.0
148.75,5.9375,0.0,0.0
148.75,5.9625,0.0,0.0
148.75,5.987500000000001,0.0,0.0
148.75,6.0125,0.0,0.0
148.75,6.0375000000000005,0.0,0.0
148.75,6.0625,0.0,0.0
148.75,6.0875,0.0,0.0
148.75,6.112500000000001,0.0,0.0
148.75,6.1375,0.0,0.0
148.75,6.1625000000000005,0.0,0.0
148.75,6.1875,0.0,0.0
148.75,6.2125,0.0,0.0
148.75,6.237500000000001,0.0,0.0
148.75,6.2625,0.0,0.0
148.75,6.2875000000000005,0.0,0.0
148.75,6.3125,0.0,0.0
148.75,6.3375,0.0,0.0
148.75,6.362500000000001,0.0,0.0
148.75,6.3875,0.0,0.0
148.75,6.4125000000000005,0.0,0.0
148.75,6.4375,0.0,0.0
148.75,6.4625,0.0,0.0
148.75,6.487500000000001,0.0,0.0
148.75,6.5125,0.0,0.0
148.75,6.5375000000000005,0.0,0.0
148.75,6.5625,0.0,0.0
148.75,6.5875,0.0,0.0
148.75,6.612500000000001,0.0,0.0
148.75,6.6375,0.0,0.0
148.75,6.6625000000000005,0.0,0.0
148.75,6.6875,0.0,0.0
148.75,6.7125,0.0,0.0
148.75,6.737500000000001,0.0,0.0
148.75,6.7625,0.0,0.0
148.75,6.7875000000000005,0.0,0.0
148.75,6.8125,0.0,0.0
148.75,6.8375,0.0,0.0
148.75,6.862500000000001,0.0,0.0
148.75,6.8875,0.0,0.0
148.75,6.9125000000000005,0.0,0.0
148.75,6.9375,0.0,0.0
148.75,6.9625,0.0,0.0
148.75,6.987500000000001,0.0,0.0
151.25,0.0125,0.0,0.0
151.25,0.037500000000000006,0.0,0.0
151.25,0.0625,0.0,0.0
151.25,0.08750000000000001,0.0,0.0
151.25,0.1125,0.0,0.0
151.25,0.1375,0.0,0.0
151.25,0.16250000000000003,0.00010000000000000003,0.17417002262965003
151.25,0.1875,0.0007000000000000001,1.21919015840755
151.25,0.21250000000000002,0.0023000000000000004,4.00591052048195
151.25,0.2375,0.007100000000000002,12.366071606705152
151.25,0.2625,0.016199999999999985,28.21554366600327
151.25,0.28750000000000003,0.03509999999999997,61.13367794300709
151.25,0.3125,0.06700000000000009,116.69391516186563
151.25,0.3375,0.1134999999999999,197.68297568465255
151.25,0.36250000000000004,0.1456000000000002,253.59155294877073
151.25,0.3875,0.18449999999999986,321.34369175170394
151.25,0.41250000000000003,0.22349999999999978,389.2700005772673
151.25,0.4375,0.2257000000000003,393.1017410751205
151.25,0.4625,0.2219999999999998,386.6574502378226
151.25,0.48750000000000004,0.19300000000000028,336.14814367522496
151.25,0.5125,0.17019999999999985,296.437378515664
151.25,0.5375000000000001,0.1364999999999999,237.74208088947205
151.25,0.5625,0.10539999999999991,183.5752038516509
151.25,0.5875000000000001,0.07769999999999994,135.33010758323792
151.25,0.6125,0.06000000000000021,104.50201357779035
151.25,0.6375,0.046899999999999956,81.68574061330577
151.25,0.6625000000000001,0.03689999999999997,64.26873835034078
151.25,0.6875,0.026799999999999977,46.67756606474615
151.25,0.7125000000000001,0.027599999999999975,48.07092624578335
151.25,0.7375,0.023700000000000086,41.278295363227194
151.25,0.7625,0.018499999999999985,32.22145418648522
151.25,0.7875000000000001,0.018399999999999986,32.04728416385557
151.25,0.8125,0.017299999999999986,30.13141391492942
151.25,0.8375000000000001,0.012999999999999987,22.642102941854475
151.25,0.8625,0.01410000000000005,24.557973190780732
151.25,0.8875,0.01179999999999999,20.552062670298678
151.25,0.9125000000000001,0.012299999999999988,21.422912783446925
151.25,0.9375,0.01049999999999999,18.287852376113232
151.25,0.9625000000000001,0.008699999999999992,15.152791968779535
151.25,0.9875,0.009000000000000032,15.675302036668555
151.25,1.0125000000000002,0.00739999999999996,12.888581674594029
151.25,1.0375,0.00870000000000003,15.152791968779601
151.25,1.0625,0.0071000000000000256,12.366071606705193
151.25,1.0875,0.007799999999999958,13.585261765112625
151.25,1.1125,0.009300000000000034,16.197812104557507
151.25,1.1375000000000002,0.013499999999999929,23.512953055002622
151.25,1.1625,0.015100000000000054,26.29967341707724
151.25,1.1875,0.02799999999999985,48.76760633630173
151.25,1.2125000000000001,0.03670000000000013,63.92039830508176
151.25,1.2375,0.052000000000000185,90.56841176741831
151.25,1.2625000000000002,0.06909999999999963,120.35148563708749
151.25,1.2875,0.09750000000000035,169.81577206390935
151.25,1.3125,0.1269999999999993,221.19592873965425
151.25,1.3375000000000001,0.1668000000000006,290.5155977462572
151.25,1.3625,0.19890000000000072,346.42417501037505
151.25,1.3875000000000002,0.2458999999999987,428.284085646307
151.25,1.4125,0.287300000000001,500.3904750149861
151.25,1.4375,0.3369999999999982,586.9529762619172
151.25,1.4625000000000001,0.36790000000000134,640.7715132544846
151.25,1.4875,0.39620000000000144,690.0616296586757
151.25,1.5125000000000002,0.43089999999999773,750.4986275111578
151.25,1.5375,0.4503000000000016,784.2876119013166
151.25,1.5625,0.4458999999999976,776.624130905605
151.25,1.5875000000000001,0.44740000000000163,779.2366812450568
151.25,1.6125,0.42340000000000155,737.4358758139407
151.25,1.6375000000000002,0.41489999999999777,722.6314238904139
151.25,1.6625,0.3799000000000014,661.6719159700427
151.25,1.6875,0.3436999999999982,598.6223677781038
151.25,1.7125000000000001,0.31600000000000117,550.3772715096959
151.25,1.7375,0.281400000000001,490.11444367983677
151.25,1.7625000000000002,0.2412999999999987,420.27226460534314
151.25,1.7875,0.21490000000000076,374.29137863111913
151.25,1.8125,0.191399999999999,333.3614233131483
151.25,1.8375000000000001,0.15610000000000057,271.8794053248846
151.25,1.8625,0.12730000000000044,221.7184388075452
151.25,1.8875000000000002,0.11849999999999936,206.3914768161341
151.25,1.9125,0.09780000000000036,170.3382821317983
151.25,1.9375,0.0916999999999995,159.71391075138817
151.25,1.9625000000000001,0.08940000000000031,155.70800023090763
151.25,1.9875,0.08220000000000029,143.16775860157279
151.25,2.0125,0.07750000000000028,134.9817675379792
151.25,2.0375,0.07609999999999892,132.54338722116174
151.25,2.0625,0.09280000000000033,161.62978100031575
151.25,2.0875000000000004,0.09790000000000035,170.51245215442793
151.25,2.1125,0.10990000000000039,191.412854869986
151.25,2.1375,0.13410000000000047,233.56200034636143
151.25,2.1625,0.15799999999999778,275.1886357548431
151.25,2.1875,0.19180000000000066,334.0581034036698
151.25,2.2125000000000004,0.23670000000000085,412.26044356438297
151.25,2.2375,0.276300000000001,481.2317725257246
151.25,2.2625,0.3253000000000012,566.5750836142535
151.25,2.2875,0.37569999999999465,654.3567750195856
151.25,2.3125,0.4448000000000016,774.7082606566859
151.25,2.3375000000000004,0.5127000000000018,892.9697060222186
151.25,2.3625,0.556500000000002,969.2561759340056
151.25,2.3875,0.6104999999999913,1063.307988153998
151.25,2.4125000000000005,0.6889000000000025,1199.8572858956632
151.25,2.4375,0.7094000000000026,1235.5621405347415
151.25,2.4625000000000004,0.7760000000000028,1351.5593756060887
151.25,2.4875,0.7989000000000028,1391.4443107882785
151.25,2.5125,0.8260999999999883,1438.818556943518
151.25,2.5375000000000005,0.832000000000003,1449.094588278693
151.25,2.5625,0.8294000000000029,1444.566167690322
151.25,2.5875000000000004,0.8154000000000029,1420.182364522171
151.25,2.6125,0.8070000000000028,1405.5520826212803
151.25,2.6375,0.7662999999999891,1334.6648834109888
151.25,2.6625000000000005,0.7347000000000026,1279.6271562600427
151.25,2.6875,0.7004000000000026,1219.8868384980728
151.25,2.7125000000000004,0.6353000000000023,1106.5021537661703
151.25,2.7375,0.5912000000000021,1029.6931737864943
151.25,2.7625,0.5345999999999924,931.1129409780956
151.25,2.7875000000000005,0.4870000000000017,848.2080102063984
151.25,2.8125,0.4307000000000015,750.1502874659051
151.25,2.8375000000000004,0.38500000000000134,670.5545871241548
151.25,2.8625,0.3527000000000013,614.2976698147777
151.25,2.8875,0.3192999999999955,556.1248822564645
151.25,2.9125000000000005,0.26960000000000095,469.562381009538
151.25,2.9375,0.25220000000000087,439.2567970719787
151.25,2.9625000000000004,0.2224000000000008,387.35413032834293
151.25,2.9875,0.20150000000000073,350.952595598746
151.25,3.0125,0.1906999999999973,332.14223315473777
151.25,3.0375000000000005,0.18310000000000065,318.9053114348902
151.25,3.0625,0.1704000000000006,296.78571856092464
151.25,3.0875000000000004,0.1678000000000006,292.25729797255366
151.25,3.1125,0.1715000000000006,298.70158880985076
151.25,3.1375,0.17579999999999749,306.19089978292027
151.25,3.1625000000000005,0.18500000000000064,322.2145418648536
151.25,3.1875,0.19970000000000074,347.8175351914123
151.25,3.2125000000000004,0.21080000000000076,367.1504077033035
151.25,3.2375,0.23200000000000082,404.0744525007894
151.25,3.2625,0.2515999999999964,438.211776936193
151.25,3.2875000000000005,0.279000000000001,485.9343631367252
151.25,3.3125,0.2996000000000011,521.8133877984333
151.25,3.3375000000000004,0.3089000000000011,538.0111999029907
151.25,3.3625,0.3352000000000012,583.8179158545888
151.25,3.3875,0.348199999999995,606.4600187964326
151.25,3.4125000000000005,0.3700000000000013,644.4290837297071
151.25,3.4375,0.3815000000000014,664.4586363321171
151.25,3.4625000000000004,0.3896000000000014,678.5664081651187
151.25,3.4875,0.39870000000000144,694.4158802244169
151.25,3.5125,0.4029999999999943,701.9051911974794
151.25,3.5375000000000005,0.4170000000000015,726.288994365643
151.25,3.5625,0.40520000000000145,705.7369316953442
151.25,3.5875000000000004,0.39680000000000143,691.1066497944536
151.25,3.6125,0.39120000000000144,681.3531285271932
151.25,3.6375,0.3764999999999947,655.7501352006228
151.25,3.6625000000000005,0.3608000000000013,628.4054416477793
151.25,3.6875,0.3447000000000012,600.3640680044056
151.25,3.7125000000000004,0.32740000000000113,570.232654089476
151.25,3.7375,0.3066000000000011,534.0052893825087
151.25,3.7625,0.2955999999999958,514.846586893238
151.25,3.7875000000000005,0.2544000000000009,443.0885375698311
151.25,3.8125,0.23780000000000084,414.1763138133091
151.25,3.8375000000000004,0.21370000000000075,372.2013383595633
151.25,3.8625,0.19940000000000072,347.2950251235233
151.25,3.8875,0.17329999999999757,301.8366492171792
151.25,3.9125000000000005,0.16080000000000058,280.0653963884782
151.25,3.9375,0.1408000000000005,245.23139186254804
151.25,3.9625000000000004,0.12760000000000046,222.24094887543419
151.25,3.9875,0.11250000000000039,195.9412754583569
151.25,4.0125,0.09999999999999858,174.1700226296475
151.25,4.0375,0.08790000000000187,153.09544989146556
151.25,4.0625,0.07589999999999893,132.19504717590246
151.25,4.0875,0.06579999999999907,114.60387489030806
151.25,4.112500000000001,0.05780000000000124,100.67027307993985
151.25,4.1375,0.053499999999999236,93.1809621068614
151.25,4.1625,0.046600000000000995,81.16323054541863
151.25,4.1875,0.034199999999999516,59.56614773933945
151.25,4.2125,0.03299999999999953,57.47610746778367
151.25,4.237500000000001,0.026400000000000562,45.98088597422857
151.25,4.2625,0.026199999999999626,45.632545928967644
151.25,4.2875,0.02160000000000046,37.62072488800519
151.25,4.3125,0.0209999999999997,36.575704752225974
151.25,4.3375,0.015899999999999775,27.693033598113956
151.25,4.362500000000001,0.016200000000000346,28.2155436660039
151.25,4.3875,0.01049999999999985,18.287852376112987
151.25,4.4125,0.010600000000000226,18.46202239874329
151.25,4.4375,0.007199999999999898,12.540241629334622
151.25,4.4625,0.009699999999999863,16.89449219507581
151.25,4.487500000000001,0.005200000000000111,9.056841176741992
151.25,4.5125,0.006799999999999904,11.843561538816031
151.25,4.5375,0.005100000000000109,8.882671154112337
151.25,4.5625,0.004099999999999941,7.140970927815546
151.25,4.5875,0.003299999999999953,5.747610746778368
151.25,4.612500000000001,0.0026000000000000554,4.528420588370996
151.25,4.6375,0.002399999999999966,4.18008054311154
151.25,4.6625,0.0026000000000000554,4.528420588370996
151.25,4.6875,0.000999999999999986,1.7417002262964751
151.25,4.7125,0.00029999999999999575,0.5225100678889425
151.25,4.737500000000001,0.0007000000000000148,1.2191901584075757
151.25,4.7625,0.0008999999999999873,1.5675302036668277
151.25,4.7875000000000005,0.00039999999999999433,0.69668009051859
151.25,4.8125,0.0006000000000000128,1.0450201357779223
151.25,4.8375,0.00019999999999999716,0.348340045259295
151.25,4.862500000000001,0.0004000000000000086,0.6966800905186149
151.25,4.8875,0.00029999999999999575,0.5225100678889425
151.25,4.9125000000000005,0.0,0.0
151.25,4.9375,0.0004000000000000086,0.6966800905186149
151.25,4.9625,0.00019999999999999716,0.348340045259295
151.25,4.987500000000001,0.0002000000000000043,0.34834004525930745
151.25,5.0125,0.0,0.0
151.25,5.0375000000000005,0.0,0.0
151.25,5.0625,0.0002000000000000043,0.34834004525930745
151.25,5.0875,0.0,0.0
151.25,5.112500000000001,0.0,0.0
151.25,5.1375,0.0,0.0
151.25,5.1625000000000005,9.999999999999858e-05,0.1741700226296475
151.25,5.1875,0.0,0.0
151.25,5.2125,0.0,0.0
151.25,5.237500000000001,0.0,0.0
151.25,5.2625,0.0,0.0
151.25,5.2875000000000005,0.0,0.0
151.25,5.3125,0.0,0.0
151.25,5.3375,0.0,0.0
151.25,5.362500000000001,0.0,0.0
151.25,5.3875,0.0,0.0
151.25,5.4125000000000005,0.0,0.0
151.25,5.4375,0.0,0.0
151.25,5.4625,0.0,0.0
151.25,5.487500000000001,0.0,0.0
151.25,5.5125,0.0,0.0
151.25,5.5375000000000005,0.0,0.0
151.25,5.5625,0.0,0.0
151.25,5.5875,0.0,0.0
151.25,5.612500000000001,0.0,0.0
151.25,5.6375,0.0,0.0
151.25,5.6625000000000005,0.0,0.0
151.25,5.6875,0.0,0.0
151.25,5.7125,0.0,0.0
151.25,5.737500000000001,0.0,0.0
151.25,5.7625,0.0,0.0
151.25,5.7875000000000005,0.0,0.0
151.25,5.8125,0.0,0.0
151.25,5.8375,0.0,0.0
151.25,5.862500000000001,0.0,0.0
151.25,5.8875,0.0,0.0
151.25,5.9125000000000005,0.0,0.0
151.25,5.9375,0.0,0.0
151.25,5.9625,0.0,0.0
151.25,5.987500000000001,0.0,0.0
151.25,6.0125,0.0,0.0
151.25,6.0375000000000005,0.0,0.0
151.25,6.0625,0.0,0.0
151.25,6.0875,0.0,0.0
151.25,6.112500000000001,0.0,0.0
151.25,6.1375,0.0,0.0
151.25,6.1625000000000005,0.0,0.0
151.25,6.1875,0.0,0.0
151.25,6.2125,0.0,0.0
151.25,6.237500000000001,0.0,0.0
151.25,6.2625,0.0,0.0
151.25,6.2875000000000005,0.0,0.0
151.25,6.3125,0.0,0.0
151.25,6.3375,0.0,0.0
151.25,6.362500000000001,0.0,0.0
151.25,6.3875,0.0,0.0
151.25,6.4125000000000005,0.0,0.0
151.25,6.4375,0.0,0.0
151.25,6.4625,0.0,0.0
151.25,6.487500000000001,0.0,0.0
151.25,6.5125,0.0,0.0
151.25,6.5375000000000005,0.0,0.0
151.25,6.5625,0.0,0.0
151.25,6.5875,0.0,0.0
151.25,6.612500000000001,0.0,0.0
151.25,6.6375,0.0,0.0
151.25,6.6625000000000005,0.0,0.0
151.25,6.6875,0.0,0.0
151.25,6.7125,0.0,0.0
151.25,6.737500000000001,0.0,0.0
151.25,6.7625,0.0,0.0
151.25,6.7875000000000005,0.0,0.0
151.25,6.8125,0.0,0.0
151.25,6.8375,0.0,0.0
151.25,6.862500000000001,0.0,0.0
151.25,6.8875,0.0,0.0
151.25,6.9125000000000005,0.0,0.0
151.25,6.9375,0.0,0.0
151.25,6.9625,0.0,0.0
151.25,6.987500000000001,0.0,0.0
153.75,0.0125,0.0,0.0
153.75,0.037500000000000006,0.0,0.0
153.75,0.0625,0.0,0.0
153.75,0.08750000000000001,0.0,0.0
153.75,0.1125,0.0,0.0
153.75,0.1375,9.999999999999992e-05,0.13741584600533668
153.75,0.16250000000000003,0.0,0.0
153.75,0.1875,0.0007000000000000001,0.9619109220373576
153.75,0.21250000000000002,0.0025000000000000005,3.4353961501334203
153.75,0.2375,0.007200000000000002,9.893940912384252
153.75,0.2625,0.017499999999999984,24.047773050933916
153.75,0.28750000000000003,0.038299999999999966,52.63026902004394
153.75,0.3125,0.0644000000000001,88.49580482743703
153.75,0.3375,0.10889999999999991,149.64585629981164
153.75,0.36250000000000004,0.14650000000000019,201.31421439781866
153.75,0.3875,0.18719999999999984,257.24246372199025
153.75,0.41250000000000003,0.20819999999999983,286.099791383111
153.75,0.4375,0.22470000000000032,308.7734059739922
153.75,0.4625,0.2143999999999998,294.6195738354418
153.75,0.48750000000000004,0.20000000000000026,274.8316920106739
153.75,0.5125,0.17249999999999985,237.04233435920574
153.75,0.5375000000000001,0.13639999999999988,187.43521395127922
153.75,0.5625,0.1132999999999999,155.69215352404643
153.75,0.5875000000000001,0.08209999999999992,112.81840957038139
153.75,0.6125,0.06610000000000024,90.83187420952795
153.75,0.6375,0.049099999999999956,67.4711803886203
153.75,0.6625000000000001,0.04319999999999996,59.363645474305436
153.75,0.6875,0.031299999999999974,43.01115979967038
153.75,0.7125000000000001,0.027799999999999974,38.201605189483594
153.75,0.7375,0.020500000000000074,28.170248431094144
153.75,0.7625,0.02159999999999998,29.681822737152718
153.75,0.7875000000000001,0.02109999999999998,28.994743507126035
153.75,0.8125,0.017099999999999983,23.49810966691257
153.75,0.8375000000000001,0.015399999999999985,21.162040284821845
153.75,0.8625,0.014400000000000052,19.78788182476857
153.75,0.8875,0.014099999999999988,19.37563428675247
153.75,0.9125000000000001,0.012699999999999989,17.451812442677756
153.75,0.9375,0.010899999999999991,14.978327214581698
153.75,0.9625000000000001,0.00989999999999999,13.60416875452833
153.75,0.9875,0.00860000000000003,11.817762756459004
153.75,1.0125000000000002,0.008899999999999951,12.230010294474907
153.75,1.0375,0.007200000000000026,9.893940912384284
153.75,1.0625,0.007800000000000027,10.718435988416307
153.75,1.0875,0.008199999999999956,11.268099372437556
153.75,1.1125,0.009000000000000032,12.367426140480354
153.75,1.1375000000000002,0.012099999999999935,16.627317366645663
153.75,1.1625,0.015900000000000056,21.849119514848628
153.75,1.1875,0.02459999999999987,33.80429811731267
153.75,1.2125000000000001,0.03670000000000013,50.43161548395878
153.75,1.2375,0.05030000000000018,69.12017054068465
153.75,1.2625000000000002,0.07029999999999963,96.60333974175126
153.75,1.2875,0.10110000000000036,138.927420311396
153.75,1.3125,0.1284999999999993,176.57936211685683
153.75,1.3375000000000001,0.16230000000000058,223.0259180666624
153.75,1.3625,0.19970000000000074,274.4194444726586
153.75,1.3875000000000002,0.2304999999999988,316.7435250422996
153.75,1.4125,0.289100000000001,397.26921080143006
153.75,1.4375,0.33179999999999826,455.9457770457051
153.75,1.4625000000000001,0.3572000000000013,490.8494019310648
153.75,1.4875,0.39530000000000143,543.2048392590983
153.75,1.5125000000000002,0.4243999999999977,583.1928504466462
153.75,1.5375,0.4451000000000016,611.6379305697562
153.75,1.5625,0.44509999999999766,611.6379305697509
153.75,1.5875000000000001,0.43290000000000156,594.8731973571051
153.75,1.6125,0.4240000000000015,582.64318706263
153.75,1.6375000000000002,0.41209999999999775,566.2907013879898
153.75,1.6625,0.3882000000000014,533.4483141927193
153.75,1.6875,0.3548999999999981,487.6888374729377
153.75,1.7125000000000001,0.31460000000000116,432.31025153279114
153.75,1.7375,0.276700000000001,380.22964589676826
153.75,1.7625000000000002,0.2421999999999987,332.82117902492394
153.75,1.7875,0.21280000000000077,292.42092029935776
153.75,1.8125,0.18349999999999905,252.1580774197917
153.75,1.8375000000000001,0.16270000000000057,223.57558145068373
153.75,1.8625,0.1367000000000005,187.84746148929605
153.75,1.8875000000000002,0.12459999999999934,171.22014412264872
153.75,1.9125,0.10350000000000037,142.22540061552408
153.75,1.9375,0.0916999999999995,126.01033078689315
153.75,1.9625000000000001,0.08190000000000028,112.54357787837121
153.75,1.9875,0.07760000000000028,106.63469650014173
153.75,2.0125,0.07670000000000027,105.39795388609369
153.75,2.0375,0.08129999999999885,111.71908280233723
153.75,2.0625,0.08150000000000028,111.99391449434987
153.75,2.0875000000000004,0.09890000000000035,135.90427169927855
153.75,2.1125,0.10710000000000039,147.17237107171624
153.75,2.1375,0.13470000000000046,185.0991445691893
153.75,2.1625,0.15819999999999776,217.39186838043972
153.75,2.1875,0.18590000000000065,255.456057723922
153.75,2.2125000000000004,0.2268000000000008,311.65913874010494
153.75,2.2375,0.282800000000001,388.6120125030938
153.75,2.2625,0.33130000000000115,455.25869781568235
153.75,2.2875,0.38739999999999447,532.3489874246671
153.75,2.3125,0.45420000000000166,624.142772556242
153.75,2.3375000000000004,0.5042000000000018,692.8506955589105
153.75,2.3625,0.560600000000002,770.3532327059207
153.75,2.3875,0.631199999999991,867.3688199856734
153.75,2.4125000000000005,0.6733000000000025,925.220891153936
153.75,2.4375,0.7265000000000026,998.3261212287754
153.75,2.4625000000000004,0.7632000000000027,1048.757736712734
153.75,2.4875,0.8048000000000028,1105.9227286509545
153.75,2.5125,0.8202999999999884,1127.2221847817616
153.75,2.5375000000000005,0.839100000000003,1153.0563638307851
153.75,2.5625,0.8462000000000031,1162.8128888971642
153.75,2.5875000000000004,0.8206000000000029,1127.6344323197977
153.75,2.6125,0.7924000000000029,1088.8831637462927
153.75,2.6375,0.7584999999999892,1042.2991919504648
153.75,2.6625000000000005,0.7236000000000025,994.3410616946204
153.75,2.6875,0.6974000000000025,958.3381100412222
153.75,2.7125000000000004,0.6376000000000023,876.1634341300305
153.75,2.7375,0.6107000000000021,839.1985715545947
153.75,2.7625,0.5462999999999922,750.7027667271442
153.75,2.7875000000000005,0.5078000000000018,697.7976660151027
153.75,2.8125,0.4428000000000016,608.4773661116335
153.75,2.8375000000000004,0.3963000000000014,544.5789977191516
153.75,2.8625,0.35690000000000127,490.43715439304873
153.75,2.8875,0.30619999999999564,420.76732046833524
153.75,2.9125000000000005,0.280900000000001,386.0011114289924
153.75,2.9375,0.2494000000000009,342.7151199373112
153.75,2.9625000000000004,0.22820000000000082,313.58296058417966
153.75,2.9875,0.20140000000000075,276.7555138547493
153.75,3.0125,0.18679999999999733,256.6928003379655
153.75,3.0375000000000005,0.18030000000000065,247.76077034762312
153.75,3.0625,0.17960000000000065,246.79885942558576
153.75,3.0875000000000004,0.17280000000000062,237.45458189722282
153.75,3.1125,0.1723000000000006,236.7675026671961
153.75,3.1375,0.17429999999999754,239.51581958729864
153.75,3.1625000000000005,0.18690000000000065,256.8302161839753
153.75,3.1875,0.1940000000000007,266.58674125035435
153.75,3.2125000000000004,0.21200000000000074,291.321593531315
153.75,3.2375,0.2293000000000008,315.0945348902384
153.75,3.2625,0.25249999999999645,346.9750111634705
153.75,3.2875000000000005,0.2563000000000009,352.1968133116794
153.75,3.3125,0.284700000000001,391.22291357719524
153.75,3.3375000000000004,0.31490000000000107,432.72249907080703
153.75,3.3625,0.3321000000000012,456.3580245837252
153.75,3.3875,0.3434999999999951,472.0234310283251
153.75,3.4125000000000005,0.3624000000000013,497.99502592334227
153.75,3.4375,0.3886000000000014,533.9979775767407
153.75,3.4625000000000004,0.3880000000000014,533.1734825007087
153.75,3.4875,0.3956000000000014,543.6170867971142
153.75,3.5125,0.40449999999999425,555.8470970915794
153.75,3.5375000000000005,0.4080000000000015,560.6566517017761
153.75,3.5625,0.3979000000000014,546.7776512552371
153.75,3.5875000000000004,0.4084000000000015,561.2063150857975
153.75,3.6125,0.3964000000000014,544.7164135651569
153.75,3.6375,0.3651999999999948,501.8426696114828
153.75,3.6625000000000005,0.35820000000000124,492.2235603911181
153.75,3.6875,0.34810000000000124,478.3445599445791
153.75,3.7125000000000004,0.3152000000000011,433.13474660882304
153.75,3.7375,0.2986000000000011,410.3237161719371
153.75,3.7625,0.28429999999999594,390.6732501931669
153.75,3.7875000000000005,0.26020000000000093,357.5560313058876
153.75,3.8125,0.2255000000000008,309.87273274203557
153.75,3.8375000000000004,0.22600000000000078,310.5598119720622
153.75,3.8625,0.1955000000000007,268.64797894043437
153.75,3.8875,0.1745999999999975,239.9280671253146
153.75,3.9125000000000005,0.1607000000000006,220.82726453057703
153.75,3.9375,0.1372000000000005,188.53454071932273
153.75,3.9625000000000004,0.12750000000000045,175.20520365680503
153.75,3.9875,0.1097000000000004,150.745183067855
153.75,4.0125,0.0985999999999986,135.49202416126016
153.75,4.0375,0.09050000000000194,124.36134063483246
153.75,4.0625,0.08029999999999887,110.34492434228389
153.75,4.0875,0.06889999999999902,94.6795178976757
153.75,4.112500000000001,0.06010000000000128,82.58692344920917
153.75,4.1375,0.05459999999999922,75.02905191891281
153.75,4.1625,0.0421000000000009,57.852071168248024
153.75,4.1875,0.039299999999999446,54.004427480096595
153.75,4.2125,0.03139999999999955,43.14857564567514
153.75,4.237500000000001,0.03170000000000068,43.5608231836927
153.75,4.2625,0.027199999999999617,37.37711011345108
153.75,4.2875,0.018100000000000387,24.87226812696649
153.75,4.3125,0.019199999999999728,26.383842433024288
153.75,4.3375,0.01609999999999977,22.12395120685891
153.75,4.362500000000001,0.01500000000000032,20.61237690080096
153.75,4.3875,0.011699999999999834,16.077653982624177
153.75,4.4125,0.009800000000000208,13.466752908523292
153.75,4.4375,0.008599999999999877,11.817762756458794
153.75,4.4625,0.006599999999999906,9.069445836352099
153.75,4.487500000000001,0.0062000000000001325,8.519782452331063
153.75,4.5125,0.0050999999999999275,7.008208146272077
153.75,4.5375,0.004000000000000085,5.496633840213589
153.75,4.5625,0.004699999999999933,6.458544762250738
153.75,4.5875,0.0028999999999999586,3.98505953415471
153.75,4.612500000000001,0.003000000000000064,4.122475380160191
153.75,4.6375,0.0017999999999999746,2.473485228096027
153.75,4.6625,0.001500000000000032,2.0612376900800955
153.75,4.6875,0.0014999999999999786,2.0612376900800222
153.75,4.7125,0.001999999999999972,2.748316920106697
153.75,4.737500000000001,0.0013000000000000277,1.7864059980694162
153.75,4.7625,0.000999999999999986,1.3741584600533485
153.75,4.7875000000000005,0.000999999999999986,1.3741584600533485
153.75,4.8125,0.0003000000000000064,0.4122475380160192
153.75,4.8375,9.999999999999858e-05,0.13741584600533485
153.75,4.862500000000001,0.0003000000000000064,0.4122475380160192
153.75,4.8875,0.000499999999999993,0.6870792300266743
153.75,4.9125000000000005,0.00019999999999999716,0.2748316920106697
153.75,4.9375,0.00010000000000000215,0.13741584600533974
153.75,4.9625,0.00019999999999999716,0.2748316920106697
153.75,4.987500000000001,0.0,0.0
153.75,5.0125,0.0,0.0
153.75,5.0375000000000005,0.0,0.0
153.75,5.0625,0.0,0.0
153.75,5.0875,0.00019999999999999716,0.2748316920106697
153.75,5.112500000000001,0.0,0.0
153.75,5.1375,0.0,0.0
153.75,5.1625000000000005,9.999999999999858e-05,0.13741584600533485
153.75,5.1875,0.0,0.0
153.75,5.2125,0.0,0.0
153.75,5.237500000000001,0.0,0.0
153.75,5.2625,0.0,0.0
153.75,5.2875000000000005,0.0,0.0
153.75,5.3125,0.0,0.0
153.75,5.3375,0.0,0.0
153.75,5.362500000000001,0.0,0.0
153.75,5.3875,0.0,0.0
153.75,5.4125000000000005,0.0,0.0
153.75,5.4375,0.0,0.0
153.75,5.4625,0.0,0.0
153.75,5.487500000000001,0.0,0.0
153.75,5.5125,0.0,0.0
153.75,5.5375000000000005,0.0,0.0
153.75,5.5625,0.0,0.0
153.75,5.5875,0.0,0.0
153.75,5.612500000000001,0.0,0.0
153.75,5.6375,0.0,0.0
153.75,5.6625000000000005,0.0,0.0
153.75,5.6875,0.0,0.0
153.75,5.7125,0.0,0.0
153.75,5.737500000000001,0.0,0.0
153.75,5.7625,0.0,0.0
153.75,5.7875000000000005,0.0,0.0
153.75,5.8125,0.0,0.0
153.75,5.8375,0.0,0.0
153.75,5.862500000000001,0.0,0.0
153.75,5.8875,0.0,0.0
153.75,5.9125000000000005,0.0,0.0
153.75,5.9375,0.0,0.0
153.75,5.9625,0.0,0.0
153.75,5.987500000000001,0.0,0.0
153.75,6.0125,0.0,0.0
153.75,6.0375000000000005,0.0,0.0
153.75,6.0625,0.0,0.0
153.75,6.0875,0.0,0.0
153.75,6.112500000000001,0.0,0.0
153.75,6.1375,0.0,0.0
153.75,6.1625000000000005,0.0,0.0
153.75,6.1875,0.0,0.0
153.75,6.2125,0.0,0.0
153.75,6.237500000000001,0.0,0.0
153.75,6.2625,0.0,0.0
153.75,6.2875000000000005,0.0,0.0
153.75,6.3125,0.0,0.0
153.75,6.3375,0.0,0.0
153.75,6.362500000000001,0.0,0.0
153.75,6.3875,0.0,0.0
153.75,6.4125000000000005,0.0,0.0
153.75,6.4375,0.0,0.0
153.75,6.4625,0.0,0.0
153.75,6.487500000000001,0.0,0.0
153.75,6.5125,0.0,0.0
153.75,6.5375000000000005,0.0,0.0
153.75,6.5625,0.0,0.0
153.75,6.5875,0.0,0.0
153.75,6.612500000000001,0.0,0.0
153.75,6.6375,0.0,0.0
153.75,6.6625000000000005,0.0,0.0
153.75,6.6875,0.0,0.0
153.75,6.7125,0.0,0.0
153.75,6.737500000000001,0.0,0.0
153.75,6.7625,0.0,0.0
153.75,6.7875000000000005,0.0,0.0
153.75,6.8125,0.0,0.0
153.75,6.8375,0.0,0.0
153.75,6.862500000000001,0.0,0.0
153.75,6.8875,0.0,0.0
153.75,6.9125000000000005,0.0,0.0
153.75,6.9375,0.0,0.0
153.75,6.9625,0.0,0.0
153.75,6.987500000000001,0.0,0.0
156.25,0.0125,0.0,0.0
156.25,0.037500000000000006,0.0,0.0
156.25,0.0625,0.0,0.0
156.25,0.08750000000000001,0.0,0.0
156.25,0.1125,0.0,0.0
156.25,0.1375,0.0,0.0
156.25,0.16250000000000003,0.0,0.0
156.25,0.1875,0.0009000000000000003,0.9661378605254933
156.25,0.21250000000000002,0.0022000000000000006,2.3616703257289835
156.25,0.2375,0.008000000000000002,8.58789209355994
156.25,0.2625,0.017799999999999983,19.108059908170844
156.25,0.28750000000000003,0.03409999999999997,36.6058900487992
156.25,0.3125,0.0689000000000001,73.96322065578508
156.25,0.3375,0.10069999999999991,108.10009172768562
156.25,0.36250000000000004,0.1456000000000002,156.29963610279108
156.25,0.3875,0.17989999999999984,193.12022345392893
156.25,0.41250000000000003,0.21849999999999983,234.55680280535563
156.25,0.4375,0.2209000000000003,237.1331704334241
156.25,0.4625,0.2223999999999998,238.74340020096605
156.25,0.48750000000000004,0.19920000000000027,213.83851312964273
156.25,0.5125,0.15769999999999984,169.2888228943001
156.25,0.5375000000000001,0.13979999999999987,150.07341433495978
156.25,0.5625,0.1115999999999999,119.80109470516102
156.25,0.5875000000000001,0.08789999999999991,94.35946437798972
156.25,0.6125,0.06470000000000023,69.45457730666625
156.25,0.6375,0.04819999999999995,51.742049863698576
156.25,0.6625000000000001,0.03889999999999996,41.75862530493516
156.25,0.6875,0.030499999999999975,32.741338606697234
156.25,0.7125000000000001,0.02699999999999998,28.98413581576477
156.25,0.7375,0.01910000000000007,20.503592373374424
156.25,0.7625,0.020399999999999984,21.899124838577826
156.25,0.7875000000000001,0.01969999999999998,21.147684280391328
156.25,0.8125,0.015599999999999985,16.746389582441864
156.25,0.8375000000000001,0.014699999999999986,15.78025172191637
156.25,0.8625,0.013300000000000048,14.277370605543448
156.25,0.8875,0.013199999999999988,14.170021954373885
156.25,0.9125000000000001,0.012999999999999987,13.955324652034886
156.25,0.9375,0.01119999999999999,12.023048930983903
156.25,0.9625000000000001,0.008099999999999993,8.69524074472943
156.25,0.9875,0.010100000000000036,10.84221376811946
156.25,1.0125000000000002,0.007099999999999962,7.621754233034404
156.25,1.0375,0.007700000000000027,8.265846140051469
156.25,1.0625,0.006800000000000025,7.299708279525974
156.25,1.0875,0.008599999999999953,9.231984000576883
156.25,1.1125,0.009200000000000033,9.876075907593965
156.25,1.1375000000000002,0.01299999999999993,13.955324652034824
156.25,1.1625,0.018600000000000068,19.96684911752693
156.25,1.1875,0.02649999999999986,28.447392559917144
156.25,1.2125000000000001,0.03670000000000013,39.396954979206356
156.25,1.2375,0.050000000000000176,53.6743255847498
156.25,1.2625000000000002,0.0728999999999996,78.2571667025645
156.25,1.2875,0.09470000000000033,101.65917265751612
156.25,1.3125,0.12359999999999934,132.68293284550032
156.25,1.3375000000000001,0.16370000000000057,175.72974196447083
156.25,1.3625,0.20690000000000072,222.10435926969467
156.25,1.3875000000000002,0.2387999999999987,256.3485789927628
156.25,1.4125,0.283800000000001,304.65547201903985
156.25,1.4375,0.3263999999999983,350.38599741724363
156.25,1.4625000000000001,0.3601000000000013,386.5624928613681
156.25,1.4875,0.3911000000000014,419.840574723913
156.25,1.5125000000000002,0.43159999999999765,463.31677844755615
156.25,1.5375,0.4312000000000015,462.8873838428823
156.25,1.5625,0.43759999999999766,469.7576975177261
156.25,1.5875000000000001,0.43890000000000157,471.1532299829338
156.25,1.6125,0.42590000000000156,457.1979053308989
156.25,1.6375000000000002,0.4155999999999978,446.1409942604364
156.25,1.6625,0.3827000000000013,410.82328802567497
156.25,1.6875,0.3446999999999982,370.0308005812619
156.25,1.7125000000000001,0.31280000000000113,335.7865808581948
156.25,1.7375,0.28840000000000104,309.5935099728369
156.25,1.7625000000000002,0.2499999999999987,268.37162792374664
156.25,1.7875,0.2204000000000008,236.59642717757714
156.25,1.8125,0.18279999999999905,196.23333433784356
156.25,1.8375000000000001,0.1677000000000006,180.02368801125084
156.25,1.8625,0.13560000000000047,145.56477098584145
156.25,1.8875000000000002,0.12389999999999934,133.00497879900882
156.25,1.9125,0.10290000000000037,110.4617620534151
156.25,1.9375,0.0933999999999995,100.26364019231174
156.25,1.9625000000000001,0.0844000000000003,90.60226158705767
156.25,1.9875,0.07840000000000028,84.16134251688769
156.25,2.0125,0.08050000000000028,86.41566419144718
156.25,2.0375,0.07779999999999888,83.5172506098692
156.25,2.0625,0.0870000000000003,93.39332651746464
156.25,2.0875000000000004,0.09840000000000035,105.63107275078761
156.25,2.1125,0.1126000000000004,120.87458121685655
156.25,2.1375,0.1339000000000005,143.73984391596
156.25,2.1625,0.15699999999999775,168.53738233611136
156.25,2.1875,0.1943000000000007,208.57842922233775
156.25,2.2125000000000004,0.22920000000000082,246.04310848049312
156.25,2.2375,0.28240000000000104,303.15259090266693
156.25,2.2625,0.3374000000000012,362.19434904589167
156.25,2.2875,0.3813999999999946,409.4277555604642
156.25,2.3125,0.4328000000000015,464.60496226159427
156.25,2.3375000000000004,0.49420000000000175,530.517034079667
156.25,2.3625,0.550500000000002,590.9543246880954
156.25,2.3875,0.6264999999999911,672.5392995769031
156.25,2.4125000000000005,0.6606000000000023,709.1451896257144
156.25,2.4375,0.7173000000000026,770.0118748388207
156.25,2.4625000000000004,0.7601000000000027,815.9570975393665
156.25,2.4875,0.8017000000000029,860.6141364258783
156.25,2.5125,0.8079999999999885,867.3771014495414
156.25,2.5375000000000005,0.8363000000000029,897.7567697305252
156.25,2.5625,0.824000000000003,884.5528856366768
156.25,2.5875000000000004,0.8267000000000029,887.4512992182532
156.25,2.6125,0.7982000000000029,856.8569336349459
156.25,2.6375,0.7663999999999891,822.7200625630304
156.25,2.6625000000000005,0.7336000000000026,787.5097049794491
156.25,2.6875,0.6877000000000024,738.2366740926487
156.25,2.7125000000000004,0.6506000000000024,698.4103245087646
156.25,2.7375,0.5932000000000021,636.7921987374716
156.25,2.7625,0.5430999999999923,583.010524501542
156.25,2.7875000000000005,0.4934000000000018,529.6582448703111
156.25,2.8125,0.4487000000000016,481.67339779754474
156.25,2.8375000000000004,0.40120000000000144,430.68278849203244
156.25,2.8625,0.35410000000000125,380.1215737911981
156.25,2.8875,0.31349999999999556,336.53802141637533
156.25,2.9125000000000005,0.289600000000001,310.88169378687087
156.25,2.9375,0.25320000000000087,271.806784761173
156.25,2.9625000000000004,0.2169000000000008,232.83922438664467
156.25,2.9875,0.21370000000000075,229.40406754922066
156.25,3.0125,0.19559999999999722,209.9739616875375
156.25,3.0375000000000005,0.18580000000000066,199.45379387293028
156.25,3.0625,0.1723000000000006,184.9617259650478
156.25,3.0875000000000004,0.1747000000000006,187.5380935931158
156.25,3.1125,0.17310000000000061,185.82051517440382
156.25,3.1375,0.17989999999999742,193.12022345392634
156.25,3.1625000000000005,0.18370000000000067,197.19947219837078
156.25,3.1875,0.1990000000000007,213.6238158273042
156.25,3.2125000000000004,0.21500000000000075,230.79960001442413
156.25,3.2375,0.22790000000000082,244.64757601528962
156.25,3.2625,0.24659999999999652,264.72177378398135
156.25,3.2875000000000005,0.27030000000000093,290.1634041111574
156.25,3.3125,0.290700000000001,312.06252894973534
156.25,3.3375000000000004,0.3089000000000011,331.5999834625843
156.25,3.3625,0.32270000000000115,346.4140973239752
156.25,3.3875,0.35519999999999496,381.30240895405586
156.25,3.4125000000000005,0.3628000000000013,389.4609064429446
156.25,3.4375,0.38310000000000133,411.252682630353
156.25,3.4625000000000004,0.3851000000000014,413.399655653743
156.25,3.4875,0.40360000000000146,433.25915612010044
156.25,3.5125,0.3954999999999944,424.5639153753634
156.25,3.5375000000000005,0.42030000000000145,451.1863808654068
156.25,3.5625,0.4202000000000015,451.0790322142374
156.25,3.5875000000000004,0.40180000000000143,431.3268803990494
156.25,3.6125,0.3990000000000014,428.32111816630345
156.25,3.6375,0.3717999999999947,399.1222850481924
156.25,3.6625000000000005,0.35740000000000127,383.6640792797916
156.25,3.6875,0.3447000000000012,370.03080058126517
156.25,3.7125000000000004,0.3210000000000011,344.5891702540937
156.25,3.7375,0.3040000000000011,326.3398995552788
156.25,3.7625,0.29009999999999586,311.4184370427128
156.25,3.7875000000000005,0.25670000000000087,275.56398755210546
156.25,3.8125,0.23690000000000083,254.30895462054457
156.25,3.8375000000000004,0.21740000000000076,233.37596764249213
156.25,3.8625,0.1898000000000007,203.74773991971028
156.25,3.8875,0.1836999999999974,197.1994721983673
156.25,3.9125000000000005,0.1657000000000006,177.87671498786085
156.25,3.9375,0.14170000000000052,152.11303870718095
156.25,3.9625000000000004,0.11980000000000042,128.60368410106054
156.25,3.9875,0.1140000000000004,122.37746233322956
156.25,4.0125,0.10499999999999851,112.71608372797259
156.25,4.0375,0.08630000000000185,92.64188595927982
156.25,4.0625,0.07599999999999892,81.58497488881825
156.25,4.0875,0.06879999999999901,73.85587200461441
156.25,4.112500000000001,0.057000000000001216,61.18873116661587
156.25,4.1375,0.051199999999999274,54.96250939878282
156.25,4.1625,0.04130000000000088,44.33499293300412
156.25,4.1875,0.04039999999999943,43.368855072477075
156.25,4.2125,0.03199999999999955,34.35156837423927
156.25,4.237500000000001,0.03150000000000067,33.81482511839298
156.25,4.2625,0.02549999999999964,27.37390604822192
156.25,4.2875,0.02260000000000048,24.260795164307343
156.25,4.3125,0.01889999999999973,20.288895071035064
156.25,4.3375,0.015699999999999777,16.85373823361114
156.25,4.362500000000001,0.014200000000000303,15.243508466069216
156.25,4.3875,0.012499999999999822,13.418581396187212
156.25,4.4125,0.010200000000000218,10.949562419289155
156.25,4.4375,0.007599999999999892,8.158497488881826
156.25,4.4625,0.007499999999999894,8.051148837712327
156.25,4.487500000000001,0.005800000000000124,6.226221767831087
156.25,4.5125,0.007599999999999892,8.158497488881826
156.25,4.5375,0.0047000000000001,5.045386604966571
156.25,4.5625,0.004399999999999938,4.7233406514578995
156.25,4.5875,0.003999999999999944,4.293946046779909
156.25,4.612500000000001,0.002300000000000049,2.4690189768985347
156.25,4.6375,0.0028999999999999586,3.113110883915433
156.25,4.6625,0.0027000000000000574,2.898413581576541
156.25,4.6875,0.0012999999999999815,1.3955324652034702
156.25,4.7125,0.0007999999999999887,0.8587892093559816
156.25,4.737500000000001,0.0008000000000000172,0.8587892093560122
156.25,4.7625,0.0012999999999999815,1.3955324652034702
156.25,4.7875000000000005,0.00039999999999999433,0.4293946046779908
156.25,4.8125,0.0004000000000000086,0.4293946046780061
156.25,4.8375,0.00019999999999999716,0.2146973023389954
156.25,4.862500000000001,0.0005000000000000106,0.5367432558475076
156.25,4.8875,0.0005999999999999915,0.6440919070169863
156.25,4.9125000000000005,0.000499999999999993,0.5367432558474886
156.25,4.9375,0.00010000000000000215,0.10734865116950153
156.25,4.9625,9.999999999999858e-05,0.1073486511694977
156.25,4.987500000000001,0.0,0.0
156.25,5.0125,0.0,0.0
156.25,5.0375000000000005,0.0,0.0
156.25,5.0625,0.0,0.0
156.25,5.0875,9.999999999999858e-05,0.1073486511694977
156.25,5.112500000000001,0.00010000000000000215,0.10734865116950153
156.25,5.1375,9.999999999999858e-05,0.1073486511694977
156.25,5.1625000000000005,0.0,0.0
156.25,5.1875,0.0,0.0
156.25,5.2125,0.0,0.0
156.25,5.237500000000001,0.0,0.0
156.25,5.2625,0.0,0.0
156.25,5.2875000000000005,0.0,0.0
156.25,5.3125,0.0,0.0
156.25,5.3375,0.0,0.0
156.25,5.362500000000001,0.0,0.0
156.25,5.3875,0.0,0.0
156.25,5.4125000000000005,0.0,0.0
156.25,5.4375,0.0,0.0
156.25,5.4625,0.0,0.0
156.25,5.487500000000001,0.0,0.0
156.25,5.5125,0.0,0.0
156.25,5.5375000000000005,0.0,0.0
156.25,5.5625,0.0,0.0
156.25,5.5875,0.0,0.0
156.25,5.612500000000001,0.0,0.0
156.25,5.6375,0.0,0.0
156.25,5.6625000000000005,0.0,0.0
156.25,5.6875,0.0,0.0
156.25,5.7125,0.0,0.0
156.25,5.737500000000001,0.0,0.0
156.25,5.7625,0.0,0.0
156.25,5.7875000000000005,0.0,0.0
156.25,5.8125,0.0,0.0
156.25,5.8375,0.0,0.0
156.25,5.862500000000001,0.0,0.0
156.25,5.8875,0.0,0.0
156.25,5.9125000000000005,0.0,0.0
156.25,5.9375,0.0,0.0
156.25,5.9625,0.0,0.0
156.25,5.987500000000001,0.0,0.0
156.25,6.0125,0.0,0.0
156.25,6.0375000000000005,0.0,0.0
156.25,6.0625,0.0,0.0
156.25,6.0875,0.0,0.0
156.25,6.112500000000001,0.0,0.0
156.25,6.1375,0.0,0.0
156.25,6.1625000000000005,0.0,0.0
156.25,6.1875,0.0,0.0
156.25,6.2125,0.0,0.0
156.25,6.237500000000001,0.0,0.0
156.25,6.2625,0.0,0.0
156.25,6.2875000000000005,0.0,0.0
156.25,6.3125,0.0,0.0
156.25,6.3375,0.0,0.0
156.25,6.362500000000001,0.0,0.0
156.25,6.3875,0.0,0.0
156.25,6.4125000000000005,0.0,0.0
156.25,6.4375,0.0,0.0
156.25,6.4625,0.0,0.0
156.25,6.487500000000001,0.0,0.0
156.25,6.5125,0.0,0.0
156.25,6.5375000000000005,0.0,0.0
156.25,6.5625,0.0,0.0
156.25,6.5875,0.0,0.0
156.25,6.612500000000001,0.0,0.0
156.25,6.6375,0.0,0.0
156.25,6.6625000000000005,0.0,0.0
156.25,6.6875,0.0,0.0
156.25,6.7125,0.0,0.0
156.25,6.737500000000001,0.0,0.0
156.25,6.7625,0.0,0.0
156.25,6.7875000000000005,0.0,0.0
156.25,6.8125,0.0,0.0
156.25,6.8375,0.0,0.0
156.25,6.862500000000001,0.0,0.0
156.25,6.8875,0.0,0.0
156.25,6.9125000000000005,0.0,0.0
156.25,6.9375,0.0,0.0
156.25,6.9625,0.0,0.0
156.25,6.987500000000001,0.0,0.0
158.75,0.0125,0.0,0.0
158.75,0.037500000000000006,0.0,0.0
158.75,0.0625,0.0,0.0
158.75,0.08750000000000001,0.0,0.0
158.75,0.1125,0.0,0.0
158.75,0.1375,0.0,0.0
158.75,0.16250000000000003,0.00010000000000000003,0.0831640867498878
158.75,0.1875,0.0006000000000000002,0.49898452049932673
158.75,0.21250000000000002,0.0022000000000000006,1.8296099084975315
158.75,0.2375,0.006400000000000002,5.322501551992819
158.75,0.2625,0.020299999999999985,16.882309610227203
158.75,0.28750000000000003,0.03719999999999997,30.937040270958224
158.75,0.3125,0.06320000000000009,52.55970282592914
158.75,0.3375,0.10209999999999991,84.91053257163534
158.75,0.36250000000000004,0.15150000000000022,125.99359142608016
158.75,0.3875,0.17449999999999985,145.12133137855403
158.75,0.41250000000000003,0.20669999999999983,171.90016731201789
158.75,0.4375,0.21900000000000028,182.12934998225444
158.75,0.4625,0.2189999999999998,182.12934998225404
158.75,0.48750000000000004,0.19630000000000028,163.25110229002993
158.75,0.5125,0.17299999999999985,143.87387007730572
158.75,0.5375000000000001,0.13339999999999988,110.94089172435018
158.75,0.5625,0.1098999999999999,91.39733133812658
158.75,0.5875000000000001,0.08689999999999992,72.2695913856524
158.75,0.6125,0.06770000000000025,56.30208672967422
158.75,0.6375,0.051699999999999954,42.995832849691936
158.75,0.6625000000000001,0.038499999999999965,32.018173398706764
158.75,0.6875,0.03359999999999997,27.943133147962264
158.75,0.7125000000000001,0.02559999999999998,21.290006207971253
158.75,0.7375,0.02320000000000008,19.29406812597403
158.75,0.7625,0.018999999999999982,15.801176482478661
158.75,0.7875000000000001,0.018399999999999986,15.302191961979338
158.75,0.8125,0.017099999999999983,14.221058834230794
158.75,0.8375000000000001,0.015399999999999985,12.807269359482705
158.75,0.8625,0.015300000000000053,12.724105272732873
158.75,0.8875,0.013099999999999988,10.894495364235288
158.75,0.9125000000000001,0.010899999999999991,9.064885455737759
158.75,0.9375,0.01059999999999999,8.815393195488095
158.75,0.9625000000000001,0.011999999999999988,9.979690409986523
158.75,0.9875,0.009900000000000036,8.233244588238918
158.75,1.0125000000000002,0.00759999999999996,6.3204705929914375
158.75,1.0375,0.00840000000000003,6.985783286990598
158.75,1.0625,0.006600000000000023,5.488829725492613
158.75,1.0875,0.007999999999999959,6.653126939990987
158.75,1.1125,0.012000000000000042,9.979690409986567
158.75,1.1375000000000002,0.012199999999999935,10.146018583486253
158.75,1.1625,0.017800000000000062,14.803207441480074
158.75,1.1875,0.025699999999999862,21.373170294721042
158.75,1.2125000000000001,0.037900000000000135,31.519188878207576
158.75,1.2375,0.04980000000000018,41.41571520144426
158.75,1.2625000000000002,0.06999999999999963,58.21486072492113
158.75,1.2875,0.10130000000000036,84.24521987763661
158.75,1.3125,0.13259999999999927,110.27557903035058
158.75,1.3375000000000001,0.16580000000000059,137.88605583131442
158.75,1.3625,0.21160000000000076,175.97520756276316
158.75,1.3875000000000002,0.2418999999999987,201.17392584797744
158.75,1.4125,0.274900000000001,228.61807447544228
158.75,1.4375,0.32569999999999827,270.865430544383
158.75,1.4625000000000001,0.36250000000000127,301.4698144683442
158.75,1.4875,0.3903000000000014,324.58943058481316
158.75,1.5125000000000002,0.4314999999999977,358.8530343257638
158.75,1.5375,0.43870000000000153,364.8408485717589
158.75,1.5625,0.44189999999999763,367.5020993477521
158.75,1.5875000000000001,0.4471000000000016,371.8266318587496
158.75,1.6125,0.4253000000000015,353.69686094727393
158.75,1.6375000000000002,0.4073999999999978,338.81048941904095
158.75,1.6625,0.37620000000000137,312.8632943530789
158.75,1.6875,0.35109999999999814,291.9891085788544
158.75,1.7125000000000001,0.3201000000000011,266.20824168639166
158.75,1.7375,0.286500000000001,238.26510853842927
158.75,1.7625000000000002,0.2594999999999986,215.8108051159576
158.75,1.7875,0.23320000000000082,193.93865030073897
158.75,1.8125,0.186499999999999,155.10102178853987
158.75,1.8375000000000001,0.17000000000000062,141.37894747480973
158.75,1.8625,0.1406000000000005,116.92870597034262
158.75,1.8875000000000002,0.12229999999999934,101.7096780951122
158.75,1.9125,0.10340000000000037,85.99166569938426
158.75,1.9375,0.0943999999999995,78.50689789189364
158.75,1.9625000000000001,0.08800000000000031,73.1843963399015
158.75,1.9875,0.07900000000000029,65.69962853241158
158.75,2.0125,0.07590000000000027,63.12154184316504
158.75,2.0375,0.08129999999999885,67.61240252765779
158.75,2.0625,0.0843000000000003,70.10732513015564
158.75,2.0875000000000004,0.09580000000000034,79.67119510639277
158.75,2.1125,0.1123000000000004,93.3932694201243
158.75,2.1375,0.13320000000000048,110.77456355085091
158.75,2.1625,0.15789999999999774,131.3160929780709
158.75,2.1875,0.19190000000000068,159.59188247303518
158.75,2.2125000000000004,0.22260000000000077,185.12325710525081
158.75,2.2375,0.2673000000000009,222.29760388245077
158.75,2.2625,0.3289000000000012,273.52668132038184
158.75,2.2875,0.3870999999999945,321.92817980881097
158.75,2.3125,0.42500000000000154,353.4473686870243
158.75,2.3375000000000004,0.5021000000000018,417.56687957118794
158.75,2.3625,0.559400000000002,465.21990127887386
158.75,2.3875,0.6194999999999912,515.2015174155474
158.75,2.4125000000000005,0.6832000000000025,568.1770406752353
158.75,2.4375,0.6998000000000025,581.9822790757167
158.75,2.4625000000000004,0.7604000000000026,632.3797156461488
158.75,2.4875,0.7745000000000029,644.1058518778832
158.75,2.5125,0.8290999999999882,689.5134432433097
158.75,2.5375000000000005,0.8156000000000029,678.286291532087
158.75,2.5625,0.8201000000000029,682.028675435832
158.75,2.5875000000000004,0.813900000000003,676.872502057339
158.75,2.6125,0.7881000000000028,655.4161676758679
158.75,2.6375,0.772899999999989,642.7752264898735
158.75,2.6625000000000005,0.7318000000000026,608.5947868356808
158.75,2.6875,0.6910000000000024,574.6638394417265
158.75,2.7125000000000004,0.6307000000000023,524.5158951315441
158.75,2.7375,0.5930000000000021,493.1630344268362
158.75,2.7625,0.5412999999999922,450.16720157713604
158.75,2.7875000000000005,0.5049000000000018,419.89547400018483
158.75,2.8125,0.4464000000000016,371.2444832515003
158.75,2.8375000000000004,0.3837000000000014,319.10060085932054
158.75,2.8625,0.35660000000000125,296.5631333501008
158.75,2.8875,0.3227999999999954,268.4536720286339
158.75,2.9125000000000005,0.28310000000000096,235.43752958893307
158.75,2.9375,0.24260000000000087,201.75607445522846
158.75,2.9625000000000004,0.2269000000000008,188.69931283549602
158.75,2.9875,0.21230000000000074,176.55735617001235
158.75,3.0125,0.19779999999999717,164.49856359127565
158.75,3.0375000000000005,0.17850000000000066,148.44789484855022
158.75,3.0625,0.17830000000000062,148.2815666750504
158.75,3.0875000000000004,0.17580000000000062,146.20246450630322
158.75,3.1125,0.17630000000000062,146.61828494005266
158.75,3.1375,0.1825999999999974,151.85762240529291
158.75,3.1625000000000005,0.18850000000000067,156.764303523539
158.75,3.1875,0.20680000000000073,171.9833313987685
158.75,3.2125000000000004,0.21620000000000078,179.800755553258
158.75,3.2375,0.22610000000000083,188.03400014149693
158.75,3.2625,0.24449999999999653,203.3361921034727
158.75,3.2875000000000005,0.2588000000000009,215.22865650871032
158.75,3.3125,0.29190000000000105,242.75596922292328
158.75,3.3375000000000004,0.3100000000000011,257.80866892465303
158.75,3.3625,0.32830000000000115,273.0276967998825
158.75,3.3875,0.34669999999999507,288.3298887618568
158.75,3.4125000000000005,0.3606000000000013,299.8896968200964
158.75,3.4375,0.37830000000000136,314.6097401748266
158.75,3.4625000000000004,0.39130000000000137,325.421071452312
158.75,3.4875,0.40020000000000144,332.82267517305206
158.75,3.5125,0.40819999999999423,339.4758021130371
158.75,3.5375000000000005,0.42230000000000145,351.20193834477726
158.75,3.5625,0.4020000000000014,334.31962873455
158.75,3.5875000000000004,0.39330000000000137,327.0843531873097
158.75,3.6125,0.3910000000000014,325.1715791920623
158.75,3.6375,0.3813999999999946,317.18782686406746
158.75,3.6625000000000005,0.3634000000000013,302.2182912490932
158.75,3.6875,0.3410000000000012,283.5895358171183
158.75,3.7125000000000004,0.33280000000000115,276.77008070362746
158.75,3.7375,0.29450000000000104,244.91823547842034
158.75,3.7625,0.27689999999999604,230.28135621043594
158.75,3.7875000000000005,0.26050000000000095,216.64244598345843
158.75,3.8125,0.24610000000000087,204.66681749147452
158.75,3.8375000000000004,0.21460000000000076,178.47013016525977
158.75,3.8625,0.1923000000000007,159.92453882003477
158.75,3.8875,0.1825999999999974,151.85762240529291
158.75,3.9125000000000005,0.1713000000000006,142.46008060255824
158.75,3.9375,0.14540000000000053,120.92058213433725
158.75,3.9625000000000004,0.13090000000000046,108.86178955560348
158.75,3.9875,0.1140000000000004,94.8070588948724
158.75,4.0125,0.09979999999999857,82.9977585763868
158.75,4.0375,0.08670000000000186,72.10326321215425
158.75,4.0625,0.08209999999999884,68.27771522165689
158.75,4.0875,0.06589999999999907,54.80513316817527
158.75,4.112500000000001,0.05860000000000125,48.73415483543527
158.75,4.1375,0.04999999999999929,41.58204337494329
158.75,4.1625,0.04560000000000097,37.922823557949634
158.75,4.1875,0.04169999999999941,34.67942417470271
158.75,4.2125,0.0350999999999995,29.19059444921019
158.75,4.237500000000001,0.03430000000000073,28.525281755212113
158.75,4.2625,0.02669999999999962,22.20481116221972
158.75,4.2875,0.022900000000000486,19.044575865724703
158.75,4.3125,0.019499999999999722,16.216996916227885
158.75,4.3375,0.017799999999999747,14.803207441479811
158.75,4.362500000000001,0.013700000000000292,11.393479884734868
158.75,4.3875,0.014699999999999791,12.225120752233329
158.75,4.4125,0.01030000000000022,8.565900935238624
158.75,4.4375,0.00919999999999987,7.651095980989567
158.75,4.4625,0.007199999999999898,5.987814245991835
158.75,4.487500000000001,0.0066000000000001405,5.488829725492709
158.75,4.5125,0.006099999999999913,5.073009291743081
158.75,4.5375,0.004500000000000096,3.7423839037450293
158.75,4.5625,0.002999999999999957,2.4949226024965974
158.75,4.5875,0.003999999999999944,3.326563469995464
158.75,4.612500000000001,0.0034000000000000727,2.8275789494962447
158.75,4.6375,0.0020999999999999704,1.7464458217476184
158.75,4.6625,0.0017000000000000363,1.4137894747481223
158.75,4.6875,0.001199999999999983,0.997969040998639
158.75,4.7125,0.000999999999999986,0.831640867498866
158.75,4.737500000000001,0.0005000000000000106,0.4158204337494477
158.75,4.7625,0.000999999999999986,0.831640867498866
158.75,4.7875000000000005,0.0007999999999999887,0.6653126939990928
158.75,4.8125,0.0002000000000000043,0.1663281734997791
158.75,4.8375,0.00029999999999999575,0.24949226024965976
158.75,4.862500000000001,0.0002000000000000043,0.1663281734997791
158.75,4.8875,0.00019999999999999716,0.1663281734997732
158.75,4.9125000000000005,0.0,0.0
158.75,4.9375,0.0,0.0
158.75,4.9625,9.999999999999858e-05,0.0831640867498866
158.75,4.987500000000001,0.00010000000000000215,0.08316408674988955
158.75,5.0125,0.0,0.0
158.75,5.0375000000000005,0.0,0.0
158.75,5.0625,0.0,0.0
158.75,5.0875,0.0,0.0
158.75,5.112500000000001,0.00010000000000000215,0.08316408674988955
158.75,5.1375,9.999999999999858e-05,0.0831640867498866
158.75,5.1625000000000005,9.999999999999858e-05,0.0831640867498866
158.75,5.1875,0.0,0.0
158.75,5.2125,0.0,0.0
158.75,5.237500000000001,0.0,0.0
158.75,5.2625,9.999999999999858e-05,0.0831640867498866
158.75,5.2875000000000005,0.0,0.0
158.75,5.3125,0.0,0.0
158.75,5.3375,0.0,0.0
158.75,5.362500000000001,0.0,0.0
158.75,5.3875,0.0,0.0
158.75,5.4125000000000005,0.0,0.0
158.75,5.4375,0.0,0.0
158.75,5.4625,0.0,0.0
158.75,5.487500000000001,0.0,0.0
158.75,5.5125,0.0,0.0
158.75,5.5375000000000005,0.0,0.0
158.75,5.5625,0.0,0.0
158.75,5.5875,0.0,0.0
158.75,5.612500000000001,0.0,0.0
158.75,5.6375,0.0,0.0
158.75,5.6625000000000005,0.0,0.0
158.75,5.6875,0.0,0.0
158.75,5.7125,0.0,0.0
158.75,5.737500000000001,0.0,0.0
158.75,5.7625,0.0,0.0
158.75,5.7875000000000005,0.0,0.0
158.75,5.8125,0.0,0.0
158.75,5.8375,0.0,0.0
158.75,5.862500000000001,0.0,0.0
158.75,5.8875,0.0,0.0
158.75,5.9125000000000005,0.0,0.0
158.75,5.9375,0.0,0.0
158.75,5.9625,0.0,0.0
158.75,5.987500000000001,0.0,0.0
158.75,6.0125,0.0,0.0
158.75,6.0375000000000005,0.0,0.0
158.75,6.0625,0.0,0.0
158.75,6.0875,0.0,0.0
158.75,6.112500000000001,0.0,0.0
158.75,6.1375,0.0,0.0
158.75,6.1625000000000005,0.0,0.0
158.75,6.1875,0.0,0.0
158.75,6.2125,0.0,0.0
158.75,6.237500000000001,0.0,0.0
158.75,6.2625,0.0,0.0
158.75,6.2875000000000005,0.0,0.0
158.75,6.3125,0.0,0.0
158.75,6.3375,0.0,0.0
158.75,6.362500000000001,0.0,0.0
158.75,6.3875,0.0,0.0
158.75,6.4125000000000005,0.0,0.0
158.75,6.4375,0.0,0.0
158.75,6.4625,0.0,0.0
158.75,6.487500000000001,0.0,0.0
158.75,6.5125,0.0,0.0
158.75,6.5375000000000005,0.0,0.0
158.75,6.5625,0.0,0.0
158.75,6.5875,0.0,0.0
158.75,6.612500000000001,0.0,0.0
158.75,6.6375,0.0,0.0
158.75,6.6625000000000005,0.0,0.0
158.75,6.6875,0.0,0.0
158.75,6.7125,0.0,0.0
158.75,6.737500000000001,0.0,0.0
158.75,6.7625,0.0,0.0
158.75,6.7875000000000005,0.0,0.0
158.75,6.8125,0.0,0.0
158.75,6.8375,0.0,0.0
158.75,6.862500000000001,0.0,0.0
158.75,6.8875,0.0,0.0
158.75,6.9125000000000005,0.0,0.0
158.75,6.9375,0.0,0.0
158.75,6.9625,0.0,0.0
158.75,6.987500000000001,0.0,0.0
161.25,0.0125,0.0,0.0
161.25,0.037500000000000006,0.0,0.0
161.25,0.0625,0.0,0.0
161.25,0.08750000000000001,0.0,0.0
161.25,0.1125,0.0,0.0
161.25,0.1375,0.0,0.0
161.25,0.16250000000000003,0.00020000000000000006,0.12792459241667664
161.25,0.1875,0.0005000000000000001,0.31981148104169155
161.25,0.21250000000000002,0.0025000000000000005,1.5990574052084576
161.25,0.2375,0.007000000000000002,4.477360734583682
161.25,0.2625,0.015899999999999987,10.170005097125781
161.25,0.28750000000000003,0.03419999999999997,21.875105303251676
161.25,0.3125,0.06650000000000009,42.53492697854502
161.25,0.3375,0.10259999999999991,65.62531590975503
161.25,0.36250000000000004,0.13820000000000018,88.39589335992365
161.25,0.3875,0.18249999999999983,116.73119058021729
161.25,0.41250000000000003,0.2079999999999998,133.04157611334352
161.25,0.4375,0.2311000000000003,147.81686653747
161.25,0.4625,0.20999999999999983,134.3208220375103
161.25,0.48750000000000004,0.19120000000000026,122.295910350343
161.25,0.5125,0.16799999999999984,107.45665763000824
161.25,0.5375000000000001,0.15169999999999986,97.0308033480491
161.25,0.5625,0.11269999999999991,72.0855078267972
161.25,0.5875000000000001,0.08639999999999992,55.263423924004236
161.25,0.6125,0.06390000000000022,40.871907277128315
161.25,0.6375,0.052699999999999955,33.708130101794254
161.25,0.6625000000000001,0.03989999999999996,25.520956187126956
161.25,0.6875,0.03259999999999997,20.851708563918265
161.25,0.7125000000000001,0.025799999999999976,16.502272421751265
161.25,0.7375,0.02200000000000008,14.071705165834475
161.25,0.7625,0.018699999999999984,11.960949390959252
161.25,0.7875000000000001,0.017599999999999984,11.25736413266753
161.25,0.8125,0.015799999999999988,10.106042800917443
161.25,0.8375000000000001,0.014499999999999987,9.274532950209045
161.25,0.8625,0.013300000000000048,8.506985395709023
161.25,0.8875,0.014599999999999986,9.338495246417382
161.25,0.9125000000000001,0.01239999999999999,7.931324729833942
161.25,0.9375,0.01049999999999999,6.716041101875515
161.25,0.9625000000000001,0.008199999999999992,5.244908289083735
161.25,0.9875,0.010700000000000038,6.843965694292222
161.25,1.0125000000000002,0.008399999999999956,5.372832881500389
161.25,1.0375,0.008100000000000029,5.1809459928754205
161.25,1.0625,0.006600000000000023,4.221511549750343
161.25,1.0875,0.009699999999999948,6.204342732208781
161.25,1.1125,0.009500000000000034,6.07641813979216
161.25,1.1375000000000002,0.013599999999999928,8.698872284333962
161.25,1.1625,0.018500000000000065,11.833024798542626
161.25,1.1875,0.022699999999999877,14.519441239292714
161.25,1.2125000000000001,0.04050000000000014,25.9047299643771
161.25,1.2375,0.053500000000000186,34.219828471461106
161.25,1.2625000000000002,0.07239999999999962,46.308702454836684
161.25,1.2875,0.09960000000000035,63.70644702350517
161.25,1.3125,0.12789999999999932,81.80777685046425
161.25,1.3375000000000001,0.16050000000000056,102.65948541438333
161.25,1.3625,0.19980000000000073,127.79666782426038
161.25,1.3875000000000002,0.23759999999999873,151.97441579101098
161.25,1.4125,0.26390000000000097,168.79649969380537
161.25,1.4375,0.3279999999999983,209.79633156334853
161.25,1.4625000000000001,0.36790000000000134,235.31728775047745
161.25,1.4875,0.3921000000000014,250.79616343289536
161.25,1.5125000000000002,0.41539999999999777,265.69937844943587
161.25,1.5375,0.43570000000000153,278.68372457973095
161.25,1.5625,0.44389999999999763,283.9286328688122
161.25,1.5875000000000001,0.4312000000000015,275.8054212503557
161.25,1.6125,0.43240000000000156,276.5729688048558
161.25,1.6375000000000002,0.4105999999999978,262.62918823143565
161.25,1.6625,0.38680000000000136,247.4061617338534
161.25,1.6875,0.34139999999999815,218.36727925526577
161.25,1.7125000000000001,0.31960000000000116,204.42349868184994
161.25,1.7375,0.28250000000000103,180.69348678855636
161.25,1.7625000000000002,0.2533999999999987,162.0804585919284
161.25,1.7875,0.21980000000000077,140.58912706592807
161.25,1.8125,0.18919999999999898,121.01666442617541
161.25,1.8375000000000001,0.1657000000000006,105.98552481721694
161.25,1.8625,0.14300000000000052,91.4660835779241
161.25,1.8875000000000002,0.12459999999999934,79.69702107558909
161.25,1.9125,0.1123000000000004,71.82965864196416
161.25,1.9375,0.09149999999999951,58.52550103062923
161.25,1.9625000000000001,0.0837000000000003,53.53644192637935
161.25,1.9875,0.08080000000000029,51.681535336337525
161.25,2.0125,0.07570000000000027,48.41945822971226
161.25,2.0375,0.07919999999999887,50.65813859700321
161.25,2.0625,0.0870000000000003,55.647197701254505
161.25,2.0875000000000004,0.09500000000000033,60.7641813979216
161.25,2.1125,0.11090000000000039,70.93418649504741
161.25,2.1375,0.12910000000000046,82.57532440496503
161.25,2.1625,0.16399999999999768,104.89816578167331
161.25,2.1875,0.18510000000000065,118.3942102816346
161.25,2.2125000000000004,0.22720000000000082,145.32233698534512
161.25,2.2375,0.27860000000000096,178.1989572364311
161.25,2.2625,0.32070000000000115,205.12708394014166
161.25,2.2875,0.3828999999999945,244.91163218172383
161.25,2.3125,0.43870000000000153,280.6025934659811
161.25,2.3375000000000004,0.4835000000000017,309.2577021673168
161.25,2.3625,0.550700000000002,352.24036521932027
161.25,2.3875,0.6182999999999912,395.47887745615003
161.25,2.4125000000000005,0.6498000000000023,415.6270007617837
161.25,2.4375,0.7089000000000024,453.42871782091174
161.25,2.4625000000000004,0.7587000000000028,485.2819413326645
161.25,2.4875,0.7882000000000028,504.1508187141242
161.25,2.5125,0.8193999999999884,524.1070551311166
161.25,2.5375000000000005,0.833600000000003,533.18970119271
161.25,2.5625,0.8256000000000029,528.0727174960429
161.25,2.5875000000000004,0.8173000000000029,522.7638469107508
161.25,2.6125,0.7897000000000028,505.11025315724936
161.25,2.6375,0.7446999999999894,476.3272198634885
161.25,2.6625000000000005,0.7392000000000026,472.80929357203837
161.25,2.6875,0.6950000000000025,444.53795864795273
161.25,2.7125000000000004,0.6397000000000023,409.1668088447415
161.25,2.7375,0.5922000000000022,378.7847181457808
161.25,2.7625,0.5419999999999923,346.6756454491886
161.25,2.7875000000000005,0.5044000000000017,322.62582207485946
161.25,2.8125,0.4536000000000016,290.13297560102353
161.25,2.8375000000000004,0.4125000000000015,263.84447185939644
161.25,2.8625,0.3617000000000013,231.35162538556045
161.25,2.8875,0.31649999999999545,202.44066749938779
161.25,2.9125000000000005,0.283700000000001,181.46103434305638
161.25,2.9375,0.2545000000000009,162.78404385022154
161.25,2.9625000000000004,0.23590000000000083,150.88705675547058
161.25,2.9875,0.21200000000000074,135.60006796167767
161.25,3.0125,0.19179999999999728,122.67968412759112
161.25,3.0375000000000005,0.18680000000000066,119.48156931717637
161.25,3.0625,0.17900000000000063,114.49251021292595
161.25,3.0875000000000004,0.1737000000000006,111.102508513884
161.25,3.1125,0.1698000000000006,108.6079789617588
161.25,3.1375,0.17939999999999745,114.74835939775727
161.25,3.1625000000000005,0.18910000000000066,120.95270212996813
161.25,3.1875,0.2002000000000007,128.05251700909372
161.25,3.2125000000000004,0.21540000000000076,137.77478603276117
161.25,3.2375,0.23230000000000084,148.5844140919704
161.25,3.2625,0.2384999999999966,152.55007645688465
161.25,3.2875000000000005,0.26620000000000094,170.26763250659715
161.25,3.3125,0.2982000000000011,190.7355672932655
161.25,3.3375000000000004,0.31990000000000113,204.61538557047493
161.25,3.3625,0.3352000000000012,214.40161689035074
161.25,3.3875,0.34789999999999505,222.52482850880577
161.25,3.4125000000000005,0.36300000000000127,232.1831352362688
161.25,3.4375,0.3878000000000014,248.04578469593682
161.25,3.4625000000000004,0.3896000000000014,249.19710602768689
161.25,3.4875,0.39120000000000144,250.22050276702032
161.25,3.5125,0.4068999999999942,260.26258327172485
161.25,3.5375000000000005,0.3983000000000014,254.76182579781232
161.25,3.5625,0.3969000000000014,253.8663536508956
161.25,3.5875000000000004,0.4040000000000014,258.40767668168763
161.25,3.6125,0.37980000000000136,242.92880099926973
161.25,3.6375,0.3727999999999947,238.45144026468176
161.25,3.6625000000000005,0.3684000000000013,235.6370992315191
161.25,3.6875,0.34560000000000124,221.05369569601794
161.25,3.7125000000000004,0.3310000000000011,211.71520044960047
161.25,3.7375,0.3139000000000011,200.77764779797462
161.25,3.7625,0.2874999999999959,183.89160159897
161.25,3.7875000000000005,0.26120000000000093,167.0695176961802
161.25,3.8125,0.24170000000000086,154.59686993555422
161.25,3.8375000000000004,0.2214000000000008,141.6125238052615
161.25,3.8625,0.20650000000000074,132.08214167021904
161.25,3.8875,0.17419999999999755,111.42231999492374
161.25,3.9125000000000005,0.1677000000000006,107.2647707413837
161.25,3.9375,0.1451000000000005,92.80929179829918
161.25,3.9625000000000004,0.13040000000000046,83.40683425567343
161.25,3.9875,0.11770000000000042,75.28362263721444
161.25,4.0125,0.09509999999999864,60.828143694128855
161.25,4.0375,0.09300000000000197,59.484935473755876
161.25,4.0625,0.0774999999999989,49.57077956146148
161.25,4.0875,0.06959999999999901,44.517758161002824
161.25,4.112500000000001,0.06200000000000132,39.656623649170584
161.25,4.1375,0.052699999999999254,33.708130101793806
161.25,4.1625,0.049700000000001056,31.78926121554481
161.25,4.1875,0.038599999999999454,24.689446336418232
161.25,4.2125,0.03179999999999955,20.340010194251292
161.25,4.237500000000001,0.033100000000000705,21.171520044960427
161.25,4.2625,0.026199999999999626,16.758121606584396
161.25,4.2875,0.023700000000000505,15.1590642013765
161.25,4.3125,0.017799999999999747,11.385288725084054
161.25,4.3375,0.016499999999999765,10.553778874375668
161.25,4.362500000000001,0.014000000000000299,8.954721469167552
161.25,4.3875,0.013899999999999801,8.890759172958896
161.25,4.4125,0.011000000000000235,7.035852582917363
161.25,4.4375,0.008799999999999876,5.62868206633369
161.25,4.4625,0.008699999999999876,5.564719770125353
161.25,4.487500000000001,0.005900000000000126,3.7737754762920397
161.25,4.5125,0.0052999999999999246,3.3900016990418815
161.25,4.5375,0.004400000000000094,2.814341033166945
161.25,4.5625,0.004699999999999933,3.0062279217918575
161.25,4.5875,0.0026999999999999615,1.7269819976251093
161.25,4.612500000000001,0.0031000000000000662,1.9828311824585296
161.25,4.6375,0.002399999999999966,1.5350951090000973
161.25,4.6625,0.0020000000000000425,1.279245924166793
161.25,4.6875,0.0014999999999999786,0.9594344431250608
161.25,4.7125,0.000999999999999986,0.639622962083374
161.25,4.737500000000001,0.0010000000000000213,0.6396229620833965
161.25,4.7625,0.0008999999999999873,0.5756606658750365
161.25,4.7875000000000005,0.00029999999999999575,0.19188688862501216
161.25,4.8125,0.0005000000000000106,0.31981148104169826
161.25,4.8375,0.00019999999999999716,0.12792459241667478
161.25,4.862500000000001,0.0006000000000000128,0.383773777250038
161.25,4.8875,0.0007999999999999887,0.5116983696666991
161.25,4.9125000000000005,0.00029999999999999575,0.19188688862501216
161.25,4.9375,0.0003000000000000064,0.191886888625019
161.25,4.9625,9.999999999999858e-05,0.06396229620833739
161.25,4.987500000000001,0.0,0.0
161.25,5.0125,0.0,0.0
161.25,5.0375000000000005,0.0,0.0
161.25,5.0625,0.00010000000000000215,0.06396229620833967
161.25,5.0875,0.0,0.0
161.25,5.112500000000001,0.00010000000000000215,0.06396229620833967
161.25,5.1375,0.0,0.0
161.25,5.1625000000000005,0.0,0.0
161.25,5.1875,0.0,0.0
161.25,5.2125,0.0,0.0
161.25,5.237500000000001,0.0,0.0
161.25,5.2625,0.0,0.0
161.25,5.2875000000000005,0.0,0.0
161.25,5.3125,0.0,0.0
161.25,5.3375,0.0,0.0
161.25,5.362500000000001,0.0,0.0
161.25,5.3875,0.0,0.0
161.25,5.4125000000000005,0.0,0.0
161.25,5.4375,0.0,0.0
161.25,5.4625,0.0,0.0
161.25,5.487500000000001,0.0,0.0
161.25,5.5125,0.0,0.0
161.25,5.5375000000000005,0.0,0.0
161.25,5.5625,0.0,0.0
161.25,5.5875,0.0,0.0
161.25,5.612500000000001,0.0,0.0
161.25,5.6375,0.0,0.0
161.25,5.6625000000000005,0.0,0.0
161.25,5.6875,0.0,0.0
161.25,5.7125,0.0,0.0
161.25,5.737500000000001,0.0,0.0
161.25,5.7625,0.0,0.0
161.25,5.7875000000000005,0.0,0.0
161.25,5.8125,0.0,0.0
161.25,5.8375,0.0,0.0
161.25,5.862500000000001,0.0,0.0
161.25,5.8875,0.0,0.0
161.25,5.9125000000000005,0.0,0.0
161.25,5.9375,0.0,0.0
161.25,5.9625,0.0,0.0
161.25,5.987500000000001,0.0,0.0
161.25,6.0125,0.0,0.0
161.25,6.0375000000000005,0.0,0.0
161.25,6.0625,0.0,0.0
161.25,6.0875,0.0,0.0
161.25,6.112500000000001,0.0,0.0
161.25,6.1375,0.0,0.0
161.25,6.1625000000000005,0.0,0.0
161.25,6.1875,0.0,0.0
161.25,6.2125,0.0,0.0
161.25,6.237500000000001,0.0,0.0
161.25,6.2625,0.0,0.0
161.25,6.2875000000000005,0.0,0.0
161.25,6.3125,0.0,0.0
161.25,6.3375,0.0,0.0
161.25,6.362500000000001,0.0,0.0
161.25,6.3875,0.0,0.0
161.25,6.4125000000000005,0.0,0.0
161.25,6.4375,0.0,0.0
161.25,6.4625,0.0,0.0
161.25,6.487500000000001,0.0,0.0
161.25,6.5125,0.0,0.0
161.25,6.5375000000000005,0.0,0.0
161.25,6.5625,0.0,0.0
161.25,6.5875,0.0,0.0
161.25,6.612500000000001,0.0,0.0
161.25,6.6375,0.0,0.0
161.25,6.6625000000000005,0.0,0.0
161.25,6.6875,0.0,0.0
161.25,6.7125,0.0,0.0
161.25,6.737500000000001,0.0,0.0
161.25,6.7625,0.0,0.0
161.25,6.7875000000000005,0.0,0.0
161.25,6.8125,0.0,0.0
161.25,6.8375,0.0,0.0
161.25,6.862500000000001,0.0,0.0
161.25,6.8875,0.0,0.0
161.25,6.9125000000000005,0.0,0.0
161.25,6.9375,0.0,0.0
161.25,6.9625,0.0,0.0
161.25,6.987500000000001,0.0,0.0
163.75,0.0125,0.0,0.0
163.75,0.037500000000000006,0.0,0.0
163.75,0.0625,0.0,0.0
163.75,0.08750000000000001,0.0,0.0
163.75,0.1125,0.0,0.0
163.75,0.1375,0.0,0.0
163.75,0.16250000000000003,0.0,0.0
163.75,0.1875,0.0008000000000000003,0.39146934043149023
163.75,0.21250000000000002,0.0020000000000000005,0.9786733510787254
163.75,0.2375,0.0062000000000000015,3.033887388344049
163.75,0.2625,0.016199999999999985,7.927254143737667
163.75,0.28750000000000003,0.03549999999999997,17.371451981647358
163.75,0.3125,0.06310000000000009,30.877144226533822
163.75,0.3375,0.10009999999999991,48.98260122149015
163.75,0.36250000000000004,0.1496000000000002,73.20476666068875
163.75,0.3875,0.17559999999999984,85.927520224712
163.75,0.41250000000000003,0.19729999999999984,96.54612608391616
163.75,0.4375,0.2245000000000003,109.85608365858705
163.75,0.4625,0.21279999999999982,104.13084455477627
163.75,0.48750000000000004,0.19730000000000028,96.54612608391638
163.75,0.5125,0.16899999999999984,82.6978981661522
163.75,0.5375000000000001,0.14139999999999986,69.19220592126581
163.75,0.5625,0.1111999999999999,54.41423831997707
163.75,0.5875000000000001,0.08369999999999993,40.957479742644615
163.75,0.6125,0.06570000000000023,32.14941958293623
163.75,0.6375,0.04839999999999996,23.68389509610513
163.75,0.6625000000000001,0.038799999999999966,18.986263010927253
163.75,0.6875,0.02939999999999997,14.386498260857246
163.75,0.7125000000000001,0.028299999999999974,13.84822791776395
163.75,0.7375,0.021200000000000073,10.373937521434524
163.75,0.7625,0.019299999999999984,9.444197837909691
163.75,0.7875000000000001,0.02069999999999998,10.129269183664796
163.75,0.8125,0.014799999999999987,7.24218279798256
163.75,0.8375000000000001,0.014499999999999987,7.095381795320751
163.75,0.8625,0.01460000000000005,7.144315462874719
163.75,0.8875,0.012899999999999988,6.312443114457771
163.75,0.9125000000000001,0.012199999999999989,5.969907441580218
163.75,0.9375,0.011999999999999988,5.872040106472346
163.75,0.9625000000000001,0.008499999999999992,4.159361742084578
163.75,0.9875,0.00860000000000003,4.2082954096385325
163.75,1.0125000000000002,0.008499999999999954,4.15936174208456
163.75,1.0375,0.006700000000000024,3.278555726113741
163.75,1.0625,0.009700000000000035,4.746565752731835
163.75,1.0875,0.008699999999999954,4.257229077192433
163.75,1.1125,0.009500000000000034,4.648698417623962
163.75,1.1375000000000002,0.011299999999999939,5.529504433594767
163.75,1.1625,0.01900000000000007,9.297396835247923
163.75,1.1875,0.02289999999999988,11.205809869851345
163.75,1.2125000000000001,0.03700000000000013,18.10545699495648
163.75,1.2375,0.05170000000000018,25.298706125385138
163.75,1.2625000000000002,0.06899999999999963,33.76423061221584
163.75,1.2875,0.10260000000000037,50.205942910338784
163.75,1.3125,0.1256999999999993,61.509620115297544
163.75,1.3375000000000001,0.15920000000000056,77.9023987458668
163.75,1.3625,0.1971000000000007,96.44825874880871
163.75,1.3875000000000002,0.2433999999999987,119.10454682628023
163.75,1.4125,0.28580000000000105,139.85242186915033
163.75,1.4375,0.3227999999999983,157.95787886410542
163.75,1.4625000000000001,0.3550000000000012,173.7145198164743
163.75,1.4875,0.39060000000000134,191.13490546567567
163.75,1.5125000000000002,0.4141999999999978,202.68325100840292
163.75,1.5375,0.4468000000000016,218.63562663098799
163.75,1.5625,0.4490999999999976,219.76110098472657
163.75,1.5875000000000001,0.43660000000000154,213.64439254048648
163.75,1.6125,0.43760000000000154,214.13372921602584
163.75,1.6375000000000002,0.39999999999999786,195.734670215744
163.75,1.6625,0.38380000000000136,187.80741607200804
163.75,1.6875,0.34539999999999815,169.01688773129493
163.75,1.7125000000000001,0.3329000000000012,162.90017928705439
163.75,1.7375,0.280300000000001,137.16107015368382
163.75,1.7625000000000002,0.2630999999999986,128.7444793344056
163.75,1.7875,0.2259000000000008,110.5411550043424
163.75,1.8125,0.19649999999999895,96.15465674348424
163.75,1.8375000000000001,0.16470000000000057,80.5937504613333
163.75,1.8625,0.1415000000000005,69.24113958882005
163.75,1.8875000000000002,0.11799999999999937,57.74172771364448
163.75,1.9125,0.10690000000000038,52.31009061515805
163.75,1.9375,0.0933999999999995,45.70404549537622
163.75,1.9625000000000001,0.0838000000000003,41.00641341019873
163.75,1.9875,0.08100000000000028,39.63627071868851
163.75,2.0125,0.07790000000000027,38.11932702451648
163.75,2.0375,0.08479999999999879,41.495750085737356
163.75,2.0625,0.08910000000000032,43.599897790557364
163.75,2.0875000000000004,0.09280000000000033,45.41044349005301
163.75,2.1125,0.11390000000000042,55.73544734393361
163.75,2.1375,0.1354000000000005,66.25618586802993
163.75,2.1625,0.15859999999999774,77.6087967405418
163.75,2.1875,0.18890000000000068,92.43569800938593
163.75,2.2125000000000004,0.22260000000000077,108.9263439750625
163.75,2.2375,0.27650000000000097,135.30159078663422
163.75,2.2625,0.3251000000000011,159.08335321784733
163.75,2.2875,0.37789999999999463,184.9203296863225
163.75,2.3125,0.43130000000000157,211.05090816012785
163.75,2.3375000000000004,0.4834000000000017,236.5453489557287
163.75,2.3625,0.5414000000000019,264.92687613701185
163.75,2.3875,0.6158999999999912,301.38245846468914
163.75,2.4125000000000005,0.6831000000000024,334.26588306093976
163.75,2.4375,0.7221000000000025,353.350013406975
163.75,2.4625000000000004,0.7501000000000027,367.0514403220772
163.75,2.4875,0.7890000000000028,386.0866370005585
163.75,2.5125,0.7915999999999886,387.3589123569539
163.75,2.5375000000000005,0.8422000000000031,412.1193481392527
163.75,2.5625,0.8166000000000029,399.5923292454449
163.75,2.5875000000000004,0.808900000000003,395.82443684379183
163.75,2.6125,0.8086000000000029,395.67763584113
163.75,2.6375,0.7754999999999889,379.48059188077025
163.75,2.6625000000000005,0.7424000000000026,363.2835479204241
163.75,2.6875,0.6909000000000024,338.0827091301468
163.75,2.7125000000000004,0.6484000000000022,317.28590041972376
163.75,2.7375,0.5986000000000021,292.9169339778635
163.75,2.7625,0.5389999999999924,263.7524681157127
163.75,2.7875000000000005,0.5051000000000018,247.1639548149329
163.75,2.8125,0.45330000000000165,221.8163150219939
163.75,2.8375000000000004,0.4010000000000014,196.2240068912851
163.75,2.8625,0.3619000000000013,177.09094287769594
163.75,2.8875,0.31369999999999554,153.50491511669586
163.75,2.9125000000000005,0.28950000000000103,141.66296756864597
163.75,2.9375,0.2514000000000009,123.0192402305962
163.75,2.9625000000000004,0.23870000000000083,116.80466445124625
163.75,2.9875,0.20540000000000072,100.50975315578543
163.75,3.0125,0.1890999999999973,92.53356534449215
163.75,3.0375000000000005,0.18810000000000068,92.04422866895445
163.75,3.0625,0.18040000000000064,88.27633626730133
163.75,3.0875000000000004,0.18090000000000062,88.521004605071
163.75,3.1125,0.18350000000000066,89.79327996147336
163.75,3.1375,0.17509999999999754,85.68285188694118
163.75,3.1625000000000005,0.17790000000000064,87.05299457845292
163.75,3.1875,0.20260000000000072,99.13961046427522
163.75,3.2125000000000004,0.20810000000000073,101.83096217974172
163.75,3.2375,0.21990000000000076,107.60513495110621
163.75,3.2625,0.2462999999999965,120.5236231853433
163.75,3.2875000000000005,0.2556000000000009,125.07445426786151
163.75,3.3125,0.291200000000001,142.49483991706288
163.75,3.3375000000000004,0.3118000000000011,152.5751754331738
163.75,3.3625,0.31850000000000117,155.85373115928755
163.75,3.3875,0.3439999999999951,168.33181638553833
163.75,3.4125000000000005,0.37390000000000134,182.96298298416832
163.75,3.4375,0.37590000000000134,183.94165633524705
163.75,3.4625000000000004,0.38740000000000135,189.56902810394973
163.75,3.4875,0.40750000000000147,199.404695282291
163.75,3.5125,0.40099999999999425,196.2240068912816
163.75,3.5375000000000005,0.41440000000000143,202.78111834351256
163.75,3.5625,0.4087000000000014,199.99189929293817
163.75,3.5875000000000004,0.3994000000000015,195.44106821042215
163.75,3.6125,0.3871000000000014,189.42222710128794
163.75,3.6375,0.3758999999999946,183.94165633524378
163.75,3.6625000000000005,0.3622000000000013,177.23774388035778
163.75,3.6875,0.3468000000000013,169.70195907705158
163.75,3.7125000000000004,0.3192000000000011,156.19626683216507
163.75,3.7375,0.3053000000000011,149.39448704216795
163.75,3.7625,0.284899999999996,139.41201886116244
163.75,3.7875000000000005,0.2614000000000009,127.91260698598983
163.75,3.8125,0.23920000000000086,117.04933278901595
163.75,3.8375000000000004,0.21740000000000076,106.3817932622578
163.75,3.8625,0.1960000000000007,95.90998840571541
163.75,3.8875,0.17889999999999745,87.54233125399072
163.75,3.9125000000000005,0.15410000000000054,75.40678170061604
163.75,3.9375,0.14550000000000052,71.19848629097751
163.75,3.9625000000000004,0.12620000000000045,61.75428845306778
163.75,3.9875,0.12290000000000044,60.13947742378788
163.75,4.0125,0.10079999999999857,49.32513689436705
163.75,4.0375,0.08850000000000188,43.30629578523451
163.75,4.0625,0.08039999999999886,39.3426687133642
163.75,4.0875,0.07189999999999898,35.18330697127967
163.75,4.112500000000001,0.057000000000001216,27.892190505744264
163.75,4.1375,0.05589999999999921,27.35392016264998
163.75,4.1625,0.05030000000000107,24.613634779630463
163.75,4.1875,0.04149999999999941,20.30747203488326
163.75,4.2125,0.034799999999999505,17.028916308769578
163.75,4.237500000000001,0.03130000000000067,15.316237944382376
163.75,4.2625,0.02729999999999961,13.358891242224407
163.75,4.2875,0.02260000000000048,11.05900886718983
163.75,4.3125,0.017899999999999746,8.759126492154467
163.75,4.3375,0.017399999999999752,8.514458154384789
163.75,4.362500000000001,0.014100000000000302,6.89964712510516
163.75,4.3875,0.013499999999999809,6.606045119781301
163.75,4.4125,0.012900000000000274,6.312443114457912
163.75,4.4375,0.010899999999999846,5.333769763378977
163.75,4.4625,0.00849999999999988,4.159361742084523
163.75,4.487500000000001,0.006800000000000145,3.327489393667737
163.75,4.5125,0.0048999999999999305,2.397749710142843
163.75,4.5375,0.005500000000000118,2.691351715466552
163.75,4.5625,0.003299999999999953,1.6148110292798736
163.75,4.5875,0.0038999999999999443,1.9084130346034869
163.75,4.612500000000001,0.0035000000000000747,1.7126783643878056
163.75,4.6375,0.002199999999999969,1.0765406861865825
163.75,4.6625,0.002200000000000047,1.0765406861866207
163.75,4.6875,0.0015999999999999773,0.782938680862969
163.75,4.7125,0.00139999999999998,0.6850713457550979
163.75,4.737500000000001,0.0013000000000000277,0.6361376782011849
163.75,4.7625,0.0008999999999999873,0.44040300798542015
163.75,4.7875000000000005,0.0007999999999999887,0.3914693404314845
163.75,4.8125,0.0008000000000000172,0.3914693404314985
163.75,4.8375,0.0010999999999999845,0.5382703430932912
163.75,4.862500000000001,0.0004000000000000086,0.19573467021574925
163.75,4.8875,0.00019999999999999716,0.09786733510787113
163.75,4.9125000000000005,0.00039999999999999433,0.19573467021574226
163.75,4.9375,0.0002000000000000043,0.09786733510787463
163.75,4.9625,0.0,0.0
163.75,4.987500000000001,0.00010000000000000215,0.04893366755393731
163.75,5.0125,9.999999999999858e-05,0.048933667553935564
163.75,5.0375000000000005,9.999999999999858e-05,0.048933667553935564
163.75,5.0625,0.0,0.0
163.75,5.0875,0.0,0.0
163.75,5.112500000000001,0.00010000000000000215,0.04893366755393731
163.75,5.1375,9.999999999999858e-05,0.048933667553935564
163.75,5.1625000000000005,0.0,0.0
163.75,5.1875,0.0,0.0
163.75,5.2125,0.0,0.0
163.75,5.237500000000001,0.0,0.0
163.75,5.2625,0.0,0.0
163.75,5.2875000000000005,0.0,0.0
163.75,5.3125,0.0,0.0
163.75,5.3375,0.0,0.0
163.75,5.362500000000001,0.0,0.0
163.75,5.3875,0.0,0.0
163.75,5.4125000000000005,0.0,0.0
163.75,5.4375,0.0,0.0
163.75,5.4625,0.0,0.0
163.75,5.487500000000001,0.0,0.0
163.75,5.5125,0.0,0.0
163.75,5.5375000000000005,0.0,0.0
163.75,5.5625,0.0,0.0
163.75,5.5875,0.0,0.0
163.75,5.612500000000001,0.0,0.0
163.75,5.6375,0.0,0.0
163.75,5.6625000000000005,0.0,0.0
163.75,5.6875,0.0,0.0
163.75,5.7125,0.0,0.0
163.75,5.737500000000001,0.0,0.0
163.75,5.7625,0.0,0.0
163.75,5.7875000000000005,0.0,0.0
163.75,5.8125,0.0,0.0
163.75,5.8375,0.0,0.0
163.75,5.862500000000001,0.0,0.0
163.75,5.8875,0.0,0.0
163.75,5.9125000000000005,0.0,0.0
163.75,5.9375,0.0,0.0
163.75,5.9625,0.0,0.0
163.75,5.987500000000001,0.0,0.0
163.75,6.0125,0.0,0.0
163.75,6.0375000000000005,0.0,0.0
163.75,6.0625,0.0,0.0
163.75,6.0875,0.0,0.0
163.75,6.112500000000001,0.0,0.0
163.75,6.1375,0.0,0.0
163.75,6.1625000000000005,0.0,0.0
163.75,6.1875,0.0,0.0
163.75,6.2125,0.0,0.0
163.75,6.237500000000001,0.0,0.0
163.75,6.2625,0.0,0.0
163.75,6.2875000000000005,0.0,0.0
163.75,6.3125,0.0,0.0
163.75,6.3375,0.0,0.0
163.75,6.362500000000001,0.0,0.0
163.75,6.3875,0.0,0.0
163.75,6.4125000000000005,0.0,0.0
163.75,6.4375,0.0,0.0
163.75,6.4625,0.0,0.0
163.75,6.487500000000001,0.0,0.0
163.75,6.5125,0.0,0.0
163.75,6.5375000000000005,0.0,0.0
163.75,6.5625,0.0,0.0
163.75,6.5875,0.0,0.0
163.75,6.612500000000001,0.0,0.0
163.75,6.6375,0.0,0.0
163.75,6.6625000000000005,0.0,0.0
163.75,6.6875,0.0,0.0
163.75,6.7125,0.0,0.0
163.75,6.737500000000001,0.0,0.0
163.75,6.7625,0.0,0.0
163.75,6.7875000000000005,0.0,0.0
163.75,6.8125,0.0,0.0
163.75,6.8375,0.0,0.0
163.75,6.862500000000001,0.0,0.0
163.75,6.8875,0.0,0.0
163.75,6.9125000000000005,0.0,0.0
163.75,6.9375,0.0,0.0
163.75,6.9625,0.0,0.0
163.75,6.987500000000001,0.0,0.0
166.25,0.0125,0.0,0.0
166.25,0.037500000000000006,0.0,0.0
166.25,0.0625,0.0,0.0
166.25,0.08750000000000001,0.0,0.0
166.25,0.1125,0.0,0.0
166.25,0.1375,0.0,0.0
166.25,0.16250000000000003,0.00020000000000000006,0.07479107983168792
166.25,0.1875,0.0007000000000000001,0.2617687794109077
166.25,0.21250000000000002,0.0026000000000000003,0.9722840378119428
166.25,0.2375,0.006700000000000002,2.5055011743615454
166.25,0.2625,0.017299999999999986,6.469428405440998
166.25,0.28750000000000003,0.03289999999999997,12.303132632312648
166.25,0.3125,0.05850000000000008,21.87639085076874
166.25,0.3375,0.10169999999999992,38.03126409441327
166.25,0.36250000000000004,0.13680000000000017,51.157098604874584
166.25,0.3875,0.17419999999999985,65.14303053340011
166.25,0.41250000000000003,0.20999999999999983,78.53063382327223
166.25,0.4375,0.2196000000000003,82.12060565519342
166.25,0.4625,0.21589999999999981,80.73697067830702
166.25,0.48750000000000004,0.2015000000000003,75.35201293042567
166.25,0.5125,0.16609999999999986,62.113991800216745
166.25,0.5375000000000001,0.13879999999999987,51.90500940319135
166.25,0.5625,0.1113999999999999,41.65863146625012
166.25,0.5875000000000001,0.08689999999999992,32.49672418686836
166.25,0.6125,0.07000000000000026,26.17687794109086
166.25,0.6375,0.04799999999999995,17.94985915960508
166.25,0.6625000000000001,0.04389999999999996,16.416642023055477
166.25,0.6875,0.03369999999999997,12.602296951639401
166.25,0.7125000000000001,0.02699999999999998,10.096795777277858
166.25,0.7375,0.024600000000000087,9.199302819297644
166.25,0.7625,0.01979999999999998,7.404316903337095
166.25,0.7875000000000001,0.018199999999999984,6.8059882646835925
166.25,0.8125,0.017899999999999982,6.69380164493606
166.25,0.8375000000000001,0.014499999999999987,5.4223532877973675
166.25,0.8625,0.01390000000000005,5.197980048302328
166.25,0.8875,0.01279999999999999,4.786629109228022
166.25,0.9125000000000001,0.013599999999999989,5.085793428554773
166.25,0.9375,0.01079999999999999,4.038718310911142
166.25,0.9625000000000001,0.009499999999999991,3.5525762920051718
166.25,0.9875,0.007900000000000029,2.9542476533516826
166.25,1.0125000000000002,0.007999999999999959,2.9916431932675005
166.25,1.0375,0.007600000000000028,2.8420610336041503
166.25,1.0625,0.00860000000000003,3.216016432762591
166.25,1.0875,0.00749999999999996,2.8046654936882813
166.25,1.1125,0.009900000000000036,3.702158451668564
166.25,1.1375000000000002,0.016299999999999912,6.095473006282531
166.25,1.1625,0.017800000000000062,6.656406105020246
166.25,1.1875,0.022799999999999876,8.526183100812373
166.25,1.2125000000000001,0.035600000000000125,13.312812210040493
166.25,1.2375,0.049000000000000175,18.3238145587636
166.25,1.2625000000000002,0.06619999999999965,24.75584742428856
166.25,1.2875,0.09720000000000034,36.348464798200446
166.25,1.3125,0.12229999999999934,45.7347453170769
166.25,1.3375000000000001,0.15120000000000053,56.54205635275625
166.25,1.3625,0.19690000000000069,73.63181809429699
166.25,1.3875000000000002,0.2412999999999987,90.23543781693097
166.25,1.4125,0.27610000000000096,103.2490857076455
166.25,1.4375,0.3387999999999982,126.69608923487863
166.25,1.4625000000000001,0.3579000000000013,133.83863735880598
166.25,1.4875,0.3847000000000013,143.86064205625217
166.25,1.5125000000000002,0.4296999999999977,160.68863501838058
166.25,1.5375,0.4395000000000016,164.35339793013475
166.25,1.5625,0.45469999999999755,170.03751999734152
166.25,1.5875000000000001,0.4467000000000016,167.0458768040755
166.25,1.6125,0.4316000000000015,161.39915027678305
166.25,1.6375000000000002,0.40609999999999785,151.86328759824147
166.25,1.6625,0.3833000000000014,143.33710449743037
166.25,1.6875,0.35319999999999807,132.0810469827601
166.25,1.7125000000000001,0.3255000000000012,121.72248242607249
166.25,1.7375,0.286400000000001,107.10082631897744
166.25,1.7625000000000002,0.2492999999999987,93.22708101019848
166.25,1.7875,0.21840000000000076,81.67185917620347
166.25,1.8125,0.19879999999999892,74.34233335269737
166.25,1.8375000000000001,0.1659000000000006,62.03920072038534
166.25,1.8625,0.1411000000000005,52.765106821256
166.25,1.8875000000000002,0.12209999999999935,45.659954237245216
166.25,1.9125,0.10520000000000038,39.340107991467974
166.25,1.9375,0.09879999999999947,36.946793436853625
166.25,1.9625000000000001,0.08360000000000029,31.26267136964565
166.25,1.9875,0.08000000000000028,29.916431932675263
166.25,2.0125,0.08550000000000031,31.973186628046694
166.25,2.0375,0.08149999999999884,30.477365031412383
166.25,2.0625,0.08900000000000031,33.282030525101234
166.25,2.0875000000000004,0.09870000000000036,36.90939789693811
166.25,2.1125,0.10710000000000039,40.05062324986901
166.25,2.1375,0.13180000000000047,49.287321609082504
166.25,2.1625,0.16079999999999772,60.132028184676216
166.25,2.1875,0.19490000000000068,72.88390729598011
166.25,2.2125000000000004,0.23340000000000083,87.28119016358009
166.25,2.2375,0.26800000000000096,100.22004697446214
166.25,2.2625,0.3255000000000012,121.72248242607249
166.25,2.2875,0.36009999999999487,134.66133923695213
166.25,2.3125,0.4244000000000015,158.7066714028423
166.25,2.3375000000000004,0.47740000000000166,178.52630755823964
166.25,2.3625,0.5504000000000019,205.82505169680582
166.25,2.3875,0.6114999999999914,228.67372658538252
166.25,2.4125000000000005,0.6583000000000023,246.17483926600158
166.25,2.4375,0.7222000000000026,270.07058927222596
166.25,2.4625000000000004,0.7599000000000027,284.16870782049915
166.25,2.4875,0.7928000000000028,296.4718404528119
166.25,2.5125,0.8106999999999885,303.1656420977426
166.25,2.5375000000000005,0.823500000000003,307.95227120697604
166.25,2.5625,0.8150000000000029,304.77365031412927
166.25,2.5875000000000004,0.8232000000000029,307.8400845872285
166.25,2.6125,0.7979000000000028,298.37901298851995
166.25,2.6375,0.7812999999999889,292.17135336248464
166.25,2.6625000000000005,0.7390000000000025,276.35303997808774
166.25,2.6875,0.6886000000000025,257.5056878605024
166.25,2.7125000000000004,0.6449000000000024,241.1638369172785
166.25,2.7375,0.5986000000000021,223.84970193624267
166.25,2.7625,0.5218999999999926,195.1673228207868
166.25,2.7875000000000005,0.5034000000000018,188.24914793635912
166.25,2.8125,0.43350000000000155,162.1096655351841
166.25,2.8375000000000004,0.4035000000000014,150.89100356043087
166.25,2.8625,0.3692000000000013,138.06433336929635
166.25,2.8875,0.3293999999999953,123.18090848278821
166.25,2.9125000000000005,0.29590000000000105,110.65340261098264
166.25,2.9375,0.2583000000000009,96.59267960262527
166.25,2.9625000000000004,0.23950000000000085,89.56231809844658
166.25,2.9875,0.21290000000000076,79.61510448083204
166.25,3.0125,0.20179999999999712,75.46419955017201
166.25,3.0375000000000005,0.18230000000000066,68.17206926658376
166.25,3.0625,0.17510000000000064,65.47959039264299
166.25,3.0875000000000004,0.1754000000000006,65.59177701239051
166.25,3.1125,0.17770000000000064,66.45187443045494
166.25,3.1375,0.17469999999999752,65.33000823297846
166.25,3.1625000000000005,0.19020000000000067,71.12631691993545
166.25,3.1875,0.19560000000000072,73.14567607539104
166.25,3.2125000000000004,0.21080000000000076,78.82979814259933
166.25,3.2375,0.23130000000000084,86.49588382534736
166.25,3.2625,0.2537999999999964,94.9098803064106
166.25,3.2875000000000005,0.26670000000000094,99.73390495555616
166.25,3.3125,0.287300000000001,107.43738617822004
166.25,3.3375000000000004,0.3096000000000011,115.77659157945328
166.25,3.3625,0.3381000000000012,126.43432045546884
166.25,3.3875,0.349699999999995,130.77220308570443
166.25,3.4125000000000005,0.3573000000000012,133.6142641193109
166.25,3.4375,0.3727000000000013,139.3731772663509
166.25,3.4625000000000004,0.3887000000000014,145.35646365288594
166.25,3.4875,0.3925000000000014,146.77749416968803
166.25,3.5125,0.3978999999999943,148.79685332514094
166.25,3.5375000000000005,0.37930000000000136,141.8412829007966
166.25,3.5625,0.4028000000000015,150.62923478102
166.25,3.5875000000000004,0.38190000000000135,142.81356693860855
166.25,3.6125,0.39130000000000137,146.3287476906979
166.25,3.6375,0.3801999999999946,142.17784276003667
166.25,3.6625000000000005,0.3611000000000013,135.03529463611298
166.25,3.6875,0.34160000000000124,127.7431643525234
166.25,3.7125000000000004,0.3327000000000012,124.41496130001327
166.25,3.7375,0.3086000000000011,115.40263618029483
166.25,3.7625,0.2955999999999958,110.54121599123314
166.25,3.7875000000000005,0.26400000000000096,98.72422537782839
166.25,3.8125,0.2563000000000009,95.84476880430839
166.25,3.8375000000000004,0.22120000000000078,82.71893429384711
166.25,3.8625,0.1974000000000007,73.81879579387622
166.25,3.8875,0.18099999999999744,67.68592724767659
166.25,3.9125000000000005,0.16370000000000057,61.21649884223676
166.25,3.9375,0.1461000000000005,54.6348838170482
166.25,3.9625000000000004,0.12900000000000045,48.24024649143886
166.25,3.9875,0.1164000000000004,43.528408462042506
166.25,4.0125,0.10739999999999847,40.16280986961583
166.25,4.0375,0.08710000000000187,32.57151526670078
166.25,4.0625,0.07719999999999891,28.86935681503112
166.25,4.0875,0.069899999999999,26.139482401174547
166.25,4.112500000000001,0.05870000000000125,21.951181930600868
166.25,4.1375,0.05149999999999927,19.25870305665936
166.25,4.1625,0.04820000000000103,18.024650239437168
166.25,4.1875,0.042599999999999395,15.930500004149296
166.25,4.2125,0.03599999999999949,13.462394369703631
166.25,4.237500000000001,0.033400000000000714,12.490110331892145
166.25,4.2625,0.026499999999999625,9.909818077698507
166.25,4.2875,0.022200000000000476,8.301809861317535
166.25,4.3125,0.017899999999999746,6.693801644935972
166.25,4.3375,0.017299999999999753,6.469428405440911
166.25,4.362500000000001,0.013100000000000278,4.898815728975661
166.25,4.3875,0.012799999999999818,4.786629109227958
166.25,4.4125,0.011100000000000238,4.1509049306587675
166.25,4.4375,0.010299999999999854,3.851740611331872
166.25,4.4625,0.008099999999999885,3.029038733183317
166.25,4.487500000000001,0.007300000000000155,2.7298744138566664
166.25,4.5125,0.006099999999999913,2.2811279348664484
166.25,4.5375,0.004400000000000094,1.6454037562971688
166.25,4.5625,0.003799999999999946,1.42103051680205
166.25,4.5875,0.003799999999999946,1.42103051680205
166.25,4.612500000000001,0.003900000000000083,1.458426056717945
166.25,4.6375,0.002599999999999963,0.9722840378119288
166.25,4.6625,0.002100000000000045,0.7853063382327398
166.25,4.6875,0.0020999999999999704,0.7853063382327119
166.25,4.7125,0.001199999999999983,0.44874647899012104
166.25,4.737500000000001,0.0009000000000000193,0.33655985924260273
166.25,4.7625,0.0005999999999999915,0.22437323949506052
166.25,4.7875000000000005,0.000499999999999993,0.18697769957921712
166.25,4.8125,0.0002000000000000043,0.0747910798316895
166.25,4.8375,0.00039999999999999433,0.14958215966337368
166.25,4.862500000000001,0.0004000000000000086,0.149582159663379
166.25,4.8875,0.000499999999999993,0.18697769957921712
166.25,4.9125000000000005,0.00029999999999999575,0.11218661974753026
166.25,4.9375,0.0003000000000000064,0.11218661974753424
166.25,4.9625,0.000499999999999993,0.18697769957921712
166.25,4.987500000000001,0.0002000000000000043,0.0747910798316895
166.25,5.0125,0.0,0.0
166.25,5.0375000000000005,9.999999999999858e-05,0.03739553991584342
166.25,5.0625,0.0,0.0
166.25,5.0875,0.0,0.0
166.25,5.112500000000001,0.0,0.0
166.25,5.1375,9.999999999999858e-05,0.03739553991584342
166.25,5.1625000000000005,0.0,0.0
166.25,5.1875,0.0,0.0
166.25,5.2125,0.0,0.0
166.25,5.237500000000001,0.0,0.0
166.25,5.2625,0.0,0.0
166.25,5.2875000000000005,9.999999999999858e-05,0.03739553991584342
166.25,5.3125,0.0,0.0
166.25,5.3375,0.0,0.0
166.25,5.362500000000001,0.0,0.0
166.25,5.3875,0.0,0.0
166.25,5.4125000000000005,0.0,0.0
166.25,5.4375,0.0,0.0
166.25,5.4625,0.0,0.0
166.25,5.487500000000001,0.0,0.0
166.25,5.5125,0.0,0.0
166.25,5.5375000000000005,0.0,0.0
166.25,5.5625,0.0,0.0
166.25,5.5875,0.0,0.0
166.25,5.612500000000001,0.0,0.0
166.25,5.6375,0.0,0.0
166.25,5.6625000000000005,0.0,0.0
166.25,5.6875,0.0,0.0
166.25,5.7125,0.0,0.0
166.25,5.737500000000001,0.0,0.0
166.25,5.7625,0.0,0.0
166.25,5.7875000000000005,0.0,0.0
166.25,5.8125,0.0,0.0
166.25,5.8375,0.0,0.0
166.25,5.862500000000001,0.0,0.0
166.25,5.8875,0.0,0.0
166.25,5.9125000000000005,0.0,0.0
166.25,5.9375,0.0,0.0
166.25,5.9625,0.0,0.0
166.25,5.987500000000001,0.0,0.0
166.25,6.0125,0.0,0.0
166.25,6.0375000000000005,0.0,0.0
166.25,6.0625,0.0,0.0
166.25,6.0875,0.0,0.0
166.25,6.112500000000001,0.0,0.0
166.25,6.1375,0.0,0.0
166.25,6.1625000000000005,0.0,0.0
166.25,6.1875,0.0,0.0
166.25,6.2125,0.0,0.0
166.25,6.237500000000001,0.0,0.0
166.25,6.2625,0.0,0.0
166.25,6.2875000000000005,0.0,0.0
166.25,6.3125,0.0,0.0
166.25,6.3375,0.0,0.0
166.25,6.362500000000001,0.0,0.0
166.25,6.3875,0.0,0.0
166.25,6.4125000000000005,0.0,0.0
166.25,6.4375,0.0,0.0
166.25,6.4625,0.0,0.0
166.25,6.487500000000001,0.0,0.0
166.25,6.5125,0.0,0.0
166.25,6.5375000000000005,0.0,0.0
166.25,6.5625,0.0,0.0
166.25,6.5875,0.0,0.0
166.25,6.612500000000001,0.0,0.0
166.25,6.6375,0.0,0.0
166.25,6.6625000000000005,0.0,0.0
166.25,6.6875,0.0,0.0
166.25,6.7125,0.0,0.0
166.25,6.737500000000001,0.0,0.0
166.25,6.7625,0.0,0.0
166.25,6.7875000000000005,0.0,0.0
166.25,6.8125,0.0,0.0
166.25,6.8375,0.0,0.0
166.25,6.862500000000001,0.0,0.0
166.25,6.8875,0.0,0.0
166.25,6.9125000000000005,0.0,0.0
166.25,6.9375,0.0,0.0
166.25,6.9625,0.0,0.0
166.25,6.987500000000001,0.0,0.0
168.75,0.0125,0.0,0.0
168.75,0.037500000000000006,0.0,0.0
168.75,0.0625,0.0,0.0
168.75,0.08750000000000001,0.0,0.0
168.75,0.1125,0.0,0.0
168.75,0.1375,0.0,0.0
168.75,0.16250000000000003,0.00040000000000000013,0.11463502895695366
168.75,0.1875,0.0005000000000000001,0.14329378619619207
168.75,0.21250000000000002,0.0018000000000000006,0.5158576303062915
168.75,0.2375,0.007400000000000001,2.1207480357036426
168.75,0.2625,0.015599999999999985,4.470766129321187
168.75,0.28750000000000003,0.03229999999999997,9.256778588273995
168.75,0.3125,0.06500000000000009,18.628192205504988
168.75,0.3375,0.09749999999999992,27.942288308257424
168.75,0.36250000000000004,0.14410000000000017,41.29726918174259
168.75,0.3875,0.17759999999999987,50.89795285688737
168.75,0.41250000000000003,0.2028999999999998,58.14861843841467
168.75,0.4375,0.2135000000000003,61.18644670577408
168.75,0.4625,0.2096999999999998,60.09741393068288
168.75,0.48750000000000004,0.1997000000000003,57.23153820675918
168.75,0.5125,0.17509999999999987,50.18148392590641
168.75,0.5375000000000001,0.14139999999999986,40.523482736283064
168.75,0.5625,0.1075999999999999,30.8368227894205
168.75,0.5875000000000001,0.08849999999999993,25.363000156725967
168.75,0.6125,0.06490000000000024,18.59953344826579
168.75,0.6375,0.05359999999999995,15.361093880231772
168.75,0.6625000000000001,0.04699999999999996,13.469615902442039
168.75,0.6875,0.03319999999999997,9.514707403427144
168.75,0.7125000000000001,0.028599999999999976,8.196404570422178
168.75,0.7375,0.023700000000000086,6.7921254656995265
168.75,0.7625,0.020199999999999982,5.789068962326152
168.75,0.7875000000000001,0.02099999999999998,6.0183390202400595
168.75,0.8125,0.017099999999999983,4.900647487909763
168.75,0.8375000000000001,0.015299999999999985,4.384789857603472
168.75,0.8625,0.01360000000000005,3.8975909845364374
168.75,0.8875,0.012699999999999989,3.6396621693832745
168.75,0.9125000000000001,0.01099999999999999,3.152463296316222
168.75,0.9375,0.010299999999999991,2.951851995641553
168.75,0.9625000000000001,0.010399999999999989,2.9805107528807913
168.75,0.9875,0.00800000000000003,2.292700579139081
168.75,1.0125000000000002,0.008499999999999954,2.4359943653352514
168.75,1.0375,0.010000000000000035,2.8658757239238506
168.75,1.0625,0.007700000000000027,2.206724307421365
168.75,1.0875,0.008799999999999954,2.5219706370529664
168.75,1.1125,0.010700000000000038,3.06648702459852
168.75,1.1375000000000002,0.01339999999999993,3.840273470057926
168.75,1.1625,0.014900000000000054,4.270154828646538
168.75,1.1875,0.022599999999999877,6.476879136067844
168.75,1.2125000000000001,0.03400000000000012,9.743977461341093
168.75,1.2375,0.04880000000000017,13.98547353274839
168.75,1.2625000000000002,0.07109999999999962,20.376376397098397
168.75,1.2875,0.09390000000000034,26.910573047644963
168.75,1.3125,0.12269999999999934,35.164295132545334
168.75,1.3375000000000001,0.1641000000000006,47.0290206295904
168.75,1.3625,0.20330000000000073,58.26325346737189
168.75,1.3875000000000002,0.23659999999999876,67.80661962803771
168.75,1.4125,0.27070000000000094,77.57925584661864
168.75,1.4375,0.3202999999999983,91.79399943728014
168.75,1.4625000000000001,0.3646000000000013,104.48982889426361
168.75,1.4875,0.3992000000000014,114.40575889904011
168.75,1.5125000000000002,0.41179999999999783,118.01676231118313
168.75,1.5375,0.4280000000000015,122.65948098394081
168.75,1.5625,0.44229999999999764,126.75768326915079
168.75,1.5875000000000001,0.4305000000000015,123.37594991492176
168.75,1.6125,0.4277000000000015,122.5735047122231
168.75,1.6375000000000002,0.41669999999999774,119.42104141590579
168.75,1.6625,0.38700000000000134,110.90939051585302
168.75,1.6875,0.3511999999999981,100.64955542420475
168.75,1.7125000000000001,0.3310000000000011,94.86048646187945
168.75,1.7375,0.288100000000001,82.56587960624614
168.75,1.7625000000000002,0.25509999999999866,73.10848971729679
168.75,1.7875,0.22430000000000078,64.28159248761197
168.75,1.8125,0.19559999999999897,56.056529159950024
168.75,1.8375000000000001,0.17610000000000064,50.46807149829902
168.75,1.8625,0.14980000000000054,42.93081834437929
168.75,1.8875000000000002,0.12049999999999936,34.533802473282094
168.75,1.9125,0.1114000000000004,31.9258555645117
168.75,1.9375,0.09899999999999948,28.37216966684587
168.75,1.9625000000000001,0.0847000000000003,24.273967381635018
168.75,1.9875,0.08290000000000029,23.75810975132872
168.75,2.0125,0.07600000000000028,21.78065550182127
168.75,2.0375,0.08189999999999883,23.47152217893592
168.75,2.0625,0.0870000000000003,24.9331187981375
168.75,2.0875000000000004,0.09400000000000033,26.939231804884198
168.75,2.1125,0.1123000000000004,32.18378437966484
168.75,2.1375,0.13220000000000048,37.886877070273314
168.75,2.1625,0.15829999999999775,45.36681270971375
168.75,2.1875,0.1933000000000007,55.39737774344804
168.75,2.2125000000000004,0.22950000000000084,65.77184786405239
168.75,2.2375,0.26570000000000094,76.14631798465672
168.75,2.2625,0.3138000000000011,89.93118021673043
168.75,2.2875,0.38509999999999456,110.36487412830554
168.75,2.3125,0.42230000000000145,121.02593182130421
168.75,2.3375000000000004,0.49420000000000175,141.6315782763167
168.75,2.3625,0.5462000000000019,156.53413204072072
168.75,2.3875,0.6058999999999913,173.64341011254302
168.75,2.4125000000000005,0.6785000000000023,194.44966786823326
168.75,2.4375,0.6923000000000025,198.40457636724818
168.75,2.4625000000000004,0.7611000000000027,218.12180134784427
168.75,2.4875,0.7651000000000027,219.2681516374138
168.75,2.5125,0.8100999999999885,232.16459239506702
168.75,2.5375000000000005,0.8077000000000029,231.47678222132942
168.75,2.5625,0.822800000000003,235.80425456445445
168.75,2.5875000000000004,0.8042000000000029,230.47372571795609
168.75,2.6125,0.7865000000000028,225.40112568661084
168.75,2.6375,0.7618999999999891,218.3510714057543
168.75,2.6625000000000005,0.7434000000000027,213.04920131649908
168.75,2.6875,0.6983000000000025,200.1241018016025
168.75,2.7125000000000004,0.6410000000000023,183.70263390351886
168.75,2.7375,0.5972000000000022,171.15009823273238
168.75,2.7625,0.5583999999999921,160.030500423905
168.75,2.7875000000000005,0.5176000000000018,148.33772747029852
168.75,2.8125,0.4529000000000016,129.79551153651119
168.75,2.8375000000000004,0.39370000000000144,112.82952725088202
168.75,2.8625,0.35910000000000125,102.91359724610548
168.75,2.8875,0.3411999999999951,97.78367970028005
168.75,2.9125000000000005,0.29080000000000106,83.33966605170559
168.75,2.9375,0.26170000000000093,74.99996769508718
168.75,2.9625000000000004,0.2258000000000008,64.71147384620055
168.75,2.9875,0.21490000000000076,61.587669307123555
168.75,3.0125,0.18629999999999736,53.39126473670039
168.75,3.0375000000000005,0.18990000000000068,54.42297999731393
168.75,3.0625,0.17630000000000062,50.52538901277749
168.75,3.0875000000000004,0.17900000000000063,51.29917545823693
168.75,3.1125,0.1739000000000006,49.837578839035764
168.75,3.1375,0.1827999999999974,52.38820823332706
168.75,3.1625000000000005,0.1888000000000007,54.10773366768231
168.75,3.1875,0.2021000000000007,57.91934838050102
168.75,3.2125000000000004,0.21840000000000076,62.5907258104969
168.75,3.2375,0.23140000000000083,66.3163642515979
168.75,3.2625,0.24859999999999646,71.24567049674566
168.75,3.2875000000000005,0.26600000000000096,76.23229425637443
168.75,3.3125,0.279000000000001,79.95793269747544
168.75,3.3375000000000004,0.3134000000000011,89.81654518777349
168.75,3.3625,0.32710000000000117,93.74279492954916
168.75,3.3875,0.3380999999999952,96.89525822586367
168.75,3.4125000000000005,0.3647000000000013,104.51848765150284
168.75,3.4375,0.3754000000000013,107.58497467610134
168.75,3.4625000000000004,0.3891000000000014,111.51122441787703
168.75,3.4875,0.39870000000000144,114.26246511284394
168.75,3.5125,0.40769999999999423,116.84175326437332
168.75,3.5375000000000005,0.4107000000000015,117.70151598155256
168.75,3.5625,0.3992000000000014,114.40575889904011
168.75,3.5875000000000004,0.39380000000000137,112.85818600812124
168.75,3.6125,0.38200000000000134,109.4764526538911
168.75,3.6375,0.37989999999999463,108.87461875186517
168.75,3.6625000000000005,0.35550000000000126,101.8818819854929
168.75,3.6875,0.3433000000000012,98.38551360230579
168.75,3.7125000000000004,0.3253000000000012,93.22693729924288
168.75,3.7375,0.30150000000000104,86.4061530763041
168.75,3.7625,0.282899999999996,81.0756242298043
168.75,3.7875000000000005,0.25710000000000094,73.68166486208221
168.75,3.8125,0.2515000000000009,72.07677445668484
168.75,3.8375000000000004,0.2251000000000008,64.51086254552588
168.75,3.8625,0.20190000000000072,57.86203086602255
168.75,3.8875,0.1769999999999975,50.72600031345126
168.75,3.9125000000000005,0.1680000000000006,48.14671216192069
168.75,3.9375,0.15070000000000053,43.18874715953243
168.75,3.9625000000000004,0.13350000000000048,38.25944091438341
168.75,3.9875,0.1154000000000004,33.07220585408124
168.75,4.0125,0.10459999999999851,29.977060072242946
168.75,4.0375,0.09510000000000202,27.2544781345163
168.75,4.0625,0.08389999999999881,24.04469732372068
168.75,4.0875,0.06909999999999902,19.80320125231346
168.75,4.112500000000001,0.061300000000001305,17.56781818765352
168.75,4.1375,0.055199999999999215,15.819633996059375
168.75,4.1625,0.046500000000000985,13.326322116246141
168.75,4.1875,0.043399999999999384,12.437900641829291
168.75,4.2125,0.03659999999999948,10.489105149561107
168.75,4.237500000000001,0.03170000000000068,9.084826044838769
168.75,4.2625,0.0280999999999996,8.053110784225877
168.75,4.2875,0.025200000000000538,7.222006824288233
168.75,4.3125,0.02039999999999971,5.846386476804552
168.75,4.3375,0.01619999999999977,4.642718672756556
168.75,4.362500000000001,0.01460000000000031,4.184178556928896
168.75,4.3875,0.011899999999999833,3.4103921114693225
168.75,4.4125,0.010500000000000223,3.0091695101200964
168.75,4.4375,0.011399999999999837,3.267098325273132
168.75,4.4625,0.00769999999999989,2.2067243074213256
168.75,4.487500000000001,0.0066000000000001405,1.891477977789775
168.75,4.5125,0.004299999999999938,1.2323265612872338
168.75,4.5375,0.005400000000000115,1.5475728909189068
168.75,4.5625,0.003399999999999952,0.9743977461340921
168.75,4.5875,0.002999999999999957,0.8597627171771399
168.75,4.612500000000001,0.003000000000000064,0.8597627171771705
168.75,4.6375,0.002399999999999966,0.6878101737417119
168.75,4.6625,0.0025000000000000534,0.7164689309809754
168.75,4.6875,0.001999999999999972,0.5731751447847601
168.75,4.7125,0.0014999999999999786,0.42988135858856996
168.75,4.737500000000001,0.0012000000000000257,0.34390508687086824
168.75,4.7625,0.00069999999999999,0.20061130067466598
168.75,4.7875000000000005,0.0007999999999999887,0.229270057913904
168.75,4.8125,0.0007000000000000148,0.2006113006746731
168.75,4.8375,0.00039999999999999433,0.114635028956952
168.75,4.862500000000001,0.0010000000000000213,0.28658757239239013
168.75,4.8875,0.00039999999999999433,0.114635028956952
168.75,4.9125000000000005,0.000499999999999993,0.14329378619619002
168.75,4.9375,0.0004000000000000086,0.11463502895695608
168.75,4.9625,0.00019999999999999716,0.057317514478476
168.75,4.987500000000001,0.0,0.0
168.75,5.0125,0.00019999999999999716,0.057317514478476
168.75,5.0375000000000005,9.999999999999858e-05,0.028658757239238
168.75,5.0625,0.0,0.0
168.75,5.0875,0.0,0.0
168.75,5.112500000000001,0.0,0.0
168.75,5.1375,0.00019999999999999716,0.057317514478476
168.75,5.1625000000000005,0.0,0.0
168.75,5.1875,0.0,0.0
168.75,5.2125,0.0,0.0
168.75,5.237500000000001,0.0,0.0
168.75,5.2625,0.0,0.0
168.75,5.2875000000000005,0.0,0.0
168.75,5.3125,0.0,0.0
168.75,5.3375,0.0,0.0
168.75,5.362500000000001,0.0,0.0
168.75,5.3875,0.0,0.0
168.75,5.4125000000000005,0.0,0.0
168.75,5.4375,0.0,0.0
168.75,5.4625,0.0,0.0
168.75,5.487500000000001,0.0,0.0
168.75,5.5125,0.0,0.0
168.75,5.5375000000000005,0.0,0.0
168.75,5.5625,0.0,0.0
168.75,5.5875,0.0,0.0
168.75,5.612500000000001,0.0,0.0
168.75,5.6375,0.0,0.0
168.75,5.6625000000000005,0.0,0.0
168.75,5.6875,0.0,0.0
168.75,5.7125,0.0,0.0
168.75,5.737500000000001,0.0,0.0
168.75,5.7625,0.0,0.0
168.75,5.7875000000000005,0.0,0.0
168.75,5.8125,0.0,0.0
168.75,5.8375,0.0,0.0
168.75,5.862500000000001,0.0,0.0
168.75,5.8875,0.0,0.0
168.75,5.9125000000000005,0.0,0.0
168.75,5.9375,0.0,0.0
168.75,5.9625,0.0,0.0
168.75,5.987500000000001,0.0,0.0
168.75,6.0125,0.0,0.0
168.75,6.0375000000000005,0.0,0.0
168.75,6.0625,0.0,0.0
168.75,6.0875,0.0,0.0
168.75,6.112500000000001,0.0,0.0
168.75,6.1375,0.0,0.0
168.75,6.1625000000000005,0.0,0.0
168.75,6.1875,0.0,0.0
168.75,6.2125,0.0,0.0
168.75,6.237500000000001,0.0,0.0
168.75,6.2625,0.0,0.0
168.75,6.2875000000000005,0.0,0.0
168.75,6.3125,0.0,0.0
168.75,6.3375,0.0,0.0
168.75,6.362500000000001,0.0,0.0
168.75,6.3875,0.0,0.0
168.75,6.4125000000000005,0.0,0.0
168.75,6.4375,0.0,0.0
168.75,6.4625,0.0,0.0
168.75,6.487500000000001,0.0,0.0
168.75,6.5125,0.0,0.0
168.75,6.5375000000000005,0.0,0.0
168.75,6.5625,0.0,0.0
168.75,6.5875,0.0,0.0
168.75,6.612500000000001,0.0,0.0
168.75,6.6375,0.0,0.0
168.75,6.6625000000000005,0.0,0.0
168.75,6.6875,0.0,0.0
168.75,6.7125,0.0,0.0
168.75,6.737500000000001,0.0,0.0
168.75,6.7625,0.0,0.0
168.75,6.7875000000000005,0.0,0.0
168.75,6.8125,0.0,0.0
168.75,6.8375,0.0,0.0
168.75,6.862500000000001,0.0,0.0
168.75,6.8875,0.0,0.0
168.75,6.9125000000000005,0.0,0.0
168.75,6.9375,0.0,0.0
168.75,6.9625,0.0,0.0
168.75,6.987500000000001,0.0,0.0
171.25,0.0125,0.0,0.0
171.25,0.037500000000000006,0.0,0.0
171.25,0.0625,0.0,0.0
171.25,0.08750000000000001,0.0,0.0
171.25,0.1125,0.0,0.0
171.25,0.1375,0.0,0.0
171.25,0.16250000000000003,0.00010000000000000003,0.02208752398566074
171.25,0.1875,0.0003000000000000001,0.06626257195698221
171.25,0.21250000000000002,0.0014000000000000002,0.3092253357992503
171.25,0.2375,0.007100000000000002,1.5682142029819124
171.25,0.2625,0.015099999999999987,3.3352161218347676
171.25,0.28750000000000003,0.03339999999999997,7.377233011210678
171.25,0.3125,0.05970000000000007,13.186251819439473
171.25,0.3375,0.1010999999999999,22.330486749502978
171.25,0.36250000000000004,0.1374000000000002,30.34825795629789
171.25,0.3875,0.17319999999999983,38.25559154316435
171.25,0.41250000000000003,0.2035999999999998,44.97019883480521
171.25,0.4375,0.2178000000000003,48.10662724076914
171.25,0.4625,0.2197999999999998,48.54837772048224
171.25,0.48750000000000004,0.20720000000000027,45.7653496982891
171.25,0.5125,0.16789999999999985,37.084952771924335
171.25,0.5375000000000001,0.1395999999999999,30.834183483982358
171.25,0.5625,0.1131999999999999,25.003077151767926
171.25,0.5875000000000001,0.09089999999999993,20.07755930296559
171.25,0.6125,0.06680000000000023,14.75446602242142
171.25,0.6375,0.05549999999999995,12.258575812041697
171.25,0.6625000000000001,0.045199999999999955,9.98356084151864
171.25,0.6875,0.03369999999999997,7.443495583167661
171.25,0.7125000000000001,0.028099999999999976,6.20659423997066
171.25,0.7375,0.023000000000000083,5.080130516701987
171.25,0.7625,0.02329999999999998,5.146393088658947
171.25,0.7875000000000001,0.018299999999999983,4.04201688937591
171.25,0.8125,0.014599999999999986,3.224778501906464
171.25,0.8375000000000001,0.015599999999999985,3.445653741763071
171.25,0.8625,0.015300000000000053,3.379391169806104
171.25,0.8875,0.014899999999999986,3.291041073863446
171.25,0.9125000000000001,0.010899999999999991,2.407540114437018
171.25,0.9375,0.01179999999999999,2.606327830307964
171.25,0.9625000000000001,0.01149999999999999,2.5400652583509817
171.25,0.9875,0.009900000000000036,2.1866648745804205
171.25,1.0125000000000002,0.00749999999999996,1.6565642989245462
171.25,1.0375,0.007600000000000028,1.6786518229102219
171.25,1.0625,0.007500000000000027,1.6565642989245608
171.25,1.0875,0.008599999999999953,1.8995270627668126
171.25,1.1125,0.010000000000000035,2.208752398566081
171.25,1.1375000000000002,0.015899999999999914,3.5119163137200373
171.25,1.1625,0.015800000000000057,3.4898287897344082
171.25,1.1875,0.023599999999999875,5.212655660615905
171.25,1.2125000000000001,0.037700000000000136,8.326996542594125
171.25,1.2375,0.04760000000000017,10.513661417174546
171.25,1.2625000000000002,0.06909999999999963,15.262479074091486
171.25,1.2875,0.09240000000000033,20.40887216275059
171.25,1.3125,0.12099999999999936,26.725904022649345
171.25,1.3375000000000001,0.15710000000000054,34.699500181473134
171.25,1.3625,0.18970000000000067,41.90003300079856
171.25,1.3875000000000002,0.23979999999999874,52.965882517614155
171.25,1.4125,0.274800000000001,60.69651591259591
171.25,1.4375,0.3219999999999983,71.12182723382718
171.25,1.4625000000000001,0.3619000000000013,79.93474930410648
171.25,1.4875,0.3963000000000014,87.53285755517379
171.25,1.5125000000000002,0.4152999999999978,91.72948711244852
171.25,1.5375,0.43040000000000156,95.06470323428414
171.25,1.5625,0.43569999999999764,96.2353420055233
171.25,1.5875000000000001,0.4429000000000016,97.82564373249174
171.25,1.6125,0.4255000000000015,93.98241455898675
171.25,1.6375000000000002,0.4242999999999978,93.717364271158
171.25,1.6625,0.38680000000000136,85.43454277653602
171.25,1.6875,0.35339999999999816,78.05730976532462
171.25,1.7125000000000001,0.3307000000000012,73.04344182058031
171.25,1.7375,0.28450000000000103,62.839005739205014
171.25,1.7625000000000002,0.2614999999999986,57.75887522250251
171.25,1.7875,0.22470000000000082,49.63066639577985
171.25,1.8125,0.18999999999999898,41.966295572755165
171.25,1.8375000000000001,0.17000000000000062,37.54879077562338
171.25,1.8625,0.14300000000000052,31.58515929949496
171.25,1.8875000000000002,0.12739999999999932,28.139505557731624
171.25,1.9125,0.10700000000000037,23.633650664657065
171.25,1.9375,0.09979999999999946,22.04334893768929
171.25,1.9625000000000001,0.0840000000000003,18.55352014795508
171.25,1.9875,0.0838000000000003,18.50934509998376
171.25,2.0125,0.07680000000000027,16.963218420987502
171.25,2.0375,0.08299999999999882,18.33264490809815
171.25,2.0625,0.08830000000000031,19.503283679338494
171.25,2.0875000000000004,0.09480000000000034,20.93897273840645
171.25,2.1125,0.11730000000000043,25.908665635180135
171.25,2.1375,0.12630000000000047,27.89654279388961
171.25,2.1625,0.15269999999999784,33.72764912610346
171.25,2.1875,0.1913000000000007,42.253433384569135
171.25,2.2125000000000004,0.2283000000000008,50.42581725926363
171.25,2.2375,0.26670000000000094,58.90742646975738
171.25,2.2625,0.3228000000000012,71.2985274257131
171.25,2.2875,0.37939999999999463,83.80006600159564
171.25,2.3125,0.4197000000000015,92.70133816781843
171.25,2.3375000000000004,0.4975000000000018,109.88543182866253
171.25,2.3625,0.5431000000000019,119.95734276612386
171.25,2.3875,0.6236999999999912,137.75988709856404
171.25,2.4125000000000005,0.6543000000000023,144.51866943817868
171.25,2.4375,0.7074000000000025,156.24714467456457
171.25,2.4625000000000004,0.7453000000000026,164.61831626513
171.25,2.4875,0.7738000000000028,170.91326060104336
171.25,2.5125,0.8141999999999885,179.83662029124713
171.25,2.5375000000000005,0.8151000000000029,180.03540800712128
171.25,2.5625,0.8184000000000029,180.76429629864808
171.25,2.5875000000000004,0.8155000000000029,180.12375810306392
171.25,2.6125,0.7874000000000029,173.91716386309324
171.25,2.6375,0.7804999999999889,172.39312470807957
171.25,2.6625000000000005,0.7425000000000026,163.99986559353152
171.25,2.6875,0.6789000000000025,149.95220033865127
171.25,2.7125000000000004,0.6498000000000023,143.52473085882394
171.25,2.7375,0.5997000000000021,132.45888134200788
171.25,2.7625,0.5502999999999922,121.5476444930893
171.25,2.7875000000000005,0.5039000000000018,111.29903336374483
171.25,2.8125,0.4562000000000016,100.76328442258462
171.25,2.8375000000000004,0.40960000000000146,90.47049824526668
171.25,2.8625,0.3662000000000013,80.88451283548989
171.25,2.8875,0.3272999999999954,72.29246600506656
171.25,2.9125000000000005,0.30080000000000107,66.43927214886772
171.25,2.9375,0.2514000000000009,55.52803529995128
171.25,2.9625000000000004,0.24240000000000086,53.540158141241804
171.25,2.9875,0.20950000000000074,46.2733627499594
171.25,3.0125,0.19999999999999715,44.175047971320836
171.25,3.0375000000000005,0.18480000000000066,40.81774432550118
171.25,3.0625,0.17380000000000062,38.38811668707849
171.25,3.0875000000000004,0.17480000000000062,38.6089919269351
171.25,3.1125,0.16820000000000063,37.15121534388149
171.25,3.1375,0.17749999999999747,39.20535507454724
171.25,3.1625000000000005,0.1933000000000007,42.69518386428235
171.25,3.1875,0.20710000000000073,45.74326217430354
171.25,3.2125000000000004,0.21310000000000076,47.06851361344319
171.25,3.2375,0.23550000000000085,52.01611898623121
171.25,3.2625,0.25109999999999644,55.46177272799331
171.25,3.2875000000000005,0.2668000000000009,58.929513993743036
171.25,3.3125,0.27850000000000097,61.51375430006535
171.25,3.3375000000000004,0.29990000000000105,66.24048443299677
171.25,3.3625,0.3309000000000012,73.08761686855162
171.25,3.3875,0.3427999999999951,75.71603222284391
171.25,3.4125000000000005,0.3637000000000013,80.33232473584837
171.25,3.4375,0.3689000000000013,81.48087598310272
171.25,3.4625000000000004,0.3822000000000013,84.41851667319561
171.25,3.4875,0.38950000000000135,86.03090592414885
171.25,3.5125,0.40239999999999426,88.88019651829752
171.25,3.5375000000000005,0.4010000000000014,88.57097118249985
171.25,3.5625,0.3975000000000014,87.79790784300172
171.25,3.5875000000000004,0.3934000000000014,86.89231935958964
171.25,3.6125,0.38380000000000136,84.77191705696619
171.25,3.6375,0.37829999999999464,83.55710323775337
171.25,3.6625000000000005,0.36160000000000125,79.86848673214948
171.25,3.6875,0.3404000000000012,75.18593164718939
171.25,3.7125000000000004,0.3259000000000012,71.98324066926858
171.25,3.7375,0.3097000000000011,68.40506178359152
171.25,3.7625,0.29119999999999585,64.31886984624313
171.25,3.7875000000000005,0.2694000000000009,59.50378961737022
171.25,3.8125,0.24430000000000088,53.959821096969364
171.25,3.8375000000000004,0.2270000000000008,50.138679447450045
171.25,3.8625,0.20670000000000074,45.6549120783609
171.25,3.8875,0.18299999999999741,40.42016889375857
171.25,3.9125000000000005,0.1669000000000006,36.864077532067896
171.25,3.9375,0.14620000000000052,32.29196006703611
171.25,3.9625000000000004,0.12860000000000046,28.404555845559806
171.25,3.9875,0.11580000000000042,25.57735277539522
171.25,4.0125,0.09309999999999868,20.563484830649852
171.25,4.0375,0.0888000000000019,19.61372129926715
171.25,4.0625,0.08049999999999885,17.780456808456634
171.25,4.0875,0.07279999999999896,16.079717461560783
171.25,4.112500000000001,0.06480000000000138,14.31271554270846
171.25,4.1375,0.0565999999999992,12.501538575883798
171.25,4.1625,0.048100000000001024,10.624099037103038
171.25,4.1875,0.038999999999999445,8.614134354407563
171.25,4.2125,0.03229999999999954,7.134270247368314
171.25,4.237500000000001,0.02730000000000058,6.0298940480855086
171.25,4.2625,0.028499999999999595,6.294944335913219
171.25,4.2875,0.021700000000000462,4.792992704888481
171.25,4.3125,0.0208999999999997,4.616292513003027
171.25,4.3375,0.02039999999999971,4.5058548930747255
171.25,4.362500000000001,0.015400000000000327,3.401478693791825
171.25,4.3875,0.013599999999999808,3.003903262049817
171.25,4.4125,0.011500000000000244,2.540065258351038
171.25,4.4375,0.00909999999999987,2.009964682695098
171.25,4.4625,0.010899999999999846,2.4075401144369857
171.25,4.487500000000001,0.007800000000000166,1.7228268708815737
171.25,4.5125,0.006599999999999906,1.4577765830535876
171.25,4.5375,0.005200000000000111,1.1485512472543826
171.25,4.5625,0.004599999999999935,1.0160261033403792
171.25,4.5875,0.003599999999999949,0.7951508634837752
171.25,4.612500000000001,0.003900000000000083,0.8614134354407869
171.25,4.6375,0.001899999999999973,0.41966295572754797
171.25,4.6625,0.0019000000000000405,0.41966295572756285
171.25,4.6875,0.00139999999999998,0.3092253357992458
171.25,4.7125,0.00139999999999998,0.3092253357992458
171.25,4.737500000000001,0.0009000000000000193,0.19878771587095084
171.25,4.7625,0.00069999999999999,0.1546126678996229
171.25,4.7875000000000005,0.0005999999999999915,0.1325251439139625
171.25,4.8125,0.0006000000000000128,0.13252514391396722
171.25,4.8375,0.0005999999999999915,0.1325251439139625
171.25,4.862500000000001,0.0004000000000000086,0.08835009594264483
171.25,4.8875,0.00029999999999999575,0.06626257195698125
171.25,4.9125000000000005,0.00029999999999999575,0.06626257195698125
171.25,4.9375,0.0,0.0
171.25,4.9625,0.0,0.0
171.25,4.987500000000001,0.00010000000000000215,0.022087523985661207
171.25,5.0125,9.999999999999858e-05,0.02208752398566042
171.25,5.0375000000000005,0.00019999999999999716,0.04417504797132084
171.25,5.0625,0.00010000000000000215,0.022087523985661207
171.25,5.0875,0.0,0.0
171.25,5.112500000000001,0.00010000000000000215,0.022087523985661207
171.25,5.1375,0.0,0.0
171.25,5.1625000000000005,0.0,0.0
171.25,5.1875,0.0,0.0
171.25,5.2125,0.0,0.0
171.25,5.237500000000001,0.0,0.0
171.25,5.2625,0.0,0.0
171.25,5.2875000000000005,0.0,0.0
171.25,5.3125,0.0,0.0
171.25,5.3375,0.0,0.0
171.25,5.362500000000001,0.0,0.0
171.25,5.3875,0.0,0.0
171.25,5.4125000000000005,0.0,0.0
171.25,5.4375,0.0,0.0
171.25,5.4625,0.0,0.0
171.25,5.487500000000001,0.0,0.0
171.25,5.5125,0.0,0.0
171.25,5.5375000000000005,0.0,0.0
171.25,5.5625,0.0,0.0
171.25,5.5875,0.0,0.0
171.25,5.612500000000001,0.0,0.0
171.25,5.6375,0.0,0.0
171.25,5.6625000000000005,0.0,0.0
171.25,5.6875,0.0,0.0
171.25,5.7125,0.0,0.0
171.25,5.737500000000001,0.0,0.0
171.25,5.7625,0.0,0.0
171.25,5.7875000000000005,0.0,0.0
171.25,5.8125,0.0,0.0
171.25,5.8375,0.0,0.0
171.25,5.862500000000001,0.0,0.0
171.25,5.8875,0.0,0.0
171.25,5.9125000000000005,0.0,0.0
171.25,5.9375,0.0,0.0
171.25,5.9625,0.0,0.0
171.25,5.987500000000001,0.0,0.0
171.25,6.0125,0.0,0.0
171.25,6.0375000000000005,0.0,0.0
171.25,6.0625,0.0,0.0
171.25,6.0875,0.0,0.0
171.25,6.112500000000001,0.0,0.0
171.25,6.1375,0.0,0.0
171.25,6.1625000000000005,0.0,0.0
171.25,6.1875,0.0,0.0
171.25,6.2125,0.0,0.0
171.25,6.237500000000001,0.0,0.0
171.25,6.2625,0.0,0.0
171.25,6.2875000000000005,0.0,0.0
171.25,6.3125,0.0,0.0
171.25,6.3375,0.0,0.0
171.25,6.362500000000001,0.0,0.0
171.25,6.3875,0.0,0.0
171.25,6.4125000000000005,0.0,0.0
171.25,6.4375,0.0,0.0
171.25,6.4625,0.0,0.0
171.25,6.487500000000001,0.0,0.0
171.25,6.5125,0.0,0.0
171.25,6.5375000000000005,0.0,0.0
171.25,6.5625,0.0,0.0
171.25,6.5875,0.0,0.0
171.25,6.612500000000001,0.0,0.0
171.25,6.6375,0.0,0.0
171.25,6.6625000000000005,0.0,0.0
171.25,6.6875,0.0,0.0
171.25,6.7125,0.0,0.0
171.25,6.737500000000001,0.0,0.0
171.25,6.7625,0.0,0.0
171.25,6.7875000000000005,0.0,0.0
171.25,6.8125,0.0,0.0
171.25,6.8375,0.0,0.0
171.25,6.862500000000001,0.0,0.0
171.25,6.8875,0.0,0.0
171.25,6.9125000000000005,0.0,0.0
171.25,6.9375,0.0,0.0
171.25,6.9625,0.0,0.0
171.25,6.987500000000001,0.0,0.0
173.75,0.0125,0.0,0.0
173.75,0.037500000000000006,0.0,0.0
173.75,0.0625,0.0,0.0
173.75,0.08750000000000001,0.0,0.0
173.75,0.1125,0.0,0.0
173.75,0.1375,9.999999999999992e-05,0.017151218523668035
173.75,0.16250000000000003,0.00010000000000000003,0.017151218523668056
173.75,0.1875,0.0006000000000000002,0.10290731114200832
173.75,0.21250000000000002,0.0018000000000000006,0.308721933426025
173.75,0.2375,0.005500000000000001,0.943317018801743
173.75,0.2625,0.017099999999999983,2.9328583675472335
173.75,0.28750000000000003,0.03289999999999997,5.642750894286784
173.75,0.3125,0.06090000000000008,10.445092080913856
173.75,0.3375,0.09759999999999991,16.739589279100002
173.75,0.36250000000000004,0.14350000000000018,24.61199858146368
173.75,0.3875,0.17529999999999984,30.066086071990064
173.75,0.41250000000000003,0.19899999999999984,34.13092486209939
173.75,0.4375,0.2185000000000003,37.47541247421474
173.75,0.4625,0.2155999999999998,36.97802713702828
173.75,0.48750000000000004,0.20360000000000028,34.9198809141882
173.75,0.5125,0.17239999999999983,29.568700734803688
173.75,0.5375000000000001,0.14209999999999987,24.371881522132274
173.75,0.5625,0.11919999999999989,20.444252480212295
173.75,0.5875000000000001,0.08869999999999992,15.213130830493546
173.75,0.6125,0.06840000000000024,11.731433470188987
173.75,0.6375,0.055099999999999955,9.450321406541088
173.75,0.6625000000000001,0.04009999999999996,6.877638627990882
173.75,0.6875,0.03689999999999997,6.328799635233505
173.75,0.7125000000000001,0.027699999999999975,4.750887531056045
173.75,0.7375,0.02280000000000008,3.910477823396329
173.75,0.7625,0.02169999999999998,3.721814419635963
173.75,0.7875000000000001,0.016099999999999986,2.7613461823105534
173.75,0.8125,0.017799999999999983,3.05291689721291
173.75,0.8375000000000001,0.018299999999999983,3.13867298983125
173.75,0.8625,0.01680000000000006,2.8814047119762427
173.75,0.8875,0.012699999999999989,2.1782047525058403
173.75,0.9125000000000001,0.015299999999999985,2.6241364341212092
173.75,0.9375,0.01059999999999999,1.8180291635088115
173.75,0.9625000000000001,0.011099999999999992,1.903785256127152
173.75,0.9875,0.009300000000000034,1.5950633227011344
173.75,1.0125000000000002,0.008999999999999952,1.5436096671301163
173.75,1.0375,0.009200000000000033,1.5779121041774662
173.75,1.0625,0.007000000000000024,1.2005852966567676
173.75,1.0875,0.009799999999999948,1.6808194153194598
173.75,1.1125,0.009600000000000034,1.6465169782721385
173.75,1.1375000000000002,0.014099999999999925,2.418321811837182
173.75,1.1625,0.018900000000000066,3.241580300973273
173.75,1.1875,0.023399999999999876,4.013385134538303
173.75,1.2125000000000001,0.036900000000000134,6.328799635233533
173.75,1.2375,0.050800000000000185,8.7128190100234
173.75,1.2625000000000002,0.06999999999999963,12.005852966567572
173.75,1.2875,0.09760000000000034,16.739589279100073
173.75,1.3125,0.11929999999999936,20.461403698735875
173.75,1.3375000000000001,0.15480000000000055,26.550086274638236
173.75,1.3625,0.19420000000000068,33.30766637296347
173.75,1.3875000000000002,0.23729999999999873,40.69984155666406
173.75,1.4125,0.275700000000001,47.28590946975299
173.75,1.4375,0.3153999999999983,54.094943223648734
173.75,1.4625000000000001,0.3448000000000012,59.137401469607646
173.75,1.4875,0.3983000000000014,68.31330337977008
173.75,1.5125000000000002,0.4078999999999978,69.9598203580416
173.75,1.5375,0.4183000000000015,71.7435470845037
173.75,1.5625,0.43649999999999767,74.86506885581063
173.75,1.5875000000000001,0.43550000000000155,74.69355667057462
173.75,1.6125,0.4327000000000016,74.21332255191192
173.75,1.6375000000000002,0.40269999999999784,69.06795699481087
173.75,1.6625,0.3801000000000014,65.19178160846249
173.75,1.6875,0.3605999999999981,61.84729399634666
173.75,1.7125000000000001,0.33580000000000115,57.593791802477504
173.75,1.7375,0.289100000000001,49.584172751924505
173.75,1.7625000000000002,0.25369999999999865,43.51264139454561
173.75,1.7875,0.2259000000000008,38.74460264496626
173.75,1.8125,0.189899999999999,32.57016397644545
173.75,1.8375000000000001,0.1668000000000006,28.608232497478408
173.75,1.8625,0.15050000000000052,25.812583878120503
173.75,1.8875000000000002,0.12489999999999933,21.42187193606128
173.75,1.9125,0.11110000000000039,19.05500377979527
173.75,1.9375,0.10089999999999946,17.30557949038097
173.75,1.9625000000000001,0.08680000000000031,14.88725767854392
173.75,1.9875,0.08170000000000029,14.012545533836846
173.75,2.0125,0.0865000000000003,14.835804022972914
173.75,2.0375,0.0843999999999988,14.475628433975627
173.75,2.0625,0.09380000000000033,16.087842975200687
173.75,2.0875000000000004,0.09670000000000034,16.585228312387063
173.75,2.1125,0.1118000000000004,19.175062309460948
173.75,2.1375,0.12860000000000046,22.05646702143719
173.75,2.1625,0.15059999999999787,25.829735096643716
173.75,2.1875,0.18540000000000068,31.79835914288068
173.75,2.2125000000000004,0.21920000000000076,37.59547100388049
173.75,2.2375,0.2693000000000009,46.188231484238216
173.75,2.2625,0.3139000000000011,53.8376749457942
173.75,2.2875,0.3684999999999948,63.202240259715865
173.75,2.3125,0.42230000000000145,72.42959582545042
173.75,2.3375000000000004,0.4818000000000017,82.63457084703296
173.75,2.3625,0.5443000000000019,93.35408242432551
173.75,2.3875,0.6031999999999914,103.4561501347642
173.75,2.4125000000000005,0.6543000000000023,112.22042280036045
173.75,2.4375,0.7127000000000026,122.23673441818262
173.75,2.4625000000000004,0.7353000000000026,126.11290980453161
173.75,2.4875,0.7796000000000027,133.71089961051658
173.75,2.5125,0.8193999999999884,140.537084582934
173.75,2.5375000000000005,0.8363000000000029,143.4356405134364
173.75,2.5625,0.8220000000000028,140.98301626455185
173.75,2.5875000000000004,0.8068000000000028,138.3760310489543
173.75,2.6125,0.7913000000000029,135.71759217778578
173.75,2.6375,0.7623999999999892,130.76089002444337
173.75,2.6625000000000005,0.7429000000000026,127.41640241233038
173.75,2.6875,0.6920000000000024,118.68643218378331
173.75,2.7125000000000004,0.6534000000000023,112.06606183364744
173.75,2.7375,0.6105000000000022,104.70818908699381
173.75,2.7625,0.5562999999999921,95.41222864716401
173.75,2.7875000000000005,0.5014000000000017,85.9962096776719
173.75,2.8125,0.4563000000000016,78.26101012349758
173.75,2.8375000000000004,0.41370000000000146,70.95459103241497
173.75,2.8625,0.3602000000000013,61.77868912225254
173.75,2.8875,0.32509999999999534,55.758611420444026
173.75,2.9125000000000005,0.29430000000000106,50.47603611515525
173.75,2.9375,0.26320000000000093,45.14200715429447
173.75,2.9625000000000004,0.2301000000000008,39.46495382296032
173.75,2.9875,0.21220000000000075,36.39488570722373
173.75,3.0125,0.1960999999999972,33.633539524912564
173.75,3.0375000000000005,0.19000000000000067,32.587315194969406
173.75,3.0625,0.17950000000000063,30.786437249984257
173.75,3.0875000000000004,0.17530000000000062,30.0660860719902
173.75,3.1125,0.1704000000000006,29.22567636433046
173.75,3.1375,0.1814999999999974,31.129461620457064
173.75,3.1625000000000005,0.1933000000000007,33.15330540625046
173.75,3.1875,0.20490000000000075,35.142846754995965
173.75,3.2125000000000004,0.21250000000000077,36.44633936279474
173.75,3.2375,0.23100000000000082,39.61931478967333
173.75,3.2625,0.2469999999999965,42.36350975345948
173.75,3.2875000000000005,0.26500000000000096,45.4507290877205
173.75,3.3125,0.286500000000001,49.13824107030913
173.75,3.3375000000000004,0.3045000000000011,52.2254604045694
173.75,3.3625,0.3112000000000011,53.374592045655156
173.75,3.3875,0.3422999999999951,58.708621006514896
173.75,3.4125000000000005,0.3651000000000013,62.619098829912275
173.75,3.4375,0.38180000000000136,65.48335232336484
173.75,3.4625000000000004,0.3734000000000013,64.04264996737672
173.75,3.4875,0.3847000000000013,65.98073766055121
173.75,3.5125,0.40639999999999427,69.70255208018597
173.75,3.5375000000000005,0.4010000000000014,68.77638627990912
173.75,3.5625,0.4029000000000014,69.10225943185881
173.75,3.5875000000000004,0.3997000000000014,68.55342043910143
173.75,3.6125,0.3885000000000014,66.63248396445061
173.75,3.6375,0.38479999999999454,65.99788887907371
173.75,3.6625000000000005,0.3689000000000013,63.270845133811655
173.75,3.6875,0.3430000000000012,58.82867953618162
173.75,3.7125000000000004,0.3273000000000012,56.13593822796573
173.75,3.7375,0.29940000000000105,51.35074825986232
173.75,3.7625,0.2983999999999957,51.179236074624725
173.75,3.7875000000000005,0.267800000000001,45.930963206383204
173.75,3.8125,0.24790000000000087,42.51787072017324
173.75,3.8375000000000004,0.22950000000000084,39.36204651181832
173.75,3.8625,0.20540000000000072,35.2286028476143
173.75,3.8875,0.18509999999999735,31.746905487309107
173.75,3.9125000000000005,0.1709000000000006,29.3114324569488
173.75,3.9375,0.1451000000000005,24.886418077842425
173.75,3.9625000000000004,0.13200000000000048,22.63960845124191
173.75,3.9875,0.12040000000000044,20.650067102496408
173.75,4.0125,0.10509999999999851,18.025930668374865
173.75,4.0375,0.094100000000002,16.139296630771977
173.75,4.0625,0.08169999999999884,14.012545533836597
173.75,4.0875,0.07299999999999897,12.5203895222775
173.75,4.112500000000001,0.06240000000000133,10.702360358769091
173.75,4.1375,0.054999999999999216,9.433170188017293
173.75,4.1625,0.04900000000000104,8.404097076597523
173.75,4.1875,0.0420999999999994,7.220662998464146
173.75,4.2125,0.036299999999999485,6.225892324091414
173.75,4.237500000000001,0.0281000000000006,4.819492405150825
173.75,4.2625,0.02459999999999965,4.21919975682228
173.75,4.2875,0.021900000000000468,3.756116856683383
173.75,4.3125,0.022099999999999686,3.790419293730585
173.75,4.3375,0.015899999999999775,2.7270437452631815
173.75,4.362500000000001,0.017000000000000362,2.9157071490236306
173.75,4.3875,0.012499999999999822,2.1439023154584755
173.75,4.4125,0.010700000000000228,1.8351803820325205
173.75,4.4375,0.007999999999999887,1.3720974818934246
173.75,4.4625,0.006199999999999912,1.063375548467404
173.75,4.487500000000001,0.0069000000000001465,1.1834340781331205
173.75,4.5125,0.007299999999999896,1.2520389522277497
173.75,4.5375,0.003600000000000077,0.617443866852063
173.75,4.5625,0.004099999999999941,0.7031999594703799
173.75,4.5875,0.002999999999999957,0.5145365557100341
173.75,4.612500000000001,0.0024000000000000514,0.411629244568042
173.75,4.6375,0.00279999999999996,0.48023411866269855
173.75,4.6625,0.0016000000000000343,0.27441949637869467
173.75,4.6875,0.0014999999999999786,0.25726827785501705
173.75,4.7125,0.000999999999999986,0.17151218523667808
173.75,4.737500000000001,0.0008000000000000172,0.13720974818934734
173.75,4.7625,0.0012999999999999815,0.22296584080768148
173.75,4.7875000000000005,0.00029999999999999575,0.05145365557100342
173.75,4.8125,0.0009000000000000193,0.15436096671301575
173.75,4.8375,0.000499999999999993,0.08575609261833904
173.75,4.862500000000001,0.0004000000000000086,0.06860487409467367
173.75,4.8875,0.00019999999999999716,0.03430243704733561
173.75,4.9125000000000005,0.00019999999999999716,0.03430243704733561
173.75,4.9375,0.00010000000000000215,0.017151218523668417
173.75,4.9625,9.999999999999858e-05,0.017151218523667806
173.75,4.987500000000001,0.0,0.0
173.75,5.0125,0.0,0.0
173.75,5.0375000000000005,9.999999999999858e-05,0.017151218523667806
173.75,5.0625,0.0,0.0
173.75,5.0875,0.0,0.0
173.75,5.112500000000001,0.0,0.0
173.75,5.1375,0.0,0.0
173.75,5.1625000000000005,0.0,0.0
173.75,5.1875,0.0,0.0
173.75,5.2125,0.0,0.0
173.75,5.237500000000001,0.0,0.0
173.75,5.2625,0.0,0.0
173.75,5.2875000000000005,9.999999999999858e-05,0.017151218523667806
173.75,5.3125,0.0,0.0
173.75,5.3375,0.0,0.0
173.75,5.362500000000001,0.0,0.0
173.75,5.3875,0.0,0.0
173.75,5.4125000000000005,0.0,0.0
173.75,5.4375,0.0,0.0
173.75,5.4625,0.0,0.0
173.75,5.487500000000001,0.0,0.0
173.75,5.5125,0.0,0.0
173.75,5.5375000000000005,0.0,0.0
173.75,5.5625,0.0,0.0
173.75,5.5875,0.0,0.0
173.75,5.612500000000001,0.0,0.0
173.75,5.6375,0.0,0.0
173.75,5.6625000000000005,0.0,0.0
173.75,5.6875,0.0,0.0
173.75,5.7125,0.0,0.0
173.75,5.737500000000001,0.0,0.0
173.75,5.7625,0.0,0.0
173.75,5.7875000000000005,0.0,0.0
173.75,5.8125,0.0,0.0
173.75,5.8375,0.0,0.0
173.75,5.862500000000001,0.0,0.0
173.75,5.8875,0.0,0.0
173.75,5.9125000000000005,0.0,0.0
173.75,5.9375,0.0,0.0
173.75,5.9625,0.0,0.0
173.75,5.987500000000001,0.0,0.0
173.75,6.0125,0.0,0.0
173.75,6.0375000000000005,0.0,0.0
173.75,6.0625,0.0,0.0
173.75,6.0875,0.0,0.0
173.75,6.112500000000001,0.0,0.0
173.75,6.1375,0.0,0.0
173.75,6.1625000000000005,0.0,0.0
173.75,6.1875,0.0,0.0
173.75,6.2125,0.0,0.0
173.75,6.237500000000001,0.0,0.0
173.75,6.2625,0.0,0.0
173.75,6.2875000000000005,0.0,0.0
173.75,6.3125,0.0,0.0
173.75,6.3375,0.0,0.0
173.75,6.362500000000001,0.0,0.0
173.75,6.3875,0.0,0.0
173.75,6.4125000000000005,0.0,0.0
173.75,6.4375,0.0,0.0
173.75,6.4625,0.0,0.0
173.75,6.487500000000001,0.0,0.0
173.75,6.5125,0.0,0.0
173.75,6.5375000000000005,0.0,0.0
173.75,6.5625,0.0,0.0
173.75,6.5875,0.0,0.0
173.75,6.612500000000001,0.0,0.0
173.75,6.6375,0.0,0.0
173.75,6.6625000000000005,0.0,0.0
173.75,6.6875,0.0,0.0
173.75,6.7125,0.0,0.0
173.75,6.737500000000001,0.0,0.0
173.75,6.7625,0.0,0.0
173.75,6.7875000000000005,0.0,0.0
173.75,6.8125,0.0,0.0
173.75,6.8375,0.0,0.0
173.75,6.862500000000001,0.0,0.0
173.75,6.8875,0.0,0.0
173.75,6.9125000000000005,0.0,0.0
173.75,6.9375,0.0,0.0
173.75,6.9625,0.0,0.0
173.75,6.987500000000001,0.0,0.0
176.25,0.0125,0.0,0.0
176.25,0.037500000000000006,0.0,0.0
176.25,0.0625,0.0,0.0
176.25,0.08750000000000001,0.0,0.0
176.25,0.1125,0.0,0.0
176.25,0.1375,0.0,0.0
176.25,0.16250000000000003,0.00010000000000000003,0.013429773310457254
176.25,0.1875,0.0005000000000000001,0.06714886655228626
176.25,0.21250000000000002,0.0013000000000000002,0.17458705303594427
176.25,0.2375,0.005500000000000001,0.7386375320751489
176.25,0.2625,0.015599999999999985,2.095044636431329
176.25,0.28750000000000003,0.03289999999999997,4.418395419140431
176.25,0.3125,0.06400000000000008,8.595054918692652
176.25,0.3375,0.09399999999999992,12.623986911829803
176.25,0.36250000000000004,0.13130000000000017,17.633292356630392
176.25,0.3875,0.16849999999999984,22.629168028120446
176.25,0.41250000000000003,0.19719999999999985,26.483512968221678
176.25,0.4375,0.2230000000000003,29.94839448231971
176.25,0.4625,0.20319999999999983,27.289299366849107
176.25,0.48750000000000004,0.18730000000000024,25.153965410486464
176.25,0.5125,0.16319999999999987,21.917390042666216
176.25,0.5375000000000001,0.13739999999999988,18.452508528568245
176.25,0.5625,0.1195999999999999,16.06200887930686
176.25,0.5875000000000001,0.09039999999999991,12.140515072653342
176.25,0.6125,0.07000000000000026,9.40084131732011
176.25,0.6375,0.05179999999999995,6.956622574816849
176.25,0.6625000000000001,0.04269999999999997,5.734513203565242
176.25,0.6875,0.03259999999999997,4.3781060992090595
176.25,0.7125000000000001,0.028899999999999978,3.8812044867221425
176.25,0.7375,0.022700000000000078,3.048558541473806
176.25,0.7625,0.018699999999999984,2.5113676090555037
176.25,0.7875000000000001,0.018499999999999985,2.4845080624345894
176.25,0.8125,0.018499999999999985,2.4845080624345894
176.25,0.8375000000000001,0.013899999999999987,1.866738490153556
176.25,0.8625,0.014000000000000049,1.8801682634640215
176.25,0.8875,0.012999999999999987,1.7458705303594408
176.25,0.9125000000000001,0.01119999999999999,1.5041346107712106
176.25,0.9375,0.009799999999999991,1.3161177844248093
176.25,0.9625000000000001,0.006999999999999994,0.9400841317320067
176.25,0.9875,0.009900000000000036,1.3295475577352724
176.25,1.0125000000000002,0.00929999999999995,1.2489689178725176
176.25,1.0375,0.008800000000000032,1.1818200513202424
176.25,1.0625,0.007700000000000027,1.0340925449052119
176.25,1.0875,0.007699999999999959,1.0340925449052027
176.25,1.1125,0.010200000000000037,1.3698368776666445
176.25,1.1375000000000002,0.013799999999999925,1.8533087168430904
176.25,1.1625,0.01790000000000006,2.403929422571856
176.25,1.1875,0.024799999999999867,3.33058378099338
176.25,1.2125000000000001,0.03400000000000012,4.566122925555481
176.25,1.2375,0.04560000000000016,6.123976629568528
176.25,1.2625000000000002,0.07209999999999962,9.682866556839627
176.25,1.2875,0.09490000000000035,12.744854871623977
176.25,1.3125,0.11869999999999938,15.941140919512671
176.25,1.3375000000000001,0.15680000000000055,21.05788455079704
176.25,1.3625,0.1993000000000007,26.765538207741393
176.25,1.3875000000000002,0.23069999999999877,30.98248702722471
176.25,1.4125,0.27400000000000097,36.797578870653
176.25,1.4375,0.32239999999999824,43.297589152913936
176.25,1.4625000000000001,0.3453000000000012,46.37300724100905
176.25,1.4875,0.3986000000000014,53.53107641548279
176.25,1.5125000000000002,0.4133999999999978,55.51868286542998
176.25,1.5375,0.4288000000000015,57.58686795524089
176.25,1.5625,0.4318999999999977,58.00319092786455
176.25,1.5875000000000001,0.4417000000000016,59.31930871228989
176.25,1.6125,0.42450000000000154,57.00938770289123
176.25,1.6375000000000002,0.40099999999999786,53.85339097493328
176.25,1.6625,0.3901000000000014,52.38954568409392
176.25,1.6875,0.3616999999999981,48.57549006392362
176.25,1.7125000000000001,0.32830000000000115,44.089945778231304
176.25,1.7375,0.29270000000000107,39.30894647970852
176.25,1.7625000000000002,0.2605999999999986,34.99798924705141
176.25,1.7875,0.2219000000000008,29.800666975904743
176.25,1.8125,0.189799999999999,25.489709743247726
176.25,1.8375000000000001,0.17440000000000064,23.42152465343753
176.25,1.8625,0.15150000000000055,20.346106565342808
176.25,1.8875000000000002,0.12499999999999935,16.787216638071474
176.25,1.9125,0.10670000000000039,14.329568122257939
176.25,1.9375,0.10129999999999946,13.604360363493122
176.25,1.9625000000000001,0.08760000000000032,11.764481419960594
176.25,1.9875,0.08290000000000029,11.133282074369099
176.25,2.0125,0.07810000000000028,10.48865295546715
176.25,2.0375,0.0839999999999988,11.281009580783929
176.25,2.0625,0.09290000000000033,12.47625940541483
176.25,2.0875000000000004,0.09670000000000034,12.986590791212206
176.25,2.1125,0.1135000000000004,15.242792707369034
176.25,2.1375,0.13240000000000046,17.78101986304546
176.25,2.1625,0.1553999999999978,20.86986772445027
176.25,2.1875,0.19020000000000067,25.54342883648978
176.25,2.2125000000000004,0.22820000000000082,30.646742694463555
176.25,2.2375,0.26740000000000097,35.911213832162815
176.25,2.2625,0.32270000000000115,43.3378784728457
176.25,2.2875,0.3674999999999948,49.35441691592969
176.25,2.3125,0.4296000000000015,57.694306141724546
176.25,2.3375000000000004,0.4797000000000017,64.42262257026366
176.25,2.3625,0.5410000000000019,72.65507360957398
176.25,2.3875,0.6049999999999914,81.25012852826521
176.25,2.4125000000000005,0.6564000000000024,88.15303200984171
176.25,2.4375,0.6927000000000024,93.0280397215377
176.25,2.4625000000000004,0.7361000000000025,98.85656133827615
176.25,2.4875,0.7776000000000027,104.42991726211595
176.25,2.5125,0.8137999999999884,109.29149520049954
176.25,2.5375000000000005,0.8120000000000028,109.04975928091325
176.25,2.5625,0.8213000000000029,110.29872819878578
176.25,2.5875000000000004,0.8065000000000029,108.3111217488381
176.25,2.6125,0.8054000000000029,108.16339424242308
176.25,2.6375,0.773599999999989,103.8927263296958
176.25,2.6625000000000005,0.7273000000000026,97.67474128695594
176.25,2.6875,0.6976000000000026,93.68609861375012
176.25,2.7125000000000004,0.6651000000000024,89.32142228785149
176.25,2.7375,0.587200000000002,78.85962887900524
176.25,2.7625,0.5552999999999921,74.57553119296806
176.25,2.7875000000000005,0.5103000000000018,68.53213320326358
176.25,2.8125,0.4613000000000016,61.95154428113951
176.25,2.8375000000000004,0.4085000000000014,54.860623973218054
176.25,2.8625,0.37220000000000136,49.98561626152207
176.25,2.8875,0.3359999999999952,45.124038323135714
176.25,2.9125000000000005,0.29750000000000104,39.953575598610456
176.25,2.9375,0.269800000000001,36.233528391613795
176.25,2.9625000000000004,0.24090000000000086,32.352323904891634
176.25,2.9875,0.21570000000000075,28.968021030656388
176.25,3.0125,0.20239999999999714,27.18186118036509
176.25,3.0375000000000005,0.18360000000000068,24.6570637979996
176.25,3.0625,0.18210000000000065,24.45561719834274
176.25,3.0875000000000004,0.1690000000000006,22.696316894672833
176.25,3.1125,0.17630000000000062,23.676690346336215
176.25,3.1375,0.18039999999999745,24.227311052064536
176.25,3.1625000000000005,0.1905000000000007,25.583718156421156
176.25,3.1875,0.19700000000000067,26.456653421600873
176.25,3.2125000000000004,0.21670000000000075,29.102318763760962
176.25,3.2375,0.23050000000000084,30.955627480604075
176.25,3.2625,0.23949999999999658,32.16430707854465
176.25,3.2875000000000005,0.26390000000000097,35.44117176629681
176.25,3.3125,0.29150000000000104,39.14778919998302
176.25,3.3375000000000004,0.3056000000000011,41.0413872367575
176.25,3.3625,0.3282000000000012,44.076516004920855
176.25,3.3875,0.351899999999995,47.25937227949839
176.25,3.4125000000000005,0.3553000000000012,47.71598457205477
176.25,3.4375,0.3822000000000013,51.328593592567785
176.25,3.4625000000000004,0.3841000000000014,51.583759285466485
176.25,3.4875,0.40070000000000144,53.81310165500239
176.25,3.5125,0.4026999999999943,54.08169712121058
176.25,3.5375000000000005,0.40130000000000143,53.893680294865135
176.25,3.5625,0.4056000000000014,54.471160547214794
176.25,3.5875000000000004,0.39380000000000137,52.88644729658083
176.25,3.6125,0.3936000000000014,52.85958774995992
176.25,3.6375,0.3722999999999947,49.99904603483163
176.25,3.6625000000000005,0.3665000000000013,49.220119182826
176.25,3.6875,0.34400000000000125,46.198420187973106
176.25,3.7125000000000004,0.3298000000000012,44.29139237788817
176.25,3.7375,0.3096000000000011,41.57857816917579
176.25,3.7625,0.29239999999999583,39.26865715977644
176.25,3.7875000000000005,0.27120000000000094,36.42154521796019
176.25,3.8125,0.2580000000000009,34.64881514097983
176.25,3.8375000000000004,0.22950000000000084,30.8213297474995
176.25,3.8625,0.2017000000000007,27.08785276719237
176.25,3.8875,0.18679999999999733,25.086816543933786
176.25,3.9125000000000005,0.16530000000000059,22.199415282185914
176.25,3.9375,0.14300000000000052,19.204575833953935
176.25,3.9625000000000004,0.13160000000000047,17.673581676561803
176.25,3.9875,0.11560000000000042,15.524817946888637
176.25,4.0125,0.10349999999999852,13.899815376323055
176.25,4.0375,0.09080000000000193,12.194234165895443
176.25,4.0625,0.07629999999999891,10.246917035878736
176.25,4.0875,0.07469999999999893,10.032040662911422
176.25,4.112500000000001,0.057000000000001216,7.654970786960796
176.25,4.1375,0.052199999999999254,7.010341668058584
176.25,4.1625,0.04860000000000103,6.526869828882362
176.25,4.1875,0.039299999999999446,5.277900911009625
176.25,4.2125,0.03969999999999943,5.331620004251452
176.25,4.237500000000001,0.03230000000000069,4.337816779277785
176.25,4.2625,0.027599999999999607,3.7066174336861484
176.25,4.2875,0.019400000000000413,2.605376022228762
176.25,4.3125,0.01909999999999973,2.565086702297298
176.25,4.3375,0.01539999999999978,2.068185089810387
176.25,4.362500000000001,0.013100000000000278,1.759300303669937
176.25,4.3875,0.016399999999999765,2.2024828229149573
176.25,4.4125,0.011600000000000247,1.5578537040130742
176.25,4.4375,0.010299999999999854,1.3832666509770772
176.25,4.4625,0.00929999999999987,1.2489689178725067
176.25,4.487500000000001,0.0063000000000001345,0.8460757185588248
176.25,4.5125,0.007099999999999899,0.9535139050424511
176.25,4.5375,0.0062000000000001325,0.8326459452483673
176.25,4.5625,0.0048999999999999305,0.6580588922123959
176.25,4.5875,0.004499999999999936,0.6043397989705677
176.25,4.612500000000001,0.004000000000000085,0.5371909324183014
176.25,4.6375,0.002399999999999966,0.32231455945096943
176.25,4.6625,0.0025000000000000534,0.33574433276143845
176.25,4.6875,0.001899999999999973,0.2551656928986841
176.25,4.7125,0.0010999999999999845,0.14772750641502766
176.25,4.737500000000001,0.0016000000000000343,0.21487637296732062
176.25,4.7625,0.0007999999999999887,0.10743818648365648
176.25,4.7875000000000005,0.0005999999999999915,0.08057863986274236
176.25,4.8125,0.0005000000000000106,0.06714886655228768
176.25,4.8375,0.0005999999999999915,0.08057863986274236
176.25,4.862500000000001,0.0004000000000000086,0.053719093241830156
176.25,4.8875,0.00029999999999999575,0.04028931993137118
176.25,4.9125000000000005,0.00039999999999999433,0.05371909324182824
176.25,4.9375,0.00010000000000000215,0.013429773310457539
176.25,4.9625,0.0,0.0
176.25,4.987500000000001,0.00010000000000000215,0.013429773310457539
176.25,5.0125,0.0,0.0
176.25,5.0375000000000005,0.0,0.0
176.25,5.0625,0.0,0.0
176.25,5.0875,9.999999999999858e-05,0.01342977331045706
176.25,5.112500000000001,0.00010000000000000215,0.013429773310457539
176.25,5.1375,0.0,0.0
176.25,5.1625000000000005,0.0,0.0
176.25,5.1875,0.0,0.0
176.25,5.2125,0.0,0.0
176.25,5.237500000000001,0.0,0.0
176.25,5.2625,9.999999999999858e-05,0.01342977331045706
176.25,5.2875000000000005,0.0,0.0
176.25,5.3125,0.0,0.0
176.25,5.3375,0.0,0.0
176.25,5.362500000000001,0.0,0.0
176.25,5.3875,0.0,0.0
176.25,5.4125000000000005,9.999999999999858e-05,0.01342977331045706
176.25,5.4375,0.0,0.0
176.25,5.4625,0.0,0.0
176.25,5.487500000000001,0.0,0.0
176.25,5.5125,0.0,0.0
176.25,5.5375000000000005,0.0,0.0
176.25,5.5625,0.0,0.0
176.25,5.5875,0.0,0.0
176.25,5.612500000000001,0.0,0.0
176.25,5.6375,0.0,0.0
176.25,5.6625000000000005,0.0,0.0
176.25,5.6875,0.0,0.0
176.25,5.7125,0.0,0.0
176.25,5.737500000000001,0.0,0.0
176.25,5.7625,0.0,0.0
176.25,5.7875000000000005,0.0,0.0
176.25,5.8125,0.0,0.0
176.25,5.8375,0.0,0.0
176.25,5.862500000000001,0.0,0.0
176.25,5.8875,0.0,0.0
176.25,5.9125000000000005,0.0,0.0
176.25,5.9375,0.0,0.0
176.25,5.9625,0.0,0.0
176.25,5.987500000000001,0.0,0.0
176.25,6.0125,0.0,0.0
176.25,6.0375000000000005,0.0,0.0
176.25,6.0625,0.0,0.0
176.25,6.0875,0.0,0.0
176.25,6.112500000000001,0.0,0.0
176.25,6.1375,0.0,0.0
176.25,6.1625000000000005,0.0,0.0
176.25,6.1875,0.0,0.0
176.25,6.2125,0.0,0.0
176.25,6.237500000000001,0.0,0.0
176.25,6.2625,0.0,0.0
176.25,6.2875000000000005,0.0,0.0
176.25,6.3125,0.0,0.0
176.25,6.3375,0.0,0.0
176.25,6.362500000000001,0.0,0.0
176.25,6.3875,0.0,0.0
176.25,6.4125000000000005,0.0,0.0
176.25,6.4375,0.0,0.0
176.25,6.4625,0.0,0.0
176.25,6.487500000000001,0.0,0.0
176.25,6.5125,0.0,0.0
176.25,6.5375000000000005,0.0,0.0
176.25,6.5625,0.0,0.0
176.25,6.5875,0.0,0.0
176.25,6.612500000000001,0.0,0.0
176.25,6.6375,0.0,0.0
176.25,6.6625000000000005,0.0,0.0
176.25,6.6875,0.0,0.0
176.25,6.7125,0.0,0.0
176.25,6.737500000000001,0.0,0.0
176.25,6.7625,0.0,0.0
176.25,6.7875000000000005,0.0,0.0
176.25,6.8125,0.0,0.0
176.25,6.8375,0.0,0.0
176.25,6.862500000000001,0.0,0.0
176.25,6.8875,0.0,0.0
176.25,6.9125000000000005,0.0,0.0
176.25,6.9375,0.0,0.0
176.25,6.9625,0.0,0.0
176.25,6.987500000000001,0.0,0.0
178.75,0.0125,0.0,0.0
178.75,0.037500000000000006,0.0,0.0
178.75,0.0625,0.0,0.0
178.75,0.08750000000000001,0.0,0.0
178.75,0.1125,0.0,0.0
178.75,0.1375,0.0,0.0
178.75,0.16250000000000003,0.0,0.0
178.75,0.1875,0.0003000000000000001,0.03181671459759881
178.75,0.21250000000000002,0.0023000000000000004,0.24392814524825748
178.75,0.2375,0.007000000000000002,0.7423900072773054
178.75,0.2625,0.016899999999999984,1.7923415889980638
178.75,0.28750000000000003,0.033499999999999974,3.552866463398529
178.75,0.3125,0.059600000000000077,6.320920633389635
178.75,0.3375,0.09829999999999992,10.425276816479863
178.75,0.36250000000000004,0.13520000000000018,14.338732711984543
178.75,0.3875,0.16639999999999983,17.64767103013478
178.75,0.41250000000000003,0.19629999999999984,20.818736918362127
178.75,0.4375,0.22010000000000027,23.34286294310501
178.75,0.4625,0.20769999999999983,22.02777207307088
178.75,0.48750000000000004,0.20110000000000025,21.327804351923753
178.75,0.5125,0.17539999999999983,18.602172468062744
178.75,0.5375000000000001,0.14729999999999988,15.622006867420994
178.75,0.5625,0.1125999999999999,11.94187354563207
178.75,0.5875000000000001,0.08759999999999993,9.29048066249884
178.75,0.6125,0.07170000000000025,7.604194788826138
178.75,0.6375,0.053399999999999954,5.663375198372581
178.75,0.6625000000000001,0.04409999999999996,4.677057045847018
178.75,0.6875,0.03239999999999997,3.4362051765406667
178.75,0.7125000000000001,0.03109999999999997,3.2983327466177386
178.75,0.7375,0.02480000000000009,2.6301817400681764
178.75,0.7625,0.019899999999999984,2.1105087349740517
178.75,0.7875000000000001,0.018799999999999983,1.9938474481161894
178.75,0.8125,0.017699999999999987,1.8771861612583274
178.75,0.8375000000000001,0.013999999999999988,1.4847800145546093
178.75,0.8625,0.013000000000000046,1.378724299229286
178.75,0.8875,0.013599999999999989,1.4423577284244775
178.75,0.9125000000000001,0.011099999999999992,1.1772184401111545
178.75,0.9375,0.010199999999999992,1.0817682963183581
178.75,0.9625000000000001,0.009299999999999992,0.9863181525255619
178.75,0.9875,0.009700000000000035,1.028740438655698
178.75,1.0125000000000002,0.008199999999999956,0.8696568656676957
178.75,1.0375,0.008800000000000032,0.9332902948629014
178.75,1.0625,0.006500000000000023,0.689362149614643
178.75,1.0875,0.00759999999999996,0.8060234364724985
178.75,1.1125,0.010700000000000038,1.1347961539810276
178.75,1.1375000000000002,0.010799999999999943,1.1454017255135507
178.75,1.1625,0.01980000000000007,2.099903163441528
178.75,1.1875,0.023799999999999873,2.524126024742824
178.75,1.2125000000000001,0.03420000000000012,3.6271054641262754
178.75,1.2375,0.048500000000000175,5.14370219327849
178.75,1.2625000000000002,0.06799999999999963,7.211788642122355
178.75,1.2875,0.09310000000000034,9.873787096788195
178.75,1.3125,0.12479999999999933,13.235753272601027
178.75,1.3375000000000001,0.15500000000000055,16.4386358754261
178.75,1.3625,0.19690000000000069,20.882370347557416
178.75,1.3875000000000002,0.22859999999999878,24.24433652337015
178.75,1.4125,0.274900000000001,29.154716142933133
178.75,1.4375,0.31299999999999834,33.1954388968279
178.75,1.4625000000000001,0.35300000000000126,37.43766750984138
178.75,1.4875,0.3851000000000014,40.84205597178447
178.75,1.5125000000000002,0.3963999999999979,42.04048555496032
178.75,1.5375,0.42810000000000153,45.40245173077364
178.75,1.5625,0.4399999999999976,46.66451474314464
178.75,1.5875000000000001,0.44000000000000156,46.66451474314506
178.75,1.6125,0.42200000000000154,44.75551186728914
178.75,1.6375000000000002,0.40249999999999786,42.687425418444825
178.75,1.6625,0.3816000000000013,40.47086096814581
178.75,1.6875,0.3562999999999981,37.787651370414636
178.75,1.7125000000000001,0.32560000000000117,34.53174090992735
178.75,1.7375,0.292200000000001,30.989480018061332
178.75,1.7625000000000002,0.26399999999999857,27.99870884588679
178.75,1.7875,0.22850000000000079,24.23373095183783
178.75,1.8125,0.19189999999999896,20.352091770930585
178.75,1.8375000000000001,0.17350000000000063,18.400666608944704
178.75,1.8625,0.14800000000000052,15.696245868148795
178.75,1.8875000000000002,0.12429999999999934,13.182725414938364
178.75,1.9125,0.11610000000000041,12.313068549270778
178.75,1.9375,0.10079999999999947,10.690416104793139
178.75,1.9625000000000001,0.09130000000000031,9.6828868092026
178.75,1.9875,0.0837000000000003,8.876863372730096
178.75,2.0125,0.0807000000000003,8.558696226754108
178.75,2.0375,0.08299999999999882,8.802624372002208
178.75,2.0625,0.08690000000000031,9.21624166177115
178.75,2.0875000000000004,0.09710000000000034,10.298009958089512
178.75,2.1125,0.11300000000000039,11.984295831762255
178.75,2.1375,0.13460000000000047,14.275099282789375
178.75,2.1625,0.14749999999999788,15.64321801048585
178.75,2.1875,0.1941000000000007,20.585414344646495
178.75,2.2125000000000004,0.21740000000000076,23.056512511726673
178.75,2.2375,0.26760000000000095,28.380509421058225
178.75,2.2625,0.30840000000000106,32.70758260633168
178.75,2.2875,0.3661999999999948,38.83760295213504
178.75,2.3125,0.4207000000000015,44.61763943736621
178.75,2.3375000000000004,0.4890000000000017,51.86124479408622
178.75,2.3625,0.551200000000002,58.45791028732173
178.75,2.3875,0.5843999999999917,61.97896003612157
178.75,2.4125000000000005,0.6672000000000023,70.76037326505997
178.75,2.4375,0.7076000000000026,75.0450241642033
178.75,2.4625000000000004,0.7424000000000026,78.73576305752476
178.75,2.4875,0.7856000000000029,83.31736995957901
178.75,2.5125,0.8034999999999887,85.2157672639009
178.75,2.5375000000000005,0.8294000000000029,87.96261029082845
178.75,2.5625,0.8249000000000029,87.48535957186445
178.75,2.5875000000000004,0.8254000000000029,87.53838742952712
178.75,2.6125,0.8070000000000028,85.58696226754105
178.75,2.6375,0.7562999999999893,80.20993750054542
178.75,2.6625000000000005,0.7295000000000026,77.36764432982801
178.75,2.6875,0.7052000000000025,74.7904904474225
178.75,2.7125000000000004,0.6541000000000022,69.37104339429814
178.75,2.7375,0.6039000000000021,64.0470464849666
178.75,2.7625,0.5447999999999923,57.77915370923859
178.75,2.7875000000000005,0.5069000000000018,53.75964209840962
178.75,2.8125,0.45700000000000157,48.46746190367566
178.75,2.8375000000000004,0.4020000000000014,42.63439756078254
178.75,2.8625,0.3727000000000013,39.52696510175038
178.75,2.8875,0.34089999999999515,36.15439335440425
178.75,2.9125000000000005,0.29600000000000104,31.39249173629759
178.75,2.9375,0.26220000000000093,27.807808558301446
178.75,2.9625000000000004,0.23490000000000083,24.912487529919943
178.75,2.9875,0.22400000000000078,23.75648023287385
178.75,3.0125,0.20839999999999706,22.102011073798316
178.75,3.0375000000000005,0.19070000000000067,20.224824912540374
178.75,3.0625,0.17510000000000064,18.570355753465233
178.75,3.0875000000000004,0.17380000000000062,18.4324833235423
178.75,3.1125,0.17380000000000062,18.4324833235423
178.75,3.1375,0.1822999999999974,19.33395690380726
178.75,3.1625000000000005,0.18990000000000068,20.139980340280108
178.75,3.1875,0.1979000000000007,20.988426062882745
178.75,3.2125000000000004,0.20890000000000072,22.15503893146137
178.75,3.2375,0.2248000000000008,23.841324805134114
178.75,3.2625,0.2460999999999965,26.100311541563173
178.75,3.2875000000000005,0.26720000000000094,28.33808713492809
178.75,3.3125,0.284300000000001,30.151639866991232
178.75,3.3375000000000004,0.3031000000000011,32.14548731510743
178.75,3.3625,0.32520000000000115,34.48931862379722
178.75,3.3875,0.348699999999995,36.9816279339418
178.75,3.4125000000000005,0.35550000000000126,37.702806798154704
178.75,3.4375,0.3791000000000013,40.205721679832486
178.75,3.4625000000000004,0.3860000000000014,40.937506115577264
178.75,3.4875,0.3922000000000014,41.595051550594306
178.75,3.5125,0.4031999999999943,42.76166441917218
178.75,3.5375000000000005,0.40520000000000145,42.97377584982359
178.75,3.5625,0.39730000000000143,42.13593569875349
178.75,3.5875000000000004,0.3972000000000014,42.12533012722095
178.75,3.6125,0.3925000000000014,41.6268682651919
178.75,3.6375,0.3689999999999948,39.13455895504596
178.75,3.6625000000000005,0.36950000000000127,39.18758681270932
178.75,3.6875,0.34610000000000124,36.705883074096604
178.75,3.7125000000000004,0.32610000000000117,34.58476876759001
178.75,3.7375,0.3070000000000011,32.55910460487622
178.75,3.7625,0.2907999999999959,30.84100201660533
178.75,3.7875000000000005,0.271400000000001,28.78352113929448
178.75,3.8125,0.24480000000000085,25.962439111640705
178.75,3.8375000000000004,0.2263000000000008,24.00040837812211
178.75,3.8625,0.20840000000000075,22.10201107379871
178.75,3.8875,0.18719999999999734,19.853629908901365
178.75,3.9125000000000005,0.16370000000000057,17.361320598756468
178.75,3.9375,0.15150000000000055,16.06744087178745
178.75,3.9625000000000004,0.13510000000000047,14.32812714045204
178.75,3.9875,0.11890000000000042,12.6100245521817
178.75,4.0125,0.1058999999999985,11.231300252952215
178.75,4.0375,0.08760000000000187,9.290480662499046
178.75,4.0625,0.0835999999999988,8.866257801197404
178.75,4.0875,0.07189999999999898,7.62540593189107
178.75,4.112500000000001,0.06340000000000136,6.723932351626023
178.75,4.1375,0.05569999999999921,5.907303343620759
178.75,4.1625,0.04800000000000102,5.090674335615915
178.75,4.1875,0.0418999999999994,4.443734472131235
178.75,4.2125,0.03569999999999949,3.7861890371142026
178.75,4.237500000000001,0.02960000000000063,3.1392491736298145
178.75,4.2625,0.025099999999999643,2.661998454665728
178.75,4.2875,0.025400000000000544,2.6938151692634222
178.75,4.3125,0.019899999999999717,2.1105087349740232
178.75,4.3375,0.01839999999999974,1.9514251619860319
178.75,4.362500000000001,0.01590000000000034,1.6862858736727724
178.75,4.3875,0.011299999999999838,1.1984295831762042
178.75,4.4125,0.013100000000000278,1.3893298707618436
178.75,4.4375,0.007999999999999887,0.8484457226026226
178.75,4.4625,0.00919999999999987,0.9757125809930159
178.75,4.487500000000001,0.006700000000000143,0.7105732926797216
178.75,4.5125,0.0048999999999999305,0.5196730050941063
178.75,4.5375,0.004800000000000103,0.5090674335615917
178.75,4.5625,0.0050999999999999275,0.5408841481591719
178.75,4.5875,0.0031999999999999546,0.339378289041049
178.75,4.612500000000001,0.004000000000000085,0.4242228613013263
178.75,4.6375,0.0020999999999999704,0.22271700218318843
178.75,4.6625,0.002100000000000045,0.22271700218319634
178.75,4.6875,0.0014999999999999786,0.1590835729879917
178.75,4.7125,0.000999999999999986,0.10605571532532783
178.75,4.737500000000001,0.0010000000000000213,0.10605571532533158
178.75,4.7625,0.000999999999999986,0.10605571532532783
178.75,4.7875000000000005,0.000499999999999993,0.053027857662663914
178.75,4.8125,0.0008000000000000172,0.08484457226026527
178.75,4.8375,0.00039999999999999433,0.042422286130131125
178.75,4.862500000000001,0.0003000000000000064,0.03181671459759948
178.75,4.8875,0.00039999999999999433,0.042422286130131125
178.75,4.9125000000000005,0.00019999999999999716,0.021211143065065562
178.75,4.9375,0.0002000000000000043,0.02121114306506632
178.75,4.9625,0.0,0.0
178.75,4.987500000000001,0.0,0.0
178.75,5.0125,0.00019999999999999716,0.021211143065065562
178.75,5.0375000000000005,0.0,0.0
178.75,5.0625,0.00010000000000000215,0.01060557153253316
178.75,5.0875,0.0,0.0
178.75,5.112500000000001,0.0,0.0
178.75,5.1375,0.0,0.0
178.75,5.1625000000000005,0.0,0.0
178.75,5.1875,0.0,0.0
178.75,5.2125,0.0,0.0
178.75,5.237500000000001,0.0,0.0
178.75,5.2625,0.0,0.0
178.75,5.2875000000000005,0.0,0.0
178.75,5.3125,0.0,0.0
178.75,5.3375,0.0,0.0
178.75,5.362500000000001,0.0,0.0
178.75,5.3875,0.0,0.0
178.75,5.4125000000000005,0.0,0.0
178.75,5.4375,0.0,0.0
178.75,5.4625,0.0,0.0
178.75,5.487500000000001,0.0,0.0
178.75,5.5125,0.0,0.0
178.75,5.5375000000000005,0.0,0.0
178.75,5.5625,0.0,0.0
178.75,5.5875,0.0,0.0
178.75,5.612500000000001,0.0,0.0
178.75,5.6375,0.0,0.0
178.75,5.6625000000000005,0.0,0.0
178.75,5.6875,0.0,0.0
178.75,5.7125,0.0,0.0
178.75,5.737500000000001,0.0,0.0
178.75,5.7625,0.0,0.0
178.75,5.7875000000000005,0.0,0.0
178.75,5.8125,0.0,0.0
178.75,5.8375,0.0,0.0
178.75,5.862500000000001,0.0,0.0
178.75,5.8875,0.0,0.0
178.75,5.9125000000000005,0.0,0.0
178.75,5.9375,0.0,0.0
178.75,5.9625,0.0,0.0
178.75,5.987500000000001,0.0,0.0
178.75,6.0125,0.0,0.0
178.75,6.0375000000000005,0.0,0.0
178.75,6.0625,0.0,0.0
178.75,6.0875,0.0,0.0
178.75,6.112500000000001,0.0,0.0
178.75,6.1375,0.0,0.0
178.75,6.1625000000000005,0.0,0.0
178.75,6.1875,0.0,0.0
178.75,6.2125,0.0,0.0
178.75,6.237500000000001,0.0,0.0
178.75,6.2625,0.0,0.0
178.75,6.2875000000000005,0.0,0.0
178.75,6.3125,0.0,0.0
178.75,6.3375,0.0,0.0
178.75,6.362500000000001,0.0,0.0
178.75,6.3875,0.0,0.0
178.75,6.4125000000000005,0.0,0.0
178.75,6.4375,0.0,0.0
178.75,6.4625,0.0,0.0
178.75,6.487500000000001,0.0,0.0
178.75,6.5125,0.0,0.0
178.75,6.5375000000000005,0.0,0.0
178.75,6.5625,0.0,0.0
178.75,6.5875,0.0,0.0
178.75,6.612500000000001,0.0,0.0
178.75,6.6375,0.0,0.0
178.75,6.6625000000000005,0.0,0.0
178.75,6.6875,0.0,0.0
178.75,6.7125,0.0,0.0
178.75,6.737500000000001,0.0,0.0
178.75,6.7625,0.0,0.0
178.75,6.7875000000000005,0.0,0.0
178.75,6.8125,0.0,0.0
178.75,6.8375,0.0,0.0
178.75,6.862500000000001,0.0,0.0
178.75,6.8875,0.0,0.0
178.75,6.9125000000000005,0.0,0.0
178.75,6.9375,0.0,0.0
178.75,6.9625,0.0,0.0
178.75,6.987500000000001,0.0,0.0
181.25,0.0125,0.0,0.0
181.25,0.037500000000000006,0.0,0.0
181.25,0.0625,0.0,0.0
181.25,0.08750000000000001,0.0,0.0
181.25,0.1125,0.0,0.0
181.25,0.1375,0.0,0.0
181.25,0.16250000000000003,0.00020000000000000006,0.01678664889396765
181.25,0.1875,0.0007000000000000001,0.05875327112888677
181.25,0.21250000000000002,0.0015000000000000002,0.12589986670475736
181.25,0.2375,0.004100000000000001,0.34412630232633684
181.25,0.2625,0.013299999999999989,1.1163121514488474
181.25,0.28750000000000003,0.025899999999999975,2.173871031768808
181.25,0.3125,0.05270000000000007,4.42328198356048
181.25,0.3375,0.09039999999999991,7.5875653000733685
181.25,0.36250000000000004,0.13120000000000018,11.012041674442791
181.25,0.3875,0.16549999999999984,13.890951959758214
181.25,0.41250000000000003,0.19819999999999982,16.635569053921923
181.25,0.4375,0.21200000000000027,17.793847827605727
181.25,0.4625,0.2230999999999998,18.72550684122089
181.25,0.48750000000000004,0.20090000000000027,16.862188813990524
181.25,0.5125,0.17759999999999987,14.906544217843258
181.25,0.5375000000000001,0.14659999999999987,12.304613639278273
181.25,0.5625,0.11979999999999989,10.055202687486611
181.25,0.5875000000000001,0.09219999999999992,7.738645140119078
181.25,0.6125,0.07160000000000025,6.009620304040438
181.25,0.6375,0.054399999999999955,4.565968499159196
181.25,0.6625000000000001,0.040399999999999964,3.3909030765814614
181.25,0.6875,0.03269999999999997,2.744617094163708
181.25,0.7125000000000001,0.026599999999999978,2.232624302897695
181.25,0.7375,0.023700000000000086,1.9892178939351732
181.25,0.7625,0.019599999999999982,1.6450915916088278
181.25,0.7875000000000001,0.017799999999999983,1.494011751563119
181.25,0.8125,0.017399999999999985,1.460438453775184
181.25,0.8375000000000001,0.016899999999999984,1.4184718315402647
181.25,0.8625,0.01460000000000005,1.2254253692596424
181.25,0.8875,0.014799999999999987,1.2422120181536047
181.25,0.9125000000000001,0.013299999999999989,1.1163121514488474
181.25,0.9375,0.011299999999999989,0.9484456625091711
181.25,0.9625000000000001,0.010899999999999991,0.914872364721236
181.25,0.9875,0.009300000000000034,0.7805791735694984
181.25,1.0125000000000002,0.009099999999999952,0.7637925246755238
181.25,1.0375,0.007800000000000027,0.6546793068647405
181.25,1.0625,0.008100000000000029,0.6798592802056921
181.25,1.0875,0.007999999999999959,0.6714659557587024
181.25,1.1125,0.009100000000000032,0.7637925246755305
181.25,1.1375000000000002,0.009199999999999951,0.7721858491225077
181.25,1.1625,0.015800000000000057,1.326145262623449
181.25,1.1875,0.018099999999999904,1.5191917249040638
181.25,1.2125000000000001,0.025500000000000092,2.1402977339808826
181.25,1.2375,0.041400000000000145,3.4748363210513147
181.25,1.2625000000000002,0.05769999999999969,4.842948205909639
181.25,1.2875,0.07650000000000026,6.420893201942646
181.25,1.3125,0.11799999999999937,9.904122847440858
181.25,1.3375000000000001,0.1439000000000005,12.077993879209764
181.25,1.3625,0.18270000000000067,15.3346037646395
181.25,1.3875000000000002,0.2258999999999988,18.960519925736357
181.25,1.4125,0.28100000000000097,23.585241696024625
181.25,1.4375,0.30939999999999834,25.96894583896781
181.25,1.4625000000000001,0.35820000000000124,30.064888169096157
181.25,1.4875,0.3999000000000014,33.564904463488425
181.25,1.5125000000000002,0.4163999999999978,34.949802997240454
181.25,1.5375,0.4467000000000016,37.49298030467687
181.25,1.5625,0.4505999999999976,37.820319958108904
181.25,1.5875000000000001,0.4327000000000016,36.31791488209913
181.25,1.6125,0.4469000000000016,37.50976695357084
181.25,1.6375000000000002,0.42519999999999775,35.68841554857502
181.25,1.6625,0.3961000000000014,33.24595813450304
181.25,1.6875,0.379899999999998,31.886239574091377
181.25,1.7125000000000001,0.3336000000000012,28.000130355138133
181.25,1.7375,0.29980000000000107,25.16318669205759
181.25,1.7625000000000002,0.2709999999999985,22.745909251326037
181.25,1.7875,0.23580000000000084,19.791459045987924
181.25,1.8125,0.19699999999999893,16.53484916055804
181.25,1.8375000000000001,0.1648000000000006,13.832198688629392
181.25,1.8625,0.14290000000000053,11.994060634739927
181.25,1.8875000000000002,0.12539999999999935,10.525228856517659
181.25,1.9125,0.10620000000000036,8.913710562696851
181.25,1.9375,0.0912999999999995,7.663105220096189
181.25,1.9625000000000001,0.0870000000000003,7.302192268875951
181.25,1.9875,0.0820000000000003,6.88252604652676
181.25,2.0125,0.07440000000000027,6.244633388555987
181.25,2.0375,0.07209999999999898,6.051586926275251
181.25,2.0625,0.07780000000000027,6.530006419753437
181.25,2.0875000000000004,0.08000000000000028,6.7146595575870816
181.25,2.1125,0.09600000000000034,8.057591469104498
181.25,2.1375,0.11110000000000039,9.32498346059906
181.25,2.1625,0.140999999999998,11.83458747024702
181.25,2.1875,0.1709000000000006,14.344191479895404
181.25,2.2125000000000004,0.21280000000000077,17.86099442318164
181.25,2.2375,0.2527000000000009,21.209930877528198
181.25,2.2625,0.285600000000001,23.971334620585885
181.25,2.2875,0.35499999999999493,29.796301786792146
181.25,2.3125,0.40270000000000145,33.799917548003975
181.25,2.3375000000000004,0.47200000000000164,39.61649138976378
181.25,2.3625,0.5199000000000019,43.63689379986906
181.25,2.3875,0.5972999999999915,50.133326921833664
181.25,2.4125000000000005,0.6603000000000024,55.421121323434384
181.25,2.4375,0.7100000000000024,59.59260357358534
181.25,2.4625000000000004,0.7577000000000027,63.59621933479665
181.25,2.4875,0.7995000000000028,67.1046289536359
181.25,2.5125,0.8171999999999884,68.59024738075082
181.25,2.5375000000000005,0.851600000000003,71.47755099051449
181.25,2.5625,0.8682000000000031,72.8708428487138
181.25,2.5875000000000004,0.839700000000003,70.4787453813234
181.25,2.6125,0.8065000000000029,67.69216166492477
181.25,2.6375,0.8106999999999885,68.04468129169689
181.25,2.6625000000000005,0.7557000000000027,63.42835284585698
181.25,2.6875,0.7151000000000026,60.020663120381535
181.25,2.7125000000000004,0.6673000000000023,56.00865403472324
181.25,2.7375,0.6138000000000021,51.51822545558688
181.25,2.7625,0.562599999999992,47.22084333873032
181.25,2.7875000000000005,0.5032000000000018,42.235208617222746
181.25,2.8125,0.4529000000000016,38.013366420389865
181.25,2.8375000000000004,0.40410000000000146,33.917424090261754
181.25,2.8625,0.3698000000000013,31.038513804946287
181.25,2.8875,0.3321999999999953,27.882623812879864
181.25,2.9125000000000005,0.28600000000000103,24.00490791837382
181.25,2.9375,0.2537000000000009,21.293864121998038
181.25,2.9625000000000004,0.24030000000000085,20.169158646102197
181.25,2.9875,0.20700000000000074,17.374181605256574
181.25,3.0125,0.19379999999999725,16.26626277825442
181.25,3.0375000000000005,0.1737000000000006,14.57920456441095
181.25,3.0625,0.1698000000000006,14.25186491097858
181.25,3.0875000000000004,0.16710000000000058,14.025245150910017
181.25,3.1125,0.16280000000000058,13.664332199689712
181.25,3.1375,0.16269999999999768,13.655938875242486
181.25,3.1625000000000005,0.17650000000000063,14.8142176489265
181.25,3.1875,0.18650000000000067,15.653550093624885
181.25,3.2125000000000004,0.20180000000000073,16.937728734013415
181.25,3.2375,0.2275000000000008,19.094813116888265
181.25,3.2625,0.23519999999999666,19.74109909930567
181.25,3.2875000000000005,0.2568000000000009,21.554057179854535
181.25,3.3125,0.281300000000001,23.61042166936558
181.25,3.3375000000000004,0.3051000000000011,25.608032887747736
181.25,3.3625,0.3231000000000011,27.118831288204824
181.25,3.3875,0.3445999999999951,28.92339604430584
181.25,3.4125000000000005,0.3651000000000013,30.64402755593805
181.25,3.4375,0.3791000000000013,31.819092978515783
181.25,3.4625000000000004,0.39490000000000136,33.14523824113923
181.25,3.4875,0.40500000000000147,33.99296401028461
181.25,3.5125,0.4062999999999942,34.102077228094785
181.25,3.5375000000000005,0.40570000000000145,34.05171728141349
181.25,3.5625,0.4123000000000015,34.60567669491443
181.25,3.5875000000000004,0.4125000000000015,34.62246334380839
181.25,3.6125,0.4028000000000015,33.80831087245097
181.25,3.6375,0.3875999999999945,32.53252555650884
181.25,3.6625000000000005,0.38070000000000137,31.953386169667528
181.25,3.6875,0.35750000000000126,30.00613489796727
181.25,3.7125000000000004,0.3340000000000012,28.033703652926068
181.25,3.7375,0.3225000000000012,27.068471341522926
181.25,3.7625,0.29699999999999577,24.9281736075416
181.25,3.7875000000000005,0.279800000000001,23.48452180266082
181.25,3.8125,0.24520000000000086,20.580431544004405
181.25,3.8375000000000004,0.23040000000000083,19.338219525850796
181.25,3.8625,0.2055000000000007,17.248281738551814
181.25,3.8875,0.18619999999999737,15.628370120283657
181.25,3.9125000000000005,0.16170000000000057,13.572005630772889
181.25,3.9375,0.14750000000000052,12.380153559301183
181.25,3.9625000000000004,0.1357000000000005,11.389741274557089
181.25,3.9875,0.12270000000000043,10.298609096449187
181.25,4.0125,0.09619999999999863,8.074378117998323
181.25,4.0375,0.08100000000000172,6.798592802057041
181.25,4.0625,0.07469999999999893,6.269813361896826
181.25,4.0875,0.069899999999999,5.866933788441608
181.25,4.112500000000001,0.0612000000000013,5.136714561554209
181.25,4.1375,0.05299999999999925,4.4484619569013635
181.25,4.1625,0.04670000000000099,3.9196825167415286
181.25,4.1875,0.0418999999999994,3.5168029432861716
181.25,4.2125,0.03309999999999953,2.778190391951606
181.25,4.237500000000001,0.029700000000000632,2.4928173607542483
181.25,4.2625,0.027099999999999617,2.2745909251325838
181.25,4.2875,0.022100000000000473,1.8549247027834646
181.25,4.3125,0.017899999999999746,1.5024050760100829
181.25,4.3375,0.016499999999999765,1.384898533752311
181.25,4.362500000000001,0.01550000000000033,1.3009652892825203
181.25,4.3875,0.011499999999999837,0.9652323114031259
181.25,4.4125,0.0094000000000002,0.7889724980164962
181.25,4.4375,0.00909999999999987,0.763792524675517
181.25,4.4625,0.007499999999999894,0.6294993335237778
181.25,4.487500000000001,0.00610000000000013,0.511992791266024
181.25,4.5125,0.005899999999999917,0.4952061423720385
181.25,4.5375,0.004400000000000094,0.36930627566729607
181.25,4.5625,0.003299999999999953,0.27697970675046224
181.25,4.5875,0.002999999999999957,0.25179973340951106
181.25,4.612500000000001,0.0028000000000000594,0.23501308451555203
181.25,4.6375,0.0022999999999999674,0.1930464622806252
181.25,4.6625,0.0010000000000000213,0.08393324446984002
181.25,4.6875,0.001699999999999976,0.14268651559872297
181.25,4.7125,0.00139999999999998,0.11750654225777185
181.25,4.737500000000001,0.0008000000000000172,0.06714659557587202
181.25,4.7625,0.000499999999999993,0.041966622234918524
181.25,4.7875000000000005,0.00069999999999999,0.058753271128885926
181.25,4.8125,0.0006000000000000128,0.050359946681904015
181.25,4.8375,0.00039999999999999433,0.03357329778793482
181.25,4.862500000000001,0.0002000000000000043,0.016786648893968005
181.25,4.8875,0.00029999999999999575,0.025179973340951112
181.25,4.9125000000000005,0.0,0.0
181.25,4.9375,0.0,0.0
181.25,4.9625,9.999999999999858e-05,0.008393324446983704
181.25,4.987500000000001,0.00010000000000000215,0.008393324446984003
181.25,5.0125,9.999999999999858e-05,0.008393324446983704
181.25,5.0375000000000005,9.999999999999858e-05,0.008393324446983704
181.25,5.0625,0.0,0.0
181.25,5.0875,0.0,0.0
181.25,5.112500000000001,0.0,0.0
181.25,5.1375,0.0,0.0
181.25,5.1625000000000005,0.0,0.0
181.25,5.1875,0.0,0.0
181.25,5.2125,0.0,0.0
181.25,5.237500000000001,0.0,0.0
181.25,5.2625,0.0,0.0
181.25,5.2875000000000005,0.0,0.0
181.25,5.3125,0.0,0.0
181.25,5.3375,0.0,0.0
181.25,5.362500000000001,0.0,0.0
181.25,5.3875,0.0,0.0
181.25,5.4125000000000005,0.0,0.0
181.25,5.4375,0.0,0.0
181.25,5.4625,0.0,0.0
181.25,5.487500000000001,0.0,0.0
181.25,5.5125,0.0,0.0
181.25,5.5375000000000005,0.0,0.0
181.25,5.5625,0.0,0.0
181.25,5.5875,0.0,0.0
181.25,5.612500000000001,0.0,0.0
181.25,5.6375,0.0,0.0
181.25,5.6625000000000005,0.0,0.0
181.25,5.6875,0.0,0.0
181.25,5.7125,0.0,0.0
181.25,5.737500000000001,0.0,0.0
181.25,5.7625,0.0,0.0
181.25,5.7875000000000005,0.0,0.0
181.25,5.8125,0.0,0.0
181.25,5.8375,0.0,0.0
181.25,5.862500000000001,0.0,0.0
181.25,5.8875,0.0,0.0
181.25,5.9125000000000005,0.0,0.0
181.25,5.9375,0.0,0.0
181.25,5.9625,0.0,0.0
181.25,5.987500000000001,0.0,0.0
181.25,6.0125,0.0,0.0
181.25,6.0375000000000005,0.0,0.0
181.25,6.0625,0.0,0.0
181.25,6.0875,0.0,0.0
181.25,6.112500000000001,0.0,0.0
181.25,6.1375,0.0,0.0
181.25,6.1625000000000005,0.0,0.0
181.25,6.1875,0.0,0.0
181.25,6.2125,0.0,0.0
181.25,6.237500000000001,0.0,0.0
181.25,6.2625,0.0,0.0
181.25,6.2875000000000005,0.0,0.0
181.25,6.3125,0.0,0.0
181.25,6.3375,0.0,0.0
181.25,6.362500000000001,0.0,0.0
181.25,6.3875,0.0,0.0
181.25,6.4125000000000005,0.0,0.0
181.25,6.4375,0.0,0.0
181.25,6.4625,0.0,0.0
181.25,6.487500000000001,0.0,0.0
181.25,6.5125,0.0,0.0
181.25,6.5375000000000005,0.0,0.0
181.25,6.5625,0.0,0.0
181.25,6.5875,0.0,0.0
181.25,6.612500000000001,0.0,0.0
181.25,6.6375,0.0,0.0
181.25,6.6625000000000005,0.0,0.0
181.25,6.6875,0.0,0.0
181.25,6.7125,0.0,0.0
181.25,6.737500000000001,0.0,0.0
181.25,6.7625,0.0,0.0
181.25,6.7875000000000005,0.0,0.0
181.25,6.8125,0.0,0.0
181.25,6.8375,0.0,0.0
181.25,6.862500000000001,0.0,0.0
181.25,6.8875,0.0,0.0
181.25,6.9125000000000005,0.0,0.0
181.25,6.9375,0.0,0.0
181.25,6.9625,0.0,0.0
181.25,6.987500000000001,0.0,0.0
183.75,0.0125,0.0,0.0
183.75,0.037500000000000006,0.0,0.0
183.75,0.0625,0.0,0.0
183.75,0.08750000000000001,0.0,0.0
183.75,0.1125,0.0,0.0
183.75,0.1375,0.0,0.0
183.75,0.16250000000000003,0.00010000000000000003,0.00662674244779049
183.75,0.1875,0.00020000000000000006,0.01325348489558098
183.75,0.21250000000000002,0.0012000000000000003,0.07952090937348588
183.75,0.2375,0.003600000000000001,0.23856272812045765
183.75,0.2625,0.012499999999999989,0.8283428059738103
183.75,0.28750000000000003,0.025899999999999975,1.7163262939777348
183.75,0.3125,0.05330000000000007,3.532053724672335
183.75,0.3375,0.08089999999999993,5.3610346402625
183.75,0.36250000000000004,0.11940000000000014,7.912330482661853
183.75,0.3875,0.16409999999999986,10.874484356824182
183.75,0.41250000000000003,0.19759999999999983,13.094443076833993
183.75,0.4375,0.2101000000000003,13.922785882807835
183.75,0.4625,0.2174999999999998,14.4131648239443
183.75,0.48750000000000004,0.20450000000000026,13.551688305731567
183.75,0.5125,0.17969999999999983,11.908256178679496
183.75,0.5375000000000001,0.15679999999999986,10.390732158135476
183.75,0.5625,0.1319999999999999,8.747300031083437
183.75,0.5875000000000001,0.1013999999999999,6.719516842059549
183.75,0.6125,0.07560000000000026,5.009817290529627
183.75,0.6375,0.06689999999999993,4.433290697571832
183.75,0.6625000000000001,0.04479999999999996,2.968780616610136
183.75,0.6875,0.037799999999999966,2.5049086452648024
183.75,0.7125000000000001,0.027699999999999975,1.8356076580379634
183.75,0.7375,0.023300000000000085,1.5440309903351894
183.75,0.7625,0.02089999999999998,1.3849891715882108
183.75,0.7875000000000001,0.01979999999999998,1.3120950046625155
183.75,0.8125,0.016899999999999984,1.1199194736765914
183.75,0.8375000000000001,0.016899999999999984,1.1199194736765914
183.75,0.8625,0.013700000000000047,0.9078637153473
183.75,0.8875,0.01279999999999999,0.8482230333171819
183.75,0.9125000000000001,0.012299999999999988,0.8150893210782293
183.75,0.9375,0.009999999999999992,0.6626742447790482
183.75,0.9625000000000001,0.009599999999999992,0.6361672749878864
183.75,0.9875,0.009700000000000035,0.6427940174356797
183.75,1.0125000000000002,0.007899999999999957,0.5235126533754457
183.75,1.0375,0.007600000000000028,0.5036324260320789
183.75,1.0625,0.009000000000000032,0.5964068203011461
183.75,1.0875,0.008899999999999951,0.5897800778533502
183.75,1.1125,0.008900000000000031,0.5897800778533555
183.75,1.1375000000000002,0.008799999999999954,0.5831533354055599
183.75,1.1625,0.013700000000000047,0.9078637153473
183.75,1.1875,0.0190999999999999,1.2657078075279764
183.75,1.2125000000000001,0.03230000000000011,2.1404378106363353
183.75,1.2375,0.041600000000000144,2.756724858280853
183.75,1.2625000000000002,0.0559999999999997,3.7109757707626536
183.75,1.2875,0.07750000000000028,5.135725397037647
183.75,1.3125,0.10739999999999943,7.117121388926947
183.75,1.3375000000000001,0.1431000000000005,9.482868442788222
183.75,1.3625,0.17770000000000064,11.775721329723739
183.75,1.3875000000000002,0.21569999999999884,14.293883459884006
183.75,1.4125,0.26210000000000094,17.36869195565893
183.75,1.4375,0.3053999999999984,20.238071435552044
183.75,1.4625000000000001,0.3293000000000012,21.82186288057416
183.75,1.4875,0.3781000000000014,25.055713195095926
183.75,1.5125000000000002,0.40549999999999786,26.87144062579029
183.75,1.5375,0.42900000000000155,28.428725101021296
183.75,1.5625,0.43599999999999767,28.892597072366375
183.75,1.5875000000000001,0.4347000000000016,28.806449420545356
183.75,1.6125,0.4243000000000015,28.11726820597514
183.75,1.6375000000000002,0.41179999999999783,27.288925400001087
183.75,1.6625,0.4009000000000014,26.56661047319216
183.75,1.6875,0.3682999999999981,24.40629243521224
183.75,1.7125000000000001,0.3413000000000012,22.617071974309017
183.75,1.7375,0.3104000000000011,20.56940855794175
183.75,1.7625000000000002,0.2745999999999985,18.197034761632583
183.75,1.7875,0.23810000000000087,15.77827376818921
183.75,1.8125,0.2068999999999989,13.710730124478447
183.75,1.8375000000000001,0.18490000000000065,12.252846785964655
183.75,1.8625,0.15940000000000057,10.563027461778075
183.75,1.8875000000000002,0.13199999999999928,8.747300031083396
183.75,1.9125,0.1137000000000004,7.534606163137812
183.75,1.9375,0.10359999999999944,6.865305175910909
183.75,1.9625000000000001,0.09160000000000032,6.070096082176108
183.75,1.9875,0.0838000000000003,5.553210171248449
183.75,2.0125,0.07860000000000028,5.208619563963342
183.75,2.0375,0.07269999999999897,4.8176417595436165
183.75,2.0625,0.07880000000000027,5.221873048858923
183.75,2.0875000000000004,0.09250000000000032,6.129736764206223
183.75,2.1125,0.10420000000000038,6.905065630597713
183.75,2.1375,0.11660000000000041,7.726781694123736
183.75,2.1625,0.1479999999999979,9.807578822729784
183.75,2.1875,0.1764000000000006,11.689573677902462
183.75,2.2125000000000004,0.2011000000000007,13.326379062506717
183.75,2.2375,0.23690000000000083,15.698752858815721
183.75,2.2625,0.292300000000001,19.369968174891664
183.75,2.2875,0.3370999999999952,22.338748791501416
183.75,2.3125,0.39710000000000145,26.314794260176125
183.75,2.3375000000000004,0.4529000000000016,30.012516546043226
183.75,2.3625,0.5308000000000019,35.17474891287204
183.75,2.3875,0.564899999999992,37.434468087567936
183.75,2.4125000000000005,0.6244000000000023,41.37737984400396
183.75,2.4375,0.6857000000000025,45.43957296449955
183.75,2.4625000000000004,0.7365000000000026,48.80595812797712
183.75,2.4875,0.7742000000000028,51.30424003079414
183.75,2.5125,0.8094999999999885,53.64348011486324
183.75,2.5375000000000005,0.8255000000000029,54.70375890651067
183.75,2.5625,0.837000000000003,55.46583428800658
183.75,2.5875000000000004,0.8262000000000029,54.75014610364521
183.75,2.6125,0.7991000000000028,52.95429890029398
183.75,2.6375,0.777399999999989,51.51629578912252
183.75,2.6625000000000005,0.7325000000000026,48.5408884300655
183.75,2.6875,0.7139000000000025,47.30831433477646
183.75,2.7125000000000004,0.6702000000000023,44.41242788509201
183.75,2.7375,0.6263000000000023,41.50328795051198
183.75,2.7625,0.5681999999999919,37.65315058834502
183.75,2.7875000000000005,0.5369000000000019,35.57898020218726
183.75,2.8125,0.4624000000000017,30.64205707858333
183.75,2.8375000000000004,0.4135000000000014,27.401580021613764
183.75,2.8625,0.37890000000000135,25.10872713467825
183.75,2.8875,0.34479999999999505,22.849007959981275
183.75,2.9125000000000005,0.31350000000000117,20.77483757382326
183.75,2.9375,0.281700000000001,18.667533475425873
183.75,2.9625000000000004,0.24140000000000086,15.996956268966295
183.75,2.9875,0.2221000000000008,14.717994976542727
183.75,3.0125,0.20549999999999707,13.617955730209259
183.75,3.0375000000000005,0.19460000000000072,12.895640803400337
183.75,3.0625,0.18010000000000065,11.934763148470712
183.75,3.0875000000000004,0.17650000000000063,11.696200420350253
183.75,3.1125,0.17590000000000064,11.65643996566351
183.75,3.1375,0.1839999999999974,12.193206103934326
183.75,3.1625000000000005,0.18310000000000065,12.133565421904427
183.75,3.1875,0.1878000000000007,12.445022316950583
183.75,3.2125000000000004,0.20660000000000076,13.690849897135198
183.75,3.2375,0.21620000000000078,14.327017172123087
183.75,3.2625,0.2438999999999965,16.16262483016077
183.75,3.2875000000000005,0.2599000000000009,17.22290362180754
183.75,3.3125,0.2659000000000009,17.62050816867497
183.75,3.3375000000000004,0.29790000000000105,19.741065751967934
183.75,3.3625,0.32130000000000114,21.291723484750914
183.75,3.3875,0.3356999999999953,22.245974397232356
183.75,3.4125000000000005,0.36160000000000125,23.962300691210487
183.75,3.4375,0.3668000000000013,24.306891298495596
183.75,3.4625000000000004,0.38730000000000137,25.665373500292652
183.75,3.4875,0.4035000000000014,26.738905776834713
183.75,3.5125,0.40339999999999426,26.732279034386448
183.75,3.5375000000000005,0.4085000000000014,27.070242899224237
183.75,3.5625,0.41760000000000147,27.673276461973177
183.75,3.5875000000000004,0.40920000000000145,27.116630096358772
183.75,3.6125,0.40380000000000144,26.758786004178088
183.75,3.6375,0.3877999999999945,25.698507212531148
183.75,3.6625000000000005,0.3692000000000013,24.465933117242567
183.75,3.6875,0.3455000000000012,22.895395157116216
183.75,3.7125000000000004,0.3446000000000012,22.8357544750861
183.75,3.7375,0.32360000000000116,21.444138561050096
183.75,3.7625,0.2988999999999957,19.807333176445486
183.75,3.7875000000000005,0.27030000000000093,17.91208483637775
183.75,3.8125,0.2492000000000009,16.513842179893956
183.75,3.8375000000000004,0.24400000000000088,16.16925157260885
183.75,3.8625,0.20900000000000074,13.849891715882169
183.75,3.8875,0.19369999999999724,12.836000121369992
183.75,3.9125000000000005,0.1712000000000006,11.344983070617356
183.75,3.9375,0.15170000000000053,10.052768293298206
183.75,3.9625000000000004,0.1416000000000005,9.383467306071365
183.75,3.9875,0.12150000000000043,8.051492074065472
183.75,4.0125,0.1057999999999985,7.0110935097622376
183.75,4.0375,0.10320000000000219,6.838798206119929
183.75,4.0625,0.0909999999999987,6.030335627489259
183.75,4.0875,0.07229999999999898,4.791134789752455
183.75,4.112500000000001,0.06820000000000145,4.5194383493932095
183.75,4.1375,0.0563999999999992,3.7374827405537823
183.75,4.1625,0.051700000000001106,3.426025845507756
183.75,4.1875,0.03939999999999944,2.6109365244294156
183.75,4.2125,0.03809999999999946,2.5247888726081404
183.75,4.237500000000001,0.03140000000000067,2.0807971286062577
183.75,4.2625,0.0280999999999996,1.8621146278291008
183.75,4.2875,0.026400000000000562,1.749460006216726
183.75,4.3125,0.01829999999999974,1.212693867945642
183.75,4.3375,0.017999999999999745,1.192813640602271
183.75,4.362500000000001,0.018000000000000384,1.1928136406023133
183.75,4.3875,0.014299999999999797,0.9476241700340263
183.75,4.4125,0.01130000000000024,0.7488218966003412
183.75,4.4375,0.011599999999999834,0.7687021239436856
183.75,4.4625,0.008299999999999882,0.5500196231666027
183.75,4.487500000000001,0.008200000000000174,0.5433928807188316
183.75,4.5125,0.006699999999999905,0.4439917440019564
183.75,4.5375,0.0063000000000001345,0.41748477421080965
183.75,4.5625,0.004699999999999933,0.31145689504614854
183.75,4.5875,0.003799999999999946,0.25181621301603496
183.75,4.612500000000001,0.0033000000000000702,0.21868250077709075
183.75,4.6375,0.00279999999999996,0.18554878853813103
183.75,4.6625,0.0019000000000000405,0.12590810650802195
183.75,4.6875,0.002599999999999963,0.17229530364255025
183.75,4.7125,0.000999999999999986,0.06626742447790394
183.75,4.737500000000001,0.0009000000000000193,0.059640682030115674
183.75,4.7625,0.0007999999999999887,0.05301393958232315
183.75,4.7875000000000005,0.0008999999999999873,0.05964068203011355
183.75,4.8125,0.0009000000000000193,0.059640682030115674
183.75,4.8375,0.0005999999999999915,0.039760454686742365
183.75,4.862500000000001,0.0003000000000000064,0.01988022734337189
183.75,4.8875,0.00039999999999999433,0.026506969791161576
183.75,4.9125000000000005,0.0,0.0
183.75,4.9375,0.0002000000000000043,0.013253484895581261
183.75,4.9625,9.999999999999858e-05,0.006626742447790394
183.75,4.987500000000001,0.0,0.0
183.75,5.0125,0.0,0.0
183.75,5.0375000000000005,9.999999999999858e-05,0.006626742447790394
183.75,5.0625,0.0002000000000000043,0.013253484895581261
183.75,5.0875,0.0,0.0
183.75,5.112500000000001,0.0,0.0
183.75,5.1375,0.0,0.0
183.75,5.1625000000000005,0.0,0.0
183.75,5.1875,0.0,0.0
183.75,5.2125,0.0,0.0
183.75,5.237500000000001,0.0,0.0
183.75,5.2625,0.0,0.0
183.75,5.2875000000000005,0.0,0.0
183.75,5.3125,0.0,0.0
183.75,5.3375,0.0,0.0
183.75,5.362500000000001,0.0,0.0
183.75,5.3875,0.0,0.0
183.75,5.4125000000000005,0.0,0.0
183.75,5.4375,0.0,0.0
183.75,5.4625,0.0,0.0
183.75,5.487500000000001,0.0,0.0
183.75,5.5125,0.0,0.0
183.75,5.5375000000000005,0.0,0.0
183.75,5.5625,0.0,0.0
183.75,5.5875,0.0,0.0
183.75,5.612500000000001,0.0,0.0
183.75,5.6375,0.0,0.0
183.75,5.6625000000000005,0.0,0.0
183.75,5.6875,0.0,0.0
183.75,5.7125,0.0,0.0
183.75,5.737500000000001,0.0,0.0
183.75,5.7625,0.0,0.0
183.75,5.7875000000000005,0.0,0.0
183.75,5.8125,0.0,0.0
183.75,5.8375,0.0,0.0
183.75,5.862500000000001,0.0,0.0
183.75,5.8875,0.0,0.0
183.75,5.9125000000000005,0.0,0.0
183.75,5.9375,0.0,0.0
183.75,5.9625,0.0,0.0
183.75,5.987500000000001,0.0,0.0
183.75,6.0125,0.0,0.0
183.75,6.0375000000000005,0.0,0.0
183.75,6.0625,0.0,0.0
183.75,6.0875,0.0,0.0
183.75,6.112500000000001,0.0,0.0
183.75,6.1375,0.0,0.0
183.75,6.1625000000000005,0.0,0.0
183.75,6.1875,0.0,0.0
183.75,6.2125,0.0,0.0
183.75,6.237500000000001,0.0,0.0
183.75,6.2625,0.0,0.0
183.75,6.2875000000000005,0.0,0.0
183.75,6.3125,0.0,0.0
183.75,6.3375,0.0,0.0
183.75,6.362500000000001,0.0,0.0
183.75,6.3875,0.0,0.0
183.75,6.4125000000000005,0.0,0.0
183.75,6.4375,0.0,0.0
183.75,6.4625,0.0,0.0
183.75,6.487500000000001,0.0,0.0
183.75,6.5125,0.0,0.0
183.75,6.5375000000000005,0.0,0.0
183.75,6.5625,0.0,0.0
183.75,6.5875,0.0,0.0
183.75,6.612500000000001,0.0,0.0
183.75,6.6375,0.0,0.0
183.75,6.6625000000000005,0.0,0.0
183.75,6.6875,0.0,0.0
183.75,6.7125,0.0,0.0
183.75,6.737500000000001,0.0,0.0
183.75,6.7625,0.0,0.0
183.75,6.7875000000000005,0.0,0.0
183.75,6.8125,0.0,0.0
183.75,6.8375,0.0,0.0
183.75,6.862500000000001,0.0,0.0
183.75,6.8875,0.0,0.0
183.75,6.9125000000000005,0.0,0.0
183.75,6.9375,0.0,0.0
183.75,6.9625,0.0,0.0
183.75,6.987500000000001,0.0,0.0
186.25,0.0125,0.0,0.0
186.25,0.037500000000000006,0.0,0.0
186.25,0.0625,0.0,0.0
186.25,0.08750000000000001,0.0,0.0
186.25,0.1125,0.0,0.0
186.25,0.1375,9.999999999999992e-05,0.005266693832612042
186.25,0.16250000000000003,0.00010000000000000003,0.005266693832612047
186.25,0.1875,0.0005000000000000001,0.026333469163060237
186.25,0.21250000000000002,0.0017000000000000006,0.08953379515440481
186.25,0.2375,0.005100000000000001,0.2686013854632144
186.25,0.2625,0.013699999999999986,0.7215370550678496
186.25,0.28750000000000003,0.025499999999999978,1.3430069273160705
186.25,0.3125,0.046300000000000056,2.4384792444993804
186.25,0.3375,0.07629999999999992,4.018487394282987
186.25,0.36250000000000004,0.11600000000000014,6.1093648458299805
186.25,0.3875,0.14409999999999987,7.589305812793951
186.25,0.41250000000000003,0.17099999999999985,9.00604645376659
186.25,0.4375,0.19650000000000026,10.349053381082683
186.25,0.4625,0.20349999999999982,10.717721949365504
186.25,0.48750000000000004,0.19360000000000024,10.196319259936933
186.25,0.5125,0.17889999999999984,9.422115266542942
186.25,0.5375000000000001,0.15499999999999986,8.163375440548664
186.25,0.5625,0.1301999999999999,6.857235370060878
186.25,0.5875000000000001,0.1085999999999999,5.7196295022166765
186.25,0.6125,0.0870000000000003,4.582023634372495
186.25,0.6375,0.06819999999999994,3.5918851938414122
186.25,0.6625000000000001,0.054399999999999955,2.8650814449409507
186.25,0.6875,0.040699999999999965,2.143544389873101
186.25,0.7125000000000001,0.032099999999999976,1.6906087202684654
186.25,0.7375,0.025400000000000093,1.3377402334834645
186.25,0.7625,0.021299999999999982,1.1218057863463649
186.25,0.7875000000000001,0.021299999999999982,1.1218057863463649
186.25,0.8125,0.018099999999999984,0.9532715837027794
186.25,0.8375000000000001,0.018999999999999982,1.0006718281962879
186.25,0.8625,0.01410000000000005,0.7426038303983011
186.25,0.8875,0.01279999999999999,0.6741368105743414
186.25,0.9125000000000001,0.01059999999999999,0.5582695462568763
186.25,0.9375,0.013299999999999989,0.7004702797374015
186.25,0.9625000000000001,0.010899999999999991,0.5740696277547125
186.25,0.9875,0.010400000000000036,0.5477361585916547
186.25,1.0125000000000002,0.00929999999999995,0.48980252643291766
186.25,1.0375,0.009100000000000032,0.47926913876769783
186.25,1.0625,0.008800000000000032,0.4634690572698617
186.25,1.0875,0.008199999999999956,0.4318688942741854
186.25,1.1125,0.009100000000000032,0.47926913876769783
186.25,1.1375000000000002,0.011299999999999939,0.5951364030851579
186.25,1.1625,0.015200000000000055,0.8005374625570338
186.25,1.1875,0.021899999999999885,1.1534059493420319
186.25,1.2125000000000001,0.03230000000000011,1.7011421079336968
186.25,1.2375,0.045500000000000165,2.3963456938384895
186.25,1.2625000000000002,0.06139999999999967,3.2337500132237786
186.25,1.2875,0.0835000000000003,4.397689350231074
186.25,1.3125,0.10239999999999946,5.393094484594707
186.25,1.3375000000000001,0.13750000000000048,7.241704019841588
186.25,1.3625,0.1732000000000006,9.121913718084095
186.25,1.3875000000000002,0.21129999999999888,11.128524068309193
186.25,1.4125,0.24280000000000085,12.787532625582092
186.25,1.4375,0.28519999999999845,15.020610810609474
186.25,1.4625000000000001,0.3250000000000012,17.11675495598921
186.25,1.4875,0.36610000000000126,19.281366121192764
186.25,1.5125000000000002,0.3869999999999979,20.38210513220851
186.25,1.5375,0.4020000000000014,21.172109207100497
186.25,1.5625,0.4178999999999978,22.009513526485623
186.25,1.5875000000000001,0.43410000000000154,22.862717927368973
186.25,1.6125,0.4155000000000014,21.883112874503126
186.25,1.6375000000000002,0.4136999999999978,21.78831238551592
186.25,1.6625,0.37940000000000135,19.981836400930174
186.25,1.6875,0.36019999999999813,18.97063118506849
186.25,1.7125000000000001,0.3394000000000012,17.875158867885347
186.25,1.7375,0.3176000000000011,16.727019612375916
186.25,1.7625000000000002,0.2781999999999985,14.651942242326633
186.25,1.7875,0.23950000000000085,12.613731729105895
186.25,1.8125,0.22269999999999882,11.728927165226963
186.25,1.8375000000000001,0.18550000000000066,9.76971705949538
186.25,1.8625,0.17350000000000063,9.137713799581933
186.25,1.8875000000000002,0.14559999999999923,7.668306220283098
186.25,1.9125,0.13140000000000046,6.920435696052253
186.25,1.9375,0.11539999999999938,6.077764682834268
186.25,1.9625000000000001,0.09900000000000037,5.2140268942859445
186.25,1.9875,0.09700000000000035,5.108693017633703
186.25,2.0125,0.08750000000000031,4.608357103535557
186.25,2.0375,0.08729999999999875,4.59782371587025
186.25,2.0625,0.09120000000000032,4.803224775342203
186.25,2.0875000000000004,0.10090000000000036,5.314094077105573
186.25,2.1125,0.1107000000000004,5.830230072701555
186.25,2.1375,0.12500000000000044,6.58336729076508
186.25,2.1625,0.141199999999998,7.436571691648103
186.25,2.1875,0.17900000000000063,9.427381960375595
186.25,2.2125000000000004,0.20850000000000074,10.981056640996155
186.25,2.2375,0.24460000000000087,12.88233311456911
186.25,2.2625,0.287200000000001,15.12594468726185
186.25,2.2875,0.3432999999999951,18.080559927356894
186.25,2.3125,0.4040000000000014,21.27744308375274
186.25,2.3375000000000004,0.4552000000000016,23.973990326050117
186.25,2.3625,0.5087000000000018,26.791671526497574
186.25,2.3875,0.563499999999992,29.677819746768456
186.25,2.4125000000000005,0.6211000000000022,32.711435394353536
186.25,2.4375,0.6729000000000024,35.43958279964658
186.25,2.4625000000000004,0.6941000000000025,36.55612189216034
186.25,2.4875,0.7416000000000027,39.05780146265108
186.25,2.5125,0.7660999999999891,40.34814145164031
186.25,2.5375000000000005,0.7832000000000028,41.24874609701769
186.25,2.5625,0.7962000000000028,41.93341629525726
186.25,2.5875000000000004,0.7981000000000029,42.03348347807689
186.25,2.6125,0.7740000000000027,40.76421026441738
186.25,2.6375,0.774599999999989,40.79581042741233
186.25,2.6625000000000005,0.7492000000000026,39.458070193929586
186.25,2.6875,0.7103000000000025,37.40932629304349
186.25,2.7125000000000004,0.6677000000000023,35.16571472035075
186.25,2.7375,0.6455000000000023,33.996508689510875
186.25,2.7625,0.5815999999999918,30.631091330471225
186.25,2.7875000000000005,0.5347000000000018,28.161011922976705
186.25,2.8125,0.48550000000000176,25.569798557331577
186.25,2.8375000000000004,0.44550000000000156,23.463121024286746
186.25,2.8625,0.3977000000000014,20.94564137229818
186.25,2.8875,0.37779999999999464,19.897569299608026
186.25,2.9125000000000005,0.3280000000000012,17.274755770967573
186.25,2.9375,0.286600000000001,15.094344524266177
186.25,2.9625000000000004,0.2601000000000009,13.698670658623978
186.25,2.9875,0.2529000000000009,13.31946870267591
186.25,3.0125,0.22919999999999674,12.071262264346638
186.25,3.0375000000000005,0.20150000000000073,10.612388072713312
186.25,3.0625,0.1888000000000007,9.94351795597158
186.25,3.0875000000000004,0.1948000000000007,10.259519585928302
186.25,3.1125,0.18290000000000065,9.632783019847466
186.25,3.1375,0.19179999999999728,10.101518770949761
186.25,3.1625000000000005,0.18630000000000066,9.811850610156275
186.25,3.1875,0.1955000000000007,10.296386442756587
186.25,3.2125000000000004,0.20600000000000074,10.849389295180853
186.25,3.2375,0.2241000000000008,11.802660878883637
186.25,3.2625,0.2368999999999966,12.476797689457758
186.25,3.2875000000000005,0.26550000000000096,13.983072125585032
186.25,3.3125,0.283900000000001,14.95214379078565
186.25,3.3375000000000004,0.28920000000000107,15.231278563914094
186.25,3.3625,0.3158000000000011,16.632219123388897
186.25,3.3875,0.3320999999999953,17.490690218104355
186.25,3.4125000000000005,0.34370000000000117,18.101626702687664
186.25,3.4375,0.3646000000000013,19.20236571370359
186.25,3.4625000000000004,0.3706000000000013,19.518367343660312
186.25,3.4875,0.37550000000000133,19.776435341458303
186.25,3.5125,0.39349999999999447,20.72444023132811
186.25,3.5375000000000005,0.3871000000000014,20.387371826041303
186.25,3.5625,0.3900000000000014,20.54010594718705
186.25,3.5875000000000004,0.3964000000000014,20.877174352474224
186.25,3.6125,0.3862000000000014,20.339971581547793
186.25,3.6375,0.3680999999999948,19.38669999784467
186.25,3.6625000000000005,0.3723000000000013,19.607901138814714
186.25,3.6875,0.3513000000000013,18.501895433966183
186.25,3.7125000000000004,0.3382000000000012,17.811958541894004
186.25,3.7375,0.32470000000000115,17.100954874491375
186.25,3.7625,0.3038999999999957,16.00548255730778
186.25,3.7875000000000005,0.27650000000000097,14.562408447172357
186.25,3.8125,0.2609000000000009,13.740804209284876
186.25,3.8375000000000004,0.24820000000000086,13.071934092543144
186.25,3.8625,0.2186000000000008,11.512992718089974
186.25,3.8875,0.20329999999999712,10.707188561700137
186.25,3.9125000000000005,0.18170000000000064,9.569582693856121
186.25,3.9375,0.15890000000000057,8.368776500020571
186.25,3.9625000000000004,0.14870000000000053,7.83157372909414
186.25,3.9875,0.12760000000000046,6.720301330412995
186.25,4.0125,0.11539999999999836,6.077764682834215
186.25,4.0375,0.10730000000000228,5.651162482392845
186.25,4.0625,0.09529999999999865,5.0191592224792085
186.25,4.0875,0.08219999999999883,4.32922233040704
186.25,4.112500000000001,0.0747000000000016,3.9342202929612826
186.25,4.1375,0.0635999999999991,3.349617277541214
186.25,4.1625,0.061600000000001306,3.244283400889089
186.25,4.1875,0.049799999999999296,2.6228135286407617
186.25,4.2125,0.04569999999999935,2.406879081503671
186.25,4.237500000000001,0.03800000000000081,2.00134365639262
186.25,4.2625,0.033599999999999526,1.7696091277576225
186.25,4.2875,0.02890000000000062,1.522074517624914
186.25,4.3125,0.02549999999999964,1.3430069273160528
186.25,4.3375,0.02039999999999971,1.074405541852842
186.25,4.362500000000001,0.01790000000000038,0.9427381960375762
186.25,4.3875,0.01529999999999978,0.8058041563896314
186.25,4.4125,0.015700000000000335,0.8268709317201088
186.25,4.4375,0.010299999999999854,0.542469464759033
186.25,4.4625,0.009899999999999859,0.5214026894285851
186.25,4.487500000000001,0.009100000000000195,0.47926913876770644
186.25,4.5125,0.006699999999999905,0.35286848678500204
186.25,4.5375,0.0066000000000001405,0.3476017929524024
186.25,4.5625,0.006199999999999912,0.3265350176219422
186.25,4.5875,0.0036999999999999473,0.1948676718066429
186.25,4.612500000000001,0.003600000000000077,0.18960097797403772
186.25,4.6375,0.0026999999999999615,0.1422007334805232
186.25,4.6625,0.002300000000000049,0.12113395815007963
186.25,4.6875,0.001699999999999976,0.08953379515440352
186.25,4.7125,0.0015999999999999773,0.08426710132179153
186.25,4.737500000000001,0.0016000000000000343,0.08426710132179455
186.25,4.7625,0.0012999999999999815,0.06846701982395562
186.25,4.7875000000000005,0.0008999999999999873,0.04740024449350774
186.25,4.8125,0.0008000000000000172,0.04213355066089727
186.25,4.8375,0.00069999999999999,0.03686685682828379
186.25,4.862500000000001,0.0004000000000000086,0.021066775330448637
186.25,4.8875,0.0005999999999999915,0.031600162995671824
186.25,4.9125000000000005,0.00019999999999999716,0.010533387665223942
186.25,4.9375,0.00010000000000000215,0.005266693832612159
186.25,4.9625,0.0,0.0
186.25,4.987500000000001,0.0002000000000000043,0.010533387665224318
186.25,5.0125,9.999999999999858e-05,0.005266693832611971
186.25,5.0375000000000005,0.0,0.0
186.25,5.0625,0.00010000000000000215,0.005266693832612159
186.25,5.0875,0.0,0.0
186.25,5.112500000000001,0.0,0.0
186.25,5.1375,0.0,0.0
186.25,5.1625000000000005,9.999999999999858e-05,0.005266693832611971
186.25,5.1875,0.0,0.0
186.25,5.2125,0.0,0.0
186.25,5.237500000000001,0.0,0.0
186.25,5.2625,0.0,0.0
186.25,5.2875000000000005,0.0,0.0
186.25,5.3125,0.0,0.0
186.25,5.3375,0.0,0.0
186.25,5.362500000000001,0.0,0.0
186.25,5.3875,0.0,0.0
186.25,5.4125000000000005,0.0,0.0
186.25,5.4375,0.0,0.0
186.25,5.4625,0.0,0.0
186.25,5.487500000000001,0.0,0.0
186.25,5.5125,0.0,0.0
186.25,5.5375000000000005,0.0,0.0
186.25,5.5625,0.0,0.0
186.25,5.5875,0.0,0.0
186.25,5.612500000000001,0.0,0.0
186.25,5.6375,0.0,0.0
186.25,5.6625000000000005,0.0,0.0
186.25,5.6875,0.0,0.0
186.25,5.7125,0.0,0.0
186.25,5.737500000000001,0.0,0.0
186.25,5.7625,0.0,0.0
186.25,5.7875000000000005,0.0,0.0
186.25,5.8125,0.0,0.0
186.25,5.8375,0.0,0.0
186.25,5.862500000000001,0.0,0.0
186.25,5.8875,0.0,0.0
186.25,5.9125000000000005,0.0,0.0
186.25,5.9375,0.0,0.0
186.25,5.9625,0.0,0.0
186.25,5.987500000000001,0.0,0.0
186.25,6.0125,0.0,0.0
186.25,6.0375000000000005,0.0,0.0
186.25,6.0625,0.0,0.0
186.25,6.0875,0.0,0.0
186.25,6.112500000000001,0.0,0.0
186.25,6.1375,0.0,0.0
186.25,6.1625000000000005,0.0,0.0
186.25,6.1875,0.0,0.0
186.25,6.2125,0.0,0.0
186.25,6.237500000000001,0.0,0.0
186.25,6.2625,0.0,0.0
186.25,6.2875000000000005,0.0,0.0
186.25,6.3125,0.0,0.0
186.25,6.3375,0.0,0.0
186.25,6.362500000000001,0.0,0.0
186.25,6.3875,0.0,0.0
186.25,6.4125000000000005,0.0,0.0
186.25,6.4375,0.0,0.0
186.25,6.4625,0.0,0.0
186.25,6.487500000000001,0.0,0.0
186.25,6.5125,0.0,0.0
186.25,6.5375000000000005,0.0,0.0
186.25,6.5625,0.0,0.0
186.25,6.5875,0.0,0.0
186.25,6.612500000000001,0.0,0.0
186.25,6.6375,0.0,0.0
186.25,6.6625000000000005,0.0,0.0
186.25,6.6875,0.0,0.0
186.25,6.7125,0.0,0.0
186.25,6.737500000000001,0.0,0.0
186.25,6.7625,0.0,0.0
186.25,6.7875000000000005,0.0,0.0
186.25,6.8125,0.0,0.0
186.25,6.8375,0.0,0.0
186.25,6.862500000000001,0.0,0.0
186.25,6.8875,0.0,0.0
186.25,6.9125000000000005,0.0,0.0
186.25,6.9375,0.0,0.0
186.25,6.9625,0.0,0.0
186.25,6.987500000000001,0.0,0.0
188.75,0.0125,0.0,0.0
188.75,0.037500000000000006,0.0,0.0
188.75,0.0625,0.0,0.0
188.75,0.08750000000000001,0.0,0.0
188.75,0.1125,0.0,0.0
188.75,0.1375,0.0,0.0
188.75,0.16250000000000003,0.00010000000000000003,0.004215823344489922
188.75,0.1875,0.0006000000000000002,0.025294940066939532
188.75,0.21250000000000002,0.0025000000000000005,0.10539558361224804
188.75,0.2375,0.005900000000000002,0.24873357732490542
188.75,0.2625,0.01189999999999999,0.5016829779943002
188.75,0.28750000000000003,0.029499999999999974,1.2436678866245257
188.75,0.3125,0.050700000000000064,2.1374224356563927
188.75,0.3375,0.07819999999999994,3.2967738553911157
188.75,0.36250000000000004,0.10610000000000014,4.472988568503812
188.75,0.3875,0.1428999999999999,6.024411559276093
188.75,0.41250000000000003,0.17329999999999987,7.306021856001028
188.75,0.4375,0.19020000000000023,8.01849600121984
188.75,0.4625,0.19759999999999983,8.330466928712077
188.75,0.48750000000000004,0.18890000000000026,7.963690297741472
188.75,0.5125,0.17629999999999985,7.432496556335725
188.75,0.5375000000000001,0.16089999999999985,6.783259761284277
188.75,0.5625,0.13089999999999988,5.518512757937302
188.75,0.5875000000000001,0.1157999999999999,4.881923432919325
188.75,0.6125,0.09040000000000031,3.811104303418902
188.75,0.6375,0.07259999999999993,3.0606877480996797
188.75,0.6625000000000001,0.058599999999999944,2.4704724798710913
188.75,0.6875,0.04839999999999996,2.04045849873312
188.75,0.7125000000000001,0.03889999999999996,1.6399552810065776
188.75,0.7375,0.03420000000000012,1.441811583815558
188.75,0.7625,0.027999999999999976,1.1804305364571768
188.75,0.7875000000000001,0.02199999999999998,0.9274811357877818
188.75,0.8125,0.02209999999999998,0.9316969591322717
188.75,0.8375000000000001,0.019499999999999983,0.8220855521755338
188.75,0.8625,0.016300000000000057,0.6871792051518596
188.75,0.8875,0.014199999999999987,0.5986469149175683
188.75,0.9125000000000001,0.012899999999999988,0.5438412114391993
188.75,0.9375,0.012199999999999989,0.5143304480277698
188.75,0.9625000000000001,0.01189999999999999,0.5016829779943002
188.75,0.9875,0.009800000000000034,0.4131506877600137
188.75,1.0125000000000002,0.011299999999999939,0.4763880379273585
188.75,1.0375,0.007200000000000026,0.3035392808032754
188.75,1.0625,0.00830000000000003,0.3499133375926647
188.75,1.0875,0.01289999999999993,0.5438412114391968
188.75,1.1125,0.012900000000000045,0.5438412114392017
188.75,1.1375000000000002,0.014499999999999921,0.6112943849510352
188.75,1.1625,0.017700000000000063,0.7462007319747187
188.75,1.1875,0.023599999999999875,0.994934309299616
188.75,1.2125000000000001,0.037400000000000135,1.576717930839236
188.75,1.2375,0.04950000000000018,2.0868325555225185
188.75,1.2625000000000002,0.06429999999999966,2.710774410507005
188.75,1.2875,0.09110000000000032,3.8406150668303316
188.75,1.3125,0.11139999999999942,4.696427205761747
188.75,1.3375000000000001,0.14290000000000053,6.024411559276119
188.75,1.3625,0.1632000000000006,6.880223698207576
188.75,1.3875000000000002,0.20729999999999887,8.73940179312756
188.75,1.4125,0.22970000000000082,9.683746222293383
188.75,1.4375,0.2745999999999985,11.576650903969261
188.75,1.4625000000000001,0.3051000000000011,12.862477024038794
188.75,1.4875,0.35160000000000124,14.822834879226615
188.75,1.5125000000000002,0.382799999999998,16.138171762707334
188.75,1.5375,0.37980000000000136,16.01169706237278
188.75,1.5625,0.39279999999999793,16.559754097156322
188.75,1.5875000000000001,0.3985000000000014,16.800056027792394
188.75,1.6125,0.40410000000000146,17.036142135083832
188.75,1.6375000000000002,0.3935999999999979,16.59348068391224
188.75,1.6625,0.38050000000000134,16.041207825784205
188.75,1.6875,0.367799999999998,15.505798261033846
188.75,1.7125000000000001,0.34540000000000126,14.56145383186824
188.75,1.7375,0.3125000000000011,13.17444795153105
188.75,1.7625000000000002,0.2841999999999985,11.981369945040292
188.75,1.7875,0.25970000000000093,10.948493225640364
188.75,1.8125,0.23789999999999872,10.029443736541468
188.75,1.8375000000000001,0.2020000000000007,8.51596315586967
188.75,1.8625,0.18040000000000064,7.6053453134598445
188.75,1.8875000000000002,0.15859999999999916,6.686295824360979
188.75,1.9125,0.1409000000000005,5.940095092386319
188.75,1.9375,0.12659999999999932,5.337232354124212
188.75,1.9625000000000001,0.1112000000000004,4.687995559072808
188.75,1.9875,0.09330000000000033,3.9333631804091103
188.75,2.0125,0.09490000000000035,4.00081635392095
188.75,2.0375,0.09379999999999866,3.9544422971314894
188.75,2.0625,0.09870000000000036,4.161017641011567
188.75,2.0875000000000004,0.10990000000000039,4.6331898555944395
188.75,2.1125,0.11560000000000042,4.873491786230367
188.75,2.1375,0.1411000000000005,5.9485267390753
188.75,2.1625,0.15559999999999777,6.5598211240262225
188.75,2.1875,0.17200000000000062,7.251216152522691
188.75,2.2125000000000004,0.21330000000000074,8.992351193797033
188.75,2.2375,0.24430000000000088,10.299256430588914
188.75,2.2625,0.3051000000000011,12.862477024038794
188.75,2.2875,0.3439999999999951,14.50243230504512
188.75,2.3125,0.3802000000000013,16.028560355750734
188.75,2.3375000000000004,0.4312000000000015,18.178630261440603
188.75,2.3625,0.48770000000000174,20.560570451077417
188.75,2.3875,0.5521999999999921,23.279776508273013
188.75,2.4125000000000005,0.6005000000000021,25.316019183662068
188.75,2.4375,0.6456000000000024,27.21735551202703
188.75,2.4625000000000004,0.6763000000000023,28.511613278785436
188.75,2.4875,0.7272000000000026,30.657467361130816
188.75,2.5125,0.7480999999999893,31.53857444012865
188.75,2.5375000000000005,0.7446000000000026,31.391020623072063
188.75,2.5625,0.7687000000000027,32.407034049094136
188.75,2.5875000000000004,0.7805000000000027,32.90450120374395
188.75,2.6125,0.7680000000000027,32.377523285682706
188.75,2.6375,0.7423999999999894,31.298272509492726
188.75,2.6625000000000005,0.7457000000000026,31.43739467986145
188.75,2.6875,0.7210000000000025,30.396086313772436
188.75,2.7125000000000004,0.6717000000000023,28.317685404938896
188.75,2.7375,0.6219000000000022,26.218205379382912
188.75,2.7625,0.5931999999999915,25.008264079513854
188.75,2.7875000000000005,0.5463000000000019,23.03104293094852
188.75,2.8125,0.5123000000000018,21.597662993821938
188.75,2.8375000000000004,0.4506000000000016,18.99649999027165
188.75,2.8625,0.4140000000000015,17.453508646188336
188.75,2.8875,0.3801999999999946,16.02856035575045
188.75,2.9125000000000005,0.3469000000000012,14.624691182035587
188.75,2.9375,0.32130000000000114,13.545440405846165
188.75,2.9625000000000004,0.28400000000000103,11.97293829835142
188.75,2.9875,0.26170000000000093,11.032809692530163
188.75,3.0125,0.2408999999999966,10.155918436876076
188.75,3.0375000000000005,0.2194000000000008,9.24951641781092
188.75,3.0625,0.21330000000000074,8.992351193797033
188.75,3.0875000000000004,0.19840000000000071,8.364193515468033
188.75,3.1125,0.1951000000000007,8.225071345099865
188.75,3.1375,0.19789999999999716,8.343114398745435
188.75,3.1625000000000005,0.1972000000000007,8.313603635334154
188.75,3.1875,0.21030000000000074,8.865876493462334
188.75,3.2125000000000004,0.21300000000000074,8.979703723763564
188.75,3.2375,0.2298000000000008,9.687962045637873
188.75,3.2625,0.2405999999999966,10.143270966842607
188.75,3.2875000000000005,0.2516000000000009,10.607011534736678
188.75,3.3125,0.272300000000001,11.479686967046096
188.75,3.3375000000000004,0.285600000000001,12.040391471863257
188.75,3.3625,0.3111000000000011,13.11542642470819
188.75,3.3875,0.3167999999999955,13.35572835534388
188.75,3.4125000000000005,0.3407000000000012,14.363310134677212
188.75,3.4375,0.35490000000000127,14.961957049594783
188.75,3.4625000000000004,0.3692000000000013,15.564819787856843
188.75,3.4875,0.36950000000000127,15.577467257890312
188.75,3.5125,0.37139999999999473,15.657567901435344
188.75,3.5375000000000005,0.38880000000000137,16.39112116337687
188.75,3.5625,0.37740000000000135,15.910517302105019
188.75,3.5875000000000004,0.3752000000000013,15.817769188526238
188.75,3.6125,0.3889000000000014,16.39533698672136
188.75,3.6375,0.37009999999999477,15.602762197956977
188.75,3.6625000000000005,0.3572000000000013,15.058920986518052
188.75,3.6875,0.35090000000000127,14.793324115815187
188.75,3.7125000000000004,0.3225000000000012,13.596030285980044
188.75,3.7375,0.31430000000000113,13.25033277173187
188.75,3.7625,0.29329999999999584,12.365009869388762
188.75,3.7875000000000005,0.280200000000001,11.8127370112608
188.75,3.8125,0.2648000000000009,11.16350021620935
188.75,3.8375000000000004,0.23970000000000086,10.105328556742377
188.75,3.8625,0.22050000000000078,9.29589047460031
188.75,3.8875,0.21339999999999698,8.996567017141365
188.75,3.9125000000000005,0.18990000000000068,8.00584853118639
188.75,3.9375,0.1690000000000006,7.124741452187991
188.75,3.9625000000000004,0.15750000000000056,6.639921767571649
188.75,3.9875,0.13480000000000047,5.682929868372433
188.75,4.0125,0.12399999999999824,5.227620947167428
188.75,4.0375,0.10990000000000234,4.633189855594522
188.75,4.0625,0.09929999999999858,4.186312581078432
188.75,4.0875,0.08839999999999874,3.726787836529037
188.75,4.112500000000001,0.07330000000000156,3.090198511511178
188.75,4.1375,0.06839999999999903,2.883623167631065
188.75,4.1625,0.056300000000001196,2.373508542947876
188.75,4.1875,0.050099999999999284,2.1121274955894203
188.75,4.2125,0.045299999999999355,1.909767975053907
188.75,4.237500000000001,0.040600000000000865,1.7116242778629445
188.75,4.2625,0.03439999999999951,1.450243230504512
188.75,4.2875,0.029400000000000627,1.2394520632800632
188.75,4.3125,0.027799999999999603,1.1719988897681812
188.75,4.3375,0.020799999999999704,0.8768912556538911
188.75,4.362500000000001,0.018700000000000397,0.7883589654196319
188.75,4.3875,0.02199999999999969,0.9274811357877696
188.75,4.4125,0.01640000000000035,0.6913950284963617
188.75,4.4375,0.01529999999999978,0.6450209717069487
188.75,4.4625,0.014199999999999798,0.5986469149175603
188.75,4.487500000000001,0.009100000000000195,0.383639924348591
188.75,4.5125,0.007199999999999898,0.30353928080327003
188.75,4.5375,0.008300000000000177,0.3499133375926709
188.75,4.5625,0.007499999999999894,0.3161867508367396
188.75,4.5875,0.004399999999999938,0.1854962271575539
188.75,4.612500000000001,0.004900000000000104,0.2065753438800105
188.75,4.6375,0.003299999999999953,0.1391221703681654
188.75,4.6625,0.0033000000000000702,0.13912217036817034
188.75,4.6875,0.002199999999999969,0.09274811357877695
188.75,4.7125,0.002199999999999969,0.09274811357877695
188.75,4.737500000000001,0.0024000000000000514,0.10117976026776027
188.75,4.7625,0.0014999999999999786,0.06323735016734791
188.75,4.7875000000000005,0.0014999999999999786,0.06323735016734791
188.75,4.8125,0.0009000000000000193,0.0379424101004101
188.75,4.8375,0.0007999999999999887,0.03372658675591889
188.75,4.862500000000001,0.0007000000000000148,0.029510763411430073
188.75,4.8875,0.00019999999999999716,0.008431646688979723
188.75,4.9125000000000005,9.999999999999858e-05,0.004215823344489862
188.75,4.9375,0.0005000000000000106,0.021079116722450053
188.75,4.9625,0.00029999999999999575,0.012647470033469584
188.75,4.987500000000001,0.00010000000000000215,0.004215823344490012
188.75,5.0125,9.999999999999858e-05,0.004215823344489862
188.75,5.0375000000000005,0.00019999999999999716,0.008431646688979723
188.75,5.0625,0.0,0.0
188.75,5.0875,0.0,0.0
188.75,5.112500000000001,0.00010000000000000215,0.004215823344490012
188.75,5.1375,0.00019999999999999716,0.008431646688979723
188.75,5.1625000000000005,0.0,0.0
188.75,5.1875,0.0,0.0
188.75,5.2125,0.0,0.0
188.75,5.237500000000001,0.00010000000000000215,0.004215823344490012
188.75,5.2625,0.0,0.0
188.75,5.2875000000000005,0.0,0.0
188.75,5.3125,0.00010000000000000215,0.004215823344490012
188.75,5.3375,0.0,0.0
188.75,5.362500000000001,0.0,0.0
188.75,5.3875,9.999999999999858e-05,0.004215823344489862
188.75,5.4125000000000005,0.0,0.0
188.75,5.4375,0.0,0.0
188.75,5.4625,0.0,0.0
188.75,5.487500000000001,0.0,0.0
188.75,5.5125,0.0,0.0
188.75,5.5375000000000005,0.0,0.0
188.75,5.5625,0.0,0.0
188.75,5.5875,0.0,0.0
188.75,5.612500000000001,0.0,0.0
188.75,5.6375,0.0,0.0
188.75,5.6625000000000005,0.0,0.0
188.75,5.6875,0.0,0.0
188.75,5.7125,0.0,0.0
188.75,5.737500000000001,0.0,0.0
188.75,5.7625,0.0,0.0
188.75,5.7875000000000005,0.0,0.0
188.75,5.8125,0.0,0.0
188.75,5.8375,0.0,0.0
188.75,5.862500000000001,0.0,0.0
188.75,5.8875,0.0,0.0
188.75,5.9125000000000005,0.0,0.0
188.75,5.9375,0.0,0.0
188.75,5.9625,0.0,0.0
188.75,5.987500000000001,0.0,0.0
188.75,6.0125,0.0,0.0
188.75,6.0375000000000005,0.0,0.0
188.75,6.0625,0.0,0.0
188.75,6.0875,0.0,0.0
188.75,6.112500000000001,0.0,0.0
188.75,6.1375,0.0,0.0
188.75,6.1625000000000005,0.0,0.0
188.75,6.1875,0.0,0.0
188.75,6.2125,0.0,0.0
188.75,6.237500000000001,0.0,0.0
188.75,6.2625,0.0,0.0
188.75,6.2875000000000005,0.0,0.0
188.75,6.3125,0.0,0.0
188.75,6.3375,0.0,0.0
188.75,6.362500000000001,0.0,0.0
188.75,6.3875,0.0,0.0
188.75,6.4125000000000005,0.0,0.0
188.75,6.4375,0.0,0.0
188.75,6.4625,0.0,0.0
188.75,6.487500000000001,0.0,0.0
188.75,6.5125,0.0,0.0
188.75,6.5375000000000005,0.0,0.0
188.75,6.5625,0.0,0.0
188.75,6.5875,0.0,0.0
188.75,6.612500000000001,0.0,0.0
188.75,6.6375,0.0,0.0
188.75,6.6625000000000005,0.0,0.0
188.75,6.6875,0.0,0.0
188.75,6.7125,0.0,0.0
188.75,6.737500000000001,0.0,0.0
188.75,6.7625,0.0,0.0
188.75,6.7875000000000005,0.0,0.0
188.75,6.8125,0.0,0.0
188.75,6.8375,0.0,0.0
188.75,6.862500000000001,0.0,0.0
188.75,6.8875,0.0,0.0
188.75,6.9125000000000005,0.0,0.0
188.75,6.9375,0.0,0.0
188.75,6.9625,0.0,0.0
188.75,6.987500000000001,0.0,0.0
191.25,0.0125,0.0,0.0
191.25,0.037500000000000006,0.0,0.0
191.25,0.0625,0.0,0.0
191.25,0.08750000000000001,0.0,0.0
191.25,0.1125,0.0,0.0
191.25,0.1375,0.0,0.0
191.25,0.16250000000000003,0.0,0.0
191.25,0.1875,0.0006000000000000002,0.020397852026256727
191.25,0.21250000000000002,0.0020000000000000005,0.06799284008752243
191.25,0.2375,0.005800000000000001,0.19717923625381503
191.25,0.2625,0.01149999999999999,0.3909588305032535
191.25,0.28750000000000003,0.024299999999999978,0.8261130070633965
191.25,0.3125,0.048000000000000057,1.6318281621005397
191.25,0.3375,0.07189999999999994,2.4443426011464284
191.25,0.36250000000000004,0.10830000000000013,3.681812290739343
191.25,0.3875,0.1352999999999999,4.599715631920887
191.25,0.41250000000000003,0.15549999999999986,5.286443316804863
191.25,0.4375,0.17490000000000022,5.945973865653842
191.25,0.4625,0.18579999999999983,6.3165348441308256
191.25,0.48750000000000004,0.18050000000000024,6.136353817898906
191.25,0.5125,0.17399999999999982,5.915377087614444
191.25,0.5375000000000001,0.15349999999999986,5.21845047671734
191.25,0.5625,0.13769999999999988,4.681307040025914
191.25,0.5875000000000001,0.12229999999999988,4.157762171351991
191.25,0.6125,0.09970000000000036,3.3894430783630045
191.25,0.6375,0.08129999999999993,2.7639089495577833
191.25,0.6625000000000001,0.06519999999999994,2.2165665868532285
191.25,0.6875,0.04949999999999996,1.6828227921661782
191.25,0.7125000000000001,0.04269999999999997,1.4516471358686023
191.25,0.7375,0.03600000000000013,1.2238711215754077
191.25,0.7625,0.028099999999999976,0.955299403229689
191.25,0.7875000000000001,0.025699999999999976,0.8737079951246621
191.25,0.8125,0.02529999999999998,0.8601094271071578
191.25,0.8375000000000001,0.019499999999999983,0.6629301908533429
191.25,0.8625,0.01950000000000007,0.6629301908533458
191.25,0.8875,0.015399999999999985,0.523544868673922
191.25,0.9125000000000001,0.013699999999999986,0.46575095459952803
191.25,0.9375,0.012499999999999989,0.42495525054701466
191.25,0.9625000000000001,0.01119999999999999,0.38075990449012515
191.25,0.9875,0.009000000000000032,0.3059677803938519
191.25,1.0125000000000002,0.010699999999999942,0.3637616944682429
191.25,1.0375,0.007700000000000027,0.2617724343369622
191.25,1.0625,0.009000000000000032,0.3059677803938519
191.25,1.0875,0.00939999999999995,0.3195663484113536
191.25,1.1125,0.010100000000000036,0.3433638424419894
191.25,1.1375000000000002,0.014099999999999925,0.47934952261703045
191.25,1.1625,0.01950000000000007,0.6629301908533458
191.25,1.1875,0.02399999999999987,0.8159140810502644
191.25,1.2125000000000001,0.04000000000000014,1.3598568017504529
191.25,1.2375,0.050000000000000176,1.6998210021880662
191.25,1.2625000000000002,0.06919999999999964,2.3525522670282633
191.25,1.2875,0.0896000000000003,3.0460792359210145
191.25,1.3125,0.10949999999999942,3.722607994791832
191.25,1.3375000000000001,0.13500000000000048,4.589516705907779
191.25,1.3625,0.1686000000000006,5.73179641937816
191.25,1.3875000000000002,0.19189999999999896,6.5239130063977395
191.25,1.4125,0.23410000000000084,7.9585619322445265
191.25,1.4375,0.26809999999999856,9.11444021373233
191.25,1.4625000000000001,0.30010000000000103,10.202325655132773
191.25,1.4875,0.33620000000000116,11.429596418712556
191.25,1.5125000000000002,0.35359999999999814,12.021134127473898
191.25,1.5375,0.3832000000000014,13.02742816076934
191.25,1.5625,0.39119999999999794,13.299399521119314
191.25,1.5875000000000001,0.39150000000000135,13.309598447132558
191.25,1.6125,0.40360000000000146,13.720955129662071
191.25,1.6375000000000002,0.39589999999999786,13.459182695324989
191.25,1.6625,0.3732000000000013,12.687463960331726
191.25,1.6875,0.36209999999999803,12.310103697845866
191.25,1.7125000000000001,0.33750000000000124,11.473791764769448
191.25,1.7375,0.3144000000000011,10.688474461758561
191.25,1.7625000000000002,0.28509999999999847,9.692379354476268
191.25,1.7875,0.26110000000000094,8.876465273426083
191.25,1.8125,0.23629999999999876,8.03335405634073
191.25,1.8375000000000001,0.2169000000000008,7.373823507491832
191.25,1.8625,0.1974000000000007,6.7108933166384865
191.25,1.8875000000000002,0.17219999999999908,5.854183531535648
191.25,1.9125,0.15070000000000053,5.1232605005948315
191.25,1.9375,0.13019999999999932,4.426333889697686
191.25,1.9625000000000001,0.12090000000000042,4.110167183290744
191.25,1.9875,0.11900000000000042,4.045573985207598
191.25,2.0125,0.10600000000000037,3.6036205246387003
191.25,2.0375,0.10039999999999857,3.4132405723935766
191.25,2.0625,0.10740000000000037,3.651215512699966
191.25,2.0875000000000004,0.1126000000000004,3.827996896927525
191.25,2.1125,0.11860000000000043,4.031975417190093
191.25,2.1375,0.13040000000000046,4.4331331737064765
191.25,2.1625,0.16339999999999769,5.555015035150502
191.25,2.1875,0.18560000000000065,6.3097355601221015
191.25,2.2125000000000004,0.21240000000000073,7.220839617294905
191.25,2.2375,0.2563000000000009,8.713282457216028
191.25,2.2625,0.292100000000001,9.930354294782683
191.25,2.2875,0.3459999999999951,11.76276133514121
191.25,2.3125,0.3799000000000014,12.91523997462493
191.25,2.3375000000000004,0.42860000000000154,14.570865630756105
191.25,2.3625,0.48210000000000175,16.389674103097338
191.25,2.3875,0.5300999999999925,18.021502265197558
191.25,2.4125000000000005,0.566000000000002,19.24197374476891
191.25,2.4375,0.6194000000000022,21.057382575105763
191.25,2.4625000000000004,0.6738000000000024,22.906787825486383
191.25,2.4875,0.6849000000000024,23.28414808797213
191.25,2.5125,0.70219999999999,23.87228615472878
191.25,2.5375000000000005,0.7274000000000026,24.72899593983199
191.25,2.5625,0.7457000000000026,25.351130426632817
191.25,2.5875000000000004,0.7667000000000027,26.065055247551808
191.25,2.6125,0.7562000000000028,25.708092837092316
191.25,2.6375,0.7478999999999894,25.425922550728643
191.25,2.6625000000000005,0.7129000000000026,24.23604784919745
191.25,2.6875,0.6966000000000024,23.68190620248414
191.25,2.7125000000000004,0.6602000000000023,22.444436512891226
191.25,2.7375,0.6347000000000023,21.577527801775314
191.25,2.7625,0.5940999999999915,20.197273147998242
191.25,2.7875000000000005,0.553800000000002,18.827217420235023
191.25,2.8125,0.5186000000000018,17.630543434694623
191.25,2.8375000000000004,0.4719000000000017,16.04291061865097
191.25,2.8625,0.4272000000000015,14.523270642694838
191.25,2.8875,0.3921999999999944,13.333395941162953
191.25,2.9125000000000005,0.35750000000000126,12.153720165644673
191.25,2.9375,0.32410000000000116,11.018239736183046
191.25,2.9625000000000004,0.29430000000000106,10.005146418878958
191.25,2.9875,0.272300000000001,9.25722517791621
191.25,3.0125,0.25419999999999643,8.641889975123977
191.25,3.0375000000000005,0.23880000000000084,8.118345106450205
191.25,3.0625,0.2256000000000008,7.669592361872555
191.25,3.0875000000000004,0.22020000000000078,7.486011693636244
191.25,3.1125,0.20940000000000075,7.1188503571636215
191.25,3.1375,0.211799999999997,7.200441765268521
191.25,3.1625000000000005,0.21210000000000076,7.210640691281777
191.25,3.1875,0.21200000000000074,7.207241049277401
191.25,3.2125000000000004,0.21400000000000075,7.275233889364923
191.25,3.2375,0.22850000000000079,7.768181979999462
191.25,3.2625,0.24049999999999658,8.176139020524454
191.25,3.2875000000000005,0.2530000000000009,8.601094271071615
191.25,3.3125,0.26810000000000095,9.114440213732411
191.25,3.3375000000000004,0.29200000000000104,9.926954652778306
191.25,3.3625,0.294100000000001,9.998347134870205
191.25,3.3875,0.3212999999999954,10.92304976006032
191.25,3.4125000000000005,0.32430000000000114,11.025039020191798
191.25,3.4375,0.3547000000000013,12.058530189522143
191.25,3.4625000000000004,0.3438000000000012,11.687969211045143
191.25,3.4875,0.3642000000000013,12.381496179937875
191.25,3.5125,0.38159999999999455,12.97303388869909
191.25,3.5375000000000005,0.3703000000000013,12.588874342204818
191.25,3.5625,0.3642000000000013,12.381496179937875
191.25,3.5875000000000004,0.37670000000000137,12.806451430484893
191.25,3.6125,0.35930000000000123,12.214913721723443
191.25,3.6375,0.3604999999999949,12.25570942577574
191.25,3.6625000000000005,0.3527000000000013,11.990537349434621
191.25,3.6875,0.35400000000000126,12.03473269549151
191.25,3.7125000000000004,0.3331000000000012,11.324207516576898
191.25,3.7375,0.3295000000000012,11.201820404419356
191.25,3.7625,0.3016999999999957,10.256719927202608
191.25,3.7875000000000005,0.285700000000001,9.71277720650261
191.25,3.8125,0.26390000000000097,8.971655249548615
191.25,3.8375000000000004,0.2500000000000009,8.499105010940331
191.25,3.8625,0.22180000000000077,7.540405965706261
191.25,3.8875,0.21369999999999698,7.265034963351667
191.25,3.9125000000000005,0.19200000000000067,6.527312648402174
191.25,3.9375,0.18410000000000065,6.25874093005646
191.25,3.9625000000000004,0.15410000000000054,5.23884832874362
191.25,3.9875,0.1409000000000005,4.790095584165971
191.25,4.0125,0.1339999999999981,4.5555202858639365
191.25,4.0375,0.11640000000000247,3.9571832930938884
191.25,4.0625,0.10369999999999853,3.525428758537987
191.25,4.0875,0.09819999999999861,3.338448448297303
191.25,4.112500000000001,0.08340000000000178,2.835301431649745
191.25,4.1375,0.07869999999999888,2.6755182574439687
191.25,4.1625,0.0660000000000014,2.2437637228882874
191.25,4.1875,0.0633999999999991,2.1553730307744297
191.25,4.2125,0.051399999999999266,1.747415990249301
191.25,4.237500000000001,0.04600000000000098,1.5638353220130488
191.25,4.2625,0.04059999999999943,1.3802546537766855
191.25,4.2875,0.03650000000000078,1.2408693315973105
191.25,4.3125,0.028899999999999593,0.9824965392646849
191.25,4.3375,0.029399999999999583,0.9994947492865652
191.25,4.362500000000001,0.022200000000000476,0.754720524971515
191.25,4.3875,0.019399999999999726,0.6595305488489581
191.25,4.4125,0.01790000000000038,0.6085359187833386
191.25,4.4375,0.014899999999999788,0.5065466586520347
191.25,4.4625,0.012899999999999816,0.4385538185645133
191.25,4.487500000000001,0.011900000000000254,0.404557398520767
191.25,4.5125,0.009599999999999864,0.3263656324201029
191.25,4.5375,0.007800000000000166,0.26517207634134304
191.25,4.5625,0.006599999999999906,0.22437637228882076
191.25,4.5875,0.005799999999999917,0.19717923625381217
191.25,4.612500000000001,0.00610000000000013,0.20737816226694775
191.25,4.6375,0.004199999999999941,0.14278496418379505
191.25,4.6625,0.003900000000000083,0.13258603817067152
191.25,4.6875,0.002399999999999966,0.08159140810502573
191.25,4.7125,0.001899999999999973,0.06459319808314537
191.25,4.737500000000001,0.0027000000000000574,0.09179033411815721
191.25,4.7625,0.002399999999999966,0.08159140810502573
191.25,4.7875000000000005,0.0012999999999999815,0.044195346056888934
191.25,4.8125,0.0012000000000000257,0.04079570405251432
191.25,4.8375,0.0012999999999999815,0.044195346056888934
191.25,4.862500000000001,0.0005000000000000106,0.016998210021880965
191.25,4.8875,0.00039999999999999433,0.01359856801750429
191.25,4.9125000000000005,0.00029999999999999575,0.010198926013128216
191.25,4.9375,0.0006000000000000128,0.02039785202625716
191.25,4.9625,0.00039999999999999433,0.01359856801750429
191.25,4.987500000000001,0.0003000000000000064,0.01019892601312858
191.25,5.0125,9.999999999999858e-05,0.0033996420043760724
191.25,5.0375000000000005,0.0,0.0
191.25,5.0625,0.0,0.0
191.25,5.0875,9.999999999999858e-05,0.0033996420043760724
191.25,5.112500000000001,0.00010000000000000215,0.0033996420043761934
191.25,5.1375,9.999999999999858e-05,0.0033996420043760724
191.25,5.1625000000000005,9.999999999999858e-05,0.0033996420043760724
191.25,5.1875,0.00010000000000000215,0.0033996420043761934
191.25,5.2125,0.0,0.0
191.25,5.237500000000001,0.0,0.0
191.25,5.2625,0.0,0.0
191.25,5.2875000000000005,0.0,0.0
191.25,5.3125,0.0,0.0
191.25,5.3375,0.0,0.0
191.25,5.362500000000001,0.0,0.0
191.25,5.3875,0.0,0.0
191.25,5.4125000000000005,0.0,0.0
191.25,5.4375,0.0,0.0
191.25,5.4625,0.0,0.0
191.25,5.487500000000001,0.0,0.0
191.25,5.5125,0.0,0.0
191.25,5.5375000000000005,0.0,0.0
191.25,5.5625,0.0,0.0
191.25,5.5875,0.0,0.0
191.25,5.612500000000001,0.0,0.0
191.25,5.6375,0.0,0.0
191.25,5.6625000000000005,0.0,0.0
191.25,5.6875,0.0,0.0
191.25,5.7125,0.0,0.0
191.25,5.737500000000001,0.0,0.0
191.25,5.7625,0.0,0.0
191.25,5.7875000000000005,0.0,0.0
191.25,5.8125,0.0,0.0
191.25,5.8375,0.0,0.0
191.25,5.862500000000001,0.0,0.0
191.25,5.8875,0.0,0.0
191.25,5.9125000000000005,0.0,0.0
191.25,5.9375,0.0,0.0
191.25,5.9625,0.0,0.0
191.25,5.987500000000001,0.0,0.0
191.25,6.0125,0.0,0.0
191.25,6.0375000000000005,0.0,0.0
191.25,6.0625,0.0,0.0
191.25,6.0875,0.0,0.0
191.25,6.112500000000001,0.0,0.0
191.25,6.1375,0.0,0.0
191.25,6.1625000000000005,0.0,0.0
191.25,6.1875,0.0,0.0
191.25,6.2125,0.0,0.0
191.25,6.237500000000001,0.0,0.0
191.25,6.2625,0.0,0.0
191.25,6.2875000000000005,0.0,0.0
191.25,6.3125,0.0,0.0
191.25,6.3375,0.0,0.0
191.25,6.362500000000001,0.0,0.0
191.25,6.3875,0.0,0.0
191.25,6.4125000000000005,0.0,0.0
191.25,6.4375,0.0,0.0
191.25,6.4625,0.0,0.0
191.25,6.487500000000001,0.0,0.0
191.25,6.5125,0.0,0.0
191.25,6.5375000000000005,0.0,0.0
191.25,6.5625,0.0,0.0
191.25,6.5875,0.0,0.0
191.25,6.612500000000001,0.0,0.0
191.25,6.6375,0.0,0.0
191.25,6.6625000000000005,0.0,0.0
191.25,6.6875,0.0,0.0
191.25,6.7125,0.0,0.0
191.25,6.737500000000001,0.0,0.0
191.25,6.7625,0.0,0.0
191.25,6.7875000000000005,0.0,0.0
191.25,6.8125,0.0,0.0
191.25,6.8375,0.0,0.0
191.25,6.862500000000001,0.0,0.0
191.25,6.8875,0.0,0.0
191.25,6.9125000000000005,0.0,0.0
191.25,6.9375,0.0,0.0
191.25,6.9625,0.0,0.0
191.25,6.987500000000001,0.0,0.0
193.75,0.0125,0.0,0.0
193.75,0.037500000000000006,0.0,0.0
193.75,0.0625,0.0,0.0
193.75,0.08750000000000001,0.0,0.0
193.75,0.1125,0.0,0.0
193.75,0.1375,0.0,0.0
193.75,0.16250000000000003,0.0,0.0
193.75,0.1875,0.00040000000000000013,0.011046435900920954
193.75,0.21250000000000002,0.0019000000000000004,0.05247057052937453
193.75,0.2375,0.005800000000000001,0.16017332056335384
193.75,0.2625,0.015399999999999985,0.4252877821854562
193.75,0.28750000000000003,0.027499999999999972,0.7594424681883146
193.75,0.3125,0.045100000000000064,1.245485647828839
193.75,0.3375,0.07329999999999993,2.0242593788437624
193.75,0.36250000000000004,0.09620000000000013,2.6566678341714924
193.75,0.3875,0.1253999999999999,3.4630576549387158
193.75,0.41250000000000003,0.14409999999999987,3.9794785333067693
193.75,0.4375,0.16600000000000023,4.584270898882202
193.75,0.4625,0.17889999999999984,4.940518456686891
193.75,0.48750000000000004,0.17160000000000025,4.738921001495095
193.75,0.5125,0.16899999999999984,4.667119168139098
193.75,0.5375000000000001,0.15479999999999988,4.274970693656405
193.75,0.5625,0.14179999999999987,3.915961526876474
193.75,0.5875000000000001,0.12679999999999989,3.5017201805919385
193.75,0.6125,0.10030000000000036,2.7698938021559387
193.75,0.6375,0.08779999999999992,2.4246926802521465
193.75,0.6625000000000001,0.07029999999999993,1.9414111095868554
193.75,0.6875,0.05759999999999995,1.5906867697326157
193.75,0.7125000000000001,0.04499999999999996,1.2427240388536058
193.75,0.7375,0.04120000000000015,1.1377828977948623
193.75,0.7625,0.03109999999999997,0.8588603912966032
193.75,0.7875000000000001,0.028099999999999976,0.7760121220396962
193.75,0.8125,0.022299999999999983,0.6158388014763426
193.75,0.8375000000000001,0.018599999999999985,0.5136592693928238
193.75,0.8625,0.01710000000000006,0.47223513476437234
193.75,0.8875,0.013899999999999987,0.3838636475570027
193.75,0.9125000000000001,0.015399999999999985,0.4252877821854562
193.75,0.9375,0.01209999999999999,0.33415468600285847
193.75,0.9625000000000001,0.013199999999999988,0.36453238473039107
193.75,0.9875,0.009500000000000034,0.2623528526468736
193.75,1.0125000000000002,0.011499999999999939,0.31758503215147565
193.75,1.0375,0.01140000000000004,0.31482342317624823
193.75,1.0625,0.01090000000000004,0.30101537830009706
193.75,1.0875,0.010099999999999946,0.2789225064982525
193.75,1.1125,0.013400000000000047,0.3700556026808532
193.75,1.1375000000000002,0.01509999999999992,0.4170029552597637
193.75,1.1625,0.023500000000000083,0.6489781091791083
193.75,1.1875,0.02809999999999985,0.7760121220396927
193.75,1.2125000000000001,0.03750000000000013,1.0356033657113428
193.75,1.2375,0.054300000000000195,1.4995536735500246
193.75,1.2625000000000002,0.06499999999999966,1.7950458338996451
193.75,1.2875,0.08500000000000031,2.347367628945711
193.75,1.3125,0.11069999999999941,3.057101135579857
193.75,1.3375000000000001,0.1366000000000005,3.7723578601645187
193.75,1.3625,0.16460000000000058,4.545608373228988
193.75,1.3875000000000002,0.192899999999999,5.327143713219101
193.75,1.4125,0.2283000000000008,6.304753290450655
193.75,1.4375,0.25169999999999865,6.950969790654471
193.75,1.4625000000000001,0.2952000000000011,8.152269694879692
193.75,1.4875,0.3250000000000012,8.975229169498306
193.75,1.5125000000000002,0.3307999999999982,9.135402490061578
193.75,1.5375,0.3701000000000013,10.220714817327147
193.75,1.5625,0.35939999999999805,9.925222656977422
193.75,1.5875000000000001,0.3833000000000014,10.585247202057541
193.75,1.6125,0.38810000000000133,10.71780443286859
193.75,1.6375000000000002,0.374399999999998,10.339464003261956
193.75,1.6625,0.3624000000000013,10.008070926234417
193.75,1.6875,0.3600999999999981,9.944553919804035
193.75,1.7125000000000001,0.3417000000000012,9.436417868361756
193.75,1.7375,0.32790000000000114,9.055315829779982
193.75,1.7625000000000002,0.2889999999999984,7.981049938415344
193.75,1.7875,0.2683000000000009,7.409396880542754
193.75,1.8125,0.24009999999999873,6.630623149527766
193.75,1.8375000000000001,0.2193000000000008,6.056208482679934
193.75,1.8625,0.1961000000000007,5.4155152004265155
193.75,1.8875000000000002,0.187599999999999,5.180778437531899
193.75,1.9125,0.1615000000000006,4.45999849499685
193.75,1.9375,0.14409999999999923,3.9794785333067515
193.75,1.9625000000000001,0.12790000000000046,3.532097879319487
193.75,1.9875,0.12460000000000045,3.440964783136889
193.75,2.0125,0.1147000000000004,3.167565494589094
193.75,2.0375,0.10879999999999847,3.0046305650504563
193.75,2.0625,0.12170000000000043,3.3608781228552114
193.75,2.0875000000000004,0.12230000000000044,3.377447776706593
193.75,2.1125,0.14050000000000049,3.880060610198498
193.75,2.1375,0.14790000000000053,4.084419674365536
193.75,2.1625,0.16319999999999768,4.506945847575684
193.75,2.1875,0.19840000000000071,5.479032206856812
193.75,2.2125000000000004,0.22120000000000078,6.108679053209308
193.75,2.2375,0.26210000000000094,7.238177124078479
193.75,2.2625,0.29980000000000107,8.279303707740283
193.75,2.2875,0.34359999999999513,9.488888438890964
193.75,2.3125,0.38000000000000134,10.49411410587494
193.75,2.3375000000000004,0.4233000000000015,11.689890792149638
193.75,2.3625,0.46230000000000165,12.766918292489436
193.75,2.3875,0.5033999999999929,13.90193958130882
193.75,2.4125000000000005,0.555600000000002,15.343499466379257
193.75,2.4375,0.5956000000000021,16.448143056471356
193.75,2.4625000000000004,0.6197000000000021,17.113690819501844
193.75,2.4875,0.6633000000000023,18.317752332702234
193.75,2.5125,0.69639999999999,19.231844903503102
193.75,2.5375000000000005,0.7333000000000026,20.25087861536341
193.75,2.5625,0.7409000000000027,20.460760897480906
193.75,2.5875000000000004,0.7377000000000027,20.372389410273538
193.75,2.6125,0.7261000000000025,20.052042769146826
193.75,2.6375,0.7268999999999897,20.074135640948313
193.75,2.6625000000000005,0.6951000000000025,19.19594398682545
193.75,2.6875,0.6686000000000024,18.464117608389436
193.75,2.7125000000000004,0.6627000000000023,18.30118267885085
193.75,2.7375,0.6271000000000022,17.318049883668884
193.75,2.7625,0.5813999999999917,16.055994581988376
193.75,2.7875000000000005,0.556200000000002,15.360069120230639
193.75,2.8125,0.5201000000000019,14.36312828017252
193.75,2.8375000000000004,0.4801000000000017,13.258484690080419
193.75,2.8625,0.4607000000000016,12.72273254888575
193.75,2.8875,0.4110999999999942,11.352974497171347
193.75,2.9125000000000005,0.38540000000000135,10.643240990537373
193.75,2.9375,0.34590000000000126,9.552405445321428
193.75,2.9625000000000004,0.32220000000000115,8.897904118191859
193.75,2.9875,0.29640000000000105,8.185409002582455
193.75,3.0125,0.2754999999999961,7.608232726759197
193.75,3.0375000000000005,0.2534000000000009,6.9979171432334475
193.75,3.0625,0.23810000000000087,6.5753909700232205
193.75,3.0875000000000004,0.22970000000000082,6.343415816103879
193.75,3.1125,0.21770000000000078,6.01202273907625
193.75,3.1375,0.21989999999999688,6.072778136531207
193.75,3.1625000000000005,0.21580000000000074,5.959552168546874
193.75,3.1875,0.21630000000000077,5.9733602134230255
193.75,3.2125000000000004,0.23600000000000082,6.517397181543384
193.75,3.2375,0.23650000000000085,6.531205226419536
193.75,3.2625,0.2467999999999965,6.815650950868131
193.75,3.2875000000000005,0.25960000000000094,7.169136899697723
193.75,3.3125,0.2594000000000009,7.163613681747262
193.75,3.3375000000000004,0.288700000000001,7.972765111489725
193.75,3.3625,0.292300000000001,8.072183034598012
193.75,3.3875,0.31099999999999556,8.588603912965917
193.75,3.4125000000000005,0.3275000000000012,9.044269393879063
193.75,3.4375,0.3447000000000012,9.519266137618663
193.75,3.4625000000000004,0.3424000000000012,9.455749131188368
193.75,3.4875,0.3586000000000013,9.90312978517567
193.75,3.5125,0.35199999999999504,9.7208635928103
193.75,3.5375000000000005,0.3648000000000013,10.074349541639943
193.75,3.5625,0.3659000000000013,10.104727240367476
193.75,3.5875000000000004,0.3592000000000013,9.91969943902705
193.75,3.6125,0.36050000000000126,9.955600355705043
193.75,3.6375,0.35629999999999495,9.839612778745199
193.75,3.6625000000000005,0.35060000000000124,9.682201067157248
193.75,3.6875,0.3300000000000012,9.113309618259818
193.75,3.7125000000000004,0.3285000000000011,9.071885483631362
193.75,3.7375,0.3017000000000011,8.331774278269657
193.75,3.7625,0.2947999999999958,8.141223258978625
193.75,3.7875000000000005,0.279200000000001,7.710412258842852
193.75,3.8125,0.273900000000001,7.564046983155649
193.75,3.8375000000000004,0.2603000000000009,7.188468162524335
193.75,3.8625,0.23540000000000083,6.500827527692003
193.75,3.8875,0.212799999999997,5.876703899289863
193.75,3.9125000000000005,0.19620000000000068,5.418276809401745
193.75,3.9375,0.18670000000000064,5.155923956754872
193.75,3.9625000000000004,0.16170000000000057,4.46552171294731
193.75,3.9875,0.15470000000000053,4.272209084681193
193.75,4.0125,0.140299999999998,3.874537392247969
193.75,4.0375,0.13030000000000277,3.5983764947250765
193.75,4.0625,0.11549999999999835,3.1896583663908795
193.75,4.0875,0.10069999999999858,2.7809402380568105
193.75,4.112500000000001,0.09100000000000194,2.51306416745957
193.75,4.1375,0.07829999999999888,2.1623398276052455
193.75,4.1625,0.0704000000000015,1.944172718562129
193.75,4.1875,0.0632999999999991,1.7480984813207157
193.75,4.2125,0.054199999999999235,1.4967920645747679
193.75,4.237500000000001,0.04640000000000099,1.2813865645068576
193.75,4.2625,0.0418999999999994,1.1571141606214532
193.75,4.2875,0.040000000000000854,1.1046435900921188
193.75,4.3125,0.039599999999999434,1.0935971541911587
193.75,4.3375,0.027699999999999607,0.764965686138765
193.75,4.362500000000001,0.02910000000000062,0.8036282117920163
193.75,4.3875,0.022899999999999674,0.6324084553277155
193.75,4.4125,0.020300000000000432,0.5606066219717503
193.75,4.4375,0.016499999999999765,0.45566548091298276
193.75,4.4625,0.017199999999999754,0.4749967437395941
193.75,4.487500000000001,0.012400000000000265,0.34243951292855684
193.75,4.5125,0.009499999999999864,0.26235285264686886
193.75,4.5375,0.011200000000000238,0.3093002052257932
193.75,4.5625,0.0073999999999998945,0.2043590641670347
193.75,4.5875,0.006599999999999906,0.18226619236519312
193.75,4.612500000000001,0.005500000000000118,0.15188849363766632
193.75,4.6375,0.004099999999999941,0.11322596798443814
193.75,4.6625,0.003900000000000083,0.10770275003398157
193.75,4.6875,0.0036999999999999473,0.10217953208351735
193.75,4.7125,0.00279999999999996,0.07732505130644556
193.75,4.737500000000001,0.0031000000000000662,0.08560987823213921
193.75,4.7625,0.0015999999999999773,0.04418574360368318
193.75,4.7875000000000005,0.001899999999999973,0.052470570529373775
193.75,4.8125,0.0017000000000000363,0.046947352578915046
193.75,4.8375,0.0014999999999999786,0.04142413462845298
193.75,4.862500000000001,0.0013000000000000277,0.03590091667799386
193.75,4.8875,0.00029999999999999575,0.008284826925690596
193.75,4.9125000000000005,0.0008999999999999873,0.02485448077707179
193.75,4.9375,0.0004000000000000086,0.011046435900921189
193.75,4.9625,0.00069999999999999,0.01933126282661139
193.75,4.987500000000001,0.0003000000000000064,0.00828482692569089
193.75,5.0125,0.00019999999999999716,0.005523217950460397
193.75,5.0375000000000005,0.00039999999999999433,0.011046435900920795
193.75,5.0625,0.0003000000000000064,0.00828482692569089
193.75,5.0875,0.0,0.0
193.75,5.112500000000001,0.0003000000000000064,0.00828482692569089
193.75,5.1375,0.0,0.0
193.75,5.1625000000000005,0.00019999999999999716,0.005523217950460397
193.75,5.1875,0.00010000000000000215,0.002761608975230297
193.75,5.2125,0.0,0.0
193.75,5.237500000000001,0.0,0.0
193.75,5.2625,9.999999999999858e-05,0.0027616089752301987
193.75,5.2875000000000005,9.999999999999858e-05,0.0027616089752301987
193.75,5.3125,0.0,0.0
193.75,5.3375,0.0,0.0
193.75,5.362500000000001,0.0,0.0
193.75,5.3875,9.999999999999858e-05,0.0027616089752301987
193.75,5.4125000000000005,0.0,0.0
193.75,5.4375,0.0,0.0
193.75,5.4625,0.0,0.0
193.75,5.487500000000001,0.0,0.0
193.75,5.5125,0.0,0.0
193.75,5.5375000000000005,0.0,0.0
193.75,5.5625,0.0,0.0
193.75,5.5875,0.0,0.0
193.75,5.612500000000001,0.0,0.0
193.75,5.6375,0.0,0.0
193.75,5.6625000000000005,0.0,0.0
193.75,5.6875,0.0,0.0
193.75,5.7125,0.0,0.0
193.75,5.737500000000001,0.0,0.0
193.75,5.7625,0.0,0.0
193.75,5.7875000000000005,0.0,0.0
193.75,5.8125,0.0,0.0
193.75,5.8375,0.0,0.0
193.75,5.862500000000001,0.0,0.0
193.75,5.8875,0.0,0.0
193.75,5.9125000000000005,0.0,0.0
193.75,5.9375,0.0,0.0
193.75,5.9625,0.0,0.0
193.75,5.987500000000001,0.0,0.0
193.75,6.0125,0.0,0.0
193.75,6.0375000000000005,0.0,0.0
193.75,6.0625,0.0,0.0
193.75,6.0875,0.0,0.0
193.75,6.112500000000001,0.0,0.0
193.75,6.1375,0.0,0.0
193.75,6.1625000000000005,0.0,0.0
193.75,6.1875,0.0,0.0
193.75,6.2125,0.0,0.0
193.75,6.237500000000001,0.0,0.0
193.75,6.2625,0.0,0.0
193.75,6.2875000000000005,0.0,0.0
193.75,6.3125,0.0,0.0
193.75,6.3375,0.0,0.0
193.75,6.362500000000001,0.0,0.0
193.75,6.3875,0.0,0.0
193.75,6.4125000000000005,0.0,0.0
193.75,6.4375,0.0,0.0
193.75,6.4625,0.0,0.0
193.75,6.487500000000001,0.0,0.0
193.75,6.5125,0.0,0.0
193.75,6.5375000000000005,0.0,0.0
193.75,6.5625,0.0,0.0
193.75,6.5875,0.0,0.0
193.75,6.612500000000001,0.0,0.0
193.75,6.6375,0.0,0.0
193.75,6.6625000000000005,0.0,0.0
193.75,6.6875,0.0,0.0
193.75,6.7125,0.0,0.0
193.75,6.737500000000001,0.0,0.0
193.75,6.7625,0.0,0.0
193.75,6.7875000000000005,0.0,0.0
193.75,6.8125,0.0,0.0
193.75,6.8375,0.0,0.0
193.75,6.862500000000001,0.0,0.0
193.75,6.8875,0.0,0.0
193.75,6.9125000000000005,0.0,0.0
193.75,6.9375,0.0,0.0
193.75,6.9625,0.0,0.0
193.75,6.987500000000001,0.0,0.0
196.25,0.0125,0.0,0.0
196.25,0.037500000000000006,0.0,0.0
196.25,0.0625,0.0,0.0
196.25,0.08750000000000001,0.0,0.0
196.25,0.1125,0.0,0.0
196.25,0.1375,0.0,0.0
196.25,0.16250000000000003,0.00040000000000000013,0.009038188121017726
196.25,0.1875,0.0011000000000000003,0.024855017332798744
196.25,0.21250000000000002,0.003800000000000001,0.08586278714966838
196.25,0.2375,0.0062000000000000015,0.14009191587577474
196.25,0.2625,0.014899999999999986,0.33667250750790984
196.25,0.28750000000000003,0.026899999999999976,0.6078181511384413
196.25,0.3125,0.04580000000000006,1.0348725398565306
196.25,0.3375,0.06719999999999994,1.518415604330976
196.25,0.36250000000000004,0.09320000000000013,2.1058978321971322
196.25,0.3875,0.1179999999999999,2.666265495700226
196.25,0.41250000000000003,0.13739999999999988,3.104617619569585
196.25,0.4375,0.1602000000000002,3.6197943424676025
196.25,0.4625,0.16819999999999988,3.8005581048879495
196.25,0.48750000000000004,0.16920000000000024,3.823153575190502
196.25,0.5125,0.16659999999999986,3.7644053524038785
196.25,0.5375000000000001,0.15459999999999985,3.4932597087733464
196.25,0.5625,0.13829999999999987,3.1249535428418747
196.25,0.5875000000000001,0.1232999999999999,2.7860214883037107
196.25,0.6125,0.10760000000000039,2.4312726045537763
196.25,0.6375,0.08739999999999992,1.9748441044423706
196.25,0.6625000000000001,0.07769999999999994,1.7556680425076912
196.25,0.6875,0.06319999999999995,1.4280337231207991
196.25,0.7125000000000001,0.05449999999999995,1.2314531314886636
196.25,0.7375,0.045400000000000156,1.025834351735515
196.25,0.7625,0.03859999999999997,0.8721851536782095
196.25,0.7875000000000001,0.029799999999999972,0.6733450150158197
196.25,0.8125,0.029099999999999973,0.6575281858040387
196.25,0.8375000000000001,0.02209999999999998,0.49935989368622874
196.25,0.8625,0.02290000000000008,0.5174362699282664
196.25,0.8875,0.01969999999999998,0.44513076496012244
196.25,0.9125000000000001,0.016099999999999986,0.36378707187096304
196.25,0.9375,0.015799999999999988,0.3570084307801998
196.25,0.9625000000000001,0.013699999999999986,0.3095579431448567
196.25,0.9875,0.012400000000000045,0.2801838317515504
196.25,1.0125000000000002,0.012499999999999933,0.2824433787818023
196.25,1.0375,0.012000000000000042,0.2711456436305326
196.25,1.0625,0.01110000000000004,0.2508097203582427
196.25,1.0875,0.01499999999999992,0.3389320545381628
196.25,1.1125,0.014800000000000053,0.33441296047765695
196.25,1.1375000000000002,0.019899999999999893,0.4496498590206293
196.25,1.1625,0.02250000000000008,0.5083980818072487
196.25,1.1875,0.031499999999999834,0.7117573145301419
196.25,1.2125000000000001,0.03900000000000014,0.8812233417992311
196.25,1.2375,0.05470000000000019,1.2359722255491778
196.25,1.2625000000000002,0.06709999999999965,1.516156057300715
196.25,1.2875,0.08910000000000032,2.0132564039567047
196.25,1.3125,0.10689999999999943,2.4154557753419734
196.25,1.3375000000000001,0.1371000000000005,3.0978389784788356
196.25,1.3625,0.16060000000000058,3.6288325305886286
196.25,1.3875000000000002,0.19019999999999898,4.297658451543904
196.25,1.4125,0.21030000000000074,4.751827404625084
196.25,1.4375,0.24579999999999871,5.553966600365362
196.25,1.4625000000000001,0.27500000000000097,6.213754333199706
196.25,1.4875,0.3036000000000011,6.859984783852476
196.25,1.5125000000000002,0.32649999999999824,7.377421053780676
196.25,1.5375,0.35300000000000126,7.976201016798169
196.25,1.5625,0.3589999999999981,8.111773838613363
196.25,1.5875000000000001,0.37580000000000136,8.491377739696182
196.25,1.6125,0.3682000000000013,8.319652165396842
196.25,1.6375000000000002,0.36809999999999804,8.317392618366515
196.25,1.6625,0.3553000000000012,8.02817059849402
196.25,1.6875,0.3476999999999982,7.856445024194614
196.25,1.7125000000000001,0.32520000000000115,7.348046942387435
196.25,1.7375,0.31910000000000116,7.210214573541914
196.25,1.7625000000000002,0.2956999999999984,6.681480568462315
196.25,1.7875,0.27620000000000094,6.240868897562759
196.25,1.8125,0.25069999999999865,5.664684404847827
196.25,1.8375000000000001,0.2291000000000008,5.176622246312919
196.25,1.8625,0.21150000000000074,4.778941968988137
196.25,1.8875000000000002,0.18919999999999898,4.275062981241359
196.25,1.9125,0.16160000000000058,3.651428000891173
196.25,1.9375,0.1539999999999992,3.479702426591805
196.25,1.9625000000000001,0.1397000000000005,3.1565872012654506
196.25,1.9875,0.13400000000000048,3.027793020540948
196.25,2.0125,0.12560000000000043,2.8379910699995747
196.25,2.0375,0.12279999999999824,2.774723753152401
196.25,2.0625,0.12470000000000045,2.8176551467272852
196.25,2.0875000000000004,0.13980000000000048,3.158846748295705
196.25,2.1125,0.14940000000000053,3.3757632632001315
196.25,2.1375,0.16340000000000057,3.6920998474357525
196.25,2.1625,0.17819999999999747,4.026512807913338
196.25,2.1875,0.20340000000000072,4.595918659537528
196.25,2.2125000000000004,0.23380000000000084,5.282820956734878
196.25,2.2375,0.26260000000000094,5.933570501448156
196.25,2.2625,0.29640000000000105,6.6972973976741565
196.25,2.2875,0.33489999999999526,7.567223004321981
196.25,2.3125,0.38230000000000136,8.638248296662718
196.25,2.3375000000000004,0.41890000000000144,9.465242509735843
196.25,2.3625,0.46170000000000166,10.432328638684744
196.25,2.3875,0.4952999999999929,11.191536440850035
196.25,2.4125000000000005,0.549800000000002,12.422989572338905
196.25,2.4375,0.573100000000002,12.949464030388189
196.25,2.4625000000000004,0.6084000000000022,13.747084132068006
196.25,2.4875,0.6457000000000023,14.58989517435291
196.25,2.5125,0.6650999999999906,15.028247298222006
196.25,2.5375000000000005,0.6710000000000025,15.161560573007286
196.25,2.5625,0.6973000000000025,15.755821441964201
196.25,2.5875000000000004,0.7027000000000024,15.87783698159794
196.25,2.6125,0.7054000000000026,15.938844751414813
196.25,2.6375,0.7113999999999898,16.07441757322979
196.25,2.6625000000000005,0.6975000000000026,15.760340536024712
196.25,2.6875,0.6594000000000023,14.899453117497767
196.25,2.7125000000000004,0.6491000000000022,14.66671977338156
196.25,2.7375,0.6168000000000021,13.936886082609377
196.25,2.7625,0.5909999999999916,13.353922948803497
196.25,2.7875000000000005,0.562900000000002,12.718990233302234
196.25,2.8125,0.5233000000000019,11.824209609321478
196.25,2.8375000000000004,0.4839000000000017,10.93394807940123
196.25,2.8625,0.4557000000000016,10.296755816869476
196.25,2.8875,0.42549999999999394,9.614372613732465
196.25,2.9125000000000005,0.3930000000000014,8.880019828899945
196.25,2.9375,0.36210000000000125,8.181819796551322
196.25,2.9625000000000004,0.33620000000000116,7.596597115715422
196.25,2.9875,0.31320000000000114,7.076901298756903
196.25,3.0125,0.282899999999996,6.392258548589694
196.25,3.0375000000000005,0.279800000000001,6.32221259065192
196.25,3.0625,0.2574000000000009,5.816074055874925
196.25,3.0875000000000004,0.2474000000000009,5.590119352849482
196.25,3.1125,0.23790000000000083,5.375462384975309
196.25,3.1375,0.22859999999999672,5.165324511161555
196.25,3.1625000000000005,0.22370000000000081,5.05460670667918
196.25,3.1875,0.2255000000000008,5.09527855322376
196.25,3.2125000000000004,0.23590000000000083,5.33027144437022
196.25,3.2375,0.23770000000000083,5.3709432909148
196.25,3.2625,0.25089999999999646,5.669203498908287
196.25,3.2875000000000005,0.2624000000000009,5.929051407387647
196.25,3.3125,0.275300000000001,6.22053297429047
196.25,3.3375000000000004,0.276400000000001,6.245387991623269
196.25,3.3625,0.29280000000000106,6.615953704584997
196.25,3.3875,0.30649999999999566,6.925511647729732
196.25,3.4125000000000005,0.32040000000000113,7.239588684935222
196.25,3.4375,0.32430000000000114,7.327711019115145
196.25,3.4625000000000004,0.3275000000000012,7.400016524083287
196.25,3.4875,0.3548000000000012,8.016872863342748
196.25,3.5125,0.3464999999999951,7.829330459831492
196.25,3.5375000000000005,0.3606000000000013,8.147926591097507
196.25,3.5625,0.34840000000000126,7.8722618534064654
196.25,3.5875000000000004,0.34820000000000123,7.867742759345956
196.25,3.6125,0.35660000000000125,8.057544709887328
196.25,3.6375,0.350999999999995,7.931010076192938
196.25,3.6625000000000005,0.34970000000000123,7.901635964799772
196.25,3.6875,0.3390000000000012,7.6598644325625465
196.25,3.7125000000000004,0.3250000000000012,7.343527848326926
196.25,3.7375,0.3081000000000011,6.961664400213926
196.25,3.7625,0.31369999999999554,7.088199033908048
196.25,3.7875000000000005,0.281900000000001,6.369663078287262
196.25,3.8125,0.2552000000000009,5.766364021209328
196.25,3.8375000000000004,0.2477000000000009,5.596897993940245
196.25,3.8625,0.24460000000000087,5.526852036002357
196.25,3.8875,0.21479999999999694,4.853507020986448
196.25,3.9125000000000005,0.20650000000000074,4.665964617475416
196.25,3.9375,0.18990000000000068,4.29087981045318
196.25,3.9625000000000004,0.1739000000000006,3.9293522856124685
196.25,3.9875,0.15460000000000054,3.493259708773362
196.25,4.0125,0.14849999999999788,3.3554273399277816
196.25,4.0375,0.13260000000000283,2.9961593621174387
196.25,4.0625,0.12519999999999823,2.8289528818785072
196.25,4.0875,0.11169999999999841,2.5239140327941634
196.25,4.112500000000001,0.09740000000000208,2.2007988074678626
196.25,4.1375,0.08269999999999882,1.8686453940203873
196.25,4.1625,0.07760000000000165,1.7534084954774756
196.25,4.1875,0.07139999999999898,1.6133165796016404
196.25,4.2125,0.06259999999999911,1.4144764409392536
196.25,4.237500000000001,0.057600000000001234,1.3014990894265799
196.25,4.2625,0.050399999999999286,1.138811703248217
196.25,4.2875,0.04010000000000085,0.9060783591320459
196.25,4.3125,0.03589999999999949,0.811177383861329
196.25,4.3375,0.03179999999999955,0.7185359556208988
196.25,4.362500000000001,0.02720000000000058,0.6145967922292183
196.25,4.3875,0.02449999999999965,0.5535890224123277
196.25,4.4125,0.0234000000000005,0.528734005079548
196.25,4.4375,0.01969999999999972,0.44513076496011655
196.25,4.4625,0.016899999999999762,0.38186344811299344
196.25,4.487500000000001,0.013200000000000281,0.2982602079935912
196.25,4.5125,0.011699999999999834,0.26436700253976464
196.25,4.5375,0.01030000000000022,0.23273334411621133
196.25,4.5625,0.011299999999999838,0.255328814418747
196.25,4.5875,0.0073999999999998945,0.16720648023882548
196.25,4.612500000000001,0.006400000000000137,0.14461100993628667
196.25,4.6375,0.00559999999999992,0.1265346336942463
196.25,4.6625,0.004100000000000087,0.09264142824043363
196.25,4.6875,0.003299999999999953,0.07456505199839515
196.25,4.7125,0.00349999999999995,0.07908414605890395
196.25,4.737500000000001,0.0028000000000000594,0.0632673168471254
196.25,4.7625,0.0024999999999999645,0.05648867575635996
196.25,4.7875000000000005,0.0020999999999999704,0.047450487635342375
196.25,4.8125,0.002200000000000047,0.049710034665598535
196.25,4.8375,0.002599999999999963,0.05874822278661436
196.25,4.862500000000001,0.0009000000000000193,0.02033592327229031
196.25,4.8875,0.00069999999999999,0.01581682921178079
196.25,4.9125000000000005,0.0010999999999999845,0.024855017332798386
196.25,4.9375,0.0008000000000000172,0.018076376242035834
196.25,4.9625,0.0005999999999999915,0.013557282181526392
196.25,4.987500000000001,0.0006000000000000128,0.013557282181526874
196.25,5.0125,0.00029999999999999575,0.006778641090763196
196.25,5.0375000000000005,0.0007999999999999887,0.01807637624203519
196.25,5.0625,0.0003000000000000064,0.006778641090763437
196.25,5.0875,0.00029999999999999575,0.006778641090763196
196.25,5.112500000000001,0.0004000000000000086,0.009038188121017917
196.25,5.1375,0.00019999999999999716,0.004519094060508797
196.25,5.1625000000000005,0.00019999999999999716,0.004519094060508797
196.25,5.1875,0.0,0.0
196.25,5.2125,0.0,0.0
196.25,5.237500000000001,0.00010000000000000215,0.0022595470302544792
196.25,5.2625,9.999999999999858e-05,0.0022595470302543986
196.25,5.2875000000000005,0.0,0.0
196.25,5.3125,0.00010000000000000215,0.0022595470302544792
196.25,5.3375,0.0,0.0
196.25,5.362500000000001,0.0,0.0
196.25,5.3875,0.0,0.0
196.25,5.4125000000000005,0.0,0.0
196.25,5.4375,0.0,0.0
196.25,5.4625,0.0,0.0
196.25,5.487500000000001,0.0,0.0
196.25,5.5125,0.0,0.0
196.25,5.5375000000000005,0.0,0.0
196.25,5.5625,0.0,0.0
196.25,5.5875,0.0,0.0
196.25,5.612500000000001,0.0,0.0
196.25,5.6375,0.0,0.0
196.25,5.6625000000000005,0.0,0.0
196.25,5.6875,0.0,0.0
196.25,5.7125,0.0,0.0
196.25,5.737500000000001,0.0,0.0
196.25,5.7625,0.0,0.0
196.25,5.7875000000000005,0.0,0.0
196.25,5.8125,0.0,0.0
196.25,5.8375,0.0,0.0
196.25,5.862500000000001,0.0,0.0
196.25,5.8875,0.0,0.0
196.25,5.9125000000000005,0.0,0.0
196.25,5.9375,0.0,0.0
196.25,5.9625,0.0,0.0
196.25,5.987500000000001,0.0,0.0
196.25,6.0125,0.0,0.0
196.25,6.0375000000000005,0.0,0.0
196.25,6.0625,0.0,0.0
196.25,6.0875,0.0,0.0
196.25,6.112500000000001,0.0,0.0
196.25,6.1375,0.0,0.0
196.25,6.1625000000000005,0.0,0.0
196.25,6.1875,0.0,0.0
196.25,6.2125,0.0,0.0
196.25,6.237500000000001,0.0,0.0
196.25,6.2625,0.0,0.0
196.25,6.2875000000000005,0.0,0.0
196.25,6.3125,0.0,0.0
196.25,6.3375,0.0,0.0
196.25,6.362500000000001,0.0,0.0
196.25,6.3875,0.0,0.0
196.25,6.4125000000000005,0.0,0.0
196.25,6.4375,0.0,0.0
196.25,6.4625,0.0,0.0
196.25,6.487500000000001,0.0,0.0
196.25,6.5125,0.0,0.0
196.25,6.5375000000000005,0.0,0.0
196.25,6.5625,0.0,0.0
196.25,6.5875,0.0,0.0
196.25,6.612500000000001,0.0,0.0
196.25,6.6375,0.0,0.0
196.25,6.6625000000000005,0.0,0.0
196.25,6.6875,0.0,0.0
196.25,6.7125,0.0,0.0
196.25,6.737500000000001,0.0,0.0
196.25,6.7625,0.0,0.0
196.25,6.7875000000000005,0.0,0.0
196.25,6.8125,0.0,0.0
196.25,6.8375,0.0,0.0
196.25,6.862500000000001,0.0,0.0
196.25,6.8875,0.0,0.0
196.25,6.9125000000000005,0.0,0.0
196.25,6.9375,0.0,0.0
196.25,6.9625,0.0,0.0
196.25,6.987500000000001,0.0,0.0
198.75,0.0125,0.0,0.0
198.75,0.037500000000000006,0.0,0.0
198.75,0.0625,0.0,0.0
198.75,0.08750000000000001,0.0,0.0
198.75,0.1125,0.0,0.0
198.75,0.1375,9.999999999999992e-05,0.0018617616831008612
198.75,0.16250000000000003,0.00010000000000000003,0.0018617616831008632
198.75,0.1875,0.0007000000000000001,0.01303233178170604
198.75,0.21250000000000002,0.0030000000000000005,0.055852850493025887
198.75,0.2375,0.007100000000000002,0.13218507950016128
198.75,0.2625,0.013999999999999988,0.26064663563412055
198.75,0.28750000000000003,0.030499999999999975,0.5678373133457626
198.75,0.3125,0.04490000000000006,0.8359309957122883
198.75,0.3375,0.06389999999999994,1.18966571550145
198.75,0.36250000000000004,0.08830000000000011,1.6439355661780637
198.75,0.3875,0.1149999999999999,2.14102593556599
198.75,0.41250000000000003,0.13869999999999988,2.582263454460894
198.75,0.4375,0.15820000000000023,2.945306982665569
198.75,0.4625,0.16219999999999984,3.019777449989596
198.75,0.48750000000000004,0.16770000000000024,3.1221743425601507
198.75,0.5125,0.16199999999999984,3.0160539266233943
198.75,0.5375000000000001,0.16069999999999987,2.9918510247430836
198.75,0.5625,0.13879999999999987,2.584125216143995
198.75,0.5875000000000001,0.1307999999999999,2.435184281495926
198.75,0.6125,0.10710000000000039,1.993946762601031
198.75,0.6375,0.09249999999999992,1.7221295568682964
198.75,0.6625000000000001,0.07959999999999993,1.4819622997482853
198.75,0.6875,0.06859999999999994,1.2771685146071905
198.75,0.7125000000000001,0.05789999999999995,1.0779600145153985
198.75,0.7375,0.04740000000000017,0.8824750377898121
198.75,0.7625,0.03929999999999997,0.7316723414586384
198.75,0.7875000000000001,0.03199999999999997,0.5957637385922755
198.75,0.8125,0.027299999999999974,0.508260939486535
198.75,0.8375000000000001,0.02469999999999998,0.45985513572591263
198.75,0.8625,0.021200000000000073,0.3946934768173842
198.75,0.8875,0.017799999999999983,0.3313935795919532
198.75,0.9125000000000001,0.017399999999999985,0.3239465328595498
198.75,0.9375,0.014199999999999987,0.26437015900032224
198.75,0.9625000000000001,0.01259999999999999,0.2345819720707085
198.75,0.9875,0.013400000000000047,0.24947606553551646
198.75,1.0125000000000002,0.012499999999999933,0.23272021038760657
198.75,1.0375,0.01110000000000004,0.20665554682419648
198.75,1.0625,0.013700000000000047,0.25506135058481905
198.75,1.0875,0.014499999999999921,0.26995544404962357
198.75,1.1125,0.01710000000000006,0.3183612478102486
198.75,1.1375000000000002,0.020799999999999888,0.38724643008497733
198.75,1.1625,0.024300000000000085,0.4524080889935112
198.75,1.1875,0.031499999999999834,0.5864549301767686
198.75,1.2125000000000001,0.04580000000000016,0.852686850860198
198.75,1.2375,0.053000000000000186,0.9867336920434606
198.75,1.2625000000000002,0.0733999999999996,1.3665330753960256
198.75,1.2875,0.09020000000000032,1.679309038156984
198.75,1.3125,0.11139999999999942,2.07400251497435
198.75,1.3375000000000001,0.13270000000000048,2.4705577534748535
198.75,1.3625,0.15830000000000058,2.947168744348676
198.75,1.3875000000000002,0.18399999999999903,3.425641496905569
198.75,1.4125,0.20910000000000076,3.892943679363918
198.75,1.4375,0.24169999999999872,4.499877988054761
198.75,1.4625000000000001,0.27060000000000095,5.037927114470952
198.75,1.4875,0.29340000000000105,5.4624087782179505
198.75,1.5125000000000002,0.3116999999999983,5.803111166225357
198.75,1.5375,0.33890000000000126,6.309510344028847
198.75,1.5625,0.34539999999999815,6.430524853430345
198.75,1.5875000000000001,0.3624000000000013,6.74702433955755
198.75,1.6125,0.3653000000000013,6.801015428367475
198.75,1.6375000000000002,0.35059999999999814,6.527336460951589
198.75,1.6625,0.3548000000000012,6.605530451641883
198.75,1.6875,0.3384999999999982,6.302063297296386
198.75,1.7125000000000001,0.33010000000000117,6.145675315915969
198.75,1.7375,0.3081000000000011,5.736087745633778
198.75,1.7625000000000002,0.29379999999999845,5.469855824950305
198.75,1.7875,0.274200000000001,5.104950535062584
198.75,1.8125,0.25329999999999864,4.71584234329446
198.75,1.8375000000000001,0.23750000000000085,4.421683997364564
198.75,1.8625,0.21280000000000077,3.96182886163865
198.75,1.8875000000000002,0.20409999999999892,3.7998555952088404
198.75,1.9125,0.17670000000000063,3.289732894039236
198.75,1.9375,0.16019999999999915,2.982542216327566
198.75,1.9625000000000001,0.14690000000000053,2.734927912475177
198.75,1.9875,0.1444000000000005,2.688383870397655
198.75,2.0125,0.13310000000000047,2.4780048002072568
198.75,2.0375,0.13279999999999811,2.4724195151579105
198.75,2.0625,0.1419000000000005,2.6418398283201334
198.75,2.0875000000000004,0.14720000000000052,2.7405131975244794
198.75,2.1125,0.14990000000000053,2.7907807629682027
198.75,2.1375,0.16830000000000062,3.133344912658763
198.75,2.1625,0.19239999999999727,3.5820294782860085
198.75,2.1875,0.20610000000000073,3.8370908288708914
198.75,2.2125000000000004,0.23660000000000084,4.404928142216656
198.75,2.2375,0.26210000000000094,4.879677371407379
198.75,2.2625,0.294100000000001,5.475441109999656
198.75,2.2875,0.3298999999999953,6.1419517925496585
198.75,2.3125,0.3662000000000013,6.817771283515383
198.75,2.3375000000000004,0.40790000000000143,7.594125905368445
198.75,2.3625,0.44490000000000157,8.282977728115767
198.75,2.3875,0.49299999999999294,9.17848509768712
198.75,2.4125000000000005,0.5242000000000019,9.759354742814757
198.75,2.4375,0.572400000000002,10.656723874069375
198.75,2.4625000000000004,0.6036000000000021,11.237593519196846
198.75,2.4875,0.6152000000000022,11.453557874436546
198.75,2.5125,0.632799999999991,11.78122793066209
198.75,2.5375000000000005,0.6588000000000023,12.265285968268525
198.75,2.5625,0.6600000000000024,12.287627108465736
198.75,2.5875000000000004,0.6780000000000024,12.622744211423893
198.75,2.6125,0.6961000000000025,12.959723076065151
198.75,2.6375,0.6802999999999902,12.665564730134987
198.75,2.6625000000000005,0.6770000000000024,12.604126594592884
198.75,2.6875,0.6484000000000022,12.071662753226034
198.75,2.7125000000000004,0.6361000000000022,11.842666066204629
198.75,2.7375,0.6152000000000022,11.453557874436546
198.75,2.7625,0.5837999999999918,10.868964705942682
198.75,2.7875000000000005,0.557100000000002,10.371874336554944
198.75,2.8125,0.5195000000000018,9.671851943709015
198.75,2.8375000000000004,0.49020000000000175,9.12635577056046
198.75,2.8625,0.4703000000000017,8.755865195623388
198.75,2.8875,0.44519999999999366,8.288563013164922
198.75,2.9125000000000005,0.4056000000000014,7.551305386657124
198.75,2.9375,0.3880000000000014,7.223635330431373
198.75,2.9625000000000004,0.35440000000000127,6.59808340490948
198.75,2.9875,0.3300000000000012,6.143813554232868
198.75,3.0125,0.30349999999999566,5.650446708211037
198.75,3.0375000000000005,0.288100000000001,5.363735409013604
198.75,3.0625,0.282200000000001,5.253891469710653
198.75,3.0875000000000004,0.26560000000000095,4.944839030315909
198.75,3.1125,0.24980000000000088,4.650680684385971
198.75,3.1375,0.2396999999999966,4.4626427543927045
198.75,3.1625000000000005,0.24720000000000086,4.602274880625348
198.75,3.1875,0.24390000000000084,4.540836745083019
198.75,3.2125000000000004,0.24890000000000087,4.6339248292380635
198.75,3.2375,0.2523000000000009,4.697224726463493
198.75,3.2625,0.2560999999999964,4.767971670421241
198.75,3.2875000000000005,0.2574000000000009,4.792174572301637
198.75,3.3125,0.27050000000000096,5.036065352787851
198.75,3.3375000000000004,0.28200000000000097,5.25016794634445
198.75,3.3625,0.293100000000001,5.456823493168647
198.75,3.3875,0.3125999999999956,5.819867021373215
198.75,3.4125000000000005,0.3029000000000011,5.639276138112534
198.75,3.4375,0.31710000000000116,5.903646297112856
198.75,3.4625000000000004,0.32540000000000113,6.058172516810227
198.75,3.4875,0.33020000000000116,6.14753707759907
198.75,3.5125,0.3401999999999952,6.333713245909045
198.75,3.5375000000000005,0.3444000000000012,6.411907236599393
198.75,3.5625,0.35260000000000125,6.564571694613664
198.75,3.5875000000000004,0.3525000000000012,6.562709932930563
198.75,3.6125,0.3376000000000012,6.285307442148534
198.75,3.6375,0.33639999999999526,6.262966301951213
198.75,3.6625000000000005,0.3372000000000012,6.277860395416131
198.75,3.6875,0.3296000000000012,6.136366507500465
198.75,3.7125000000000004,0.3142000000000011,5.849655208302931
198.75,3.7375,0.3040000000000011,5.6597555166266424
198.75,3.7625,0.29379999999999584,5.4698558249502565
198.75,3.7875000000000005,0.28240000000000104,5.257614993076855
198.75,3.8125,0.26660000000000095,4.963456647146917
198.75,3.8375000000000004,0.25870000000000093,4.816377474181949
198.75,3.8625,0.23890000000000086,4.447748660927977
198.75,3.8875,0.2259999999999968,4.20758140380789
198.75,3.9125000000000005,0.20640000000000072,3.8426761139201937
198.75,3.9375,0.19060000000000069,3.5485177679902566
198.75,3.9625000000000004,0.17710000000000062,3.297179940771639
198.75,3.9875,0.16720000000000057,3.1128655341446527
198.75,4.0125,0.15859999999999774,2.952754029397926
198.75,4.0375,0.13470000000000287,2.507792987136915
198.75,4.0625,0.12179999999999827,2.2676257300168183
198.75,4.0875,0.11919999999999831,2.2192199262561965
198.75,4.112500000000001,0.10470000000000224,1.9492644822066447
198.75,4.1375,0.09539999999999864,1.7761206456781975
198.75,4.1625,0.08710000000000187,1.621594425980886
198.75,4.1875,0.07439999999999895,1.3851506922270223
198.75,4.2125,0.06519999999999906,1.213868617381745
198.75,4.237500000000001,0.0610000000000013,1.1356746266915505
198.75,4.2625,0.050599999999999284,0.9420514116490232
198.75,4.2875,0.044700000000000954,0.8322074723461034
198.75,4.3125,0.041299999999999414,0.7689075751206453
198.75,4.3375,0.038999999999999445,0.726087056409326
198.75,4.362500000000001,0.03330000000000071,0.6199666404726004
198.75,4.3875,0.03139999999999955,0.5845931684936625
198.75,4.4125,0.023500000000000503,0.43751399552871206
198.75,4.4375,0.021599999999999692,0.4021405235497806
198.75,4.4625,0.019799999999999717,0.3686288132539655
198.75,4.487500000000001,0.017800000000000378,0.3313935795919606
198.75,4.5125,0.0139999999999998,0.26064663563411705
198.75,4.5375,0.013800000000000293,0.25692311226792447
198.75,4.5625,0.012899999999999816,0.24016725712000783
198.75,4.5875,0.009499999999999864,0.1768673598945794
198.75,4.612500000000001,0.007700000000000163,0.14335564959876945
198.75,4.6375,0.00769999999999989,0.14335564959876437
198.75,4.6625,0.005600000000000119,0.10425865425365051
198.75,4.6875,0.004999999999999929,0.0930880841550418
198.75,4.7125,0.003599999999999949,0.0670234205916301
198.75,4.737500000000001,0.0037000000000000787,0.06888518227473338
198.75,4.7625,0.003099999999999956,0.05771461217612592
198.75,4.7875000000000005,0.0024999999999999645,0.0465440420775209
198.75,4.8125,0.002300000000000049,0.04282051871132075
198.75,4.8375,0.0024999999999999645,0.0465440420775209
198.75,4.862500000000001,0.0017000000000000363,0.03164994861271534
198.75,4.8875,0.001199999999999983,0.022341140197210032
198.75,4.9125000000000005,0.0014999999999999786,0.027926425246512537
198.75,4.9375,0.0006000000000000128,0.011170570098605415
198.75,4.9625,0.0005999999999999915,0.011170570098605016
198.75,4.987500000000001,0.0007000000000000148,0.013032331781706314
198.75,5.0125,0.0007999999999999887,0.014894093464806689
198.75,5.0375000000000005,0.00039999999999999433,0.007447046732403344
198.75,5.0625,0.0002000000000000043,0.003723523366201805
198.75,5.0875,9.999999999999858e-05,0.001861761683100836
198.75,5.112500000000001,0.00010000000000000215,0.0018617616831009024
198.75,5.1375,9.999999999999858e-05,0.001861761683100836
198.75,5.1625000000000005,9.999999999999858e-05,0.001861761683100836
198.75,5.1875,0.0,0.0
198.75,5.2125,0.0,0.0
198.75,5.237500000000001,0.0002000000000000043,0.003723523366201805
198.75,5.2625,0.0,0.0
198.75,5.2875000000000005,0.00019999999999999716,0.003723523366201672
198.75,5.3125,0.0002000000000000043,0.003723523366201805
198.75,5.3375,0.0,0.0
198.75,5.362500000000001,0.00010000000000000215,0.0018617616831009024
198.75,5.3875,0.0,0.0
198.75,5.4125000000000005,0.0,0.0
198.75,5.4375,0.0,0.0
198.75,5.4625,0.0,0.0
198.75,5.487500000000001,0.00010000000000000215,0.0018617616831009024
198.75,5.5125,9.999999999999858e-05,0.001861761683100836
198.75,5.5375000000000005,0.0,0.0
198.75,5.5625,0.0,0.0
198.75,5.5875,0.0,0.0
198.75,5.612500000000001,0.0,0.0
198.75,5.6375,0.0,0.0
198.75,5.6625000000000005,0.0,0.0
198.75,5.6875,0.0,0.0
198.75,5.7125,0.0,0.0
198.75,5.737500000000001,0.0,0.0
198.75,5.7625,0.0,0.0
198.75,5.7875000000000005,0.0,0.0
198.75,5.8125,0.0,0.0
198.75,5.8375,0.0,0.0
198.75,5.862500000000001,0.0,0.0
198.75,5.8875,0.0,0.0
198.75,5.9125000000000005,0.0,0.0
198.75,5.9375,0.0,0.0
198.75,5.9625,0.0,0.0
198.75,5.987500000000001,0.0,0.0
198.75,6.0125,0.0,0.0
198.75,6.0375000000000005,0.0,0.0
198.75,6.0625,0.0,0.0
198.75,6.0875,0.0,0.0
198.75,6.112500000000001,0.0,0.0
198.75,6.1375,0.0,0.0
198.75,6.1625000000000005,0.0,0.0
198.75,6.1875,0.0,0.0
198.75,6.2125,0.0,0.0
198.75,6.237500000000001,0.0,0.0
198.75,6.2625,0.0,0.0
198.75,6.2875000000000005,0.0,0.0
198.75,6.3125,0.0,0.0
198.75,6.3375,0.0,0.0
198.75,6.362500000000001,0.0,0.0
198.75,6.3875,0.0,0.0
198.75,6.4125000000000005,0.0,0.0
198.75,6.4375,0.0,0.0
198.75,6.4625,0.0,0.0
198.75,6.487500000000001,0.0,0.0
198.75,6.5125,0.0,0.0
198.75,6.5375000000000005,0.0,0.0
198.75,6.5625,0.0,0.0
198.75,6.5875,0.0,0.0
198.75,6.612500000000001,0.0,0.0
198.75,6.6375,0.0,0.0
198.75,6.6625000000000005,0.0,0.0
198.75,6.6875,0.0,0.0
198.75,6.7125,0.0,0.0
198.75,6.737500000000001,0.0,0.0
198.75,6.7625,0.0,0.0
198.75,6.7875000000000005,0.0,0.0
198.75,6.8125,0.0,0.0
198.75,6.8375,0.0,0.0
198.75,6.862500000000001,0.0,0.0
198.75,6.8875,0.0,0.0
198.75,6.9125000000000005,0.0,0.0
198.75,6.9375,0.0,0.0
198.75,6.9625,0.0,0.0
198.75,6.987500000000001,0.0,0.0
201.25,0.0125,0.0,0.0
201.25,0.037500000000000006,0.0,0.0
201.25,0.0625,0.0,0.0
201.25,0.08750000000000001,0.0,0.0
201.25,0.1125,0.0,0.0
201.25,0.1375,9.999999999999992e-05,0.0015520184193651822
201.25,0.16250000000000003,0.0003000000000000001,0.004656055258095552
201.25,0.1875,0.0010000000000000002,0.015520184193651839
201.25,0.21250000000000002,0.0029000000000000007,0.04500853416159033
201.25,0.2375,0.008000000000000002,0.12416147354921471
201.25,0.2625,0.017299999999999986,0.2684991865501765
201.25,0.28750000000000003,0.026699999999999977,0.41438891797050365
201.25,0.3125,0.04710000000000006,0.7310006755210023
201.25,0.3375,0.06279999999999994,0.9746675673613343
201.25,0.36250000000000004,0.08770000000000011,1.3611201537832676
201.25,0.3875,0.1104999999999999,1.7149803533985262
201.25,0.41250000000000003,0.13089999999999988,2.031592110949023
201.25,0.4375,0.14230000000000018,2.2085222107566587
201.25,0.4625,0.15149999999999986,2.351307905338251
201.25,0.48750000000000004,0.16240000000000024,2.5204779130490618
201.25,0.5125,0.15699999999999983,2.4366689184033357
201.25,0.5375000000000001,0.15679999999999986,2.4335648815646054
201.25,0.5625,0.14119999999999988,2.191450008143637
201.25,0.5875000000000001,0.12689999999999987,1.969511374174416
201.25,0.6125,0.1116000000000004,1.732052556011551
201.25,0.6375,0.09779999999999991,1.517874014139148
201.25,0.6625000000000001,0.08679999999999992,1.347151988008978
201.25,0.6875,0.07139999999999994,1.10814115142674
201.25,0.7125000000000001,0.06429999999999994,0.997947843651812
201.25,0.7375,0.04980000000000018,0.7729051728438641
201.25,0.7625,0.043799999999999964,0.6797840676819498
201.25,0.7875000000000001,0.03489999999999997,0.5416544283584486
201.25,0.8125,0.030899999999999973,0.4795736915838413
201.25,0.8375000000000001,0.02699999999999998,0.4190449732285992
201.25,0.8625,0.021600000000000077,0.33523597858288084
201.25,0.8875,0.020599999999999983,0.31971579438922754
201.25,0.9125000000000001,0.017199999999999983,0.26694716813081126
201.25,0.9375,0.016399999999999984,0.25453102077588985
201.25,0.9625000000000001,0.013299999999999989,0.20641844977556922
201.25,0.9875,0.014000000000000049,0.21728257871112644
201.25,1.0125000000000002,0.01309999999999993,0.20331441293683794
201.25,1.0375,0.013000000000000046,0.20176239451747457
201.25,1.0625,0.014800000000000053,0.22969872606604796
201.25,1.0875,0.015699999999999915,0.2436668918403325
201.25,1.1125,0.017600000000000064,0.2731552418082733
201.25,1.1375000000000002,0.023099999999999878,0.3585162548733555
201.25,1.1625,0.0282000000000001,0.4376691942609833
201.25,1.1875,0.03959999999999979,0.6145992940686094
201.25,1.2125000000000001,0.04110000000000014,0.6378795703590926
201.25,1.2375,0.05860000000000021,0.9094827937480007
201.25,1.2625000000000002,0.0755999999999996,1.1733259250400725
201.25,1.2875,0.09240000000000033,1.4340650194934346
201.25,1.3125,0.11649999999999938,1.8081014585604291
201.25,1.3375000000000001,0.1388000000000005,2.1542015660788825
201.25,1.3625,0.16210000000000055,2.515821857790971
201.25,1.3875000000000002,0.18609999999999902,2.8883062784385913
201.25,1.4125,0.2007000000000007,3.114900967665934
201.25,1.4375,0.23779999999999873,3.6906998012503864
201.25,1.4625000000000001,0.2520000000000009,3.911086416800276
201.25,1.4875,0.288700000000001,4.4806771767073
201.25,1.5125000000000002,0.3014999999999984,4.679335534386003
201.25,1.5375,0.3192000000000011,4.954042794613683
201.25,1.5625,0.3389999999999982,5.261342441647944
201.25,1.5875000000000001,0.3397000000000012,5.272206570583547
201.25,1.6125,0.34760000000000124,5.394816025713397
201.25,1.6375000000000002,0.3417999999999982,5.30479895739017
201.25,1.6625,0.34760000000000124,5.394816025713397
201.25,1.6875,0.3318999999999982,5.151149133873016
201.25,1.7125000000000001,0.32490000000000113,5.042507844517498
201.25,1.7375,0.3136000000000011,4.867129763129232
201.25,1.7625000000000002,0.3023999999999984,4.69330370016029
201.25,1.7875,0.277600000000001,4.308403132157765
201.25,1.8125,0.2614999999999986,4.058528166639934
201.25,1.8375000000000001,0.23840000000000086,3.7000119117666106
201.25,1.8625,0.22160000000000077,3.4392728173132583
201.25,1.8875000000000002,0.20949999999999888,3.251478588570042
201.25,1.9125,0.18430000000000063,2.8603699468900428
201.25,1.9375,0.17149999999999907,2.6617115892112753
201.25,1.9625000000000001,0.1635000000000006,2.537550115662084
201.25,1.9875,0.15400000000000055,2.390108365822391
201.25,2.0125,0.14670000000000052,2.2768110212087325
201.25,2.0375,0.14499999999999794,2.250426708079484
201.25,2.0625,0.14900000000000052,2.3125074448541314
201.25,2.0875000000000004,0.16060000000000058,2.4925415815004937
201.25,2.1125,0.16380000000000056,2.542206170920179
201.25,2.1375,0.18360000000000068,2.8495058179544874
201.25,2.1625,0.1966999999999972,3.0528202308912724
201.25,2.1875,0.21550000000000077,3.344599693731982
201.25,2.2125000000000004,0.2549000000000009,3.956094950961867
201.25,2.2375,0.278800000000001,4.327027353190147
201.25,2.2625,0.28950000000000103,4.493093324062222
201.25,2.2875,0.3282999999999953,5.095276470775825
201.25,2.3125,0.36790000000000134,5.709875764844531
201.25,2.3375000000000004,0.41160000000000146,6.3881078141071175
201.25,2.3625,0.4373000000000015,6.786976547883971
201.25,2.3875,0.4961999999999929,7.70111539688993
201.25,2.4125000000000005,0.4954000000000018,7.688699249535147
201.25,2.4375,0.551200000000002,8.554725527540922
201.25,2.4625000000000004,0.565600000000002,8.778216179929508
201.25,2.4875,0.5956000000000021,9.243821705739066
201.25,2.5125,0.627999999999991,9.746675673613213
201.25,2.5375000000000005,0.6436000000000023,9.988790547034355
201.25,2.5625,0.6538000000000023,10.147096425809604
201.25,2.5875000000000004,0.6594000000000023,10.234009457294055
201.25,2.6125,0.6534000000000023,10.140888352132144
201.25,2.6375,0.6553999999999907,10.171928720519267
201.25,2.6625000000000005,0.6505000000000023,10.095879817970554
201.25,2.6875,0.6414000000000023,9.954646141808322
201.25,2.7125000000000004,0.6191000000000022,9.608546034289885
201.25,2.7375,0.6210000000000022,9.638034384257823
201.25,2.7625,0.5942999999999915,9.223645466287154
201.25,2.7875000000000005,0.564400000000002,8.759591958897127
201.25,2.8125,0.5336000000000019,8.281570285732647
201.25,2.8375000000000004,0.5026000000000018,7.800444575729441
201.25,2.8625,0.46650000000000164,7.240165926338606
201.25,2.8875,0.4354999999999938,6.759040216335277
201.25,2.9125000000000005,0.41560000000000147,6.450188550881725
201.25,2.9375,0.38430000000000136,5.9644067856204215
201.25,2.9625000000000004,0.3723000000000013,5.778164575296598
201.25,2.9875,0.3433000000000012,5.328079233680693
201.25,3.0125,0.3223999999999954,5.00370738403328
201.25,3.0375000000000005,0.3036000000000011,4.711927921192714
201.25,3.0625,0.290700000000001,4.511717545094604
201.25,3.0875000000000004,0.281600000000001,4.370483868932372
201.25,3.1125,0.26550000000000096,4.120608903414577
201.25,3.1375,0.2560999999999964,3.974719171994179
201.25,3.1625000000000005,0.2549000000000009,3.956094950961867
201.25,3.1875,0.2502000000000009,3.883150085251703
201.25,3.2125000000000004,0.2514000000000009,3.9017743062840853
201.25,3.2375,0.2484000000000009,3.8552137537031297
201.25,3.2625,0.26979999999999615,4.187345695447205
201.25,3.2875000000000005,0.269800000000001,4.18734569544728
201.25,3.3125,0.273300000000001,4.241666340125062
201.25,3.3375000000000004,0.274200000000001,4.255634505899349
201.25,3.3625,0.28590000000000104,4.4372206609650755
201.25,3.3875,0.28739999999999594,4.460500937255474
201.25,3.4125000000000005,0.3104000000000011,4.817465173709547
201.25,3.4375,0.31230000000000113,4.846953523677485
201.25,3.4625000000000004,0.3228000000000012,5.0099154577108305
201.25,3.4875,0.3320000000000012,5.152701152292427
201.25,3.5125,0.3291999999999953,5.109244636550111
201.25,3.5375000000000005,0.32920000000000116,5.109244636550202
201.25,3.5625,0.3325000000000012,5.1604612443892535
201.25,3.5875000000000004,0.3305000000000012,5.12942087600195
201.25,3.6125,0.3327000000000012,5.163565281227984
201.25,3.6375,0.32859999999999534,5.09993252603392
201.25,3.6625000000000005,0.3295000000000012,5.113900691808298
201.25,3.6875,0.3214000000000012,4.988187199839718
201.25,3.7125000000000004,0.31370000000000114,4.868681781548598
201.25,3.7375,0.29740000000000105,4.6157027791920715
201.25,3.7625,0.29809999999999576,4.626566908127546
201.25,3.7875000000000005,0.280000000000001,4.345651574222529
201.25,3.8125,0.2673000000000009,4.14854523496315
201.25,3.8375000000000004,0.25970000000000093,4.030591835091396
201.25,3.8625,0.23160000000000083,3.594474659249778
201.25,3.8875,0.22379999999999683,3.4734172225392315
201.25,3.9125000000000005,0.21110000000000076,3.276310883279914
201.25,3.9375,0.2007000000000007,3.114900967665934
201.25,3.9625000000000004,0.18090000000000062,2.8076013206316266
201.25,3.9875,0.1678000000000006,2.604286907694787
201.25,4.0125,0.15729999999999777,2.441324973661399
201.25,4.0375,0.140400000000003,2.1790338607887643
201.25,4.0625,0.13139999999999813,2.039352203045822
201.25,4.0875,0.11759999999999833,1.82517366117343
201.25,4.112500000000001,0.11190000000000239,1.7367086112696772
201.25,4.1375,0.09589999999999864,1.48838566417119
201.25,4.1625,0.08770000000000187,1.3611201537832949
201.25,4.1875,0.08109999999999884,1.2586869381051458
201.25,4.2125,0.06969999999999901,1.0817568382975176
201.25,4.237500000000001,0.06850000000000146,1.0631326172651734
201.25,4.2625,0.05819999999999917,0.9032747200705239
201.25,4.2875,0.05250000000000112,0.8148096701667388
201.25,4.3125,0.04589999999999935,0.7123764544886091
201.25,4.3375,0.04329999999999938,0.6720239755851148
201.25,4.362500000000001,0.0375000000000008,0.5820069072619561
201.25,4.3875,0.0280999999999996,0.43611717584161036
201.25,4.4125,0.02730000000000058,0.4237010284867041
201.25,4.4375,0.025099999999999643,0.3895566232606555
201.25,4.4625,0.02039999999999971,0.3166117575504929
201.25,4.487500000000001,0.01920000000000041,0.2979875365181216
201.25,4.5125,0.019199999999999728,0.297987536518111
201.25,4.5375,0.014100000000000302,0.21883459713049555
201.25,4.5625,0.011899999999999833,0.18469019190445424
201.25,4.5875,0.009899999999999859,0.15364982351715098
201.25,4.612500000000001,0.008500000000000181,0.1319215656460434
201.25,4.6375,0.007499999999999894,0.11640138145238711
201.25,4.6625,0.006700000000000143,0.10398523409746951
201.25,4.6875,0.00559999999999992,0.08691303148444904
201.25,4.7125,0.0052999999999999246,0.08225697622635356
201.25,4.737500000000001,0.004000000000000085,0.06208073677460866
201.25,4.7625,0.0038999999999999443,0.06052871835524129
201.25,4.7875000000000005,0.002999999999999957,0.04656055258095484
201.25,4.8125,0.003000000000000064,0.046560552580956496
201.25,4.8375,0.0017999999999999746,0.027936331548572908
201.25,4.862500000000001,0.002200000000000047,0.03414440522603476
201.25,4.8875,0.002199999999999969,0.034144405226033556
201.25,4.9125000000000005,0.0012999999999999815,0.020176239451747097
201.25,4.9375,0.0011000000000000235,0.01707220261301738
201.25,4.9625,0.0015999999999999773,0.024832294709842582
201.25,4.987500000000001,0.0012000000000000257,0.0186242210323826
201.25,5.0125,0.000999999999999986,0.015520184193651617
201.25,5.0375000000000005,0.0010999999999999845,0.017072202613016778
201.25,5.0625,0.0006000000000000128,0.0093121105161913
201.25,5.0875,0.0005999999999999915,0.009312110516190969
201.25,5.112500000000001,0.0004000000000000086,0.006208073677460867
201.25,5.1375,0.000499999999999993,0.007760092096825808
201.25,5.1625000000000005,0.00019999999999999716,0.0031040368387303227
201.25,5.1875,0.0006000000000000128,0.0093121105161913
201.25,5.2125,9.999999999999858e-05,0.0015520184193651614
201.25,5.237500000000001,0.0002000000000000043,0.0031040368387304333
201.25,5.2625,9.999999999999858e-05,0.0015520184193651614
201.25,5.2875000000000005,9.999999999999858e-05,0.0015520184193651614
201.25,5.3125,0.0,0.0
201.25,5.3375,0.00019999999999999716,0.0031040368387303227
201.25,5.362500000000001,0.0003000000000000064,0.00465605525809565
201.25,5.3875,0.0,0.0
201.25,5.4125000000000005,0.0,0.0
201.25,5.4375,0.0,0.0
201.25,5.4625,0.0,0.0
201.25,5.487500000000001,0.0,0.0
201.25,5.5125,0.0,0.0
201.25,5.5375000000000005,0.0,0.0
201.25,5.5625,0.0,0.0
201.25,5.5875,0.0,0.0
201.25,5.612500000000001,0.0,0.0
201.25,5.6375,0.0,0.0
201.25,5.6625000000000005,0.0,0.0
201.25,5.6875,0.0,0.0
201.25,5.7125,0.0,0.0
201.25,5.737500000000001,0.0,0.0
201.25,5.7625,0.0,0.0
201.25,5.7875000000000005,0.0,0.0
201.25,5.8125,0.0,0.0
201.25,5.8375,0.0,0.0
201.25,5.862500000000001,0.0,0.0
201.25,5.8875,0.0,0.0
201.25,5.9125000000000005,0.0,0.0
201.25,5.9375,0.0,0.0
201.25,5.9625,0.0,0.0
201.25,5.987500000000001,0.0,0.0
201.25,6.0125,0.0,0.0
201.25,6.0375000000000005,0.0,0.0
201.25,6.0625,0.0,0.0
201.25,6.0875,0.0,0.0
201.25,6.112500000000001,0.0,0.0
201.25,6.1375,0.0,0.0
201.25,6.1625000000000005,0.0,0.0
201.25,6.1875,0.0,0.0
201.25,6.2125,0.0,0.0
201.25,6.237500000000001,0.0,0.0
201.25,6.2625,0.0,0.0
201.25,6.2875000000000005,0.0,0.0
201.25,6.3125,0.0,0.0
201.25,6.3375,0.0,0.0
201.25,6.362500000000001,0.0,0.0
201.25,6.3875,0.0,0.0
201.25,6.4125000000000005,0.0,0.0
201.25,6.4375,0.0,0.0
201.25,6.4625,0.0,0.0
201.25,6.487500000000001,0.0,0.0
201.25,6.5125,0.0,0.0
201.25,6.5375000000000005,0.0,0.0
201.25,6.5625,0.0,0.0
201.25,6.5875,0.0,0.0
201.25,6.612500000000001,0.0,0.0
201.25,6.6375,0.0,0.0
201.25,6.6625000000000005,0.0,0.0
201.25,6.6875,0.0,0.0
201.25,6.7125,0.0,0.0
201.25,6.737500000000001,0.0,0.0
201.25,6.7625,0.0,0.0
201.25,6.7875000000000005,0.0,0.0
201.25,6.8125,0.0,0.0
201.25,6.8375,0.0,0.0
201.25,6.862500000000001,0.0,0.0
201.25,6.8875,0.0,0.0
201.25,6.9125000000000005,0.0,0.0
201.25,6.9375,0.0,0.0
201.25,6.9625,0.0,0.0
201.25,6.987500000000001,0.0,0.0
203.75,0.0125,0.0,0.0
203.75,0.037500000000000006,0.0,0.0
203.75,0.0625,0.0,0.0
203.75,0.08750000000000001,0.0,0.0
203.75,0.1125,0.00020000000000000006,0.002614822418869087
203.75,0.1375,9.999999999999992e-05,0.0013074112094345423
203.75,0.16250000000000003,0.0008000000000000003,0.010459289675476349
203.75,0.1875,0.0020000000000000005,0.02614822418869087
203.75,0.21250000000000002,0.0037000000000000006,0.04837421474907811
203.75,0.2375,0.010000000000000002,0.13074112094345436
203.75,0.2625,0.014899999999999986,0.19480427020574675
203.75,0.28750000000000003,0.030099999999999974,0.3935307740397972
203.75,0.3125,0.04320000000000006,0.5648016424757234
203.75,0.3375,0.06399999999999995,0.8367431740381069
203.75,0.36250000000000004,0.08480000000000011,1.108684705600494
203.75,0.3875,0.1078999999999999,1.4106966949798707
203.75,0.41250000000000003,0.1241999999999999,1.6238047221177012
203.75,0.4375,0.13090000000000016,1.7114012731498192
203.75,0.4625,0.14659999999999987,1.9166648330310387
203.75,0.48750000000000004,0.1560000000000002,2.03956148671789
203.75,0.5125,0.15399999999999986,2.0134132625291947
203.75,0.5375000000000001,0.14819999999999986,1.9375834123819913
203.75,0.5625,0.13369999999999987,1.7480087870139827
203.75,0.5875000000000001,0.12559999999999988,1.6421084790497846
203.75,0.6125,0.11800000000000041,1.5427452271327664
203.75,0.6375,0.09249999999999992,1.2093553687269514
203.75,0.6625000000000001,0.08349999999999992,1.0916883598778426
203.75,0.6875,0.07179999999999993,0.9387212483740012
203.75,0.7125000000000001,0.06809999999999994,0.8903470336249232
203.75,0.7375,0.054300000000000195,0.7099242867229595
203.75,0.7625,0.04269999999999997,0.5582645864285495
203.75,0.7875000000000001,0.04109999999999996,0.5373460070775968
203.75,0.8125,0.03569999999999997,0.4667458017681315
203.75,0.8375000000000001,0.03079999999999997,0.4026826525058389
203.75,0.8625,0.023100000000000082,0.30201198937938056
203.75,0.8875,0.020199999999999982,0.2640970643057775
203.75,0.9125000000000001,0.016899999999999984,0.2209524943944376
203.75,0.9375,0.017699999999999987,0.23141178406991397
203.75,0.9625000000000001,0.018699999999999984,0.24448589616425936
203.75,0.9875,0.015800000000000057,0.20657097109065858
203.75,1.0125000000000002,0.013699999999999926,0.17911533569253146
203.75,1.0375,0.015500000000000054,0.2026487374623549
203.75,1.0625,0.015500000000000054,0.2026487374623549
203.75,1.0875,0.016999999999999908,0.22225990560387113
203.75,1.1125,0.021600000000000077,0.28240082123786237
203.75,1.1375000000000002,0.023799999999999873,0.3111638678454196
203.75,1.1625,0.027700000000000096,0.3621529050133697
203.75,1.1875,0.03639999999999981,0.4758976802341712
203.75,1.2125000000000001,0.04840000000000017,0.6327870253663211
203.75,1.2375,0.06000000000000021,0.7844467256607287
203.75,1.2625000000000002,0.0746999999999996,0.9766361734475986
203.75,1.2875,0.09050000000000033,1.183207144538266
203.75,1.3125,0.10919999999999941,1.4276930407025135
203.75,1.3375000000000001,0.1416000000000005,1.8512942725593198
203.75,1.3625,0.15690000000000054,2.0513281876028056
203.75,1.3875000000000002,0.188299999999999,2.461855307365232
203.75,1.4125,0.20570000000000074,2.6893448578068653
203.75,1.4375,0.22659999999999877,2.962593800578659
203.75,1.4625000000000001,0.25760000000000094,3.367891275503396
203.75,1.4875,0.27400000000000097,3.5823067138506612
203.75,1.5125000000000002,0.3028999999999984,3.9601485533772105
203.75,1.5375,0.3030000000000011,3.9614559645866803
203.75,1.5625,0.32789999999999825,4.287001355735844
203.75,1.5875000000000001,0.32740000000000113,4.28046429968871
203.75,1.6125,0.33020000000000116,4.317071813552877
203.75,1.6375000000000002,0.3380999999999982,4.420357299098167
203.75,1.6625,0.3372000000000012,4.408590598213296
203.75,1.6875,0.3200999999999983,4.185023281399951
203.75,1.7125000000000001,0.31530000000000113,4.12226754334713
203.75,1.7375,0.30340000000000106,3.966685609424418
203.75,1.7625000000000002,0.3034999999999984,3.9679930206338176
203.75,1.7875,0.282800000000001,3.6973589002809013
203.75,1.8125,0.26029999999999864,3.4031913781580982
203.75,1.8375000000000001,0.24240000000000086,3.1691647716693443
203.75,1.8625,0.2298000000000008,3.004430959280591
203.75,1.8875000000000002,0.21259999999999887,2.7795562312578244
203.75,1.9125,0.1931000000000007,2.524611045418112
203.75,1.9375,0.18699999999999903,2.4448589616425833
203.75,1.9625000000000001,0.17360000000000061,2.269665859578375
203.75,1.9875,0.16040000000000057,2.0970875799330146
203.75,2.0125,0.15820000000000056,2.068324533325455
203.75,2.0375,0.14689999999999792,1.9205870666593168
203.75,2.0625,0.15850000000000056,2.072246766953758
203.75,2.0875000000000004,0.1677000000000006,2.192528598221737
203.75,2.1125,0.17610000000000064,2.302351139814239
203.75,2.1375,0.18300000000000066,2.3925625132652226
203.75,2.1625,0.2049999999999971,2.680192979340776
203.75,2.1875,0.2270000000000008,2.967823445416424
203.75,2.2125000000000004,0.24510000000000087,3.204464874324077
203.75,2.2375,0.26810000000000095,3.5051694524940227
203.75,2.2625,0.3036000000000011,3.9693004318432874
203.75,2.2875,0.3410999999999952,4.459579635381164
203.75,2.3125,0.3702000000000013,4.840036297326696
203.75,2.3375000000000004,0.38810000000000133,5.07406290381548
203.75,2.3625,0.42840000000000156,5.6009496212176035
203.75,2.3875,0.4764999999999932,6.22981441295551
203.75,2.4125000000000005,0.5062000000000018,6.618115542157681
203.75,2.4375,0.5318000000000018,6.952812811772925
203.75,2.4625000000000004,0.561500000000002,7.341113940974986
203.75,2.4875,0.579200000000002,7.572525725044901
203.75,2.5125,0.6083999999999913,7.954289798199647
203.75,2.5375000000000005,0.6316000000000022,8.257609198788604
203.75,2.5625,0.6347000000000023,8.298138946281075
203.75,2.5875000000000004,0.6595000000000023,8.622376926220843
203.75,2.6125,0.6350000000000022,8.302061179909378
203.75,2.6375,0.6408999999999908,8.379198441265867
203.75,2.6625000000000005,0.6393000000000023,8.358279861915065
203.75,2.6875,0.6396000000000023,8.362202095543369
203.75,2.7125000000000004,0.6147000000000021,8.036656704394165
203.75,2.7375,0.5983000000000022,7.8222412660469
203.75,2.7625,0.5813999999999917,7.601288771652325
203.75,2.7875000000000005,0.555700000000002,7.265284090827783
203.75,2.8125,0.5273000000000019,6.893979307348371
203.75,2.8375000000000004,0.5038000000000018,6.586737673131252
203.75,2.8625,0.4730000000000017,6.1840550206254115
203.75,2.8875,0.44669999999999366,5.840205872544022
203.75,2.9125000000000005,0.4222000000000015,5.519890126232661
203.75,2.9375,0.3995000000000014,5.223107781691018
203.75,2.9625000000000004,0.37780000000000136,4.939399549243722
203.75,2.9875,0.35120000000000123,4.591628167534132
203.75,3.0125,0.3300999999999953,4.3157644023433654
203.75,3.0375000000000005,0.3190000000000011,4.170641758096208
203.75,3.0625,0.3002000000000011,3.924848450722513
203.75,3.0875000000000004,0.281500000000001,3.680362554558253
203.75,3.1125,0.282900000000001,3.6986663114903355
203.75,3.1375,0.2688999999999962,3.515628742169437
203.75,3.1625000000000005,0.26640000000000097,3.482943461933636
203.75,3.1875,0.2583000000000009,3.377043153969437
203.75,3.2125000000000004,0.26900000000000096,3.516936153378934
203.75,3.2375,0.2589000000000009,3.3848876212260444
203.75,3.2625,0.2611999999999963,3.4149580790429788
203.75,3.2875000000000005,0.2683000000000009,3.5077842749128916
203.75,3.3125,0.277700000000001,3.6306809285997397
203.75,3.3375000000000004,0.280300000000001,3.6646736200450376
203.75,3.3625,0.288600000000001,3.773188750428105
203.75,3.3875,0.29709999999999576,3.8843187032299724
203.75,3.4125000000000005,0.29790000000000105,3.894777992905518
203.75,3.4375,0.3184000000000011,4.162797290839601
203.75,3.4625000000000004,0.3114000000000011,4.0712785061791825
203.75,3.4875,0.32220000000000115,4.212478916798113
203.75,3.5125,0.3222999999999954,4.213786328007473
203.75,3.5375000000000005,0.33020000000000116,4.317071813552877
203.75,3.5625,0.32770000000000116,4.284386533317013
203.75,3.5875000000000004,0.3354000000000012,4.385057196443474
203.75,3.6125,0.32720000000000116,4.27784947726984
203.75,3.6375,0.3268999999999953,4.27392724364146
203.75,3.6625000000000005,0.3253000000000012,4.253008664290585
203.75,3.6875,0.3103000000000011,4.056896982875402
203.75,3.7125000000000004,0.31430000000000113,4.109193431252784
203.75,3.7375,0.291100000000001,3.805874030663969
203.75,3.7625,0.28899999999999587,3.778418395265776
203.75,3.7875000000000005,0.27120000000000094,3.5456991999864935
203.75,3.8125,0.2583000000000009,3.377043153969437
203.75,3.8375000000000004,0.26390000000000097,3.450258181697772
203.75,3.8625,0.23660000000000084,3.0933349215221404
203.75,3.8875,0.22959999999999675,3.001816136861669
203.75,3.9125000000000005,0.2169000000000008,2.8357749132635344
203.75,3.9375,0.19800000000000073,2.5886741946804053
203.75,3.9625000000000004,0.17830000000000062,2.331114186421799
203.75,3.9875,0.18700000000000067,2.4448589616426046
203.75,4.0125,0.16469999999999765,2.153306261938662
203.75,4.0375,0.14850000000000316,1.941505646010338
203.75,4.0625,0.13099999999999815,1.7127086843592274
203.75,4.0875,0.12289999999999826,1.606808376395031
203.75,4.112500000000001,0.11360000000000242,1.4852191339176728
203.75,4.1375,0.10229999999999854,1.3374816672515186
203.75,4.1625,0.0978000000000021,1.2786481628270105
203.75,4.1875,0.08819999999999874,1.1531366867212507
203.75,4.2125,0.07559999999999892,0.9884028743325005
203.75,4.237500000000001,0.06910000000000148,0.9034211457192887
203.75,4.2625,0.06839999999999903,0.8942692672532149
203.75,4.2875,0.055000000000001166,0.7190761651890141
203.75,4.3125,0.049099999999999304,0.6419389038323516
203.75,4.3375,0.04349999999999938,0.5687238761040182
203.75,4.362500000000001,0.04170000000000089,0.5451904743342162
203.75,4.3875,0.032899999999999534,0.43013828790395864
203.75,4.4125,0.030700000000000654,0.40137524129641333
203.75,4.4375,0.03079999999999956,0.40268265250583357
203.75,4.4625,0.026099999999999627,0.3412343256624109
203.75,4.487500000000001,0.02070000000000044,0.2706341203529562
203.75,4.5125,0.018799999999999734,0.24579330737369065
203.75,4.5375,0.018500000000000395,0.24187107374539565
203.75,4.5625,0.014299999999999797,0.18695980294913703
203.75,4.5875,0.010899999999999846,0.1425078218283632
203.75,4.612500000000001,0.01220000000000026,0.15950416755101765
203.75,4.6375,0.00849999999999988,0.11112995280193459
203.75,4.6625,0.007700000000000163,0.10067066312646196
203.75,4.6875,0.006799999999999904,0.08890396224154769
203.75,4.7125,0.006599999999999906,0.08628913982267863
203.75,4.737500000000001,0.005900000000000126,0.07713726135663969
203.75,4.7625,0.004999999999999929,0.06537056047172624
203.75,4.7875000000000005,0.004499999999999936,0.058833504424553616
203.75,4.8125,0.0020000000000000425,0.02614822418869142
203.75,4.8375,0.00279999999999996,0.03660751386416669
203.75,4.862500000000001,0.002300000000000049,0.030070457816995133
203.75,4.8875,0.0014999999999999786,0.01961116814151787
203.75,4.9125000000000005,0.0017999999999999746,0.023533401769821445
203.75,4.9375,0.002100000000000045,0.027455635398125997
203.75,4.9625,0.0008999999999999873,0.011766700884910723
203.75,4.987500000000001,0.0007000000000000148,0.009151878466041997
203.75,5.0125,0.0012999999999999815,0.01699634572264882
203.75,5.0375000000000005,0.000499999999999993,0.006537056047172624
203.75,5.0625,0.0004000000000000086,0.005229644837738285
203.75,5.0875,0.00029999999999999575,0.003922233628303574
203.75,5.112500000000001,0.0003000000000000064,0.0039222336283037135
203.75,5.1375,0.00029999999999999575,0.003922233628303574
203.75,5.1625000000000005,0.0005999999999999915,0.007844467256607148
203.75,5.1875,0.0004000000000000086,0.005229644837738285
203.75,5.2125,0.00039999999999999433,0.005229644837738099
203.75,5.237500000000001,0.0002000000000000043,0.0026148224188691426
203.75,5.2625,0.00019999999999999716,0.0026148224188690494
203.75,5.2875000000000005,9.999999999999858e-05,0.0013074112094345247
203.75,5.3125,0.0,0.0
203.75,5.3375,0.00019999999999999716,0.0026148224188690494
203.75,5.362500000000001,0.00010000000000000215,0.0013074112094345713
203.75,5.3875,9.999999999999858e-05,0.0013074112094345247
203.75,5.4125000000000005,9.999999999999858e-05,0.0013074112094345247
203.75,5.4375,0.0,0.0
203.75,5.4625,0.0,0.0
203.75,5.487500000000001,0.0,0.0
203.75,5.5125,0.0,0.0
203.75,5.5375000000000005,0.0,0.0
203.75,5.5625,0.0,0.0
203.75,5.5875,0.0,0.0
203.75,5.612500000000001,0.0,0.0
203.75,5.6375,0.0,0.0
203.75,5.6625000000000005,0.0,0.0
203.75,5.6875,0.0,0.0
203.75,5.7125,0.0,0.0
203.75,5.737500000000001,0.0,0.0
203.75,5.7625,0.0,0.0
203.75,5.7875000000000005,0.0,0.0
203.75,5.8125,0.0,0.0
203.75,5.8375,0.0,0.0
203.75,5.862500000000001,0.0,0.0
203.75,5.8875,0.0,0.0
203.75,5.9125000000000005,0.0,0.0
203.75,5.9375,0.0,0.0
203.75,5.9625,0.0,0.0
203.75,5.987500000000001,0.0,0.0
203.75,6.0125,0.0,0.0
203.75,6.0375000000000005,0.0,0.0
203.75,6.0625,0.0,0.0
203.75,6.0875,0.0,0.0
203.75,6.112500000000001,0.0,0.0
203.75,6.1375,0.0,0.0
203.75,6.1625000000000005,0.0,0.0
203.75,6.1875,0.0,0.0
203.75,6.2125,0.0,0.0
203.75,6.237500000000001,0.0,0.0
203.75,6.2625,0.0,0.0
203.75,6.2875000000000005,0.0,0.0
203.75,6.3125,0.0,0.0
203.75,6.3375,0.0,0.0
203.75,6.362500000000001,0.0,0.0
203.75,6.3875,0.0,0.0
203.75,6.4125000000000005,0.0,0.0
203.75,6.4375,0.0,0.0
203.75,6.4625,0.0,0.0
203.75,6.487500000000001,0.0,0.0
203.75,6.5125,0.0,0.0
203.75,6.5375000000000005,0.0,0.0
203.75,6.5625,0.0,0.0
203.75,6.5875,0.0,0.0
203.75,6.612500000000001,0.0,0.0
203.75,6.6375,0.0,0.0
203.75,6.6625000000000005,0.0,0.0
203.75,6.6875,0.0,0.0
203.75,6.7125,0.0,0.0
203.75,6.737500000000001,0.0,0.0
203.75,6.7625,0.0,0.0
203.75,6.7875000000000005,0.0,0.0
203.75,6.8125,0.0,0.0
203.75,6.8375,0.0,0.0
203.75,6.862500000000001,0.0,0.0
203.75,6.8875,0.0,0.0
203.75,6.9125000000000005,0.0,0.0
203.75,6.9375,0.0,0.0
203.75,6.9625,0.0,0.0
203.75,6.987500000000001,0.0,0.0
206.25,0.0125,0.0,0.0
206.25,0.037500000000000006,0.0,0.0
206.25,0.0625,0.0,0.0
206.25,0.08750000000000001,0.0,0.0
206.25,0.1125,0.0,0.0
206.25,0.1375,0.0,0.0
206.25,0.16250000000000003,0.0009000000000000003,0.009966469676316547
206.25,0.1875,0.0012000000000000003,0.01328862623508873
206.25,0.21250000000000002,0.004600000000000001,0.050939733901173456
206.25,0.2375,0.011500000000000002,0.12734933475293364
206.25,0.2625,0.017799999999999983,0.19711462248714923
206.25,0.28750000000000003,0.026799999999999977,0.2967793192503146
206.25,0.3125,0.042600000000000054,0.47174623134565036
206.25,0.3375,0.05739999999999995,0.6356392882450768
206.25,0.36250000000000004,0.08080000000000011,0.8947674998293087
206.25,0.3875,0.10299999999999991,1.140607085178448
206.25,0.41250000000000003,0.1217999999999999,1.3487955628615045
206.25,0.4375,0.12870000000000018,1.4252051637132677
206.25,0.4625,0.14129999999999987,1.5647357391816958
206.25,0.48750000000000004,0.1404000000000002,1.554769269505383
206.25,0.5125,0.14609999999999987,1.6178902441220508
206.25,0.5375000000000001,0.14109999999999986,1.5625209681425145
206.25,0.5625,0.14279999999999987,1.581346521975557
206.25,0.5875000000000001,0.13319999999999987,1.4750375120948471
206.25,0.6125,0.10570000000000038,1.1705064942074026
206.25,0.6375,0.10579999999999991,1.1716138797269882
206.25,0.6625000000000001,0.09059999999999992,1.0032912807491978
206.25,0.6875,0.07629999999999992,0.8449351514477239
206.25,0.7125000000000001,0.07479999999999994,0.8283243686538632
206.25,0.7375,0.059000000000000205,0.6533574565585313
206.25,0.7625,0.04899999999999995,0.5426189045994557
206.25,0.7875000000000001,0.045199999999999955,0.5005382548550081
206.25,0.8125,0.03339999999999997,0.36986676354330256
206.25,0.8375000000000001,0.03239999999999997,0.35879290834739525
206.25,0.8625,0.023900000000000088,0.26466513918218476
206.25,0.8875,0.02369999999999998,0.2624503681430021
206.25,0.9125000000000001,0.022299999999999983,0.24694697086873196
206.25,0.9375,0.017399999999999985,0.19268508040878635
206.25,0.9625000000000001,0.018599999999999985,0.20597370664387507
206.25,0.9875,0.01690000000000006,0.18714815281083355
206.25,1.0125000000000002,0.013499999999999929,0.14949704514474738
206.25,1.0375,0.01690000000000006,0.18714815281083355
206.25,1.0625,0.015700000000000054,0.17385952657574474
206.25,1.0875,0.019799999999999894,0.2192623328789628
206.25,1.1125,0.021200000000000073,0.23476573015323496
206.25,1.1375000000000002,0.02979999999999984,0.3300008848380349
206.25,1.1625,0.03730000000000013,0.41305479880734264
206.25,1.1875,0.04079999999999979,0.4518132919930143
206.25,1.2125000000000001,0.051000000000000184,0.5647666149912729
206.25,1.2375,0.06100000000000022,0.675505166950346
206.25,1.2625000000000002,0.07679999999999959,0.8504720790456739
206.25,1.2875,0.09880000000000035,1.094096893355642
206.25,1.3125,0.11289999999999939,1.250238251617924
206.25,1.3375000000000001,0.1372000000000005,1.519332932878483
206.25,1.3625,0.14670000000000052,1.6245345572396024
206.25,1.3875000000000002,0.18009999999999907,1.9944013207828892
206.25,1.4125,0.20720000000000072,2.2945027965919946
206.25,1.4375,0.22359999999999883,2.476114021804853
206.25,1.4625000000000001,0.23960000000000084,2.6532957049393913
206.25,1.4875,0.26740000000000097,2.961148879385615
206.25,1.5125000000000002,0.27639999999999854,3.0608135761487536
206.25,1.5375,0.30000000000000104,3.3221565587721926
206.25,1.5625,0.31039999999999834,3.4373246528095986
206.25,1.5875000000000001,0.3206000000000011,3.5502779758078833
206.25,1.6125,0.3290000000000012,3.6432983594535053
206.25,1.6375000000000002,0.3265999999999983,3.6167211069832956
206.25,1.6625,0.31980000000000114,3.541418891651158
206.25,1.6875,0.32729999999999826,3.6244728056204303
206.25,1.7125000000000001,0.3067000000000011,3.396351388584772
206.25,1.7375,0.295700000000001,3.2745389814297914
206.25,1.7625000000000002,0.2884999999999985,3.1948072240192307
206.25,1.7875,0.27650000000000097,3.061920961668371
206.25,1.8125,0.26139999999999863,2.8947057482101455
206.25,1.8375000000000001,0.24380000000000085,2.699805896762202
206.25,1.8625,0.23970000000000086,2.6544030904589824
206.25,1.8875000000000002,0.20769999999999889,2.300039724189928
206.25,1.9125,0.20310000000000072,2.2490999902887747
206.25,1.9375,0.19529999999999895,2.1627239197606785
206.25,1.9625000000000001,0.17520000000000063,1.9401394303229609
206.25,1.9875,0.1692000000000006,1.8736962991475168
206.25,2.0125,0.17100000000000062,1.8936292385001503
206.25,2.0375,0.16749999999999762,1.8548707453144415
206.25,2.0625,0.17790000000000064,1.9700388393519106
206.25,2.0875000000000004,0.18340000000000065,2.0309450429294005
206.25,2.1125,0.18660000000000065,2.066381379556304
206.25,2.1375,0.18850000000000067,2.087421704428528
206.25,2.1625,0.210999999999997,2.336583446336401
206.25,2.1875,0.23070000000000082,2.5547383936958163
206.25,2.2125000000000004,0.2519000000000009,2.7895041238490514
206.25,2.2375,0.279700000000001,3.097357298295275
206.25,2.2625,0.3074000000000011,3.4041030872219076
206.25,2.2875,0.3319999999999953,3.6765199250411618
206.25,2.3125,0.3628000000000013,4.017594665075172
206.25,2.3375000000000004,0.3950000000000014,4.374172802383388
206.25,2.3625,0.42230000000000145,4.676489049231656
206.25,2.3875,0.4589999999999935,5.082899534921365
206.25,2.4125000000000005,0.48190000000000166,5.336490818907732
206.25,2.4375,0.5121000000000018,5.670921245824133
206.25,2.4625000000000004,0.554700000000002,6.142667477169785
206.25,2.4875,0.5689000000000021,6.299916220951669
206.25,2.5125,0.5893999999999916,6.526930252467652
206.25,2.5375000000000005,0.6012000000000022,6.657601743779475
206.25,2.5625,0.6140000000000022,6.799347090287089
206.25,2.5875000000000004,0.6232000000000022,6.901226558089435
206.25,2.6125,0.6504000000000023,7.202435419418115
206.25,2.6375,0.6209999999999912,6.876864076658318
206.25,2.6625000000000005,0.6324000000000023,7.003106025891784
206.25,2.6875,0.6038000000000022,6.686393767288835
206.25,2.7125000000000004,0.6020000000000021,6.6664608279362
206.25,2.7375,0.576200000000002,6.380755363881792
206.25,2.7625,0.562499999999992,6.229043547697751
206.25,2.7875000000000005,0.5403000000000019,5.983203962348719
206.25,2.8125,0.5268000000000018,5.833706917203971
206.25,2.8375000000000004,0.5103000000000018,5.6509883064715
206.25,2.8625,0.49530000000000174,5.48488047853289
206.25,2.8875,0.44589999999999363,4.937832031854982
206.25,2.9125000000000005,0.43550000000000155,4.822663937817634
206.25,2.9375,0.41370000000000146,4.581253894546854
206.25,2.9625000000000004,0.3720000000000013,4.119474132877519
206.25,2.9875,0.36830000000000135,4.078500868652663
206.25,3.0125,0.35529999999999495,3.9345407511057973
206.25,3.0375000000000005,0.3325000000000012,3.682056852639181
206.25,3.0625,0.31680000000000114,3.508197326063436
206.25,3.0875000000000004,0.3117000000000011,3.4517206645643084
206.25,3.1125,0.28400000000000103,3.1449748756376765
206.25,3.1375,0.2879999999999959,3.189270296421249
206.25,3.1625000000000005,0.27650000000000097,3.061920961668371
206.25,3.1875,0.26900000000000096,2.9788670476990666
206.25,3.2125000000000004,0.283800000000001,3.1427601045984943
206.25,3.2375,0.2668000000000009,2.9545045662680702
206.25,3.2625,0.26969999999999617,2.9866187463361484
206.25,3.2875000000000005,0.270800000000001,2.9987999870517
206.25,3.3125,0.288200000000001,3.1914850674604867
206.25,3.3375000000000004,0.29080000000000106,3.220277090969846
206.25,3.3625,0.284300000000001,3.148297032196448
206.25,3.3875,0.2879999999999959,3.189270296421249
206.25,3.4125000000000005,0.29650000000000104,3.283398065586517
206.25,3.4375,0.3075000000000011,3.4052104727414982
206.25,3.4625000000000004,0.31800000000000117,3.521485952298525
206.25,3.4875,0.3282000000000012,3.6344392752967796
206.25,3.5125,0.31299999999999556,3.4661166763189266
206.25,3.5375000000000005,0.3206000000000011,3.5502779758078833
206.25,3.5625,0.32770000000000116,3.6289023476988254
206.25,3.5875000000000004,0.31980000000000114,3.541418891651158
206.25,3.6125,0.3112000000000011,3.4461837369663546
206.25,3.6375,0.3127999999999956,3.4639019052797453
206.25,3.6625000000000005,0.30490000000000106,3.3764184492321387
206.25,3.6875,0.30430000000000107,3.3697741361145943
206.25,3.7125000000000004,0.3083000000000011,3.4140695568982236
206.25,3.7375,0.292200000000001,3.235780488244116
206.25,3.7625,0.279699999999996,3.0973572982952193
206.25,3.7875000000000005,0.27160000000000095,3.0076590712084252
206.25,3.8125,0.2659000000000009,2.9445380965917534
206.25,3.8375000000000004,0.2552000000000009,2.8260478459955456
206.25,3.8625,0.23470000000000085,2.599033814479446
206.25,3.8875,0.23049999999999674,2.5525236226565897
206.25,3.9125000000000005,0.22820000000000082,2.5270537557060484
206.25,3.9375,0.1951000000000007,2.1605091487215162
206.25,3.9625000000000004,0.1966000000000007,2.177119931515377
206.25,3.9875,0.18560000000000065,2.055307524360397
206.25,4.0125,0.16399999999999768,1.8161122521287667
206.25,4.0375,0.15220000000000325,1.6854407608171227
206.25,4.0625,0.13719999999999805,1.519332932878456
206.25,4.0875,0.1333999999999981,1.477252283134009
206.25,4.112500000000001,0.12020000000000255,1.3310773945480823
206.25,4.1375,0.11069999999999842,1.2258757701869174
206.25,4.1625,0.09990000000000214,1.10627813407116
206.25,4.1875,0.09209999999999868,1.0199020635430451
206.25,4.2125,0.08239999999999884,0.9124856681427462
206.25,4.237500000000001,0.07550000000000161,0.8360760672910168
206.25,4.2625,0.069899999999999,0.7740624781939072
206.25,4.2875,0.0612000000000013,0.6777199379895394
206.25,4.3125,0.05819999999999917,0.644498372401794
206.25,4.3375,0.04819999999999931,0.5337598204427229
206.25,4.362500000000001,0.045300000000000964,0.50164564037461
206.25,4.3875,0.03969999999999943,0.43963205127751237
206.25,4.4125,0.03170000000000068,0.35104120971026803
206.25,4.4375,0.033299999999999524,0.36875937802370684
206.25,4.4625,0.031199999999999554,0.34550428211230194
206.25,4.487500000000001,0.02670000000000057,0.2956719337307305
206.25,4.5125,0.02179999999999969,0.2414100432707751
206.25,4.5375,0.018000000000000384,0.19932939352633514
206.25,4.5625,0.01609999999999977,0.17828906865410452
206.25,4.5875,0.014999999999999788,0.1661078279386067
206.25,4.612500000000001,0.014300000000000306,0.15835612930147736
206.25,4.6375,0.011099999999999843,0.12291979267456897
206.25,4.6625,0.009600000000000206,0.10630900988071208
206.25,4.6875,0.010099999999999857,0.11184593747866185
206.25,4.7125,0.006299999999999911,0.06976528773421482
206.25,4.737500000000001,0.00800000000000017,0.08859084156726005
206.25,4.7625,0.004699999999999933,0.052047119420763434
206.25,4.7875000000000005,0.004499999999999936,0.049832348381582015
206.25,4.8125,0.0032000000000000687,0.03543633662690403
206.25,4.8375,0.003999999999999944,0.04429542078362846
206.25,4.862500000000001,0.004000000000000085,0.044295420783630024
206.25,4.8875,0.0022999999999999674,0.025469866950586364
206.25,4.9125000000000005,0.002199999999999969,0.02436248143099565
206.25,4.9375,0.002300000000000049,0.025469866950587266
206.25,4.9625,0.0014999999999999786,0.01661078279386067
206.25,4.987500000000001,0.0010000000000000213,0.011073855195907506
206.25,5.0125,0.0010999999999999845,0.012181240715497825
206.25,5.0375000000000005,0.000999999999999986,0.011073855195907116
206.25,5.0625,0.0008000000000000172,0.008859084156726007
206.25,5.0875,0.00069999999999999,0.007751698637134979
206.25,5.112500000000001,0.0003000000000000064,0.0033221565587722526
206.25,5.1375,0.0007999999999999887,0.008859084156725691
206.25,5.1625000000000005,0.00069999999999999,0.007751698637134979
206.25,5.1875,0.0002000000000000043,0.0022147710391815017
206.25,5.2125,0.00029999999999999575,0.003322156558772134
206.25,5.237500000000001,0.0003000000000000064,0.0033221565587722526
206.25,5.2625,0.00019999999999999716,0.002214771039181423
206.25,5.2875000000000005,9.999999999999858e-05,0.0011073855195907114
206.25,5.3125,0.0002000000000000043,0.0022147710391815017
206.25,5.3375,9.999999999999858e-05,0.0011073855195907114
206.25,5.362500000000001,0.00010000000000000215,0.0011073855195907509
206.25,5.3875,0.0,0.0
206.25,5.4125000000000005,0.0,0.0
206.25,5.4375,0.00010000000000000215,0.0011073855195907509
206.25,5.4625,0.0,0.0
206.25,5.487500000000001,0.0,0.0
206.25,5.5125,0.0,0.0
206.25,5.5375000000000005,0.0,0.0
206.25,5.5625,0.0,0.0
206.25,5.5875,0.0,0.0
206.25,5.612500000000001,0.0,0.0
206.25,5.6375,0.0,0.0
206.25,5.6625000000000005,0.0,0.0
206.25,5.6875,0.0,0.0
206.25,5.7125,0.0,0.0
206.25,5.737500000000001,0.0,0.0
206.25,5.7625,0.0,0.0
206.25,5.7875000000000005,0.0,0.0
206.25,5.8125,0.0,0.0
206.25,5.8375,0.0,0.0
206.25,5.862500000000001,0.0,0.0
206.25,5.8875,0.0,0.0
206.25,5.9125000000000005,0.0,0.0
206.25,5.9375,0.0,0.0
206.25,5.9625,0.0,0.0
206.25,5.987500000000001,0.0,0.0
206.25,6.0125,0.0,0.0
206.25,6.0375000000000005,0.0,0.0
206.25,6.0625,0.0,0.0
206.25,6.0875,0.0,0.0
206.25,6.112500000000001,0.0,0.0
206.25,6.1375,0.0,0.0
206.25,6.1625000000000005,0.0,0.0
206.25,6.1875,0.0,0.0
206.25,6.2125,0.0,0.0
206.25,6.237500000000001,0.0,0.0
206.25,6.2625,0.0,0.0
206.25,6.2875000000000005,0.0,0.0
206.25,6.3125,0.0,0.0
206.25,6.3375,0.0,0.0
206.25,6.362500000000001,0.0,0.0
206.25,6.3875,0.0,0.0
206.25,6.4125000000000005,0.0,0.0
206.25,6.4375,0.0,0.0
206.25,6.4625,0.0,0.0
206.25,6.487500000000001,0.0,0.0
206.25,6.5125,0.0,0.0
206.25,6.5375000000000005,0.0,0.0
206.25,6.5625,0.0,0.0
206.25,6.5875,0.0,0.0
206.25,6.612500000000001,0.0,0.0
206.25,6.6375,0.0,0.0
206.25,6.6625000000000005,0.0,0.0
206.25,6.6875,0.0,0.0
206.25,6.7125,0.0,0.0
206.25,6.737500000000001,0.0,0.0
206.25,6.7625,0.0,0.0
206.25,6.7875000000000005,0.0,0.0
206.25,6.8125,0.0,0.0
206.25,6.8375,0.0,0.0
206.25,6.862500000000001,0.0,0.0
206.25,6.8875,0.0,0.0
206.25,6.9125000000000005,0.0,0.0
206.25,6.9375,0.0,0.0
206.25,6.9625,0.0,0.0
206.25,6.987500000000001,0.0,0.0
208.75,0.0125,0.0,0.0
208.75,0.037500000000000006,0.0,0.0
208.75,0.0625,0.0,0.0
208.75,0.08750000000000001,0.0,0.0
208.75,0.1125,0.00010000000000000003,0.0009429375932020829
208.75,0.1375,0.0,0.0
208.75,0.16250000000000003,0.0009000000000000003,0.008486438338818746
208.75,0.1875,0.0020000000000000005,0.018858751864041654
208.75,0.21250000000000002,0.004400000000000001,0.04148925410089164
208.75,0.2375,0.010400000000000001,0.0980655096930166
208.75,0.2625,0.018299999999999983,0.17255757955598094
208.75,0.28750000000000003,0.028599999999999976,0.2696801516557954
208.75,0.3125,0.04420000000000006,0.416778416195321
208.75,0.3375,0.058399999999999945,0.5506755544300157
208.75,0.36250000000000004,0.0810000000000001,0.7637794504936878
208.75,0.3875,0.09489999999999991,0.8948477759487755
208.75,0.41250000000000003,0.1148999999999999,1.0834352945891919
208.75,0.4375,0.12450000000000015,1.1739573035365942
208.75,0.4625,0.14359999999999987,1.3540583838381892
208.75,0.48750000000000004,0.1451000000000002,1.3682024477362236
208.75,0.5125,0.14859999999999987,1.4012052634982934
208.75,0.5375000000000001,0.14019999999999988,1.3219985056693186
208.75,0.5625,0.13759999999999986,1.2974821282460642
208.75,0.5875000000000001,0.12319999999999988,1.1616991148249645
208.75,0.6125,0.1116000000000004,1.052318354013528
208.75,0.6375,0.1046999999999999,0.9872556600825795
208.75,0.6625000000000001,0.09279999999999992,0.8750460864915318
208.75,0.6875,0.08189999999999992,0.7722658888325048
208.75,0.7125000000000001,0.07119999999999993,0.671371566359882
208.75,0.7375,0.062100000000000224,0.5855642453784954
208.75,0.7625,0.052899999999999954,0.4988139868039012
208.75,0.7875000000000001,0.045399999999999954,0.42809366731374504
208.75,0.8125,0.043599999999999965,0.4111207906361076
208.75,0.8375000000000001,0.03199999999999997,0.30174002982466613
208.75,0.8625,0.03300000000000012,0.31116940575668833
208.75,0.8875,0.028099999999999976,0.26496546368978496
208.75,0.9125000000000001,0.022299999999999983,0.21027508328406425
208.75,0.9375,0.020099999999999982,0.18953045623361842
208.75,0.9625000000000001,0.016899999999999984,0.1593564532511518
208.75,0.9875,0.016400000000000057,0.15464176528514206
208.75,1.0125000000000002,0.0185999999999999,0.17538639233558642
208.75,1.0375,0.016200000000000058,0.1527558900987379
208.75,1.0625,0.01940000000000007,0.18292989308120466
208.75,1.0875,0.021099999999999886,0.19895983216563834
208.75,1.1125,0.020200000000000072,0.19047339382682135
208.75,1.1375000000000002,0.02769999999999985,0.26119371331697544
208.75,1.1625,0.040200000000000145,0.37906091246723855
208.75,1.1875,0.041199999999999785,0.388490288399256
208.75,1.2125000000000001,0.053000000000000186,0.4997569243971055
208.75,1.2375,0.06670000000000023,0.6289393746657912
208.75,1.2625000000000002,0.08099999999999956,0.7637794504936827
208.75,1.2875,0.09080000000000031,0.8561873346274939
208.75,1.3125,0.11769999999999936,1.109837547198845
208.75,1.3375000000000001,0.13290000000000046,1.2531640613655721
208.75,1.3625,0.15620000000000056,1.4728685205816583
208.75,1.3875000000000002,0.16649999999999912,1.569991092681459
208.75,1.4125,0.1992000000000007,1.878331685658555
208.75,1.4375,0.22119999999999884,2.0857779561629957
208.75,1.4625000000000001,0.24350000000000085,2.296053039447079
208.75,1.4875,0.2506000000000009,2.363001608564427
208.75,1.5125000000000002,0.2793999999999985,2.6345676354066043
208.75,1.5375,0.29380000000000106,2.7703506488277285
208.75,1.5625,0.3001999999999984,2.830698654792637
208.75,1.5875000000000001,0.3102000000000011,2.9249924141128703
208.75,1.6125,0.3150000000000011,2.9702534185865703
208.75,1.6375000000000002,0.32169999999999827,3.0334302373310833
208.75,1.6625,0.3136000000000011,2.957052292281741
208.75,1.6875,0.31829999999999825,3.001370359162212
208.75,1.7125000000000001,0.3032000000000011,2.8589867825887243
208.75,1.7375,0.29690000000000105,2.799581714216993
208.75,1.7625000000000002,0.2800999999999985,2.641168198559019
208.75,1.7875,0.28550000000000103,2.6920868285919552
208.75,1.8125,0.2660999999999986,2.5091569355107284
208.75,1.8375000000000001,0.2466000000000009,2.325284104836344
208.75,1.8625,0.2298000000000008,2.1668705891783935
208.75,1.8875000000000002,0.21789999999999884,2.054661015587327
208.75,1.9125,0.21270000000000075,2.0056282607408367
208.75,1.9375,0.19869999999999893,1.8736169976925279
208.75,1.9625000000000001,0.18740000000000065,1.7670650496607088
208.75,1.9875,0.1737000000000006,1.637882599392023
208.75,2.0125,0.17880000000000063,1.6859724166453294
208.75,2.0375,0.1831999999999974,1.7274616707461905
208.75,2.0625,0.17840000000000064,1.6822006662725213
208.75,2.0875000000000004,0.18940000000000065,1.7859238015247505
208.75,2.1125,0.18680000000000066,1.7614074241014963
208.75,2.1375,0.20570000000000074,1.9396226292166907
208.75,2.1625,0.21509999999999696,2.028258762977651
208.75,2.1875,0.23860000000000084,2.249849097380177
208.75,2.2125000000000004,0.26120000000000093,2.4629529934438485
208.75,2.2375,0.280300000000001,2.643054073745447
208.75,2.2625,0.3117000000000011,2.9391364780109015
208.75,2.2875,0.33429999999999527,3.152240374074517
208.75,2.3125,0.3658000000000013,3.44926571593323
208.75,2.3375000000000004,0.3882000000000014,3.660483736810497
208.75,2.3625,0.4163000000000015,3.925449200500284
208.75,2.3875,0.45289999999999353,4.2705643596121705
208.75,2.4125000000000005,0.47400000000000164,4.469524191777887
208.75,2.4375,0.5060000000000018,4.7712642216025545
208.75,2.4625000000000004,0.5233000000000019,4.934392425226515
208.75,2.4875,0.5509000000000019,5.194643200950291
208.75,2.5125,0.5740999999999918,5.413404722573079
208.75,2.5375000000000005,0.5806000000000021,5.474695666131311
208.75,2.5625,0.5950000000000021,5.61047867955241
208.75,2.5875000000000004,0.6045000000000021,5.700057750906609
208.75,2.6125,0.6029000000000022,5.684970749415377
208.75,2.6375,0.6077999999999913,5.731174691482176
208.75,2.6625000000000005,0.6114000000000022,5.765120444837553
208.75,2.6875,0.590300000000002,5.566160612671912
208.75,2.7125000000000004,0.5965000000000021,5.624622743450442
208.75,2.7375,0.5826000000000021,5.493554417995353
208.75,2.7625,0.5570999999999922,5.253105331728728
208.75,2.7875000000000005,0.533700000000002,5.032457934919533
208.75,2.8125,0.529700000000002,4.99474043119145
208.75,2.8375000000000004,0.5069000000000018,4.7797506599413735
208.75,2.8625,0.4851000000000017,4.574190264623319
208.75,2.8875,0.4586999999999935,4.325254740017892
208.75,2.9125000000000005,0.44160000000000155,4.164012411580411
208.75,2.9375,0.4154000000000015,3.916962762161465
208.75,2.9625000000000004,0.39150000000000135,3.6916006773861656
208.75,2.9875,0.3754000000000013,3.5397877248806298
208.75,3.0125,0.3585999999999949,3.38137420922262
208.75,3.0375000000000005,0.3447000000000012,3.25030588376759
208.75,3.0625,0.32520000000000115,3.066433053093183
208.75,3.0875000000000004,0.3175000000000011,2.9938268584166225
208.75,3.1125,0.3141000000000011,2.9617669802477518
208.75,3.1375,0.29799999999999577,2.809954027742166
208.75,3.1625000000000005,0.28740000000000104,2.710002642862795
208.75,3.1875,0.27450000000000097,2.588363693339726
208.75,3.2125000000000004,0.280000000000001,2.6402252609658405
208.75,3.2375,0.28740000000000104,2.710002642862795
208.75,3.2625,0.280399999999996,2.6439970113386018
208.75,3.2875000000000005,0.279700000000001,2.637396448186234
208.75,3.3125,0.29030000000000106,2.7373478330656553
208.75,3.3375000000000004,0.287700000000001,2.712831455642401
208.75,3.3625,0.29000000000000103,2.734519020286049
208.75,3.3875,0.29229999999999584,2.756206584929648
208.75,3.4125000000000005,0.3020000000000011,2.8476715314702994
208.75,3.4375,0.3054000000000011,2.8797314096391706
208.75,3.4625000000000004,0.30180000000000107,2.845785656283895
208.75,3.4875,0.3124000000000011,2.9457370411633166
208.75,3.5125,0.3227999999999954,3.043802550856279
208.75,3.5375000000000005,0.3145000000000011,2.96553873062056
208.75,3.5625,0.3167000000000011,2.9862833576710055
208.75,3.5875000000000004,0.32740000000000113,3.087177680143629
208.75,3.6125,0.3121000000000011,2.94290822838371
208.75,3.6375,0.30819999999999564,2.9061336622487772
208.75,3.6625000000000005,0.3078000000000011,2.90236191187602
208.75,3.6875,0.30340000000000106,2.8608726577751282
208.75,3.7125000000000004,0.2996000000000011,2.8250410292334496
208.75,3.7375,0.29400000000000104,2.7722365240141325
208.75,3.7625,0.27829999999999605,2.6241953218813583
208.75,3.7875000000000005,0.27070000000000094,2.5525320647980463
208.75,3.8125,0.2502000000000009,2.359229858191619
208.75,3.8375000000000004,0.25710000000000094,2.424292552122563
208.75,3.8625,0.24240000000000086,2.285680725921856
208.75,3.8875,0.2263999999999968,2.1348107110094845
208.75,3.9125000000000005,0.20930000000000076,1.9735683825719659
208.75,3.9375,0.21300000000000074,2.008457073520443
208.75,3.9625000000000004,0.19190000000000068,1.8094972413548027
208.75,3.9875,0.17410000000000062,1.6416543497648315
208.75,4.0125,0.17119999999999758,1.6143091595619423
208.75,4.0375,0.15820000000000337,1.4917272724457262
208.75,4.0625,0.14319999999999797,1.350286633465363
208.75,4.0875,0.13239999999999813,1.2484493733995397
208.75,4.112500000000001,0.12290000000000263,1.1588703020453843
208.75,4.1375,0.11389999999999839,1.0740059186571569
208.75,4.1625,0.10450000000000222,0.9853697848961971
208.75,4.1875,0.10189999999999855,0.9608534074729084
208.75,4.2125,0.08889999999999874,0.8382715203566395
208.75,4.237500000000001,0.07780000000000166,0.7336054475112358
208.75,4.2625,0.07649999999999892,0.721347258799583
208.75,4.2875,0.06330000000000134,0.5968794964969308
208.75,4.3125,0.06049999999999914,0.5704772438872519
208.75,4.3375,0.05359999999999924,0.5054145499563091
208.75,4.362500000000001,0.047500000000001014,0.44789535677099873
208.75,4.3875,0.04029999999999943,0.38000385006043386
208.75,4.4125,0.03930000000000084,0.37057447412842637
208.75,4.4375,0.03369999999999952,0.3177699689090973
208.75,4.4625,0.03309999999999953,0.3121123433498849
208.75,4.487500000000001,0.02720000000000058,0.25647902535097195
208.75,4.5125,0.024199999999999656,0.2281908975549007
208.75,4.5375,0.02010000000000043,0.18953045623362264
208.75,4.5625,0.018699999999999734,0.17632932992878692
208.75,4.5875,0.017799999999999747,0.1678428915899683
208.75,4.612500000000001,0.013400000000000287,0.12635363748908177
208.75,4.6375,0.013899999999999801,0.1310683254550876
208.75,4.6625,0.011100000000000238,0.1046660728454334
208.75,4.6875,0.010799999999999846,0.10183726006582346
208.75,4.7125,0.007999999999999887,0.07543500745616553
208.75,4.737500000000001,0.007700000000000163,0.07260619467656189
208.75,4.7625,0.0054999999999999225,0.05186156762611381
208.75,4.7875000000000005,0.006399999999999909,0.06034800596493243
208.75,4.8125,0.004000000000000085,0.037717503728084106
208.75,4.8375,0.003999999999999944,0.03771750372808277
208.75,4.862500000000001,0.003900000000000083,0.036774566134882
208.75,4.8875,0.0028999999999999586,0.02734519020286
208.75,4.9125000000000005,0.0028999999999999586,0.02734519020286
208.75,4.9375,0.002100000000000045,0.019801689457244157
208.75,4.9625,0.0017999999999999746,0.016972876677637246
208.75,4.987500000000001,0.0020000000000000425,0.018858751864042053
208.75,5.0125,0.0010999999999999845,0.01037231352522276
208.75,5.0375000000000005,0.00029999999999999575,0.0028288127796062073
208.75,5.0625,0.0008000000000000172,0.0075435007456168225
208.75,5.0875,0.0010999999999999845,0.01037231352522276
208.75,5.112500000000001,0.0012000000000000257,0.011315251118425233
208.75,5.1375,0.00039999999999999433,0.003771750372808277
208.75,5.1625000000000005,9.999999999999858e-05,0.0009429375932020692
208.75,5.1875,0.0004000000000000086,0.0037717503728084112
208.75,5.2125,0.000499999999999993,0.004714687966010346
208.75,5.237500000000001,0.0004000000000000086,0.0037717503728084112
208.75,5.2625,0.0,0.0
208.75,5.2875000000000005,0.00019999999999999716,0.0018858751864041384
208.75,5.3125,0.0002000000000000043,0.0018858751864042056
208.75,5.3375,0.0,0.0
208.75,5.362500000000001,0.0003000000000000064,0.0028288127796063083
208.75,5.3875,9.999999999999858e-05,0.0009429375932020692
208.75,5.4125000000000005,0.0,0.0
208.75,5.4375,0.0,0.0
208.75,5.4625,0.0,0.0
208.75,5.487500000000001,0.0,0.0
208.75,5.5125,9.999999999999858e-05,0.0009429375932020692
208.75,5.5375000000000005,0.0,0.0
208.75,5.5625,0.0,0.0
208.75,5.5875,0.0,0.0
208.75,5.612500000000001,0.0,0.0
208.75,5.6375,0.0,0.0
208.75,5.6625000000000005,9.999999999999858e-05,0.0009429375932020692
208.75,5.6875,0.0,0.0
208.75,5.7125,0.0,0.0
208.75,5.737500000000001,0.0,0.0
208.75,5.7625,0.0,0.0
208.75,5.7875000000000005,0.0,0.0
208.75,5.8125,0.0,0.0
208.75,5.8375,0.0,0.0
208.75,5.862500000000001,0.0,0.0
208.75,5.8875,0.0,0.0
208.75,5.9125000000000005,0.0,0.0
208.75,5.9375,0.0,0.0
208.75,5.9625,0.0,0.0
208.75,5.987500000000001,0.0,0.0
208.75,6.0125,0.0,0.0
208.75,6.0375000000000005,0.0,0.0
208.75,6.0625,0.0,0.0
208.75,6.0875,0.0,0.0
208.75,6.112500000000001,0.0,0.0
208.75,6.1375,0.0,0.0
208.75,6.1625000000000005,0.0,0.0
208.75,6.1875,0.0,0.0
208.75,6.2125,0.0,0.0
208.75,6.237500000000001,0.0,0.0
208.75,6.2625,0.0,0.0
208.75,6.2875000000000005,0.0,0.0
208.75,6.3125,0.0,0.0
208.75,6.3375,0.0,0.0
208.75,6.362500000000001,0.0,0.0
208.75,6.3875,0.0,0.0
208.75,6.4125000000000005,0.0,0.0
208.75,6.4375,0.0,0.0
208.75,6.4625,0.0,0.0
208.75,6.487500000000001,0.0,0.0
208.75,6.5125,0.0,0.0
208.75,6.5375000000000005,0.0,0.0
208.75,6.5625,0.0,0.0
208.75,6.5875,0.0,0.0
208.75,6.612500000000001,0.0,0.0
208.75,6.6375,0.0,0.0
208.75,6.6625000000000005,0.0,0.0
208.75,6.6875,0.0,0.0
208.75,6.7125,0.0,0.0
208.75,6.737500000000001,0.0,0.0
208.75,6.7625,0.0,0.0
208.75,6.7875000000000005,0.0,0.0
208.75,6.8125,0.0,0.0
208.75,6.8375,0.0,0.0
208.75,6.862500000000001,0.0,0.0
208.75,6.8875,0.0,0.0
208.75,6.9125000000000005,0.0,0.0
208.75,6.9375,0.0,0.0
208.75,6.9625,0.0,0.0
208.75,6.987500000000001,0.0,0.0
211.25,0.0125,0.0,0.0
211.25,0.037500000000000006,0.0,0.0
211.25,0.0625,0.0,0.0
211.25,0.08750000000000001,0.0,0.0
211.25,0.1125,0.00020000000000000006,0.001614047242223986
211.25,0.1375,9.999999999999992e-05,0.0008070236211119922
211.25,0.16250000000000003,0.0013000000000000002,0.010491307074455909
211.25,0.1875,0.004300000000000001,0.0347020157078157
211.25,0.21250000000000002,0.006100000000000001,0.04922844088783157
211.25,0.2375,0.012800000000000004,0.10329902350233511
211.25,0.2625,0.017899999999999982,0.14445722817904658
211.25,0.28750000000000003,0.027399999999999973,0.2211244721846858
211.25,0.3125,0.043100000000000055,0.3478271806992693
211.25,0.3375,0.059399999999999946,0.4793720309405233
211.25,0.36250000000000004,0.0773000000000001,0.6238292591195713
211.25,0.3875,0.08869999999999992,0.7158299519263369
211.25,0.41250000000000003,0.1091999999999999,0.8812697942542953
211.25,0.4375,0.12640000000000018,1.0200778570855604
211.25,0.4625,0.1289999999999999,1.0410604712344698
211.25,0.48750000000000004,0.13670000000000018,1.1032012900600956
211.25,0.5125,0.13969999999999988,1.127411998693453
211.25,0.5375000000000001,0.13009999999999988,1.0499377310667017
211.25,0.5625,0.13409999999999989,1.0822186759111814
211.25,0.5875000000000001,0.1199999999999999,0.9684283453343906
211.25,0.6125,0.11520000000000041,0.9296912115210191
211.25,0.6375,0.1031999999999999,0.8328483769875759
211.25,0.6625000000000001,0.09119999999999992,0.7360055424541369
211.25,0.6875,0.08079999999999993,0.6520750858584896
211.25,0.7125000000000001,0.07499999999999993,0.6052677158339941
211.25,0.7375,0.06010000000000021,0.48502119628830936
211.25,0.7625,0.056899999999999944,0.45919644041272345
211.25,0.7875000000000001,0.044599999999999966,0.3599325350159485
211.25,0.8125,0.04219999999999996,0.34056396810926065
211.25,0.8375000000000001,0.038299999999999966,0.309090046885893
211.25,0.8625,0.029800000000000108,0.24049303909137473
211.25,0.8875,0.028399999999999974,0.22919470839580575
211.25,0.9125000000000001,0.025399999999999978,0.204983999762446
211.25,0.9375,0.02289999999999998,0.1848084092346462
211.25,0.9625000000000001,0.02139999999999998,0.1727030549179663
211.25,0.9875,0.015900000000000056,0.12831675575680732
211.25,1.0125000000000002,0.018399999999999903,0.1484923462846059
211.25,1.0375,0.021500000000000078,0.1735100785390791
211.25,1.0625,0.018700000000000067,0.1509134171479432
211.25,1.0875,0.021399999999999884,0.17270305491796553
211.25,1.1125,0.029300000000000104,0.23645792098581472
211.25,1.1375000000000002,0.02839999999999985,0.22919470839580475
211.25,1.1625,0.03820000000000014,0.30828302326478235
211.25,1.1875,0.04969999999999973,0.40109073969265824
211.25,1.2125000000000001,0.0557000000000002,0.4495121569593816
211.25,1.2375,0.07190000000000026,0.5802499835795248
211.25,1.2625000000000002,0.07919999999999958,0.6391627079206949
211.25,1.2875,0.10280000000000036,0.8296202825031316
211.25,1.3125,0.11619999999999939,0.9377614477321307
211.25,1.3375000000000001,0.1362000000000005,1.0991661719545383
211.25,1.3625,0.15700000000000056,1.2670270851458332
211.25,1.3875000000000002,0.17349999999999907,1.4001859826293
211.25,1.4125,0.19450000000000067,1.5696609430628314
211.25,1.4375,0.21869999999999884,1.764960659371919
211.25,1.4625000000000001,0.23320000000000082,1.8819790844331739
211.25,1.4875,0.24750000000000089,1.9973834622521893
211.25,1.5125000000000002,0.2672999999999986,2.1571741392323456
211.25,1.5375,0.284300000000001,2.2943681548214037
211.25,1.5625,0.2924999999999985,2.360544091752567
211.25,1.5875000000000001,0.29540000000000105,2.383947776764835
211.25,1.6125,0.3022000000000011,2.438825383000451
211.25,1.6375000000000002,0.3079999999999984,2.485632753024925
211.25,1.6625,0.30140000000000106,2.432369194031555
211.25,1.6875,0.30719999999999836,2.479176564056029
211.25,1.7125000000000001,0.30680000000000107,2.4759484695716028
211.25,1.7375,0.29450000000000104,2.3766845641748273
211.25,1.7625000000000002,0.27989999999999854,2.258859115492456
211.25,1.7875,0.27610000000000096,2.22819221789022
211.25,1.8125,0.2622999999999986,2.116822958176746
211.25,1.8375000000000001,0.2538000000000009,2.0482259503822453
211.25,1.8625,0.24400000000000088,1.9691376355132697
211.25,1.8875000000000002,0.2232999999999988,1.8020837459430703
211.25,1.9125,0.21360000000000076,1.7238024546952229
211.25,1.9375,0.2057999999999989,1.6608546122484724
211.25,1.9625000000000001,0.1972000000000007,1.5914505808328556
211.25,1.9875,0.1958000000000007,1.5801522501372876
211.25,2.0125,0.18750000000000067,1.513169289584992
211.25,2.0375,0.20069999999999716,1.6196964075717466
211.25,2.0625,0.18600000000000064,1.5010639352683117
211.25,2.0875000000000004,0.1978000000000007,1.5962927225595274
211.25,2.1125,0.1995000000000007,1.6100121241184313
211.25,2.1375,0.21570000000000075,1.7407499507385746
211.25,2.1625,0.23359999999999667,1.8852071789175884
211.25,2.1875,0.2494000000000009,2.0127169110533174
211.25,2.2125000000000004,0.272200000000001,2.1967182966668526
211.25,2.2375,0.281100000000001,2.26854339894582
211.25,2.2625,0.3133000000000011,2.528405004943882
211.25,2.2875,0.3370999999999952,2.720476626768489
211.25,2.3125,0.3578000000000013,2.8875305163387206
211.25,2.3375000000000004,0.3980000000000014,3.2119540120257426
211.25,2.3625,0.4165000000000015,3.361253381931462
211.25,2.3875,0.4469999999999936,3.6073955863705565
211.25,2.4125000000000005,0.45920000000000166,3.7058524681462846
211.25,2.4375,0.48300000000000176,3.8979240899709393
211.25,2.4625000000000004,0.5198000000000018,4.194908782540153
211.25,2.4875,0.5349000000000019,4.316769349328065
211.25,2.5125,0.5709999999999918,4.6081048765494135
211.25,2.5375000000000005,0.5560000000000019,4.487051333382696
211.25,2.5625,0.568400000000002,4.587122262400584
211.25,2.5875000000000004,0.5834000000000021,4.708175805567383
211.25,2.6125,0.5904000000000021,4.7646674590452225
211.25,2.6375,0.5858999999999918,4.7283513960951
211.25,2.6625000000000005,0.5996000000000021,4.838913632187526
211.25,2.6875,0.5791000000000021,4.673473789859567
211.25,2.7125000000000004,0.576100000000002,4.6492630812262075
211.25,2.7375,0.564900000000002,4.558876435661663
211.25,2.7625,0.5472999999999922,4.416840278345874
211.25,2.7875000000000005,0.5342000000000019,4.311120183980281
211.25,2.8125,0.5295000000000019,4.273190073788017
211.25,2.8375000000000004,0.4965000000000018,4.006872278821058
211.25,2.8625,0.48070000000000174,3.8793625466853636
211.25,2.8875,0.4559999999999935,3.680027712270635
211.25,2.9125000000000005,0.44240000000000157,3.570272499799469
211.25,2.9375,0.4291000000000015,3.462938358191573
211.25,2.9625000000000004,0.39910000000000145,3.2208312718579752
211.25,2.9875,0.37890000000000135,3.057812500393352
211.25,3.0125,0.37139999999999473,2.997285728809899
211.25,3.0375000000000005,0.34810000000000124,2.809249225090857
211.25,3.0625,0.3356000000000012,2.708371272451857
211.25,3.0875000000000004,0.32740000000000113,2.6421953355206735
211.25,3.1125,0.3097000000000011,2.4993521545838506
211.25,3.1375,0.3000999999999957,2.4218778869570556
211.25,3.1625000000000005,0.30440000000000106,2.456579902664915
211.25,3.1875,0.294100000000001,2.373456469690379
211.25,3.2125000000000004,0.2997000000000011,2.4186497924726513
211.25,3.2375,0.287300000000001,2.3185788634547633
211.25,3.2625,0.29119999999999585,2.3500527846780894
211.25,3.2875000000000005,0.29490000000000105,2.379912658659275
211.25,3.3125,0.28490000000000104,2.299210296548076
211.25,3.3375000000000004,0.29480000000000106,2.3791056350381634
211.25,3.3625,0.30250000000000105,2.4412464538637866
211.25,3.3875,0.30419999999999564,2.454965855422647
211.25,3.4125000000000005,0.29780000000000106,2.403316343671523
211.25,3.4375,0.3079000000000011,2.484825729403835
211.25,3.4625000000000004,0.3046000000000011,2.458193949907139
211.25,3.4875,0.3052000000000011,2.463036091633811
211.25,3.5125,0.30669999999999564,2.4751414459504466
211.25,3.5375000000000005,0.3047000000000011,2.459000973528251
211.25,3.5625,0.30870000000000114,2.491281918372731
211.25,3.5875000000000004,0.3042000000000011,2.454965855422691
211.25,3.6125,0.2996000000000011,2.417842768851539
211.25,3.6375,0.30349999999999566,2.449316690074863
211.25,3.6625000000000005,0.3100000000000011,2.5017732254471867
211.25,3.6875,0.2976000000000011,2.4017022964292996
211.25,3.7125000000000004,0.29000000000000103,2.3403685012247877
211.25,3.7375,0.27800000000000097,2.243525666691348
211.25,3.7625,0.2877999999999959,2.322613981560282
211.25,3.7875000000000005,0.26790000000000097,2.1620162809590364
211.25,3.8125,0.26050000000000095,2.102296532996749
211.25,3.8375000000000004,0.2501000000000009,2.0183660764011013
211.25,3.8625,0.24500000000000088,1.9772078717243895
211.25,3.8875,0.22339999999999682,1.8028907695641663
211.25,3.9125000000000005,0.2193000000000008,1.7698028010986067
211.25,3.9375,0.2010000000000007,1.6221174784351113
211.25,3.9625000000000004,0.19030000000000066,1.5357659509761277
211.25,3.9875,0.18900000000000067,1.5252746439016718
211.25,4.0125,0.16829999999999762,1.3582207543314646
211.25,4.0375,0.17080000000000364,1.378396344859313
211.25,4.0625,0.15019999999999786,1.2121494789101959
211.25,4.0875,0.13619999999999807,1.0991661719545187
211.25,4.112500000000001,0.13220000000000282,1.0668852271100773
211.25,4.1375,0.1188999999999983,0.9595510855021457
211.25,4.1625,0.10910000000000232,0.8804627706332029
211.25,4.1875,0.1063999999999985,0.8586731328631482
211.25,4.2125,0.09289999999999868,0.7497249440130307
211.25,4.237500000000001,0.08130000000000173,0.6561102039640642
211.25,4.2625,0.08109999999999884,0.6544961567218168
211.25,4.2875,0.07330000000000156,0.5915483142751033
211.25,4.3125,0.0627999999999991,0.5068108340583243
211.25,4.3375,0.057299999999999185,0.4624245348971653
211.25,4.362500000000001,0.05260000000000112,0.4244944247049173
211.25,4.3875,0.04459999999999937,0.3599325350159437
211.25,4.4125,0.04440000000000095,0.3583184877737325
211.25,4.4375,0.03769999999999946,0.30424790515921696
211.25,4.4625,0.03089999999999956,0.24937029892360224
211.25,4.487500000000001,0.030200000000000646,0.24372113357582706
211.25,4.5125,0.028399999999999596,0.2291947083958027
211.25,4.5375,0.02160000000000046,0.17431710216019417
211.25,4.5625,0.022299999999999685,0.17996626750797184
211.25,4.5875,0.01849999999999974,0.14929936990571657
211.25,4.612500000000001,0.01460000000000031,0.11782544868235346
211.25,4.6375,0.016799999999999763,0.13557996834681288
211.25,4.6625,0.012900000000000274,0.10410604712344929
211.25,4.6875,0.009799999999999861,0.07908831486897418
211.25,4.7125,0.008199999999999883,0.06617593693118247
211.25,4.737500000000001,0.008200000000000174,0.06617593693118481
211.25,4.7625,0.008699999999999876,0.07021105503674238
211.25,4.7875000000000005,0.0069999999999999,0.056491653477838695
211.25,4.8125,0.005200000000000111,0.04196522829782452
211.25,4.8375,0.00559999999999992,0.04519332278227095
211.25,4.862500000000001,0.005500000000000118,0.044386299161160554
211.25,4.8875,0.003799999999999946,0.030666897602255293
211.25,4.9125000000000005,0.002599999999999963,0.020982614148911515
211.25,4.9375,0.002200000000000047,0.01775451966446422
211.25,4.9625,0.002999999999999957,0.02421070863335944
211.25,4.987500000000001,0.002300000000000049,0.01856154328557623
211.25,5.0125,0.0020999999999999704,0.01694749604335161
211.25,5.0375000000000005,0.0015999999999999773,0.012912377937791701
211.25,5.0625,0.0009000000000000193,0.007263212590008091
211.25,5.0875,0.0015999999999999773,0.012912377937791701
211.25,5.112500000000001,0.0008000000000000172,0.006456188968896081
211.25,5.1375,0.000999999999999986,0.008070236211119814
211.25,5.1625000000000005,0.00039999999999999433,0.0032280944844479253
211.25,5.1875,0.0004000000000000086,0.0032280944844480406
211.25,5.2125,0.00039999999999999433,0.0032280944844479253
211.25,5.237500000000001,0.0005000000000000106,0.00403511810556005
211.25,5.2625,0.00039999999999999433,0.0032280944844479253
211.25,5.2875000000000005,0.00019999999999999716,0.0016140472422239626
211.25,5.3125,0.00010000000000000215,0.0008070236211120102
211.25,5.3375,0.00019999999999999716,0.0016140472422239626
211.25,5.362500000000001,0.0002000000000000043,0.0016140472422240203
211.25,5.3875,9.999999999999858e-05,0.0008070236211119813
211.25,5.4125000000000005,9.999999999999858e-05,0.0008070236211119813
211.25,5.4375,0.00010000000000000215,0.0008070236211120102
211.25,5.4625,9.999999999999858e-05,0.0008070236211119813
211.25,5.487500000000001,0.0,0.0
211.25,5.5125,0.0,0.0
211.25,5.5375000000000005,0.0,0.0
211.25,5.5625,0.00010000000000000215,0.0008070236211120102
211.25,5.5875,0.0,0.0
211.25,5.612500000000001,0.0,0.0
211.25,5.6375,0.0,0.0
211.25,5.6625000000000005,0.0,0.0
211.25,5.6875,0.0,0.0
211.25,5.7125,0.0,0.0
211.25,5.737500000000001,0.0,0.0
211.25,5.7625,0.0,0.0
211.25,5.7875000000000005,0.0,0.0
211.25,5.8125,0.0,0.0
211.25,5.8375,9.999999999999858e-05,0.0008070236211119813
211.25,5.862500000000001,0.0,0.0
211.25,5.8875,0.0,0.0
211.25,5.9125000000000005,0.0,0.0
211.25,5.9375,0.0,0.0
211.25,5.9625,0.0,0.0
211.25,5.987500000000001,0.0,0.0
211.25,6.0125,0.0,0.0
211.25,6.0375000000000005,0.0,0.0
211.25,6.0625,0.0,0.0
211.25,6.0875,0.0,0.0
211.25,6.112500000000001,0.0,0.0
211.25,6.1375,0.0,0.0
211.25,6.1625000000000005,0.0,0.0
211.25,6.1875,0.0,0.0
211.25,6.2125,0.0,0.0
211.25,6.237500000000001,0.0,0.0
211.25,6.2625,0.0,0.0
211.25,6.2875000000000005,0.0,0.0
211.25,6.3125,0.0,0.0
211.25,6.3375,0.0,0.0
211.25,6.362500000000001,0.0,0.0
211.25,6.3875,0.0,0.0
211.25,6.4125000000000005,0.0,0.0
211.25,6.4375,0.0,0.0
211.25,6.4625,0.0,0.0
211.25,6.487500000000001,0.0,0.0
211.25,6.5125,0.0,0.0
211.25,6.5375000000000005,0.0,0.0
211.25,6.5625,0.0,0.0
211.25,6.5875,0.0,0.0
211.25,6.612500000000001,0.0,0.0
211.25,6.6375,0.0,0.0
211.25,6.6625000000000005,0.0,0.0
211.25,6.6875,0.0,0.0
211.25,6.7125,0.0,0.0
211.25,6.737500000000001,0.0,0.0
211.25,6.7625,0.0,0.0
211.25,6.7875000000000005,0.0,0.0
211.25,6.8125,0.0,0.0
211.25,6.8375,0.0,0.0
211.25,6.862500000000001,0.0,0.0
211.25,6.8875,0.0,0.0
211.25,6.9125000000000005,0.0,0.0
211.25,6.9375,0.0,0.0
211.25,6.9625,0.0,0.0
211.25,6.987500000000001,0.0,0.0
213.75,0.0125,0.0,0.0
213.75,0.037500000000000006,0.0,0.0
213.75,0.0625,0.0,0.0
213.75,0.08750000000000001,0.0,0.0
213.75,0.1125,0.00020000000000000006,0.0013883111495716321
213.75,0.1375,0.00029999999999999976,0.002082466724357446
213.75,0.16250000000000003,0.0013000000000000002,0.009024022472215606
213.75,0.1875,0.0027000000000000006,0.01874220051921703
213.75,0.21250000000000002,0.005800000000000001,0.04026102333757733
213.75,0.2375,0.010400000000000001,0.07219217977772485
213.75,0.2625,0.019399999999999983,0.13466618150844817
213.75,0.28750000000000003,0.03059999999999997,0.21241160588445945
213.75,0.3125,0.042600000000000054,0.29571027485875795
213.75,0.3375,0.061799999999999945,0.42898814521763384
213.75,0.36250000000000004,0.0756000000000001,0.5247816145380775
213.75,0.3875,0.08609999999999991,0.5976679498905868
213.75,0.41250000000000003,0.1059999999999999,0.7358049092729642
213.75,0.4375,0.11520000000000016,0.799667222153261
213.75,0.4625,0.1253999999999999,0.8704710907814124
213.75,0.48750000000000004,0.13340000000000019,0.9260035367642796
213.75,0.5125,0.12809999999999988,0.8892132913006293
213.75,0.5375000000000001,0.1297999999999999,0.9010139360719882
213.75,0.5625,0.13389999999999988,0.9294743146382066
213.75,0.5875000000000001,0.11719999999999989,0.8135503336489754
213.75,0.6125,0.10780000000000038,0.7482997096191122
213.75,0.6375,0.09999999999999991,0.6941555747858152
213.75,0.6625000000000001,0.09189999999999993,0.6379289732281642
213.75,0.6875,0.08439999999999992,0.585867305119228
213.75,0.7125000000000001,0.07749999999999993,0.5379705704590068
213.75,0.7375,0.06380000000000023,0.44287125671335215
213.75,0.7625,0.056099999999999955,0.3894212774548424
213.75,0.7875000000000001,0.047899999999999957,0.3325005203224055
213.75,0.8125,0.041599999999999956,0.2887687191108991
213.75,0.8375000000000001,0.03499999999999997,0.24295445117503534
213.75,0.8625,0.03680000000000013,0.25544925152118114
213.75,0.8875,0.028799999999999975,0.19991680553831478
213.75,0.9125000000000001,0.027999999999999976,0.19436356094002827
213.75,0.9375,0.022199999999999984,0.15410253760245102
213.75,0.9625000000000001,0.021799999999999983,0.15132591530330775
213.75,0.9875,0.01980000000000007,0.13744280380759202
213.75,1.0125000000000002,0.021099999999999886,0.14646682627980637
213.75,1.0375,0.021500000000000078,0.14924344857895094
213.75,1.0625,0.02260000000000008,0.15687915990159493
213.75,1.0875,0.023099999999999878,0.16034993777552262
213.75,1.1125,0.027300000000000095,0.1895044719165284
213.75,1.1375000000000002,0.03369999999999982,0.2339304287028187
213.75,1.1625,0.04110000000000014,0.28529794123697133
213.75,1.1875,0.04469999999999976,0.310287541929258
213.75,1.2125000000000001,0.0584000000000002,0.4053868556749179
213.75,1.2375,0.06800000000000024,0.4720257908543565
213.75,1.2625000000000002,0.08089999999999957,0.5615718600017221
213.75,1.2875,0.10270000000000036,0.7128977753050354
213.75,1.3125,0.11609999999999938,0.8059146223263279
213.75,1.3375000000000001,0.13360000000000047,0.9273918479138532
213.75,1.3625,0.15520000000000056,1.07732945206759
213.75,1.3875000000000002,0.1727999999999991,1.1995008332298835
213.75,1.4125,0.18800000000000067,1.3050124805973384
213.75,1.4375,0.21359999999999887,1.482716307742495
213.75,1.4625000000000001,0.22120000000000078,1.53547213142623
213.75,1.4875,0.2540000000000009,1.7631551599559785
213.75,1.5125000000000002,0.2629999999999986,1.8256291616866862
213.75,1.5375,0.269800000000001,1.872831740772138
213.75,1.5625,0.2795999999999985,1.9408589871011308
213.75,1.5875000000000001,0.2977000000000011,2.0665011461373815
213.75,1.6125,0.30490000000000106,2.11648034752196
213.75,1.6375000000000002,0.3010999999999984,2.090102435680081
213.75,1.6625,0.30250000000000105,2.0998206137271
213.75,1.6875,0.2975999999999984,2.065806990562577
213.75,1.7125000000000001,0.3020000000000011,2.0963498358531716
213.75,1.7375,0.28700000000000103,1.9922264996352987
213.75,1.7625000000000002,0.29369999999999846,2.0387349231459306
213.75,1.7875,0.273200000000001,1.8964330303148558
213.75,1.8125,0.2637999999999986,1.8311824062849724
213.75,1.8375000000000001,0.24970000000000087,1.7333064702401881
213.75,1.8625,0.23870000000000083,1.6569493570137481
213.75,1.8875000000000002,0.23429999999999876,1.6264065117231579
213.75,1.9125,0.22070000000000078,1.5320013535523012
213.75,1.9375,0.22059999999999882,1.5313071979775017
213.75,1.9625000000000001,0.21480000000000074,1.4910461746399377
213.75,1.9875,0.1971000000000007,1.3681806379028478
213.75,2.0125,0.1990000000000007,1.3813695938237784
213.75,2.0375,0.19829999999999717,1.3765105048002533
213.75,2.0625,0.19540000000000068,1.356379993131489
213.75,2.0875000000000004,0.1993000000000007,1.383452060548136
213.75,2.1125,0.21670000000000075,1.504235130560868
213.75,2.1375,0.22330000000000078,1.5500493984967323
213.75,2.1625,0.2302999999999967,1.598640288731711
213.75,2.1875,0.2545000000000009,1.7666259378299076
213.75,2.2125000000000004,0.27300000000000096,1.895044719165284
213.75,2.2375,0.287200000000001,1.9936148107848701
213.75,2.2625,0.31480000000000113,2.1852017494257563
213.75,2.2875,0.32719999999999533,2.271277040699157
213.75,2.3125,0.36070000000000124,2.5038191582524463
213.75,2.3375000000000004,0.38650000000000134,2.6829112965471875
213.75,2.3625,0.3930000000000014,2.728031408908266
213.75,2.3875,0.4287999999999939,2.976539104681536
213.75,2.4125000000000005,0.45490000000000164,3.1577137097006878
213.75,2.4375,0.49370000000000175,3.427046072717585
213.75,2.4625000000000004,0.5137000000000018,3.5658771876747486
213.75,2.4875,0.5199000000000019,3.60891483331147
213.75,2.5125,0.5313999999999924,3.688742724411773
213.75,2.5375000000000005,0.5569000000000021,3.8657523959822226
213.75,2.5625,0.564300000000002,3.917119908516373
213.75,2.5875000000000004,0.563500000000002,3.9115666639180864
213.75,2.6125,0.583500000000002,4.05039777887525
213.75,2.6375,0.5867999999999917,4.07330491284311
213.75,2.6625000000000005,0.587300000000002,4.076775690717111
213.75,2.6875,0.570300000000002,3.958769243003522
213.75,2.7125000000000004,0.567800000000002,3.941415353633876
213.75,2.7375,0.555800000000002,3.8581166846595782
213.75,2.7625,0.5304999999999924,3.6824953242387006
213.75,2.7875000000000005,0.5345000000000019,3.7102615472301985
213.75,2.8125,0.5150000000000018,3.574901210146964
213.75,2.8375000000000004,0.49780000000000174,3.4555064512838034
213.75,2.8625,0.4809000000000017,3.3381941591450004
213.75,2.8875,0.45159999999999356,3.1348065757327
213.75,2.9125000000000005,0.4485000000000016,3.1132877529143954
213.75,2.9375,0.43010000000000154,2.985563127153805
213.75,2.9625000000000004,0.4069000000000014,2.8245190338034947
213.75,2.9875,0.3947000000000014,2.739832053679625
213.75,3.0125,0.3730999999999947,2.5898944495258425
213.75,3.0375000000000005,0.3651000000000013,2.534362003543023
213.75,3.0625,0.34610000000000124,2.4024724443337173
213.75,3.0875000000000004,0.3514000000000012,2.4392626897973653
213.75,3.1125,0.3253000000000012,2.2580880847782674
213.75,3.1375,0.3224999999999954,2.2386517286842245
213.75,3.1625000000000005,0.3041000000000011,2.110927102923674
213.75,3.1875,0.2995000000000011,2.078995946483526
213.75,3.2125000000000004,0.30380000000000107,2.108844636199316
213.75,3.2375,0.30260000000000103,2.100514769301886
213.75,3.2625,0.2976999999999958,2.0665011461373446
213.75,3.2875000000000005,0.29350000000000104,2.0373466119963766
213.75,3.3125,0.29170000000000107,2.0248518116502323
213.75,3.3375000000000004,0.3021000000000011,2.0970439914279573
213.75,3.3625,0.288800000000001,2.004721299981443
213.75,3.3875,0.2903999999999959,2.0158277891779806
213.75,3.4125000000000005,0.29530000000000106,2.0498414123425217
213.75,3.4375,0.3086000000000011,2.1421641037890353
213.75,3.4625000000000004,0.29680000000000106,2.060253745964309
213.75,3.4875,0.3118000000000011,2.1643770821821815
213.75,3.5125,0.3137999999999955,2.178260193677859
213.75,3.5375000000000005,0.3075000000000011,2.1345283924663914
213.75,3.5625,0.3029000000000011,2.102597236026244
213.75,3.5875000000000004,0.3089000000000011,2.144246570513393
213.75,3.6125,0.3037000000000011,2.10815048062453
213.75,3.6375,0.29279999999999584,2.03248752297284
213.75,3.6625000000000005,0.29590000000000105,2.0540063457912363
213.75,3.6875,0.29530000000000106,2.0498414123425217
213.75,3.7125000000000004,0.280800000000001,1.9491888539985778
213.75,3.7375,0.275300000000001,1.911010297385358
213.75,3.7625,0.2689999999999962,1.8672784961738182
213.75,3.7875000000000005,0.2565000000000009,1.780509049325624
213.75,3.8125,0.2535000000000009,1.7596843820820494
213.75,3.8375000000000004,0.2539000000000009,1.7624610043811928
213.75,3.8625,0.23220000000000082,1.61182924465267
213.75,3.8875,0.22379999999999683,1.5535201763706339
213.75,3.9125000000000005,0.21800000000000078,1.513259153033084
213.75,3.9375,0.1966000000000007,1.3647098600289187
213.75,3.9625000000000004,0.20520000000000074,1.4244072394604994
213.75,3.9875,0.1931000000000007,1.3404144149114152
213.75,4.0125,0.16749999999999762,1.1627105877662252
213.75,4.0375,0.1690000000000036,1.1731229213880539
213.75,4.0625,0.15819999999999776,1.098154119311145
213.75,4.0875,0.14189999999999797,0.9850067606210586
213.75,4.112500000000001,0.13690000000000294,0.9502989818818023
213.75,4.1375,0.12789999999999818,0.8878249801510458
213.75,4.1625,0.11820000000000253,0.8204918893968519
213.75,4.1875,0.10819999999999846,0.7510763319182421
213.75,4.2125,0.09589999999999864,0.665695196219588
213.75,4.237500000000001,0.09250000000000197,0.6420939066768934
213.75,4.2625,0.08009999999999885,0.5560186154034306
213.75,4.2875,0.07330000000000156,0.5088160363180139
213.75,4.3125,0.07249999999999897,0.5032627917197093
213.75,4.3375,0.06189999999999912,0.42968230079241393
213.75,4.362500000000001,0.0562000000000012,0.39011543302963686
213.75,4.3875,0.050599999999999284,0.35124272084161784
213.75,4.4125,0.04670000000000099,0.3241706534249829
213.75,4.4375,0.04069999999999942,0.282521318937823
213.75,4.4625,0.037099999999999474,0.25753171824553406
213.75,4.487500000000001,0.032700000000000694,0.22698887295496661
213.75,4.5125,0.03099999999999956,0.21518822818359987
213.75,4.5375,0.02890000000000062,0.20061096111310509
213.75,4.5625,0.02459999999999965,0.17076227139730826
213.75,4.5875,0.022199999999999685,0.15410253760244894
213.75,4.612500000000001,0.016200000000000346,0.11245320311530457
213.75,4.6375,0.016499999999999765,0.11453566983965799
213.75,4.6625,0.013800000000000293,0.09579346932044462
213.75,4.6875,0.012099999999999828,0.08399282454908252
213.75,4.7125,0.011699999999999834,0.0812162022499393
213.75,4.737500000000001,0.011400000000000243,0.0791337355255847
213.75,4.7625,0.010199999999999855,0.07080386862815222
213.75,4.7875000000000005,0.007799999999999889,0.05414413483329286
213.75,4.8125,0.005800000000000124,0.04026102333757818
213.75,4.8375,0.005199999999999926,0.03609608988886191
213.75,4.862500000000001,0.005700000000000122,0.03956686776279235
213.75,4.8875,0.004199999999999941,0.029154534141003854
213.75,4.9125000000000005,0.004199999999999941,0.029154534141003854
213.75,4.9375,0.0035000000000000747,0.024295445117504075
213.75,4.9625,0.003299999999999953,0.0229071339679316
213.75,4.987500000000001,0.002300000000000049,0.015965578220074106
213.75,5.0125,0.0024999999999999645,0.01735388936964515
213.75,5.0375000000000005,0.0020999999999999704,0.014577267070501927
213.75,5.0625,0.0011000000000000235,0.007635711322644138
213.75,5.0875,0.0015999999999999773,0.011106489196572896
213.75,5.112500000000001,0.0008000000000000172,0.0055532445982866465
213.75,5.1375,0.0008999999999999873,0.006247400173072255
213.75,5.1625000000000005,0.0008999999999999873,0.006247400173072255
213.75,5.1875,0.0004000000000000086,0.0027766222991433233
213.75,5.2125,0.00069999999999999,0.004859089023500642
213.75,5.237500000000001,0.0005000000000000106,0.003470777873929153
213.75,5.2625,0.00039999999999999433,0.002776622299143224
213.75,5.2875000000000005,0.00019999999999999716,0.001388311149571612
213.75,5.3125,0.0002000000000000043,0.0013883111495716616
213.75,5.3375,0.00029999999999999575,0.002082466724357418
213.75,5.362500000000001,0.0003000000000000064,0.0020824667243574922
213.75,5.3875,9.999999999999858e-05,0.000694155574785806
213.75,5.4125000000000005,0.00029999999999999575,0.002082466724357418
213.75,5.4375,0.0,0.0
213.75,5.4625,0.0,0.0
213.75,5.487500000000001,0.00010000000000000215,0.0006941555747858308
213.75,5.5125,0.0,0.0
213.75,5.5375000000000005,0.0,0.0
213.75,5.5625,0.00010000000000000215,0.0006941555747858308
213.75,5.5875,0.0,0.0
213.75,5.612500000000001,0.00010000000000000215,0.0006941555747858308
213.75,5.6375,0.0,0.0
213.75,5.6625000000000005,0.0,0.0
213.75,5.6875,0.0,0.0
213.75,5.7125,0.0,0.0
213.75,5.737500000000001,0.0,0.0
213.75,5.7625,0.0,0.0
213.75,5.7875000000000005,0.0,0.0
213.75,5.8125,0.0,0.0
213.75,5.8375,0.0,0.0
213.75,5.862500000000001,0.0,0.0
213.75,5.8875,0.0,0.0
213.75,5.9125000000000005,0.0,0.0
213.75,5.9375,0.0,0.0
213.75,5.9625,0.0,0.0
213.75,5.987500000000001,0.0,0.0
213.75,6.0125,0.0,0.0
213.75,6.0375000000000005,0.0,0.0
213.75,6.0625,0.0,0.0
213.75,6.0875,0.0,0.0
213.75,6.112500000000001,0.0,0.0
213.75,6.1375,0.0,0.0
213.75,6.1625000000000005,0.0,0.0
213.75,6.1875,0.0,0.0
213.75,6.2125,0.0,0.0
213.75,6.237500000000001,0.0,0.0
213.75,6.2625,0.0,0.0
213.75,6.2875000000000005,0.0,0.0
213.75,6.3125,0.0,0.0
213.75,6.3375,0.0,0.0
213.75,6.362500000000001,0.0,0.0
213.75,6.3875,0.0,0.0
213.75,6.4125000000000005,0.0,0.0
213.75,6.4375,0.0,0.0
213.75,6.4625,0.0,0.0
213.75,6.487500000000001,0.0,0.0
213.75,6.5125,0.0,0.0
213.75,6.5375000000000005,0.0,0.0
213.75,6.5625,0.0,0.0
213.75,6.5875,0.0,0.0
213.75,6.612500000000001,0.0,0.0
213.75,6.6375,0.0,0.0
213.75,6.6625000000000005,0.0,0.0
213.75,6.6875,0.0,0.0
213.75,6.7125,0.0,0.0
213.75,6.737500000000001,0.0,0.0
213.75,6.7625,0.0,0.0
213.75,6.7875000000000005,0.0,0.0
213.75,6.8125,0.0,0.0
213.75,6.8375,0.0,0.0
213.75,6.862500000000001,0.0,0.0
213.75,6.8875,0.0,0.0
213.75,6.9125000000000005,0.0,0.0
213.75,6.9375,0.0,0.0
213.75,6.9625,0.0,0.0
213.75,6.987500000000001,0.0,0.0
216.25,0.0125,0.0,0.0
216.25,0.037500000000000006,0.0,0.0
216.25,0.0625,0.0,0.0
216.25,0.08750000000000001,0.00010000000000000003,0.000600020210545051
216.25,0.1125,0.00020000000000000006,0.001200040421090102
216.25,0.1375,0.0004999999999999996,0.0030001010527252515
216.25,0.16250000000000003,0.0018000000000000006,0.010800363789810917
216.25,0.1875,0.0030000000000000005,0.018000606316351527
216.25,0.21250000000000002,0.005600000000000001,0.03360113179052285
216.25,0.2375,0.013000000000000003,0.07800262737085661
216.25,0.2625,0.017799999999999983,0.10680359747701894
216.25,0.28750000000000003,0.03109999999999997,0.1866062854795106
216.25,0.3125,0.04430000000000006,0.26580895327145787
216.25,0.3375,0.05379999999999995,0.32281087327323704
216.25,0.36250000000000004,0.07290000000000009,0.43741473348734256
216.25,0.3875,0.09429999999999991,0.5658190585439824
216.25,0.41250000000000003,0.1075999999999999,0.6456217465464741
216.25,0.4375,0.11270000000000016,0.6762227772842732
216.25,0.4625,0.11769999999999989,0.7062237878115241
216.25,0.48750000000000004,0.12430000000000016,0.745825121707499
216.25,0.5125,0.1254999999999999,0.7530253642340381
216.25,0.5375000000000001,0.12789999999999987,0.7674258492871192
216.25,0.5625,0.1270999999999999,0.762625687602759
216.25,0.5875000000000001,0.1215999999999999,0.7296245760227812
216.25,0.6125,0.11010000000000039,0.6606222518101033
216.25,0.6375,0.1060999999999999,0.6366214433882983
216.25,0.6625000000000001,0.09329999999999991,0.5598188564385318
216.25,0.6875,0.09249999999999992,0.5550186947541714
216.25,0.7125000000000001,0.07669999999999993,0.46021550148805357
216.25,0.7375,0.06390000000000022,0.38341291453828874
216.25,0.7625,0.056999999999999953,0.34201152001067864
216.25,0.7875000000000001,0.05209999999999996,0.3126105296939712
216.25,0.8125,0.04339999999999996,0.2604087713765518
216.25,0.8375000000000001,0.03939999999999996,0.23640796295474978
216.25,0.8625,0.03580000000000012,0.2148072353751289
216.25,0.8875,0.031599999999999975,0.18960638653223588
216.25,0.9125000000000001,0.03259999999999997,0.19560658863768637
216.25,0.9375,0.026699999999999977,0.16020539621552843
216.25,0.9625000000000001,0.024399999999999977,0.14640493137299226
216.25,0.9875,0.02280000000000008,0.13680460800427205
216.25,1.0125000000000002,0.022699999999999877,0.1362045877937258
216.25,1.0375,0.024600000000000087,0.14760497179408302
216.25,1.0625,0.023400000000000084,0.14040472926754238
216.25,1.0875,0.027799999999999853,0.16680561853152323
216.25,1.1125,0.03420000000000012,0.2052069120064081
216.25,1.1375000000000002,0.03989999999999978,0.23940806400747394
216.25,1.1625,0.04230000000000015,0.2538085490605574
216.25,1.1875,0.04879999999999974,0.2928098627459832
216.25,1.2125000000000001,0.06460000000000023,0.38761305601210416
216.25,1.2375,0.07280000000000025,0.4368147132767985
216.25,1.2625000000000002,0.08269999999999955,0.4962167141207543
216.25,1.2875,0.09900000000000037,0.5940200084396025
216.25,1.3125,0.11509999999999938,0.6906232623373497
216.25,1.3375000000000001,0.12890000000000046,0.7734260513925731
216.25,1.3625,0.15700000000000056,0.9420317305557331
216.25,1.3875000000000002,0.16489999999999913,0.9894333271887835
216.25,1.4125,0.1923000000000007,1.1538388648781368
216.25,1.4375,0.20409999999999892,1.2246412497224421
216.25,1.4625000000000001,0.22710000000000083,1.3626458981478153
216.25,1.4875,0.2311000000000008,1.386646706569617
216.25,1.5125000000000002,0.26599999999999857,1.5960537600498266
216.25,1.5375,0.2608000000000009,1.5648527091014979
216.25,1.5625,0.2781999999999985,1.6692562257363224
216.25,1.5875000000000001,0.285300000000001,1.7118576606850358
216.25,1.6125,0.291200000000001,1.747258853107194
216.25,1.6375000000000002,0.29449999999999843,1.767059520055165
216.25,1.6625,0.29540000000000105,1.7724597019500863
216.25,1.6875,0.2966999999999984,1.7802599646871562
216.25,1.7125000000000001,0.290200000000001,1.7412586510017434
216.25,1.7375,0.29000000000000103,1.7400586105806535
216.25,1.7625000000000002,0.27419999999999856,1.6452554173145206
216.25,1.7875,0.25960000000000094,1.5576524665749574
216.25,1.8125,0.27029999999999854,1.6218546291032634
216.25,1.8375000000000001,0.25600000000000095,1.5360517389953356
216.25,1.8625,0.23640000000000086,1.4184477777285052
216.25,1.8875000000000002,0.23129999999999878,1.3878467469906952
216.25,1.9125,0.22790000000000082,1.3674460598321756
216.25,1.9375,0.2214999999999988,1.3290447663572804
216.25,1.9625000000000001,0.21230000000000074,1.2738429069871473
216.25,1.9875,0.2055000000000007,1.2330415326700837
216.25,2.0125,0.19990000000000072,1.1994404008795607
216.25,2.0375,0.2050999999999971,1.2306414518278816
216.25,2.0625,0.21230000000000074,1.2738429069871473
216.25,2.0875000000000004,0.21400000000000075,1.2840432505664132
216.25,2.1125,0.2220000000000008,1.3320448674100176
216.25,2.1375,0.23620000000000083,1.4172477373074148
216.25,2.1625,0.2522999999999964,1.5138509912051417
216.25,2.1875,0.26460000000000095,1.58765347710221
216.25,2.2125000000000004,0.280100000000001,1.6806566097366933
216.25,2.2375,0.29340000000000105,1.7604592977391853
216.25,2.2625,0.30870000000000114,1.8522623899525785
216.25,2.2875,0.3322999999999953,1.9938671596411757
216.25,2.3125,0.35340000000000127,2.120471424066217
216.25,2.3375000000000004,0.38030000000000136,2.281876860702836
216.25,2.3625,0.4087000000000014,2.452282600497631
216.25,2.3875,0.42299999999999394,2.5380854906055283
216.25,2.4125000000000005,0.4566000000000016,2.7396922813487117
216.25,2.4375,0.4651000000000017,2.790693999245041
216.25,2.4625000000000004,0.48500000000000176,2.910098021143507
216.25,2.4875,0.5002000000000018,3.0013010931463544
216.25,2.5125,0.5140999999999927,3.084703902412062
216.25,2.5375000000000005,0.546600000000002,3.2797104708392593
216.25,2.5625,0.5572000000000019,3.3433126131570345
216.25,2.5875000000000004,0.560000000000002,3.3601131790522967
216.25,2.6125,0.5533000000000019,3.3199118249457773
216.25,2.6375,0.5795999999999918,3.477717140319065
216.25,2.6625000000000005,0.5592000000000019,3.3553130173679353
216.25,2.6875,0.570200000000002,3.4213152405278917
216.25,2.7125000000000004,0.5592000000000019,3.3553130173679353
216.25,2.7375,0.5369000000000019,3.221508510416389
216.25,2.7625,0.5370999999999924,3.222708550837422
216.25,2.7875000000000005,0.5254000000000019,3.152506186203708
216.25,2.8125,0.5121000000000018,3.0727034982012156
216.25,2.8375000000000004,0.49420000000000175,2.9652998805136512
216.25,2.8625,0.4934000000000018,2.960499718829291
216.25,2.8875,0.4582999999999935,2.7498926249279285
216.25,2.9125000000000005,0.4378000000000016,2.6268884817662417
216.25,2.9375,0.4398000000000015,2.6388888859771424
216.25,2.9625000000000004,0.41580000000000145,2.4948840354463298
216.25,2.9875,0.4028000000000015,2.4168814080754735
216.25,3.0125,0.3959999999999944,2.3760800337583676
216.25,3.0375000000000005,0.3718000000000013,2.2308751428065063
216.25,3.0625,0.35370000000000124,2.122271484697852
216.25,3.0875000000000004,0.3424000000000012,2.054469200906261
216.25,3.1125,0.3379000000000012,2.0274682914317337
216.25,3.1375,0.31889999999999546,1.9134644514281396
216.25,3.1625000000000005,0.31220000000000114,1.8732630973216553
216.25,3.1875,0.3156000000000011,1.893663784480187
216.25,3.2125000000000004,0.31820000000000115,1.9092643099543585
216.25,3.2375,0.3072000000000011,1.8432620867944025
216.25,3.2625,0.3005999999999957,1.8036607528983968
216.25,3.2875000000000005,0.30240000000000106,1.8144611166882398
216.25,3.3125,0.29000000000000103,1.7400586105806535
216.25,3.3375000000000004,0.293100000000001,1.75865923710755
216.25,3.3625,0.29370000000000107,1.7622593583708206
216.25,3.3875,0.3032999999999957,1.819861298583113
216.25,3.4125000000000005,0.30090000000000106,1.805460813530064
216.25,3.4375,0.3032000000000011,1.8192612783726003
216.25,3.4625000000000004,0.30580000000000107,1.8348618038467717
216.25,3.4875,0.30030000000000107,1.801860692266794
216.25,3.5125,0.2946999999999958,1.7682595604762394
216.25,3.5375000000000005,0.30150000000000104,1.8090609347933344
216.25,3.5625,0.29540000000000105,1.7724597019500863
216.25,3.5875000000000004,0.30390000000000106,1.8234614198464156
216.25,3.6125,0.3040000000000011,1.824061440056961
216.25,3.6375,0.2878999999999959,1.7274581861591765
216.25,3.6625000000000005,0.29270000000000107,1.75625915626537
216.25,3.6875,0.284600000000001,1.7076575192112207
216.25,3.7125000000000004,0.282800000000001,1.6968571554214096
216.25,3.7375,0.278900000000001,1.6734563672101526
216.25,3.7625,0.26919999999999616,1.6152544067872536
216.25,3.7875000000000005,0.26210000000000094,1.5726529718385838
216.25,3.8125,0.2556000000000009,1.533651658153155
216.25,3.8375000000000004,0.2298000000000008,1.3788464438325316
216.25,3.8625,0.24090000000000086,1.4454486872030325
216.25,3.8875,0.2310999999999967,1.3866467065695924
216.25,3.9125000000000005,0.21360000000000076,1.281643169724233
216.25,3.9375,0.2038000000000007,1.2228411890908177
216.25,3.9625000000000004,0.1961000000000007,1.1766396328788487
216.25,3.9875,0.1930000000000007,1.1580390063519521
216.25,4.0125,0.17399999999999752,1.0440351663483733
216.25,4.0375,0.1636000000000035,0.981633064451724
216.25,4.0625,0.15059999999999787,0.9036304370808337
216.25,4.0875,0.15029999999999785,0.9018303764491984
216.25,4.112500000000001,0.12720000000000273,0.763225707813321
216.25,4.1375,0.13199999999999812,0.7920266779194557
216.25,4.1625,0.11810000000000251,0.70862386865372
216.25,4.1875,0.1047999999999985,0.6288211806512043
216.25,4.2125,0.0989999999999986,0.5940200084395919
216.25,4.237500000000001,0.10020000000000213,0.6012202509661537
216.25,4.2625,0.08909999999999874,0.5346180075956326
216.25,4.2875,0.07920000000000169,0.47521600675169035
216.25,4.3125,0.07439999999999895,0.44641503664551146
216.25,4.3375,0.06699999999999905,0.4020135410651783
216.25,4.362500000000001,0.06400000000000136,0.3840129347488407
216.25,4.3875,0.05259999999999925,0.3156106307466922
216.25,4.4125,0.05260000000000112,0.3156106307467034
216.25,4.4375,0.04689999999999933,0.2814094787456248
216.25,4.4625,0.0422999999999994,0.2538085490605529
216.25,4.487500000000001,0.03940000000000084,0.23640796295475502
216.25,4.5125,0.03199999999999955,0.19200646737441354
216.25,4.5375,0.028500000000000608,0.17100576000534312
216.25,4.5625,0.025099999999999643,0.1506050728468056
216.25,4.5875,0.023399999999999668,0.14040472926753989
216.25,4.612500000000001,0.021700000000000462,0.1302043856882788
216.25,4.6375,0.01619999999999977,0.09720327410829685
216.25,4.6625,0.015600000000000332,0.09360315284502992
216.25,4.6875,0.01529999999999978,0.09180309221339145
216.25,4.7125,0.011699999999999834,0.07020236463376994
216.25,4.737500000000001,0.012100000000000256,0.07260244547595268
216.25,4.7625,0.01049999999999985,0.06300212210722943
216.25,4.7875000000000005,0.008099999999999885,0.048601637054148425
216.25,4.8125,0.007800000000000166,0.04680157642251496
216.25,4.8375,0.006799999999999904,0.04080137431706288
216.25,4.862500000000001,0.005300000000000113,0.03180107115888837
216.25,4.8875,0.004099999999999941,0.02460082863234673
216.25,4.9125000000000005,0.004499999999999936,0.027000909474526904
216.25,4.9375,0.005100000000000109,0.03060103073779824
216.25,4.9625,0.00279999999999996,0.01680056589526118
216.25,4.987500000000001,0.003900000000000083,0.02340078821125748
216.25,5.0125,0.003099999999999956,0.01860062652689631
216.25,5.0375000000000005,0.00279999999999996,0.01680056589526118
216.25,5.0625,0.0019000000000000405,0.011400384000356208
216.25,5.0875,0.0010999999999999845,0.006600222315995465
216.25,5.112500000000001,0.0011000000000000235,0.006600222315995699
216.25,5.1375,0.0014999999999999786,0.009000303158175633
216.25,5.1625000000000005,0.00139999999999998,0.00840028294763059
216.25,5.1875,0.0007000000000000148,0.0042001414738154445
216.25,5.2125,0.00039999999999999433,0.002400080842180169
216.25,5.237500000000001,0.0010000000000000213,0.006000202105450636
216.25,5.2625,0.00029999999999999575,0.0018000606316351268
216.25,5.2875000000000005,0.00039999999999999433,0.002400080842180169
216.25,5.3125,0.0003000000000000064,0.0018000606316351908
216.25,5.3375,0.0005999999999999915,0.0036001212632702537
216.25,5.362500000000001,0.0005000000000000106,0.003000101052725318
216.25,5.3875,0.00069999999999999,0.004200141473815295
216.25,5.4125000000000005,0.00029999999999999575,0.0018000606316351268
216.25,5.4375,0.0002000000000000043,0.0012000404210901273
216.25,5.4625,9.999999999999858e-05,0.0006000202105450423
216.25,5.487500000000001,0.00010000000000000215,0.0006000202105450636
216.25,5.5125,9.999999999999858e-05,0.0006000202105450423
216.25,5.5375000000000005,0.00019999999999999716,0.0012000404210900846
216.25,5.5625,0.00010000000000000215,0.0006000202105450636
216.25,5.5875,9.999999999999858e-05,0.0006000202105450423
216.25,5.612500000000001,0.0,0.0
216.25,5.6375,0.0,0.0
216.25,5.6625000000000005,0.00019999999999999716,0.0012000404210900846
216.25,5.6875,0.0,0.0
216.25,5.7125,0.0,0.0
216.25,5.737500000000001,0.0,0.0
216.25,5.7625,9.999999999999858e-05,0.0006000202105450423
216.25,5.7875000000000005,9.999999999999858e-05,0.0006000202105450423
216.25,5.8125,0.0,0.0
216.25,5.8375,0.0,0.0
216.25,5.862500000000001,0.0,0.0
216.25,5.8875,0.0,0.0
216.25,5.9125000000000005,0.0,0.0
216.25,5.9375,0.0,0.0
216.25,5.9625,0.0,0.0
216.25,5.987500000000001,0.0,0.0
216.25,6.0125,0.0,0.0
216.25,6.0375000000000005,0.0,0.0
216.25,6.0625,0.0,0.0
216.25,6.0875,0.0,0.0
216.25,6.112500000000001,0.0,0.0
216.25,6.1375,0.0,0.0
216.25,6.1625000000000005,0.0,0.0
216.25,6.1875,0.0,0.0
216.25,6.2125,0.0,0.0
216.25,6.237500000000001,0.0,0.0
216.25,6.2625,0.0,0.0
216.25,6.2875000000000005,0.0,0.0
216.25,6.3125,0.0,0.0
216.25,6.3375,0.0,0.0
216.25,6.362500000000001,0.0,0.0
216.25,6.3875,0.0,0.0
216.25,6.4125000000000005,0.0,0.0
216.25,6.4375,0.0,0.0
216.25,6.4625,0.0,0.0
216.25,6.487500000000001,0.0,0.0
216.25,6.5125,0.0,0.0
216.25,6.5375000000000005,0.0,0.0
216.25,6.5625,0.0,0.0
216.25,6.5875,0.0,0.0
216.25,6.612500000000001,0.0,0.0
216.25,6.6375,0.0,0.0
216.25,6.6625000000000005,0.0,0.0
216.25,6.6875,0.0,0.0
216.25,6.7125,0.0,0.0
216.25,6.737500000000001,0.0,0.0
216.25,6.7625,0.0,0.0
216.25,6.7875000000000005,0.0,0.0
216.25,6.8125,0.0,0.0
216.25,6.8375,0.0,0.0
216.25,6.862500000000001,0.0,0.0
216.25,6.8875,0.0,0.0
216.25,6.9125000000000005,0.0,0.0
216.25,6.9375,0.0,0.0
216.25,6.9625,0.0,0.0
216.25,6.987500000000001,0.0,0.0
218.75,0.0125,0.0,0.0
218.75,0.037500000000000006,0.0,0.0
218.75,0.0625,0.0,0.0
218.75,0.08750000000000001,0.0,0.0
218.75,0.1125,0.0003000000000000001,0.0015634849750889113
218.75,0.1375,0.0007999999999999994,0.00416929326690376
218.75,0.16250000000000003,0.0015000000000000002,0.007817424875444555
218.75,0.1875,0.0042000000000000015,0.021888789651244762
218.75,0.21250000000000002,0.007200000000000002,0.03752363940213387
218.75,0.2375,0.012500000000000002,0.06514520729537131
218.75,0.2625,0.022299999999999983,0.11621904981494229
218.75,0.28750000000000003,0.03139999999999997,0.1636447607259725
218.75,0.3125,0.04400000000000006,0.22931112967970724
218.75,0.3375,0.05679999999999995,0.29601982195016685
218.75,0.36250000000000004,0.07000000000000009,0.36481316085407967
218.75,0.3875,0.08399999999999992,0.43777579302489467
218.75,0.41250000000000003,0.09849999999999991,0.5133442334875252
218.75,0.4375,0.10750000000000014,0.5602487827401937
218.75,0.4625,0.12019999999999989,0.6264363133522898
218.75,0.48750000000000004,0.12130000000000016,0.6321690915942838
218.75,0.5125,0.12459999999999989,0.6493674263202605
218.75,0.5375000000000001,0.12689999999999987,0.6613541444626087
218.75,0.5625,0.11769999999999989,0.6134072718932154
218.75,0.5875000000000001,0.1091999999999999,0.569108530932363
218.75,0.6125,0.1110000000000004,0.5784894407828991
218.75,0.6375,0.10079999999999992,0.5253309516298736
218.75,0.6625000000000001,0.09389999999999993,0.4893707972028287
218.75,0.6875,0.08639999999999992,0.45028367282560594
218.75,0.7125000000000001,0.07769999999999994,0.4049426085480276
218.75,0.7375,0.06940000000000025,0.3616861909039027
218.75,0.7625,0.06539999999999994,0.3408397245693823
218.75,0.7875000000000001,0.05429999999999995,0.2829907804910926
218.75,0.8125,0.048099999999999955,0.25067875767258846
218.75,0.8375000000000001,0.042599999999999964,0.22201486646262517
218.75,0.8625,0.040900000000000145,0.2131551182704556
218.75,0.8875,0.03499999999999997,0.18240658042703944
218.75,0.9125000000000001,0.029499999999999974,0.1537426892170761
218.75,0.9375,0.029299999999999972,0.15270036590035016
218.75,0.9625000000000001,0.02299999999999998,0.11986718142348306
218.75,0.9875,0.02580000000000009,0.1344597078576468
218.75,1.0125000000000002,0.025299999999999868,0.1318538995658308
218.75,1.0375,0.02520000000000009,0.131332737907469
218.75,1.0625,0.0285000000000001,0.14853107263344706
218.75,1.0875,0.03029999999999984,0.15791198248397917
218.75,1.1125,0.032800000000000114,0.17094102394305485
218.75,1.1375000000000002,0.03929999999999979,0.20481653173664624
218.75,1.1625,0.04430000000000016,0.23087461465479667
218.75,1.1875,0.054199999999999714,0.2824696188327284
218.75,1.2125000000000001,0.06250000000000022,0.3257260364768576
218.75,1.2375,0.07470000000000027,0.3893077587971402
218.75,1.2625000000000002,0.08549999999999955,0.44559321790033724
218.75,1.2875,0.10030000000000036,0.5227251433380611
218.75,1.3125,0.11679999999999938,0.6087168169679461
218.75,1.3375000000000001,0.1379000000000005,0.7186819268825386
218.75,1.3625,0.15010000000000054,0.7822636492028212
218.75,1.3875000000000002,0.1678999999999991,0.8750304243914224
218.75,1.4125,0.18000000000000063,0.9380909850533499
218.75,1.4375,0.19729999999999895,1.028251951950135
218.75,1.4625000000000001,0.20940000000000075,1.0913125126120637
218.75,1.4875,0.23350000000000082,1.21691247227754
218.75,1.5125000000000002,0.2477999999999987,1.2914385894234335
218.75,1.5375,0.2566000000000009,1.3373008153593864
218.75,1.5625,0.2694999999999986,1.4045306692881976
218.75,1.5875000000000001,0.279100000000001,1.4545621884910553
218.75,1.6125,0.277400000000001,1.4457024402988847
218.75,1.6375000000000002,0.27689999999999854,1.443096632007057
218.75,1.6625,0.287200000000001,1.4967762828184559
218.75,1.6875,0.28859999999999847,1.5040725460355244
218.75,1.7125000000000001,0.28310000000000096,1.475408654825574
218.75,1.7375,0.26610000000000095,1.386811172903869
218.75,1.7625000000000002,0.2760999999999985,1.4389273387401533
218.75,1.7875,0.268700000000001,1.4003613760213063
218.75,1.8125,0.2641999999999986,1.3769091013949604
218.75,1.8375000000000001,0.24390000000000084,1.271113284747289
218.75,1.8625,0.23660000000000084,1.233068483686792
218.75,1.8875000000000002,0.24009999999999873,1.251309141729485
218.75,1.9125,0.22720000000000082,1.1840792878006727
218.75,1.9375,0.22269999999999882,1.1606270131743286
218.75,1.9625000000000001,0.21980000000000077,1.1455133250818128
218.75,1.9875,0.21380000000000077,1.1142436255800345
218.75,2.0125,0.21340000000000078,1.1121589789465827
218.75,2.0375,0.22099999999999687,1.151767264982148
218.75,2.0625,0.2232000000000008,1.1632328214661538
218.75,2.0875000000000004,0.22020000000000078,1.1475979717152647
218.75,2.1125,0.23070000000000082,1.2023199458433769
218.75,2.1375,0.24710000000000087,1.2877904578149042
218.75,2.1625,0.24689999999999648,1.2867481344981553
218.75,2.1875,0.27070000000000094,1.4107846091885654
218.75,2.2125000000000004,0.284400000000001,1.4821837563842928
218.75,2.2375,0.2985000000000011,1.555667550213472
218.75,2.2625,0.3186000000000011,1.660421043544429
218.75,2.2875,0.3441999999999951,1.7938384280853183
218.75,2.3125,0.35540000000000127,1.8522085338220031
218.75,2.3375000000000004,0.37670000000000137,1.9632159670533162
218.75,2.3625,0.4069000000000014,2.1206067878789336
218.75,2.3875,0.4300999999999939,2.2415162926191035
218.75,2.4125000000000005,0.44630000000000164,2.325944481273945
218.75,2.4375,0.46780000000000166,2.4379942378219837
218.75,2.4625000000000004,0.4711000000000017,2.4551925725479617
218.75,2.4875,0.5011000000000018,2.6115410700568535
218.75,2.5125,0.5266999999999925,2.7449584545977257
218.75,2.5375000000000005,0.5255000000000019,2.7387045146974187
218.75,2.5625,0.5363000000000019,2.7949899738006194
218.75,2.5875000000000004,0.5361000000000019,2.7939476504838936
218.75,2.6125,0.542700000000002,2.8283443199358502
218.75,2.6375,0.5496999999999922,2.864825636021207
218.75,2.6625000000000005,0.5524000000000019,2.878897000797058
218.75,2.6875,0.541600000000002,2.8226115416938575
218.75,2.7125000000000004,0.543500000000002,2.832513613202754
218.75,2.7375,0.5371000000000019,2.7991592670675236
218.75,2.7625,0.5392999999999923,2.810624823551459
218.75,2.7875000000000005,0.5133000000000019,2.6751227923771363
218.75,2.8125,0.5052000000000019,2.632908698049736
218.75,2.8375000000000004,0.5066000000000017,2.6402049612668166
218.75,2.8625,0.4809000000000017,2.5062664150675333
218.75,2.8875,0.46719999999999334,2.4348672678717627
218.75,2.9125000000000005,0.45700000000000157,2.3817087787187825
218.75,2.9375,0.43690000000000156,2.2769552853878254
218.75,2.9625000000000004,0.43200000000000155,2.25141836412804
218.75,2.9875,0.41130000000000144,2.1435379008469044
218.75,3.0125,0.3959999999999944,2.0638001671173334
218.75,3.0375000000000005,0.3914000000000014,2.039826730832673
218.75,3.0625,0.37280000000000135,1.9428906623771602
218.75,3.0875000000000004,0.3626000000000013,1.8897321732241372
218.75,3.1125,0.34340000000000126,1.7896691348184466
218.75,3.1375,0.3252999999999954,1.6953388746547187
218.75,3.1625000000000005,0.3194000000000012,1.6645903368113333
218.75,3.1875,0.32070000000000115,1.6713654383700518
218.75,3.2125000000000004,0.3080000000000011,1.6051779077579542
218.75,3.2375,0.30090000000000106,1.5681754300141832
218.75,3.2625,0.30879999999999563,1.6093472010248295
218.75,3.2875000000000005,0.3093000000000011,1.6119530093166727
218.75,3.3125,0.30600000000000105,1.5947546745906946
218.75,3.3375000000000004,0.3047000000000011,1.5879795730319761
218.75,3.3625,0.30280000000000107,1.5780775015230797
218.75,3.3875,0.30559999999999565,1.5926700279572146
218.75,3.4125000000000005,0.3047000000000011,1.5879795730319761
218.75,3.4375,0.2986000000000011,1.556188711871835
218.75,3.4625000000000004,0.287800000000001,1.4999032527686338
218.75,3.4875,0.2961000000000011,1.5431596704127608
218.75,3.5125,0.2940999999999958,1.532736437245474
218.75,3.5375000000000005,0.287600000000001,1.498860929451908
218.75,3.5625,0.295700000000001,1.5410750237793085
218.75,3.5875000000000004,0.295700000000001,1.5410750237793085
218.75,3.6125,0.29170000000000107,1.52022855744479
218.75,3.6375,0.2952999999999958,1.5389903771458293
218.75,3.6625000000000005,0.276400000000001,1.440490823715255
218.75,3.6875,0.29540000000000105,1.5395115388042198
218.75,3.7125000000000004,0.27450000000000097,1.4305887522063585
218.75,3.7375,0.2643000000000009,1.3774302630533353
218.75,3.7625,0.27129999999999616,1.4139115791387185
218.75,3.7875000000000005,0.26160000000000094,1.3633588982775353
218.75,3.8125,0.2491000000000009,1.2982136909821638
218.75,3.8375000000000004,0.2529000000000009,1.3180178339999566
218.75,3.8625,0.2308000000000008,1.2028411075017398
218.75,3.8875,0.21879999999999689,1.1403017084981628
218.75,3.9125000000000005,0.21550000000000077,1.1231033737722051
218.75,3.9375,0.1996000000000007,1.0402386700924924
218.75,3.9625000000000004,0.19800000000000073,1.0319000835586851
218.75,3.9875,0.18680000000000066,0.973529977822032
218.75,4.0125,0.18089999999999742,0.9427814399785999
218.75,4.0375,0.16350000000000348,0.8520993114234746
218.75,4.0625,0.15669999999999779,0.816660318654763
218.75,4.0875,0.14459999999999795,0.7535997579928444
218.75,4.112500000000001,0.14650000000000313,0.7635018295017678
218.75,4.1375,0.13549999999999807,0.7061740470818146
218.75,4.1625,0.12360000000000262,0.644155809736645
218.75,4.1875,0.11149999999999842,0.5810952490747037
218.75,4.2125,0.11509999999999836,0.5998570687757703
218.75,4.237500000000001,0.0984000000000021,0.5128230718291737
218.75,4.2625,0.09029999999999871,0.4706089775017555
218.75,4.2875,0.08510000000000181,0.4435085712668972
218.75,4.3125,0.07249999999999897,0.3778422023131481
218.75,4.3375,0.06599999999999906,0.34396669451955547
218.75,4.362500000000001,0.06570000000000141,0.34240320954447884
218.75,4.3875,0.05809999999999917,0.30279492350888143
218.75,4.4125,0.05250000000000112,0.27360987064056524
218.75,4.4375,0.05509999999999922,0.2871600737579926
218.75,4.4625,0.04329999999999938,0.2256629980711629
218.75,4.487500000000001,0.04170000000000089,0.21732441153736326
218.75,4.5125,0.03769999999999946,0.196477945202837
218.75,4.5375,0.03170000000000068,0.16520824570106513
218.75,4.5625,0.0281999999999996,0.14696758765835555
218.75,4.5875,0.026599999999999624,0.13862900112454815
218.75,4.612500000000001,0.02390000000000051,0.12455763634875257
218.75,4.6375,0.02039999999999971,0.10631697830604443
218.75,4.6625,0.017200000000000368,0.0896398052384328
218.75,4.6875,0.01609999999999977,0.08390702699643703
218.75,4.7125,0.01539999999999978,0.08025889538789628
218.75,4.737500000000001,0.012300000000000262,0.06410288397864672
218.75,4.7625,0.011099999999999843,0.05784894407828888
218.75,4.7875000000000005,0.010599999999999849,0.055243135786474065
218.75,4.8125,0.008100000000000173,0.042214094327401495
218.75,4.8375,0.007999999999999887,0.041692932669037036
218.75,4.862500000000001,0.007100000000000151,0.03700247774377168
218.75,4.8875,0.006099999999999913,0.03179086116014073
218.75,4.9125000000000005,0.004499999999999936,0.02345227462633333
218.75,4.9375,0.004800000000000103,0.02501575960142311
218.75,4.9625,0.004499999999999936,0.02345227462633333
218.75,4.987500000000001,0.004000000000000085,0.020846466334519257
218.75,5.0125,0.003099999999999956,0.01615601140925185
218.75,5.0375000000000005,0.004099999999999941,0.02136762799288148
218.75,5.0625,0.0018000000000000385,0.009380909850533666
218.75,5.0875,0.001999999999999972,0.010423233167259259
218.75,5.112500000000001,0.0017000000000000363,0.008859748192170685
218.75,5.1375,0.000999999999999986,0.0052116165836296295
218.75,5.1625000000000005,0.002399999999999966,0.01250787980071111
218.75,5.1875,0.0013000000000000277,0.006775101558718758
218.75,5.2125,0.0007999999999999887,0.004169293266903703
218.75,5.237500000000001,0.0002000000000000043,0.001042323316725963
218.75,5.2625,0.0010999999999999845,0.005732778241992593
218.75,5.2875000000000005,0.00069999999999999,0.00364813160854074
218.75,5.3125,0.0008000000000000172,0.004169293266903852
218.75,5.3375,0.00039999999999999433,0.0020846466334518516
218.75,5.362500000000001,0.0004000000000000086,0.002084646633451926
218.75,5.3875,0.00019999999999999716,0.0010423233167259258
218.75,5.4125000000000005,0.0005999999999999915,0.0031269699501777774
218.75,5.4375,0.0004000000000000086,0.002084646633451926
218.75,5.4625,0.00019999999999999716,0.0010423233167259258
218.75,5.487500000000001,0.0002000000000000043,0.001042323316725963
218.75,5.5125,0.00039999999999999433,0.0020846466334518516
218.75,5.5375000000000005,0.00019999999999999716,0.0010423233167259258
218.75,5.5625,0.0,0.0
218.75,5.5875,0.0,0.0
218.75,5.612500000000001,0.0,0.0
218.75,5.6375,0.0,0.0
218.75,5.6625000000000005,0.0,0.0
218.75,5.6875,0.0002000000000000043,0.001042323316725963
218.75,5.7125,0.0,0.0
218.75,5.737500000000001,0.0,0.0
218.75,5.7625,0.0,0.0
218.75,5.7875000000000005,0.0,0.0
218.75,5.8125,0.0,0.0
218.75,5.8375,0.0,0.0
218.75,5.862500000000001,0.0,0.0
218.75,5.8875,0.0,0.0
218.75,5.9125000000000005,9.999999999999858e-05,0.0005211616583629629
218.75,5.9375,0.0,0.0
218.75,5.9625,0.0,0.0
218.75,5.987500000000001,0.0,0.0
218.75,6.0125,0.0,0.0
218.75,6.0375000000000005,0.0,0.0
218.75,6.0625,0.0,0.0
218.75,6.0875,0.0,0.0
218.75,6.112500000000001,0.0,0.0
218.75,6.1375,0.0,0.0
218.75,6.1625000000000005,0.0,0.0
218.75,6.1875,0.0,0.0
218.75,6.2125,0.0,0.0
218.75,6.237500000000001,0.0,0.0
218.75,6.2625,0.0,0.0
218.75,6.2875000000000005,0.0,0.0
218.75,6.3125,0.0,0.0
218.75,6.3375,0.0,0.0
218.75,6.362500000000001,0.0,0.0
218.75,6.3875,0.0,0.0
218.75,6.4125000000000005,0.0,0.0
218.75,6.4375,0.0,0.0
218.75,6.4625,0.0,0.0
218.75,6.487500000000001,0.0,0.0
218.75,6.5125,0.0,0.0
218.75,6.5375000000000005,0.0,0.0
218.75,6.5625,0.0,0.0
218.75,6.5875,0.0,0.0
218.75,6.612500000000001,0.0,0.0
218.75,6.6375,0.0,0.0
218.75,6.6625000000000005,0.0,0.0
218.75,6.6875,0.0,0.0
218.75,6.7125,0.0,0.0
218.75,6.737500000000001,0.0,0.0
218.75,6.7625,0.0,0.0
218.75,6.7875000000000005,0.0,0.0
218.75,6.8125,0.0,0.0
218.75,6.8375,0.0,0.0
218.75,6.862500000000001,0.0,0.0
218.75,6.8875,0.0,0.0
218.75,6.9125000000000005,0.0,0.0
218.75,6.9375,0.0,0.0
218.75,6.9625,0.0,0.0
218.75,6.987500000000001,0.0,0.0
221.25,0.0125,0.0,0.0
221.25,0.037500000000000006,0.0,0.0
221.25,0.0625,0.0,0.0
221.25,0.08750000000000001,0.00010000000000000003,0.00045481124734903585
221.25,0.1125,0.00010000000000000003,0.00045481124734903585
221.25,0.1375,0.0005999999999999995,0.002728867484094212
221.25,0.16250000000000003,0.0020000000000000005,0.009096224946980716
221.25,0.1875,0.003600000000000001,0.01637320490456529
221.25,0.21250000000000002,0.008300000000000002,0.03774933352996997
221.25,0.2375,0.013100000000000002,0.059580273402723684
221.25,0.2625,0.02359999999999998,0.10733545437437232
221.25,0.28750000000000003,0.03289999999999997,0.1496329003778326
221.25,0.3125,0.044100000000000056,0.200571760080925
221.25,0.3375,0.05659999999999995,0.25742316599955395
221.25,0.36250000000000004,0.0708000000000001,0.3220063631231177
221.25,0.3875,0.08399999999999992,0.3820414477731896
221.25,0.41250000000000003,0.09309999999999992,0.42342927128195185
221.25,0.4375,0.11040000000000014,0.5021116170733361
221.25,0.4625,0.11469999999999989,0.5216685007093435
221.25,0.48750000000000004,0.11640000000000014,0.5294002919142782
221.25,0.5125,0.11769999999999989,0.5353128381298145
221.25,0.5375000000000001,0.1198999999999999,0.5453186855714933
221.25,0.5625,0.12279999999999988,0.5585082117446153
221.25,0.5875000000000001,0.1168999999999999,0.5316743481510223
221.25,0.6125,0.10600000000000037,0.4820999221899795
221.25,0.6375,0.1022999999999999,0.46527190603806307
221.25,0.6625000000000001,0.09359999999999992,0.42570332751869705
221.25,0.6875,0.09339999999999991,0.42479370502399894
221.25,0.7125000000000001,0.07939999999999992,0.36112013039513396
221.25,0.7375,0.07660000000000028,0.3483854154693626
221.25,0.7625,0.061999999999999944,0.2819829733564019
221.25,0.7875000000000001,0.056499999999999946,0.2569683547522049
221.25,0.8125,0.05089999999999995,0.23149892490065896
221.25,0.8375000000000001,0.04399999999999996,0.20011694883357553
221.25,0.8625,0.03860000000000014,0.1755571414767284
221.25,0.8875,0.037499999999999964,0.17055421775588822
221.25,0.9125000000000001,0.03269999999999997,0.14872327788313455
221.25,0.9375,0.030999999999999972,0.14099148667820094
221.25,0.9625000000000001,0.029999999999999975,0.1364433742047106
221.25,0.9875,0.0281000000000001,0.1278019605050795
221.25,1.0125000000000002,0.025399999999999867,0.11552205682665447
221.25,1.0375,0.024300000000000085,0.11051913310581606
221.25,1.0625,0.028600000000000105,0.13007601674182467
221.25,1.0875,0.03459999999999982,0.15736469158276553
221.25,1.1125,0.04030000000000014,0.18328893268166202
221.25,1.1375000000000002,0.04339999999999977,0.19738808134948044
221.25,1.1625,0.05050000000000018,0.2296796799112638
221.25,1.1875,0.0577999999999997,0.26288090096774125
221.25,1.2125000000000001,0.06950000000000024,0.3160938169075809
221.25,1.2375,0.07520000000000027,0.34201805800647606
221.25,1.2625000000000002,0.09509999999999949,0.4325254962289306
221.25,1.2875,0.10370000000000038,0.4716392635009517
221.25,1.3125,0.11769999999999936,0.5353128381298121
221.25,1.3375000000000001,0.13000000000000045,0.5912546215537484
221.25,1.3625,0.14980000000000054,0.6813072485288579
221.25,1.3875000000000002,0.16119999999999912,0.7331557307266415
221.25,1.4125,0.17810000000000062,0.8100188315286354
221.25,1.4375,0.19759999999999894,0.8987070247616897
221.25,1.4625000000000001,0.20760000000000076,0.9441881494966016
221.25,1.4875,0.2246000000000008,1.0215060615459377
221.25,1.5125000000000002,0.23759999999999873,1.080631523701303
221.25,1.5375,0.2442000000000009,1.1106490660263493
221.25,1.5625,0.2590999999999986,1.1784159418813451
221.25,1.5875000000000001,0.2599000000000009,1.1820544318601478
221.25,1.6125,0.27250000000000096,1.2393606490261266
221.25,1.6375000000000002,0.2786999999999985,1.2675589463617556
221.25,1.6625,0.279200000000001,1.2698330025985123
221.25,1.6875,0.2883999999999985,1.3116756373546121
221.25,1.7125000000000001,0.26650000000000096,1.2120719741851844
221.25,1.7375,0.274700000000001,1.2493664964678055
221.25,1.7625000000000002,0.26969999999999855,1.2266259341003427
221.25,1.7875,0.26460000000000095,1.2034305604855526
221.25,1.8125,0.2626999999999986,1.1947891467859104
221.25,1.8375000000000001,0.24690000000000087,1.122928969704773
221.25,1.8625,0.2550000000000009,1.1597686807400451
221.25,1.8875000000000002,0.23619999999999872,1.0742641662384165
221.25,1.9125,0.23530000000000081,1.0701708650122848
221.25,1.9375,0.23549999999999877,1.0710804875069735
221.25,1.9625000000000001,0.23040000000000083,1.047885113892182
221.25,1.9875,0.2224000000000008,1.011500214104259
221.25,2.0125,0.21710000000000076,0.9873952179947599
221.25,2.0375,0.22979999999999673,1.045156246408069
221.25,2.0625,0.22610000000000083,1.0283282302561734
221.25,2.0875000000000004,0.23510000000000084,1.0692612425175867
221.25,2.1125,0.23840000000000086,1.084270013680105
221.25,2.1375,0.2552000000000009,1.1606783032347432
221.25,2.1625,0.25959999999999633,1.18068999811808
221.25,2.1875,0.276300000000001,1.2566434764253902
221.25,2.2125000000000004,0.288200000000001,1.3107660148599254
221.25,2.2375,0.29890000000000105,1.3594308183262724
221.25,2.2625,0.3206000000000011,1.4581248590010134
221.25,2.2875,0.3485999999999951,1.585472008258716
221.25,2.3125,0.35200000000000126,1.6009355906686114
221.25,2.3375000000000004,0.3693000000000013,1.6796179364599946
221.25,2.3625,0.3950000000000014,1.7965044270286974
221.25,2.3875,0.42599999999999394,1.9374959137068644
221.25,2.4125000000000005,0.43490000000000156,1.9779741147209633
221.25,2.4375,0.4588000000000016,2.086674002837383
221.25,2.4625000000000004,0.46650000000000164,2.121694468883259
221.25,2.4875,0.4814000000000017,2.1894613447382656
221.25,2.5125,0.4963999999999929,2.257683031840581
221.25,2.5375000000000005,0.5178000000000018,2.355012638773315
221.25,2.5625,0.5185000000000018,2.3581963175047584
221.25,2.5875000000000004,0.5300000000000019,2.410499610949898
221.25,2.6125,0.5231000000000019,2.3791176348828142
221.25,2.6375,0.5388999999999924,2.4509778119639187
221.25,2.6625000000000005,0.5390000000000019,2.451432623211311
221.25,2.6875,0.5221000000000019,2.374569522409324
221.25,2.7125000000000004,0.5386000000000019,2.4496133782219145
221.25,2.7375,0.5122000000000019,2.3295432089217694
221.25,2.7625,0.5089999999999928,2.3149892490065587
221.25,2.7875000000000005,0.5019000000000018,2.282697650444818
221.25,2.8125,0.49940000000000173,2.2713273692610922
221.25,2.8375000000000004,0.4839000000000017,2.2008316259219916
221.25,2.8625,0.4831000000000017,2.1971931359431993
221.25,2.8875,0.47989999999999317,2.1826391760279913
221.25,2.9125000000000005,0.4456000000000016,2.0266389181873103
221.25,2.9375,0.4458000000000016,2.0275485406820084
221.25,2.9625000000000004,0.42990000000000156,1.9552335523535116
221.25,2.9875,0.40300000000000147,1.8328893268166204
221.25,3.0125,0.4045999999999943,1.8401663067741725
221.25,3.0375000000000005,0.38700000000000134,1.7601195272407741
221.25,3.0625,0.38070000000000137,1.731466418657785
221.25,3.0875000000000004,0.3737000000000013,1.6996296313433523
221.25,3.1125,0.3597000000000013,1.6359560567144873
221.25,3.1375,0.3434999999999951,1.5622766346439152
221.25,3.1625000000000005,0.33370000000000116,1.5177051324037374
221.25,3.1875,0.33870000000000117,1.540445694771189
221.25,3.2125000000000004,0.3195000000000011,1.453121935280174
221.25,3.2375,0.32080000000000114,1.4590344814957117
221.25,3.2625,0.3083999999999956,1.402637886824406
221.25,3.2875000000000005,0.31320000000000114,1.424468826697185
221.25,3.3125,0.2961000000000011,1.3466961034004996
221.25,3.3375000000000004,0.30600000000000105,1.391722416888054
221.25,3.3625,0.29630000000000106,1.3476057258951977
221.25,3.3875,0.3004999999999957,1.3667077982838327
221.25,3.4125000000000005,0.2996000000000011,1.3626144970577159
221.25,3.4375,0.2976000000000011,1.353518272110735
221.25,3.4625000000000004,0.3083000000000011,1.4021830755770819
221.25,3.4875,0.29600000000000104,1.3462412921531504
221.25,3.5125,0.29869999999999575,1.3585211958315502
221.25,3.5375000000000005,0.29340000000000105,1.3344161997220754
221.25,3.5625,0.292600000000001,1.3307777097432831
221.25,3.5875000000000004,0.29440000000000105,1.3389643121955659
221.25,3.6125,0.294100000000001,1.3375998784535186
221.25,3.6375,0.29369999999999585,1.335780633464099
221.25,3.6625000000000005,0.279800000000001,1.2725618700826065
221.25,3.6875,0.27520000000000094,1.2516405527045504
221.25,3.7125000000000004,0.27410000000000095,1.246637628983711
221.25,3.7375,0.27060000000000095,1.2307192353264949
221.25,3.7625,0.26379999999999626,1.199792070506739
221.25,3.7875000000000005,0.2536000000000009,1.1534013232771585
221.25,3.8125,0.25120000000000087,1.1424858533407816
221.25,3.8375000000000004,0.2283000000000008,1.0383340776978522
221.25,3.8625,0.2302000000000008,1.0469754913974838
221.25,3.8875,0.2256999999999968,1.026508985266759
221.25,3.9125000000000005,0.21310000000000076,0.9692027681007985
221.25,3.9375,0.20680000000000073,0.9405496595178091
221.25,3.9625000000000004,0.1996000000000007,0.9078032497086784
221.25,3.9875,0.18940000000000065,0.8614125024790765
221.25,4.0125,0.18099999999999744,0.8232083577017429
221.25,4.0375,0.16650000000000356,0.7572607268361606
221.25,4.0625,0.15789999999999774,0.718146959564117
221.25,4.0875,0.14829999999999788,0.6744850798186103
221.25,4.112500000000001,0.14820000000000316,0.6740302685712852
221.25,4.1375,0.1268999999999982,0.5771554728859182
221.25,4.1625,0.12770000000000273,0.580793962864731
221.25,4.1875,0.12419999999999824,0.5648755692074944
221.25,4.2125,0.10219999999999854,0.4648170947907078
221.25,4.237500000000001,0.10320000000000219,0.4693652072642148
221.25,4.2625,0.09299999999999867,0.4229744600345971
221.25,4.2875,0.08680000000000185,0.39477616269897137
221.25,4.3125,0.0845999999999988,0.3847703152572787
221.25,4.3375,0.07339999999999895,0.3338314555541874
221.25,4.362500000000001,0.06860000000000147,0.31200051568144516
221.25,4.3875,0.0628999999999991,0.2860762745825393
221.25,4.4125,0.061700000000001316,0.280618539614361
221.25,4.4375,0.05479999999999922,0.249236563547268
221.25,4.4625,0.046499999999999334,0.21148723001729855
221.25,4.487500000000001,0.047500000000001014,0.21603534249079656
221.25,4.5125,0.04079999999999942,0.18556298891840392
221.25,4.5375,0.036300000000000776,0.16509648278770347
221.25,4.5625,0.03199999999999955,0.14553959915168938
221.25,4.5875,0.03079999999999956,0.140081864183501
221.25,4.612500000000001,0.024200000000000513,0.11006432185846897
221.25,4.6375,0.02199999999999969,0.10005847441678645
221.25,4.6625,0.02230000000000048,0.10142290815883714
221.25,4.6875,0.017999999999999745,0.08186602452282526
221.25,4.7125,0.019199999999999728,0.08732375949101362
221.25,4.737500000000001,0.014900000000000318,0.06776687585500776
221.25,4.7625,0.012499999999999822,0.05685140591862865
221.25,4.7875000000000005,0.012799999999999818,0.05821583966067574
221.25,4.8125,0.010700000000000228,0.048664803466347856
221.25,4.8375,0.00919999999999987,0.04184263475611069
221.25,4.862500000000001,0.007800000000000166,0.03547527729322554
221.25,4.8875,0.008099999999999885,0.036839711035271366
221.25,4.9125000000000005,0.006799999999999904,0.030927164819733993
221.25,4.9375,0.00610000000000013,0.027743486088291767
221.25,4.9625,0.004999999999999929,0.02274056236745146
221.25,4.987500000000001,0.0047000000000001,0.02137612862540513
221.25,5.0125,0.004299999999999938,0.019556883636008254
221.25,5.0375000000000005,0.0036999999999999473,0.01682801615191408
221.25,5.0625,0.0031000000000000662,0.014099148667820407
221.25,5.0875,0.0026999999999999615,0.01227990367842379
221.25,5.112500000000001,0.0033000000000000702,0.015008771162518498
221.25,5.1375,0.003099999999999956,0.014099148667819906
221.25,5.1625000000000005,0.0020999999999999704,0.009551036194329615
221.25,5.1875,0.0013000000000000277,0.00591254621553759
221.25,5.2125,0.000999999999999986,0.004548112473490293
221.25,5.237500000000001,0.0014000000000000297,0.006367357462886635
221.25,5.2625,0.0007999999999999887,0.003638489978792234
221.25,5.2875000000000005,0.0007999999999999887,0.003638489978792234
221.25,5.3125,0.0007000000000000148,0.0031836787314433175
221.25,5.3375,0.000499999999999993,0.0022740562367451465
221.25,5.362500000000001,0.0004000000000000086,0.0018192449893961818
221.25,5.3875,0.0007999999999999887,0.003638489978792234
221.25,5.4125000000000005,0.00039999999999999433,0.001819244989396117
221.25,5.4375,0.0008000000000000172,0.0036384899787923635
221.25,5.4625,0.00029999999999999575,0.0013644337420470878
221.25,5.487500000000001,0.0002000000000000043,0.0009096224946980909
221.25,5.5125,9.999999999999858e-05,0.00045481124734902923
221.25,5.5375000000000005,0.0,0.0
221.25,5.5625,0.00010000000000000215,0.00045481124734904544
221.25,5.5875,9.999999999999858e-05,0.00045481124734902923
221.25,5.612500000000001,0.0003000000000000064,0.0013644337420471364
221.25,5.6375,0.00019999999999999716,0.0009096224946980585
221.25,5.6625000000000005,0.0,0.0
221.25,5.6875,0.00010000000000000215,0.00045481124734904544
221.25,5.7125,9.999999999999858e-05,0.00045481124734902923
221.25,5.737500000000001,0.0002000000000000043,0.0009096224946980909
221.25,5.7625,0.0,0.0
221.25,5.7875000000000005,0.0,0.0
221.25,5.8125,0.00010000000000000215,0.00045481124734904544
221.25,5.8375,0.0,0.0
221.25,5.862500000000001,0.0,0.0
221.25,5.8875,0.0,0.0
221.25,5.9125000000000005,0.0,0.0
221.25,5.9375,0.0,0.0
221.25,5.9625,0.0,0.0
221.25,5.987500000000001,0.0,0.0
221.25,6.0125,0.0,0.0
221.25,6.0375000000000005,0.0,0.0
221.25,6.0625,0.0,0.0
221.25,6.0875,0.0,0.0
221.25,6.112500000000001,0.0,0.0
221.25,6.1375,0.0,0.0
221.25,6.1625000000000005,0.0,0.0
221.25,6.1875,0.0,0.0
221.25,6.2125,0.0,0.0
221.25,6.237500000000001,0.0,0.0
221.25,6.2625,0.0,0.0
221.25,6.2875000000000005,0.0,0.0
221.25,6.3125,0.0,0.0
221.25,6.3375,0.0,0.0
221.25,6.362500000000001,0.0,0.0
221.25,6.3875,0.0,0.0
221.25,6.4125000000000005,0.0,0.0
221.25,6.4375,0.0,0.0
221.25,6.4625,0.0,0.0
221.25,6.487500000000001,0.0,0.0
221.25,6.5125,0.0,0.0
221.25,6.5375000000000005,0.0,0.0
221.25,6.5625,0.0,0.0
221.25,6.5875,0.0,0.0
221.25,6.612500000000001,0.0,0.0
221.25,6.6375,0.0,0.0
221.25,6.6625000000000005,0.0,0.0
221.25,6.6875,0.0,0.0
221.25,6.7125,0.0,0.0
221.25,6.737500000000001,0.0,0.0
221.25,6.7625,0.0,0.0
221.25,6.7875000000000005,0.0,0.0
221.25,6.8125,0.0,0.0
221.25,6.8375,0.0,0.0
221.25,6.862500000000001,0.0,0.0
221.25,6.8875,0.0,0.0
221.25,6.9125000000000005,0.0,0.0
221.25,6.9375,0.0,0.0
221.25,6.9625,0.0,0.0
221.25,6.987500000000001,0.0,0.0
223.75,0.0125,0.0,0.0
223.75,0.037500000000000006,0.0,0.0
223.75,0.0625,0.0,0.0
223.75,0.08750000000000001,0.00010000000000000003,0.00039880757221743467
223.75,0.1125,0.00040000000000000013,0.0015952302888697387
223.75,0.1375,0.0013999999999999987,0.0055833060110440785
223.75,0.16250000000000003,0.0019000000000000004,0.007577343872131258
223.75,0.1875,0.004900000000000001,0.019541571038654296
223.75,0.21250000000000002,0.009400000000000002,0.037487911788438855
223.75,0.2375,0.012700000000000003,0.050648561671614196
223.75,0.2625,0.022699999999999977,0.09052931889335755
223.75,0.28750000000000003,0.03199999999999997,0.12761842310957894
223.75,0.3125,0.04250000000000006,0.16949321819240992
223.75,0.3375,0.053099999999999946,0.21176682084745752
223.75,0.36250000000000004,0.06630000000000008,0.2644094203801594
223.75,0.3875,0.07939999999999992,0.3166532123406427
223.75,0.41250000000000003,0.09129999999999991,0.36411131343451736
223.75,0.4375,0.10450000000000013,0.41675391296721964
223.75,0.4625,0.10959999999999989,0.4370930991503078
223.75,0.48750000000000004,0.11350000000000016,0.45264659446678884
223.75,0.5125,0.11429999999999989,0.45583705504452726
223.75,0.5375000000000001,0.1140999999999999,0.4550394399000924
223.75,0.5625,0.11809999999999989,0.47099174278878975
223.75,0.5875000000000001,0.10679999999999991,0.42592648712821973
223.75,0.6125,0.11010000000000039,0.439087137011397
223.75,0.6375,0.1008999999999999,0.4023968403673911
223.75,0.6625000000000001,0.09409999999999992,0.3752779254566056
223.75,0.6875,0.08669999999999993,0.34576616511251546
223.75,0.7125000000000001,0.07799999999999993,0.3110699063295987
223.75,0.7375,0.06800000000000024,0.27118914910785646
223.75,0.7625,0.06169999999999995,0.24606427205815692
223.75,0.7875000000000001,0.057799999999999956,0.230510776741677
223.75,0.8125,0.050499999999999955,0.20139782396980427
223.75,0.8375000000000001,0.048799999999999955,0.19461809524210788
223.75,0.8625,0.04150000000000015,0.16550514247023593
223.75,0.8875,0.04129999999999996,0.16470752732580032
223.75,0.9125000000000001,0.036099999999999965,0.14396953357049375
223.75,0.9375,0.030999999999999972,0.1236303473874046
223.75,0.9625000000000001,0.029899999999999975,0.11924346409301283
223.75,0.9875,0.028700000000000104,0.11445777322640413
223.75,1.0125000000000002,0.02769999999999985,0.11046969750422878
223.75,1.0375,0.03050000000000011,0.12163630952631797
223.75,1.0625,0.03050000000000011,0.12163630952631797
223.75,1.0875,0.032699999999999826,0.13041007611510042
223.75,1.1125,0.03670000000000013,0.146362379003799
223.75,1.1375000000000002,0.047299999999999745,0.18863598165884551
223.75,1.1625,0.05290000000000019,0.21096920570302363
223.75,1.1875,0.05999999999999968,0.23928454333045945
223.75,1.2125000000000001,0.06570000000000023,0.26201657494685543
223.75,1.2375,0.07990000000000029,0.31864725020173135
223.75,1.2625000000000002,0.09039999999999951,0.3605220452845589
223.75,1.2875,0.1110000000000004,0.442676405161354
223.75,1.3125,0.11859999999999937,0.4729857806498749
223.75,1.3375000000000001,0.12890000000000046,0.5140629605882749
223.75,1.3625,0.14890000000000053,0.5938244750317622
223.75,1.3875000000000002,0.16219999999999912,0.6468658821366753
223.75,1.4125,0.18180000000000066,0.7250321662912986
223.75,1.4375,0.19749999999999895,0.7876449551294291
223.75,1.4625000000000001,0.21030000000000074,0.8386923243732678
223.75,1.4875,0.21740000000000076,0.8670076620007058
223.75,1.5125000000000002,0.2245999999999988,0.8957218072003532
223.75,1.5375,0.25120000000000087,1.001804621410199
223.75,1.5625,0.24979999999999866,0.9962213153991462
223.75,1.5875000000000001,0.2546000000000009,1.0153640788655918
223.75,1.6125,0.25600000000000095,1.0209473848766362
223.75,1.6375000000000002,0.27259999999999857,1.087149441864721
223.75,1.6625,0.26500000000000096,1.0568400663762054
223.75,1.6875,0.26769999999999855,1.0676078708260666
223.75,1.7125000000000001,0.280000000000001,1.116661202208821
223.75,1.7375,0.26670000000000094,1.0636197951039017
223.75,1.7625000000000002,0.25889999999999863,1.0325128044709326
223.75,1.7875,0.25850000000000095,1.0309175741820722
223.75,1.8125,0.25459999999999866,1.015364078865583
223.75,1.8375000000000001,0.2524000000000009,1.0065903122768083
223.75,1.8625,0.2555000000000009,1.0189533470155487
223.75,1.8875000000000002,0.25509999999999866,1.01735811672667
223.75,1.9125,0.23820000000000086,0.9499596370219325
223.75,1.9375,0.23299999999999876,0.9292216432666176
223.75,1.9625000000000001,0.23730000000000084,0.9463703688719756
223.75,1.9875,0.24130000000000085,0.962322671760673
223.75,2.0125,0.23530000000000081,0.9383942174276267
223.75,2.0375,0.23419999999999666,0.9340073341332183
223.75,2.0625,0.23460000000000086,0.9356025644221049
223.75,2.0875000000000004,0.23220000000000082,0.9260311826888863
223.75,2.1125,0.24750000000000089,0.987048741238154
223.75,2.1375,0.2530000000000009,1.008983157710113
223.75,2.1625,0.2740999999999961,1.0931315554479726
223.75,2.1875,0.280100000000001,1.1170600097810381
223.75,2.2125000000000004,0.29030000000000106,1.1577383821472167
223.75,2.2375,0.3097000000000011,1.2351070511573992
223.75,2.2625,0.3235000000000011,1.2901424961234051
223.75,2.2875,0.34529999999999506,1.3770825468667818
223.75,2.3125,0.3547000000000013,1.4145704586552454
223.75,2.3375000000000004,0.38390000000000135,1.5310222697427367
223.75,2.3625,0.3907000000000014,1.5581411846535222
223.75,2.3875,0.4136999999999941,1.649866926263503
223.75,2.4125000000000005,0.43560000000000154,1.737205784579151
223.75,2.4375,0.4514000000000016,1.800217380989506
223.75,2.4625000000000004,0.46390000000000164,1.8500683275166854
223.75,2.4875,0.48730000000000173,1.9433892994155655
223.75,2.5125,0.48679999999999307,1.9413952615544436
223.75,2.5375000000000005,0.49030000000000173,1.9553535265820885
223.75,2.5625,0.5058000000000018,2.017168700275791
223.75,2.5875000000000004,0.5167000000000018,2.0606387256474914
223.75,2.6125,0.5112000000000018,2.0387043091755324
223.75,2.6375,0.5183999999999926,2.0674184543751513
223.75,2.6625000000000005,0.5220000000000019,2.081775526975016
223.75,2.6875,0.5184000000000019,2.067418454375188
223.75,2.7125000000000004,0.531500000000002,2.1196622463356727
223.75,2.7375,0.5246000000000018,2.092144523852669
223.75,2.7625,0.5067999999999928,2.0211567759979294
223.75,2.7875000000000005,0.5014000000000017,1.9996211670982238
223.75,2.8125,0.4957000000000018,1.9768891354818303
223.75,2.8375000000000004,0.48270000000000174,1.9250441510935634
223.75,2.8625,0.4757000000000017,1.8971276210383428
223.75,2.8875,0.4726999999999933,1.8851633938717864
223.75,2.9125000000000005,0.44800000000000156,1.786657923534113
223.75,2.9375,0.4392000000000016,1.751562857178979
223.75,2.9625000000000004,0.43100000000000155,1.718860636257149
223.75,2.9875,0.4186000000000015,1.6694084973021872
223.75,3.0125,0.39609999999999435,1.5796767935532356
223.75,3.0375000000000005,0.3887000000000014,1.5501650332091736
223.75,3.0625,0.3816000000000013,1.5218496955817356
223.75,3.0875000000000004,0.3698000000000013,1.4747904020600782
223.75,3.1125,0.37870000000000137,1.51028427598743
223.75,3.1375,0.34579999999999506,1.379076584727869
223.75,3.1625000000000005,0.3396000000000012,1.3543505152504125
223.75,3.1875,0.3370000000000012,1.3439815183727593
223.75,3.2125000000000004,0.32990000000000114,1.3156661807453212
223.75,3.2375,0.32130000000000114,1.2813687295346217
223.75,3.2625,0.31339999999999557,1.2498629313294223
223.75,3.2875000000000005,0.32210000000000116,1.2845591901123614
223.75,3.3125,0.32410000000000116,1.29253534155671
223.75,3.3375000000000004,0.3121000000000011,1.2446784328906175
223.75,3.3625,0.3077000000000011,1.2271308997130503
223.75,3.3875,0.3090999999999956,1.2327142057240725
223.75,3.4125000000000005,0.30440000000000106,1.213970249829875
223.75,3.4375,0.2961000000000011,1.180869221335828
223.75,3.4625000000000004,0.3091000000000011,1.2327142057240945
223.75,3.4875,0.292300000000001,1.1657145335915653
223.75,3.5125,0.3005999999999957,1.1988155620855911
223.75,3.5375000000000005,0.286100000000001,1.1409884641140844
223.75,3.5625,0.29490000000000105,1.1760835304692188
223.75,3.5875000000000004,0.288800000000001,1.1517562685639549
223.75,3.6125,0.28590000000000104,1.1401908489696495
223.75,3.6375,0.2855999999999959,1.1389944262529768
223.75,3.6625000000000005,0.27750000000000097,1.1066910129033847
223.75,3.6875,0.27400000000000097,1.0927327478757745
223.75,3.7125000000000004,0.26670000000000094,1.0636197951039017
223.75,3.7375,0.25920000000000093,1.033709227187594
223.75,3.7625,0.2603999999999963,1.0384949180541847
223.75,3.7875000000000005,0.24760000000000087,0.9874475488103714
223.75,3.8125,0.24110000000000084,0.961525056616238
223.75,3.8375000000000004,0.24250000000000088,0.9671083626272823
223.75,3.8625,0.21980000000000077,0.8765790437339243
223.75,3.8875,0.22669999999999677,0.9040967662169113
223.75,3.9125000000000005,0.21610000000000076,0.8618231635618792
223.75,3.9375,0.20690000000000072,0.8251328669178749
223.75,3.9625000000000004,0.1988000000000007,0.7928294535682626
223.75,3.9875,0.18530000000000066,0.7389904313189088
223.75,4.0125,0.17959999999999746,0.7162583997025023
223.75,4.0375,0.16500000000000353,0.6580324941587811
223.75,4.0625,0.1632999999999977,0.6512527654310615
223.75,4.0875,0.15139999999999784,0.6037946643371873
223.75,4.112500000000001,0.14810000000000315,0.5906340144540331
223.75,4.1375,0.13819999999999805,0.5511520648044868
223.75,4.1625,0.12510000000000268,0.49890827284402134
223.75,4.1875,0.11919999999999831,0.4753786260831752
223.75,4.2125,0.11899999999999832,0.4745810109387404
223.75,4.237500000000001,0.1029000000000022,0.4103729918117489
223.75,4.2625,0.09689999999999863,0.3864445374786886
223.75,4.2875,0.09150000000000195,0.3649089285789604
223.75,4.3125,0.0857999999999988,0.34217689696255404
223.75,4.3375,0.0770999999999989,0.30748063817963767
223.75,4.362500000000001,0.07250000000000155,0.2891354898576462
223.75,4.3875,0.06949999999999901,0.27717126269111303
223.75,4.4125,0.061600000000001306,0.2456654644859449
223.75,4.4375,0.05489999999999922,0.21894535714736846
223.75,4.4625,0.05299999999999925,0.21136801327523733
223.75,4.487500000000001,0.047500000000001014,0.18943359680328545
223.75,4.5125,0.041299999999999414,0.16470752732579813
223.75,4.5375,0.03820000000000082,0.15234449258706326
223.75,4.5625,0.033899999999999514,0.13519576698170838
223.75,4.5875,0.03309999999999953,0.13200530640396896
223.75,4.612500000000001,0.031100000000000662,0.12402915495962478
223.75,4.6375,0.025699999999999633,0.10249354605987922
223.75,4.6625,0.022700000000000484,0.09052931889335956
223.75,4.6875,0.021499999999999693,0.0857436280267472
223.75,4.7125,0.020799999999999704,0.0829519750212252
223.75,4.737500000000001,0.01930000000000041,0.07696986143796651
223.75,4.7625,0.01539999999999978,0.061416366121484045
223.75,4.7875000000000005,0.012999999999999816,0.05184498438826576
223.75,4.8125,0.012700000000000272,0.05064856167161527
223.75,4.8375,0.011999999999999829,0.04785690866609146
223.75,4.862500000000001,0.009100000000000195,0.03629148907178732
223.75,4.8875,0.008799999999999876,0.03509506635513374
223.75,4.9125000000000005,0.0069999999999999,0.02791653005522002
223.75,4.9375,0.0066000000000001405,0.02632129976635124
223.75,4.9625,0.0050999999999999275,0.020339186183088873
223.75,4.987500000000001,0.005300000000000113,0.02113680132752448
223.75,5.0125,0.005799999999999917,0.023130839188610874
223.75,5.0375000000000005,0.004299999999999938,0.01714872560534944
223.75,5.0625,0.004500000000000096,0.017946340749784937
223.75,5.0875,0.003599999999999949,0.014357072599827441
223.75,5.112500000000001,0.004000000000000085,0.01595230288869772
223.75,5.1375,0.0024999999999999645,0.009970189305435723
223.75,5.1625000000000005,0.001899999999999973,0.007577343872131149
223.75,5.1875,0.004000000000000085,0.01595230288869772
223.75,5.2125,0.001899999999999973,0.007577343872131149
223.75,5.237500000000001,0.0026000000000000554,0.01036899687765352
223.75,5.2625,0.001999999999999972,0.00797615144434858
223.75,5.2875000000000005,0.000999999999999986,0.00398807572217429
223.75,5.3125,0.0007000000000000148,0.002791653005522101
223.75,5.3375,0.00069999999999999,0.002791653005522002
223.75,5.362500000000001,0.0006000000000000128,0.0023928454333046584
223.75,5.3875,0.0005999999999999915,0.0023928454333045734
223.75,5.4125000000000005,0.00069999999999999,0.002791653005522002
223.75,5.4375,0.0005000000000000106,0.001994037861087215
223.75,5.4625,0.0005999999999999915,0.0023928454333045734
223.75,5.487500000000001,0.0005000000000000106,0.001994037861087215
223.75,5.5125,0.0005999999999999915,0.0023928454333045734
223.75,5.5375000000000005,0.00029999999999999575,0.0011964227166522867
223.75,5.5625,0.0007000000000000148,0.002791653005522101
223.75,5.5875,0.0,0.0
223.75,5.612500000000001,0.0002000000000000043,0.0007976151444348863
223.75,5.6375,9.999999999999858e-05,0.00039880757221742887
223.75,5.6625000000000005,0.0,0.0
223.75,5.6875,0.00010000000000000215,0.0003988075722174431
223.75,5.7125,9.999999999999858e-05,0.00039880757221742887
223.75,5.737500000000001,0.0,0.0
223.75,5.7625,0.0,0.0
223.75,5.7875000000000005,0.0,0.0
223.75,5.8125,0.0,0.0
223.75,5.8375,0.0,0.0
223.75,5.862500000000001,0.0,0.0
223.75,5.8875,0.0,0.0
223.75,5.9125000000000005,0.0,0.0
223.75,5.9375,0.00010000000000000215,0.0003988075722174431
223.75,5.9625,0.0,0.0
223.75,5.987500000000001,0.0,0.0
223.75,6.0125,9.999999999999858e-05,0.00039880757221742887
223.75,6.0375000000000005,0.0,0.0
223.75,6.0625,0.00010000000000000215,0.0003988075722174431
223.75,6.0875,0.0,0.0
223.75,6.112500000000001,0.0,0.0
223.75,6.1375,0.0,0.0
223.75,6.1625000000000005,0.0,0.0
223.75,6.1875,0.0,0.0
223.75,6.2125,0.0,0.0
223.75,6.237500000000001,0.0,0.0
223.75,6.2625,0.0,0.0
223.75,6.2875000000000005,0.0,0.0
223.75,6.3125,0.0,0.0
223.75,6.3375,0.0,0.0
223.75,6.362500000000001,0.0,0.0
223.75,6.3875,0.0,0.0
223.75,6.4125000000000005,0.0,0.0
223.75,6.4375,0.0,0.0
223.75,6.4625,0.0,0.0
223.75,6.487500000000001,0.0,0.0
223.75,6.5125,0.0,0.0
223.75,6.5375000000000005,0.0,0.0
223.75,6.5625,0.0,0.0
223.75,6.5875,0.0,0.0
223.75,6.612500000000001,0.0,0.0
223.75,6.6375,0.0,0.0
223.75,6.6625000000000005,0.0,0.0
223.75,6.6875,0.0,0.0
223.75,6.7125,0.0,0.0
223.75,6.737500000000001,0.0,0.0
223.75,6.7625,0.0,0.0
223.75,6.7875000000000005,0.0,0.0
223.75,6.8125,0.0,0.0
223.75,6.8375,0.0,0.0
223.75,6.862500000000001,0.0,0.0
223.75,6.8875,0.0,0.0
223.75,6.9125000000000005,0.0,0.0
223.75,6.9375,0.0,0.0
223.75,6.9625,0.0,0.0
223.75,6.987500000000001,0.0,0.0
226.25,0.0125,0.0,0.0
226.25,0.037500000000000006,0.0,0.0
226.25,0.0625,0.0,0.0
226.25,0.08750000000000001,0.0,0.0
226.25,0.1125,0.0003000000000000001,0.0010540638035631022
226.25,0.1375,0.0012999999999999986,0.004567609815440104
226.25,0.16250000000000003,0.0028000000000000004,0.009837928833255618
226.25,0.1875,0.005600000000000001,0.019675857666511237
226.25,0.21250000000000002,0.009700000000000002,0.03408139631520697
226.25,0.2375,0.013700000000000002,0.048135580362714994
226.25,0.2625,0.024999999999999977,0.08783865029692507
226.25,0.28750000000000003,0.033899999999999965,0.11910920980263039
226.25,0.3125,0.03970000000000005,0.13948777667151732
226.25,0.3375,0.05639999999999995,0.19816399506986299
226.25,0.36250000000000004,0.06800000000000009,0.23892112880763675
226.25,0.3875,0.08059999999999992,0.28319180855728643
226.25,0.41250000000000003,0.08709999999999993,0.306029857634487
226.25,0.4375,0.09740000000000014,0.3422193815568209
226.25,0.4625,0.1039999999999999,0.3654087852352083
226.25,0.48750000000000004,0.10980000000000015,0.3857873521040958
226.25,0.5125,0.11019999999999991,0.38719277050884576
226.25,0.5375000000000001,0.1082999999999999,0.38051703308627943
226.25,0.5625,0.10929999999999991,0.38403057909815647
226.25,0.5875000000000001,0.10799999999999992,0.3794629692827164
226.25,0.6125,0.10300000000000037,0.36189523922333294
226.25,0.6375,0.09679999999999991,0.34011125394969394
226.25,0.6625000000000001,0.08929999999999992,0.3137596588606164
226.25,0.6875,0.08399999999999992,0.29513786499766825
226.25,0.7125000000000001,0.07819999999999994,0.2747592981287817
226.25,0.7375,0.07360000000000026,0.2585969864741486
226.25,0.7625,0.06899999999999994,0.24243467481951322
226.25,0.7875000000000001,0.061299999999999945,0.2153803705280603
226.25,0.8125,0.04939999999999996,0.17356917298672397
226.25,0.8375000000000001,0.04959999999999996,0.17427188218909936
226.25,0.8625,0.04640000000000016,0.16302853495109368
226.25,0.8875,0.036299999999999964,0.1275417202311352
226.25,0.9125000000000001,0.03819999999999996,0.13421745765370152
226.25,0.9375,0.03679999999999997,0.12929849323707374
226.25,0.9625000000000001,0.03169999999999997,0.111379408576501
226.25,0.9875,0.03360000000000012,0.11805514599906784
226.25,1.0125000000000002,0.03219999999999983,0.11313618158243902
226.25,1.0375,0.03450000000000012,0.12121733740975714
226.25,1.0625,0.03860000000000014,0.13562287605845294
226.25,1.0875,0.0371999999999998,0.13070391164182393
226.25,1.1125,0.03990000000000014,0.14019048587389304
226.25,1.1375000000000002,0.04779999999999975,0.16794749936772002
226.25,1.1625,0.05920000000000021,0.20800192390311953
226.25,1.1875,0.06179999999999967,0.21713714353399782
226.25,1.2125000000000001,0.06990000000000024,0.24559686623020358
226.25,1.2375,0.07940000000000028,0.27897555334303525
226.25,1.2625000000000002,0.09049999999999953,0.3179759140748674
226.25,1.2875,0.10350000000000037,0.36365201222927146
226.25,1.3125,0.11469999999999939,0.40300372756229047
226.25,1.3375000000000001,0.1416000000000005,0.49751811528178586
226.25,1.3625,0.15210000000000054,0.5344103484064946
226.25,1.3875000000000002,0.15589999999999918,0.5477618232516224
226.25,1.4125,0.1724000000000006,0.605735332447598
226.25,1.4375,0.186399999999999,0.6549249766138705
226.25,1.4625000000000001,0.1985000000000007,0.6974388833575882
226.25,1.4875,0.21020000000000075,0.7385473716965494
226.25,1.5125000000000002,0.22849999999999876,0.8028452637138915
226.25,1.5375,0.23700000000000082,0.8327104048148534
226.25,1.5625,0.23729999999999873,0.8337644686184091
226.25,1.5875000000000001,0.24890000000000087,0.8745216023561899
226.25,1.6125,0.2525000000000009,0.8871703679989472
226.25,1.6375000000000002,0.2657999999999986,0.9339005299569033
226.25,1.6625,0.273200000000001,0.9599007704448016
226.25,1.6875,0.2566999999999986,0.9019272612488226
226.25,1.7125000000000001,0.2518000000000009,0.8847108857906334
226.25,1.7375,0.26400000000000096,0.927576147135533
226.25,1.7625000000000002,0.25509999999999866,0.8963055876298196
226.25,1.7875,0.26420000000000093,0.9282788563379083
226.25,1.8125,0.24939999999999868,0.8762783753621207
226.25,1.8375000000000001,0.2524000000000009,0.8868190133977596
226.25,1.8625,0.24020000000000086,0.8439537520528599
226.25,1.8875000000000002,0.24169999999999872,0.8492240710706679
226.25,1.9125,0.24050000000000085,0.845007815856423
226.25,1.9375,0.23389999999999878,0.8218184121780274
226.25,1.9625000000000001,0.23770000000000083,0.8351698870231673
226.25,1.9875,0.23260000000000083,0.8172508023625946
226.25,2.0125,0.2303000000000008,0.8091696465352775
226.25,2.0375,0.24199999999999655,0.8502781348742234
226.25,2.0625,0.2484000000000009,0.8727648293502516
226.25,2.0875000000000004,0.2524000000000009,0.8868190133977596
226.25,2.1125,0.25950000000000095,0.9117651900820865
226.25,2.1375,0.275700000000001,0.9686846354744941
226.25,2.1625,0.280399999999996,0.9851983017302984
226.25,2.1875,0.28900000000000103,1.0154147974324585
226.25,2.2125000000000004,0.29390000000000105,1.0326311728906559
226.25,2.2375,0.3170000000000011,1.1137940857650148
226.25,2.2625,0.32860000000000117,1.1545512195027885
226.25,2.2875,0.350599999999995,1.231849231764061
226.25,2.3125,0.35310000000000125,1.2406330967937753
226.25,2.3375000000000004,0.3748000000000013,1.3168770452515066
226.25,2.3625,0.38450000000000134,1.3509584415667137
226.25,2.3875,0.4024999999999943,1.414202269780475
226.25,2.4125000000000005,0.43040000000000156,1.512230203511869
226.25,2.4375,0.4457000000000016,1.5659874574935873
226.25,2.4625000000000004,0.4604000000000016,1.6176365838681792
226.25,2.4875,0.4692000000000017,1.6485557887726974
226.25,2.5125,0.47499999999999326,1.6689343556415543
226.25,2.5375000000000005,0.4767000000000017,1.6749073838617747
226.25,2.5625,0.48550000000000176,1.7058265887662927
226.25,2.5875000000000004,0.5013000000000017,1.7613406157539493
226.25,2.6125,0.5245000000000019,1.8428548832294964
226.25,2.6375,0.5147999999999927,1.8087734869142573
226.25,2.6625000000000005,0.5037000000000018,1.7697731261824545
226.25,2.6875,0.5132000000000018,1.803151813295286
226.25,2.7125000000000004,0.5043000000000019,1.7718812537895807
226.25,2.7375,0.5063000000000019,1.7789083458133348
226.25,2.7625,0.4998999999999929,1.7564216513372906
226.25,2.7875000000000005,0.48860000000000176,1.7167185814031114
226.25,2.8125,0.5050000000000018,1.7743407359978944
226.25,2.8375000000000004,0.4721000000000017,1.6587450722071406
226.25,2.8625,0.4714000000000017,1.6562855899988267
226.25,2.8875,0.4505999999999936,1.5832038329517566
226.25,2.9125000000000005,0.46370000000000167,1.6292312857073736
226.25,2.9375,0.43900000000000156,1.5424466992140113
226.25,2.9625000000000004,0.4338000000000016,1.5241762599522508
226.25,2.9875,0.42120000000000146,1.4799055802026002
226.25,3.0125,0.40289999999999426,1.4156076881852258
226.25,3.0375000000000005,0.3883000000000014,1.3643099164118466
226.25,3.0625,0.3896000000000014,1.3688775262272865
226.25,3.0875000000000004,0.37080000000000135,1.3028228612039987
226.25,3.1125,0.3676000000000013,1.2915795139659922
226.25,3.1375,0.36709999999999476,1.2898227409600307
226.25,3.1625000000000005,0.34590000000000126,1.215335565508261
226.25,3.1875,0.3415000000000012,1.1998759630560019
226.25,3.2125000000000004,0.3395000000000012,1.1928488710322478
226.25,3.2375,0.33010000000000117,1.1598215385206039
226.25,3.2625,0.32909999999999534,1.1563079925087063
226.25,3.2875000000000005,0.32340000000000113,1.1362807802410277
226.25,3.3125,0.3131000000000011,1.1000912563186946
226.25,3.3375000000000004,0.3264000000000012,1.146821418276659
226.25,3.3625,0.3131000000000011,1.1000912563186946
226.25,3.3875,0.3107999999999956,1.092010100491358
226.25,3.4125000000000005,0.29800000000000104,1.0470367115393515
226.25,3.4375,0.292600000000001,1.0280635630752157
226.25,3.4625000000000004,0.3056000000000011,1.073739661229617
226.25,3.4875,0.3085000000000011,1.0839289446640603
226.25,3.5125,0.2930999999999958,1.0298203360811358
226.25,3.5375000000000005,0.294700000000001,1.0354420097001573
226.25,3.5625,0.286800000000001,1.007684996206329
226.25,3.5875000000000004,0.286700000000001,1.0073336416051413
226.25,3.6125,0.279200000000001,0.9809820465160637
226.25,3.6375,0.2764999999999961,0.9714954722839785
226.25,3.6625000000000005,0.279300000000001,0.9813334011172513
226.25,3.6875,0.273900000000001,0.9623602526531154
226.25,3.7125000000000004,0.275500000000001,0.9679819262721189
226.25,3.7375,0.26110000000000094,0.9173868637010897
226.25,3.7625,0.24869999999999645,0.873818893153799
226.25,3.7875000000000005,0.2545000000000009,0.8941974600227013
226.25,3.8125,0.24250000000000088,0.8520349078801771
226.25,3.8375000000000004,0.23650000000000085,0.830953631808915
226.25,3.8625,0.2328000000000008,0.8179535115649699
226.25,3.8875,0.2247999999999968,0.7898451434699398
226.25,3.9125000000000005,0.21570000000000075,0.7578718747618729
226.25,3.9375,0.1993000000000007,0.7002497201670899
226.25,3.9625000000000004,0.1955000000000007,0.6868982453219572
226.25,3.9875,0.18360000000000068,0.6450870477806208
226.25,4.0125,0.17939999999999745,0.6303301545307259
226.25,4.0375,0.16990000000000363,0.5969514674179162
226.25,4.0625,0.17289999999999753,0.6074921054535257
226.25,4.0875,0.16519999999999765,0.5804378011620732
226.25,4.112500000000001,0.15420000000000328,0.541788795031446
226.25,4.1375,0.14379999999999796,0.5052479165079063
226.25,4.1625,0.13030000000000277,0.45781504534758366
226.25,4.1875,0.1257999999999982,0.442004088294121
226.25,4.2125,0.11679999999999834,0.4103821741872285
226.25,4.237500000000001,0.10820000000000231,0.3801656784851002
226.25,4.2625,0.10069999999999858,0.35381408339600956
226.25,4.2875,0.09210000000000196,0.32359758769387914
226.25,4.3125,0.09559999999999864,0.33589499873543704
226.25,4.3375,0.09029999999999871,0.31727320487248917
226.25,4.362500000000001,0.07910000000000168,0.2779214895394771
226.25,4.3875,0.07129999999999899,0.250515830646827
226.25,4.4125,0.06860000000000147,0.24102925641476777
226.25,4.4375,0.06179999999999912,0.2171371435339959
226.25,4.4625,0.057899999999999174,0.20343431408767576
226.25,4.487500000000001,0.050000000000001064,0.17567730059385406
226.25,4.5125,0.05049999999999928,0.1774340735997863
226.25,4.5375,0.04080000000000087,0.14335267728458492
226.25,4.5625,0.039299999999999446,0.1380823582667644
226.25,4.5875,0.038399999999999455,0.13492016685607514
226.25,4.612500000000001,0.029800000000000635,0.10470367115393701
226.25,4.6375,0.028699999999999594,0.10083877054086865
226.25,4.6625,0.02890000000000062,0.10154147974324766
226.25,4.6875,0.025299999999999642,0.088892714100487
226.25,4.7125,0.023099999999999673,0.0811629128743577
226.25,4.737500000000001,0.01910000000000041,0.06710872882685226
226.25,4.7625,0.01819999999999974,0.0639465374161606
226.25,4.7875000000000005,0.014499999999999793,0.05094641717221586
226.25,4.8125,0.014100000000000302,0.04954099876746685
226.25,4.8375,0.013199999999999813,0.046378807356775825
226.25,4.862500000000001,0.011000000000000235,0.038649006130647895
226.25,4.8875,0.010799999999999846,0.03794629692827113
226.25,4.9125000000000005,0.008699999999999876,0.030567850303329522
226.25,4.9375,0.008600000000000184,0.0302164957021429
226.25,4.9625,0.0052999999999999246,0.018621793862947867
226.25,4.987500000000001,0.006800000000000145,0.023892112880764153
226.25,5.0125,0.005999999999999914,0.021081276071261736
226.25,5.0375000000000005,0.005799999999999917,0.020378566868886346
226.25,5.0625,0.004400000000000094,0.015459602452259158
226.25,5.0875,0.0036999999999999473,0.013000120243944738
226.25,5.112500000000001,0.0035000000000000747,0.012297411041569785
226.25,5.1375,0.0028999999999999586,0.010189283434443173
226.25,5.1625000000000005,0.0028999999999999586,0.010189283434443173
226.25,5.1875,0.0027000000000000574,0.00948657423206812
226.25,5.2125,0.002599999999999963,0.009135219630880086
226.25,5.237500000000001,0.0020000000000000425,0.007027092023754162
226.25,5.2625,0.002199999999999969,0.007729801226129305
226.25,5.2875000000000005,0.0017999999999999746,0.006324382821378522
226.25,5.3125,0.001500000000000032,0.005270319017815621
226.25,5.3375,0.0010999999999999845,0.0038649006130646525
226.25,5.362500000000001,0.0011000000000000235,0.0038649006130647896
226.25,5.3875,0.0008999999999999873,0.003162191410689261
226.25,5.4125000000000005,0.0010999999999999845,0.0038649006130646525
226.25,5.4375,0.0008000000000000172,0.0028108368095016655
226.25,5.4625,0.00039999999999999433,0.0014054184047507827
226.25,5.487500000000001,0.00010000000000000215,0.0003513546011877082
226.25,5.5125,9.999999999999858e-05,0.00035135460118769567
226.25,5.5375000000000005,0.00019999999999999716,0.0007027092023753913
226.25,5.5625,0.0003000000000000064,0.0010540638035631245
226.25,5.5875,0.00019999999999999716,0.0007027092023753913
226.25,5.612500000000001,0.00010000000000000215,0.0003513546011877082
226.25,5.6375,0.00029999999999999575,0.001054063803563087
226.25,5.6625000000000005,9.999999999999858e-05,0.00035135460118769567
226.25,5.6875,0.00010000000000000215,0.0003513546011877082
226.25,5.7125,0.00019999999999999716,0.0007027092023753913
226.25,5.737500000000001,0.0002000000000000043,0.0007027092023754164
226.25,5.7625,0.0,0.0
226.25,5.7875000000000005,0.0,0.0
226.25,5.8125,0.0,0.0
226.25,5.8375,0.0,0.0
226.25,5.862500000000001,0.0,0.0
226.25,5.8875,0.0,0.0
226.25,5.9125000000000005,0.0,0.0
226.25,5.9375,0.0,0.0
226.25,5.9625,9.999999999999858e-05,0.00035135460118769567
226.25,5.987500000000001,0.0,0.0
226.25,6.0125,0.0,0.0
226.25,6.0375000000000005,0.0,0.0
226.25,6.0625,0.0,0.0
226.25,6.0875,0.0,0.0
226.25,6.112500000000001,0.0,0.0
226.25,6.1375,0.0,0.0
226.25,6.1625000000000005,0.0,0.0
226.25,6.1875,0.0,0.0
226.25,6.2125,0.0,0.0
226.25,6.237500000000001,0.0,0.0
226.25,6.2625,0.0,0.0
226.25,6.2875000000000005,0.0,0.0
226.25,6.3125,0.0,0.0
226.25,6.3375,0.0,0.0
226.25,6.362500000000001,0.0,0.0
226.25,6.3875,0.0,0.0
226.25,6.4125000000000005,0.0,0.0
226.25,6.4375,0.0,0.0
226.25,6.4625,0.0,0.0
226.25,6.487500000000001,0.0,0.0
226.25,6.5125,0.0,0.0
226.25,6.5375000000000005,0.0,0.0
226.25,6.5625,0.0,0.0
226.25,6.5875,0.0,0.0
226.25,6.612500000000001,0.0,0.0
226.25,6.6375,0.0,0.0
226.25,6.6625000000000005,0.0,0.0
226.25,6.6875,0.0,0.0
226.25,6.7125,0.0,0.0
226.25,6.737500000000001,0.0,0.0
226.25,6.7625,0.0,0.0
226.25,6.7875000000000005,0.0,0.0
226.25,6.8125,0.0,0.0
226.25,6.8375,0.0,0.0
226.25,6.862500000000001,0.0,0.0
226.25,6.8875,0.0,0.0
226.25,6.9125000000000005,0.0,0.0
226.25,6.9375,0.0,0.0
226.25,6.9625,0.0,0.0
226.25,6.987500000000001,0.0,0.0
228.75,0.0125,0.0,0.0
228.75,0.037500000000000006,0.0,0.0
228.75,0.0625,0.0,0.0
228.75,0.08750000000000001,0.00020000000000000006,0.0006220554828950168
228.75,0.1125,0.0005000000000000001,0.001555138707237542
228.75,0.1375,0.002199999999999998,0.006842610311845176
228.75,0.16250000000000003,0.0027000000000000006,0.008397749019082726
228.75,0.1875,0.005600000000000001,0.017417553521060468
228.75,0.21250000000000002,0.009400000000000002,0.029236607696065786
228.75,0.2375,0.016400000000000005,0.05100854959739138
228.75,0.2625,0.02089999999999998,0.06500479796252918
228.75,0.28750000000000003,0.03479999999999997,0.1082376540237328
228.75,0.3125,0.04460000000000006,0.1387183726855889
228.75,0.3375,0.06139999999999994,0.1909710332487699
228.75,0.36250000000000004,0.0683000000000001,0.21243194740864849
228.75,0.3875,0.07799999999999993,0.24260163832905626
228.75,0.41250000000000003,0.08459999999999993,0.2631294692645918
228.75,0.4375,0.09860000000000013,0.3066733530672436
228.75,0.4625,0.09539999999999992,0.29672046534092267
228.75,0.48750000000000004,0.11560000000000016,0.3595480691133201
228.75,0.5125,0.1060999999999999,0.330000433675806
228.75,0.5375000000000001,0.1132999999999999,0.3523944310600266
228.75,0.5625,0.10619999999999989,0.3303114614172535
228.75,0.5875000000000001,0.10959999999999989,0.3408864046264688
228.75,0.6125,0.10380000000000038,0.3228467956225148
228.75,0.6375,0.09859999999999992,0.30667335306724297
228.75,0.6625000000000001,0.09089999999999993,0.2827242169757848
228.75,0.6875,0.08209999999999992,0.25535377572840406
228.75,0.7125000000000001,0.08349999999999992,0.2597081641086692
228.75,0.7375,0.07600000000000028,0.23638108350010717
228.75,0.7625,0.07099999999999994,0.2208296964277307
228.75,0.7875000000000001,0.06069999999999994,0.18879383905863736
228.75,0.8125,0.05569999999999995,0.17324245198626198
228.75,0.8375000000000001,0.049099999999999956,0.15271462105072645
228.75,0.8625,0.04280000000000015,0.133119873339534
228.75,0.8875,0.04639999999999996,0.14431687203164373
228.75,0.9125000000000001,0.03819999999999996,0.11881259723294806
228.75,0.9375,0.03859999999999997,0.12005670819873811
228.75,0.9625000000000001,0.032999999999999974,0.10263915467767766
228.75,0.9875,0.03630000000000013,0.11290307014544593
228.75,1.0125000000000002,0.032699999999999826,0.10170607145333468
228.75,1.0375,0.032800000000000114,0.10201709919478308
228.75,1.0625,0.039400000000000136,0.1225449301303187
228.75,1.0875,0.041199999999999785,0.12814342947637275
228.75,1.1125,0.043000000000000156,0.13374192882242905
228.75,1.1375000000000002,0.055099999999999705,0.17137628553757617
228.75,1.1625,0.05870000000000021,0.18257328422968802
228.75,1.1875,0.06339999999999966,0.19719158807771922
228.75,1.2125000000000001,0.07820000000000028,0.24322369381195239
228.75,1.2375,0.0849000000000003,0.26406255248893545
228.75,1.2625000000000002,0.09979999999999946,0.3104056859646116
228.75,1.2875,0.11030000000000038,0.34306359881660287
228.75,1.3125,0.12309999999999933,0.38287514972188064
228.75,1.3375000000000001,0.13030000000000047,0.4052691471061048
228.75,1.3625,0.1444000000000005,0.44912405865020355
228.75,1.3875000000000002,0.16119999999999912,0.5013767192133807
228.75,1.4125,0.1764000000000006,0.5486529359134066
228.75,1.4375,0.188599999999999,0.5865983203699975
228.75,1.4625000000000001,0.1948000000000007,0.6058820403397484
228.75,1.4875,0.2020000000000007,0.628276037723969
228.75,1.5125000000000002,0.22089999999999882,0.6870602808575422
228.75,1.5375,0.2264000000000008,0.7041668066371612
228.75,1.5625,0.23729999999999873,0.7380688304549333
228.75,1.5875000000000001,0.2523000000000009,0.7847229916720663
228.75,1.6125,0.2474000000000009,0.7694826323411383
228.75,1.6375000000000002,0.2619999999999986,0.8148926825924675
228.75,1.6625,0.2556000000000009,0.794986907139834
228.75,1.6875,0.25839999999999863,0.8036956839003572
228.75,1.7125000000000001,0.2643000000000009,0.8220463206457673
228.75,1.7375,0.2550000000000009,0.793120740691149
228.75,1.7625000000000002,0.2632999999999986,0.818936043231285
228.75,1.7875,0.2554000000000009,0.794364851656939
228.75,1.8125,0.25729999999999864,0.8002743787444346
228.75,1.8375000000000001,0.24450000000000086,0.7604628278391605
228.75,1.8625,0.24790000000000087,0.7710377710483758
228.75,1.8875000000000002,0.2426999999999987,0.7548643284930986
228.75,1.9125,0.2527000000000009,0.7859671026378564
228.75,1.9375,0.2456999999999987,0.7641951607365238
228.75,1.9625000000000001,0.24410000000000087,0.7592187168733705
228.75,1.9875,0.24340000000000087,0.7570415226832379
228.75,2.0125,0.24180000000000085,0.7520650788200778
228.75,2.0375,0.2474999999999965,0.7697936600825722
228.75,2.0625,0.2537000000000009,0.7890773800523314
228.75,2.0875000000000004,0.2580000000000009,0.8024515729345743
228.75,2.1125,0.267800000000001,0.8329322915964303
228.75,2.1375,0.26800000000000096,0.8335543470793253
228.75,2.1625,0.28309999999999597,0.8805195360378835
228.75,2.1875,0.287800000000001,0.895137839885932
228.75,2.2125000000000004,0.30080000000000107,0.9355714462741083
228.75,2.2375,0.3099000000000011,0.9638749707458317
228.75,2.2625,0.32660000000000117,1.0158166035675658
228.75,2.2875,0.3437999999999951,1.0693133750965185
228.75,2.3125,0.3765000000000014,1.171019446549873
228.75,2.3375000000000004,0.38700000000000134,1.2036773594018613
228.75,2.3625,0.3886000000000014,1.2086538032650216
228.75,2.3875,0.4008999999999943,1.2469102154630431
228.75,2.4125000000000005,0.4135000000000014,1.2860997108854513
228.75,2.4375,0.42990000000000156,1.337108260482843
228.75,2.4625000000000004,0.44800000000000156,1.393404281684842
228.75,2.4875,0.4517000000000016,1.4049123081184
228.75,2.5125,0.46769999999999334,1.4546767467499757
228.75,2.5375000000000005,0.4842000000000017,1.5059963240888405
228.75,2.5625,0.49160000000000176,1.5290123769559563
228.75,2.5875000000000004,0.4760000000000017,1.4804920492901448
228.75,2.6125,0.4963000000000018,1.5436306808039892
228.75,2.6375,0.49439999999999296,1.5377211537164592
228.75,2.6625000000000005,0.5094000000000019,1.584375314933613
228.75,2.6875,0.49960000000000176,1.553894596271757
228.75,2.7125000000000004,0.5187000000000018,1.6133008948882313
228.75,2.7375,0.49410000000000176,1.536788070492144
228.75,2.7625,0.48359999999999315,1.504130157640129
228.75,2.7875000000000005,0.48520000000000174,1.5091066015033157
228.75,2.8125,0.4910000000000017,1.527146210507271
228.75,2.8375000000000004,0.4672000000000016,1.4531216080427638
228.75,2.8625,0.4726000000000017,1.4699171060809295
228.75,2.8875,0.4577999999999935,1.4238850003466728
228.75,2.9125000000000005,0.4501000000000016,1.39993586425524
228.75,2.9375,0.4266000000000015,1.326844345015075
228.75,2.9625000000000004,0.42200000000000154,1.3125370689084899
228.75,2.9875,0.43310000000000154,1.3470611482091632
228.75,3.0125,0.4153999999999941,1.292009237972931
228.75,3.0375000000000005,0.3986000000000014,1.2397565774097725
228.75,3.0625,0.3907000000000014,1.2151853858354194
228.75,3.0875000000000004,0.37830000000000136,1.176617945895928
228.75,3.1125,0.36740000000000134,1.1427159220781498
228.75,3.1375,0.36449999999999483,1.1336961175761517
228.75,3.1625000000000005,0.3633000000000013,1.1299637846788018
228.75,3.1875,0.3498000000000012,1.0879750395833878
228.75,3.2125000000000004,0.3365000000000012,1.0466083499708692
228.75,3.2375,0.3370000000000012,1.0481634886781066
228.75,3.2625,0.3287999999999953,1.0226592138793928
228.75,3.2875000000000005,0.3206000000000011,0.9971549390807151
228.75,3.3125,0.3190000000000011,0.992178495217555
228.75,3.3375000000000004,0.3140000000000011,0.9766271081451795
228.75,3.3625,0.31460000000000116,0.9784932745938647
228.75,3.3875,0.30409999999999565,0.9458353617418592
228.75,3.4125000000000005,0.3100000000000011,0.9641859984872793
228.75,3.4375,0.2987000000000011,0.9290398637037107
228.75,3.4625000000000004,0.289100000000001,0.8991812005247497
228.75,3.4875,0.295700000000001,0.9197090314602853
228.75,3.5125,0.2950999999999958,0.917842865011584
228.75,3.5375000000000005,0.281400000000001,0.8752320644332915
228.75,3.5625,0.283300000000001,0.8811415915207942
228.75,3.5875000000000004,0.285400000000001,0.8876731740911917
228.75,3.6125,0.271400000000001,0.8441292902885406
228.75,3.6375,0.2737999999999961,0.8515939560832656
228.75,3.6625000000000005,0.27150000000000096,0.8444403180299881
228.75,3.6875,0.278400000000001,0.8659012321898661
228.75,3.7125000000000004,0.25870000000000093,0.8046287671247069
228.75,3.7375,0.2633000000000009,0.8189360432312922
228.75,3.7625,0.2521999999999964,0.7844119639306049
228.75,3.7875000000000005,0.24760000000000087,0.7701046878240333
228.75,3.8125,0.23590000000000083,0.7337144420746747
228.75,3.8375000000000004,0.23760000000000084,0.7390019136792824
228.75,3.8625,0.22610000000000083,0.7032337234128189
228.75,3.8875,0.21299999999999697,0.6624890892831833
228.75,3.9125000000000005,0.21030000000000074,0.6540913402641123
228.75,3.9375,0.20090000000000072,0.6248547325680465
228.75,3.9625000000000004,0.1930000000000007,0.6002835409936932
228.75,3.9875,0.1926000000000007,0.5990394300279032
228.75,4.0125,0.17929999999999746,0.5576727404153745
228.75,4.0375,0.17490000000000372,0.5439875197917036
228.75,4.0625,0.16369999999999765,0.5091524127495638
228.75,4.0875,0.16159999999999772,0.5026208301791664
228.75,4.112500000000001,0.15470000000000328,0.4811599160193056
228.75,4.1375,0.140899999999998,0.438238087699533
228.75,4.1625,0.13290000000000282,0.4133558683837473
228.75,4.1875,0.1352999999999981,0.4208205341784728
228.75,4.2125,0.11679999999999834,0.3632804020106845
228.75,4.237500000000001,0.11360000000000242,0.353327514284377
228.75,4.2625,0.10389999999999852,0.32315782336395654
228.75,4.2875,0.09800000000000209,0.30480718661856465
228.75,4.3125,0.09409999999999866,0.2926771047021011
228.75,4.3375,0.08449999999999878,0.26281844152314077
228.75,4.362500000000001,0.07790000000000166,0.24229061058761414
228.75,4.3875,0.07429999999999895,0.2310936118954954
228.75,4.4125,0.07310000000000155,0.2273612789981334
228.75,4.4375,0.0634999999999991,0.19750261581916498
228.75,4.4625,0.06189999999999912,0.1925261719560049
228.75,4.487500000000001,0.0561000000000012,0.1744865629520559
228.75,4.5125,0.05029999999999928,0.15644695394809444
228.75,4.5375,0.04830000000000103,0.15022639911914973
228.75,4.5625,0.04579999999999935,0.14245070558295678
228.75,4.5875,0.03969999999999943,0.12347801335465902
228.75,4.612500000000001,0.03600000000000077,0.11196998692110538
228.75,4.6375,0.031199999999999554,0.0970406553316212
228.75,4.6625,0.030900000000000656,0.0961075721072821
228.75,4.6875,0.029399999999999583,0.09144215598556614
228.75,4.7125,0.026499999999999625,0.08242235148358854
228.75,4.737500000000001,0.020300000000000432,0.06313863151384554
228.75,4.7625,0.020199999999999715,0.0628276037723958
228.75,4.7875000000000005,0.020299999999999714,0.0631386315138433
228.75,4.8125,0.015800000000000338,0.049142383148707364
228.75,4.8375,0.014299999999999797,0.04447696702699306
228.75,4.862500000000001,0.013400000000000287,0.041677717353967005
228.75,4.8875,0.012399999999999824,0.03856743993949049
228.75,4.9125000000000005,0.009899999999999859,0.030791746403302882
228.75,4.9375,0.009100000000000195,0.02830352447172386
228.75,4.9625,0.00909999999999987,0.028303524471722852
228.75,4.987500000000001,0.00840000000000018,0.026126330281591257
228.75,5.0125,0.005699999999999919,0.01772858126250772
228.75,5.0375000000000005,0.005399999999999923,0.01679549803816521
228.75,5.0625,0.005800000000000124,0.018039609003955865
228.75,5.0875,0.0052999999999999246,0.016484470296717707
228.75,5.112500000000001,0.005700000000000122,0.017728581262508352
228.75,5.1375,0.004399999999999938,0.013685220623690172
228.75,5.1625000000000005,0.00349999999999995,0.010885970950662635
228.75,5.1875,0.0024000000000000514,0.007464665794740359
228.75,5.2125,0.0015999999999999773,0.004976443863160062
228.75,5.237500000000001,0.001500000000000032,0.004665416121712724
228.75,5.2625,0.001999999999999972,0.006220554828950078
228.75,5.2875000000000005,0.0015999999999999773,0.004976443863160062
228.75,5.3125,0.0013000000000000277,0.004043360638817694
228.75,5.3375,0.0007999999999999887,0.002488221931580031
228.75,5.362500000000001,0.001500000000000032,0.004665416121712724
228.75,5.3875,0.0008999999999999873,0.0027992496730275354
228.75,5.4125000000000005,0.00039999999999999433,0.0012441109657900155
228.75,5.4375,0.0009000000000000193,0.0027992496730276347
228.75,5.4625,0.0007999999999999887,0.002488221931580031
228.75,5.487500000000001,0.0007000000000000148,0.0021771941901326045
228.75,5.5125,0.00039999999999999433,0.0012441109657900155
228.75,5.5375000000000005,0.0005999999999999915,0.0018661664486850234
228.75,5.5625,0.0009000000000000193,0.0027992496730276347
228.75,5.5875,0.00019999999999999716,0.0006220554828950078
228.75,5.612500000000001,0.0003000000000000064,0.0009330832243425449
228.75,5.6375,0.00029999999999999575,0.0009330832243425117
228.75,5.6625000000000005,9.999999999999858e-05,0.0003110277414475039
228.75,5.6875,0.00010000000000000215,0.000311027741447515
228.75,5.7125,0.0,0.0
228.75,5.737500000000001,0.00010000000000000215,0.000311027741447515
228.75,5.7625,0.00019999999999999716,0.0006220554828950078
228.75,5.7875000000000005,0.00019999999999999716,0.0006220554828950078
228.75,5.8125,0.00010000000000000215,0.000311027741447515
228.75,5.8375,0.0,0.0
228.75,5.862500000000001,0.00010000000000000215,0.000311027741447515
228.75,5.8875,0.0,0.0
228.75,5.9125000000000005,0.00019999999999999716,0.0006220554828950078
228.75,5.9375,0.0,0.0
228.75,5.9625,0.0,0.0
228.75,5.987500000000001,0.0,0.0
228.75,6.0125,0.0,0.0
228.75,6.0375000000000005,0.0,0.0
228.75,6.0625,0.0,0.0
228.75,6.0875,0.0,0.0
228.75,6.112500000000001,0.0,0.0
228.75,6.1375,0.0,0.0
228.75,6.1625000000000005,0.0,0.0
228.75,6.1875,0.0,0.0
228.75,6.2125,0.0,0.0
228.75,6.237500000000001,0.0,0.0
228.75,6.2625,0.0,0.0
228.75,6.2875000000000005,0.0,0.0
228.75,6.3125,0.0,0.0
228.75,6.3375,0.0,0.0
228.75,6.362500000000001,0.0,0.0
228.75,6.3875,0.0,0.0
228.75,6.4125000000000005,0.0,0.0
228.75,6.4375,0.0,0.0
228.75,6.4625,0.0,0.0
228.75,6.487500000000001,0.0,0.0
228.75,6.5125,0.0,0.0
228.75,6.5375000000000005,0.0,0.0
228.75,6.5625,0.0,0.0
228.75,6.5875,0.0,0.0
228.75,6.612500000000001,0.0,0.0
228.75,6.6375,0.0,0.0
228.75,6.6625000000000005,0.0,0.0
228.75,6.6875,0.0,0.0
228.75,6.7125,0.0,0.0
228.75,6.737500000000001,0.0,0.0
228.75,6.7625,0.0,0.0
228.75,6.7875000000000005,0.0,0.0
228.75,6.8125,0.0,0.0
228.75,6.8375,0.0,0.0
228.75,6.862500000000001,0.0,0.0
228.75,6.8875,0.0,0.0
228.75,6.9125000000000005,0.0,0.0
228.75,6.9375,0.0,0.0
228.75,6.9625,0.0,0.0
228.75,6.987500000000001,0.0,0.0
231.25,0.0125,0.0,0.0
231.25,0.037500000000000006,0.0,0.0
231.25,0.0625,9.999999999999998e-05,0.0002766753149308023
231.25,0.08750000000000001,0.0003000000000000001,0.0008300259447924074
231.25,0.1125,0.00040000000000000013,0.0011067012597232098
231.25,0.1375,0.0018999999999999985,0.0052568309836852406
231.25,0.16250000000000003,0.003400000000000001,0.009406960707647283
231.25,0.1875,0.006300000000000002,0.017430544840640553
231.25,0.21250000000000002,0.012400000000000003,0.034307739051419504
231.25,0.2375,0.015300000000000003,0.042331323184412774
231.25,0.2625,0.026499999999999975,0.07331895845666256
231.25,0.28750000000000003,0.03359999999999997,0.09296290581674951
231.25,0.3125,0.04150000000000006,0.11482025569628314
231.25,0.3375,0.05459999999999995,0.15106472195221796
231.25,0.36250000000000004,0.06200000000000008,0.1715386952570977
231.25,0.3875,0.07599999999999993,0.2102732393474096
231.25,0.41250000000000003,0.08479999999999992,0.23462066706132018
231.25,0.4375,0.08750000000000012,0.2420909005644524
231.25,0.4625,0.09439999999999991,0.2611814972946772
231.25,0.48750000000000004,0.10540000000000015,0.2916157819370661
231.25,0.5125,0.1106999999999999,0.3062795736283979
231.25,0.5375000000000001,0.11109999999999991,0.3073862748881212
231.25,0.5625,0.1084999999999999,0.3001927166999203
231.25,0.5875000000000001,0.1075999999999999,0.2977026388655431
231.25,0.6125,0.09900000000000037,0.27390856178149536
231.25,0.6375,0.09659999999999992,0.26726835422315487
231.25,0.6625000000000001,0.09659999999999992,0.26726835422315487
231.25,0.6875,0.09079999999999991,0.2512211859571683
231.25,0.7125000000000001,0.08119999999999994,0.22466035572381135
231.25,0.7375,0.07660000000000028,0.2119332912369954
231.25,0.7625,0.07409999999999993,0.20501640836372437
231.25,0.7875000000000001,0.06239999999999994,0.1726453965168205
231.25,0.8125,0.05679999999999995,0.1571515788806956
231.25,0.8375000000000001,0.05759999999999995,0.15936498140014202
231.25,0.8625,0.04840000000000017,0.13391085242650883
231.25,0.8875,0.04589999999999996,0.1269939695532382
231.25,0.9125000000000001,0.04499999999999996,0.12450389171886095
231.25,0.9375,0.04009999999999996,0.11094680128725165
231.25,0.9625000000000001,0.03839999999999997,0.10624332093342803
231.25,0.9875,0.03800000000000014,0.10513661967370529
231.25,1.0125000000000002,0.03599999999999981,0.09960311337508833
231.25,1.0375,0.03820000000000014,0.10568997030356689
231.25,1.0625,0.04150000000000015,0.11482025569628339
231.25,1.0875,0.04139999999999978,0.11454358038135157
231.25,1.1125,0.048500000000000175,0.13418752774143963
231.25,1.1375000000000002,0.056499999999999696,0.1563215529359025
231.25,1.1625,0.059600000000000215,0.1648984876987588
231.25,1.1875,0.07359999999999961,0.20363303178906947
231.25,1.2125000000000001,0.07480000000000027,0.2069531355682409
231.25,1.2375,0.08910000000000032,0.2465177056033458
231.25,1.2625000000000002,0.09789999999999947,0.2708651333172541
231.25,1.2875,0.1093000000000004,0.3024061192193681
231.25,1.3125,0.11859999999999937,0.3281369235079299
231.25,1.3375000000000001,0.13130000000000047,0.36327468850414485
231.25,1.3625,0.1449000000000005,0.400902531334734
231.25,1.3875000000000002,0.15969999999999918,0.4418504779444891
231.25,1.4125,0.1695000000000006,0.46896465880771165
231.25,1.4375,0.18089999999999903,0.5005056447098188
231.25,1.4625000000000001,0.19010000000000066,0.5259597736834571
231.25,1.4875,0.21150000000000074,0.5851682910786491
231.25,1.5125000000000002,0.20999999999999888,0.5810181613546819
231.25,1.5375,0.21840000000000076,0.6042588878088745
231.25,1.5625,0.2252999999999988,0.6233494845390944
231.25,1.5875000000000001,0.24030000000000085,0.6648507817787205
231.25,1.6125,0.24120000000000086,0.6673408596130977
231.25,1.6375000000000002,0.2513999999999986,0.6955617417360334
231.25,1.6625,0.2491000000000009,0.6891982094926312
231.25,1.6875,0.2467999999999987,0.6828346772492166
231.25,1.7125000000000001,0.2575000000000009,0.7124389359468186
231.25,1.7375,0.26020000000000093,0.7199091694499503
231.25,1.7625000000000002,0.24639999999999868,0.6817279759894934
231.25,1.7875,0.2477000000000009,0.6853247550835999
231.25,1.8125,0.25379999999999864,0.7022019492943726
231.25,1.8375000000000001,0.2536000000000009,0.7016485986645172
231.25,1.8625,0.24720000000000086,0.6839413785089459
231.25,1.8875000000000002,0.25049999999999867,0.6930716639016563
231.25,1.9125,0.24780000000000088,0.6856014303985307
231.25,1.9375,0.24069999999999872,0.6659574830384378
231.25,1.9625000000000001,0.2474000000000009,0.6844947291388076
231.25,1.9875,0.23600000000000082,0.6529537432366959
231.25,2.0125,0.24900000000000086,0.6889215341777003
231.25,2.0375,0.2438999999999965,0.6748110931162173
231.25,2.0625,0.2593000000000009,0.717419091615573
231.25,2.0875000000000004,0.2563000000000009,0.709118832167649
231.25,2.1125,0.274400000000001,0.7591970641701244
231.25,2.1375,0.278400000000001,0.7702640767673565
231.25,2.1625,0.2892999999999959,0.8004216860947999
231.25,2.1875,0.29830000000000106,0.8253224644385865
231.25,2.2125000000000004,0.3061000000000011,0.8469031390031891
231.25,2.2375,0.31530000000000113,0.872357267976823
231.25,2.2625,0.3289000000000012,0.9099851108074123
231.25,2.2875,0.3416999999999951,0.9453995511185382
231.25,2.3125,0.3608000000000013,0.9982445362703385
231.25,2.3375000000000004,0.3766000000000013,1.0419592360294054
231.25,2.3625,0.38680000000000136,1.0701801181523474
231.25,2.3875,0.3942999999999944,1.0909307667721382
231.25,2.4125000000000005,0.4135000000000014,1.1440524272388717
231.25,2.4375,0.4246000000000015,1.174763387196191
231.25,2.4625000000000004,0.4314000000000015,1.1935773086114856
231.25,2.4875,0.46330000000000165,1.281836734074412
231.25,2.5125,0.44709999999999367,1.2370153330556
231.25,2.5375000000000005,0.47330000000000166,1.3095042655674922
231.25,2.5625,0.4779000000000017,1.3222313300543094
231.25,2.5875000000000004,0.4768000000000017,1.3191879015900705
231.25,2.6125,0.48070000000000174,1.3299782388723718
231.25,2.6375,0.48649999999999305,1.3460254071383344
231.25,2.6625000000000005,0.47880000000000167,1.3247214078886864
231.25,2.6875,0.5015000000000018,1.3875267043779789
231.25,2.7125000000000004,0.48470000000000174,1.3410452514696038
231.25,2.7375,0.48380000000000173,1.3385551736352266
231.25,2.7625,0.492099999999993,1.3615192247744592
231.25,2.7875000000000005,0.4804000000000017,1.3291482129275793
231.25,2.8125,0.4775000000000017,1.3211246287945861
231.25,2.8375000000000004,0.46620000000000167,1.2898603182074053
231.25,2.8625,0.4727000000000017,1.3078442136779074
231.25,2.8875,0.45339999999999353,1.25444587789624
231.25,2.9125000000000005,0.44660000000000155,1.2356319564809677
231.25,2.9375,0.43660000000000154,1.2079644249878874
231.25,2.9625000000000004,0.43180000000000157,1.194684009871209
231.25,2.9875,0.4260000000000015,1.1786368416052222
231.25,3.0125,0.4075999999999942,1.1277285836579345
231.25,3.0375000000000005,0.3989000000000014,1.1036578312589747
231.25,3.0625,0.40020000000000144,1.1072546103530752
231.25,3.0875000000000004,0.3763000000000013,1.041129210084613
231.25,3.1125,0.3736000000000013,1.0336589765814814
231.25,3.1375,0.3674999999999948,1.0167817823706842
231.25,3.1625000000000005,0.35690000000000127,0.9874541989880372
231.25,3.1875,0.34540000000000126,0.9556365377709949
231.25,3.2125000000000004,0.3471000000000012,0.9603400181248183
231.25,3.2375,0.3447000000000012,0.9536998105664792
231.25,3.2625,0.3410999999999952,0.9437394992289536
231.25,3.2875000000000005,0.32880000000000115,0.9097084354924814
231.25,3.3125,0.3285000000000011,0.908878409547689
231.25,3.3375000000000004,0.32360000000000116,0.8953213191160797
231.25,3.3625,0.3184000000000011,0.8809342027396779
231.25,3.3875,0.30699999999999567,0.8493932168375513
231.25,3.4125000000000005,0.29980000000000107,0.8294725941625485
231.25,3.4375,0.30880000000000113,0.8543733725063208
231.25,3.4625000000000004,0.3017000000000011,0.8347294251462337
231.25,3.4875,0.30000000000000104,0.83002594479241
231.25,3.5125,0.284899999999996,0.7882479722378448
231.25,3.5375000000000005,0.3067000000000011,0.8485631908927739
231.25,3.5625,0.286400000000001,0.7923981019618207
231.25,3.5875000000000004,0.278200000000001,0.769710726137495
231.25,3.6125,0.284600000000001,0.7874179462930664
231.25,3.6375,0.2699999999999962,0.7470233503131558
231.25,3.6625000000000005,0.277900000000001,0.7688807001927025
231.25,3.6875,0.26950000000000096,0.7456399737385151
231.25,3.7125000000000004,0.26210000000000094,0.7251660004336357
231.25,3.7375,0.2574000000000009,0.7121622606318878
231.25,3.7625,0.2527999999999964,0.6994351961450584
231.25,3.7875000000000005,0.24450000000000086,0.6764711450058142
231.25,3.8125,0.24250000000000088,0.6709376387071982
231.25,3.8375000000000004,0.23670000000000085,0.6548904704412116
231.25,3.8625,0.23410000000000084,0.6476969122530106
231.25,3.8875,0.21999999999999686,0.6086856928477565
231.25,3.9125000000000005,0.20890000000000072,0.5779747328904482
231.25,3.9375,0.20360000000000072,0.5633109411991156
231.25,3.9625000000000004,0.18940000000000065,0.5240230464789415
231.25,3.9875,0.18910000000000066,0.5231930205341491
231.25,4.0125,0.17789999999999748,0.49220538526189045
231.25,4.0375,0.18070000000000386,0.49995229407997055
231.25,4.0625,0.15829999999999775,0.4379770235354539
231.25,4.0875,0.16589999999999766,0.45900434747019464
231.25,4.112500000000001,0.15270000000000325,0.42248320589934424
231.25,4.1375,0.14349999999999796,0.3970290769256958
231.25,4.1625,0.140700000000003,0.3892821681076472
231.25,4.1875,0.13049999999999815,0.36106128598469195
231.25,4.2125,0.11499999999999837,0.3181766121704182
231.25,4.237500000000001,0.1175000000000025,0.3250934950436997
231.25,4.2625,0.11549999999999835,0.3195599887450722
231.25,4.2875,0.0982000000000021,0.27169515926205373
231.25,4.3125,0.09539999999999864,0.2639482504439817
231.25,4.3375,0.0921999999999987,0.25509464036619617
231.25,4.362500000000001,0.08300000000000177,0.22964051139257086
231.25,4.3875,0.07439999999999895,0.20584643430851407
231.25,4.4125,0.07340000000000156,0.20307968115921327
231.25,4.4375,0.070499999999999,0.19505609702621288
231.25,4.4625,0.06459999999999907,0.17873225344529578
231.25,4.487500000000001,0.06240000000000133,0.17264539651682437
231.25,4.5125,0.05339999999999924,0.14774461817304638
231.25,4.5375,0.04960000000000106,0.1372309562056809
231.25,4.5625,0.04739999999999933,0.13114409927719847
231.25,4.5875,0.0428999999999994,0.11869371010531254
231.25,4.612500000000001,0.038700000000000824,0.1070733468782228
231.25,4.6375,0.03229999999999954,0.08936612672264789
231.25,4.6625,0.030300000000000646,0.0838326204240349
231.25,4.6875,0.028499999999999595,0.07885246475527756
231.25,4.7125,0.029099999999999585,0.08051251664486234
231.25,4.737500000000001,0.026500000000000565,0.0733189584566642
231.25,4.7625,0.022799999999999675,0.06308197180422204
231.25,4.7875000000000005,0.02439999999999965,0.06750877684311482
231.25,4.8125,0.01970000000000042,0.05450503704136923
231.25,4.8375,0.017899999999999746,0.04952488137261292
231.25,4.862500000000001,0.013500000000000288,0.03735116751565912
231.25,4.8875,0.014399999999999797,0.03984124535003498
231.25,4.9125000000000005,0.011399999999999837,0.03154098590211102
231.25,4.9375,0.007900000000000169,0.021857349879533854
231.25,4.9625,0.009799999999999861,0.02711418086321825
231.25,4.987500000000001,0.010600000000000226,0.029327583382665674
231.25,5.0125,0.009599999999999864,0.02656083023335665
231.25,5.0375000000000005,0.008299999999999882,0.022964051139256272
231.25,5.0625,0.007100000000000151,0.01964394736008739
231.25,5.0875,0.007099999999999899,0.019643947360086688
231.25,5.112500000000001,0.00610000000000013,0.016877194210779302
231.25,5.1375,0.005899999999999917,0.01632384358091711
231.25,5.1625000000000005,0.0028999999999999586,0.008023584132993155
231.25,5.1875,0.0034000000000000727,0.009406960707647481
231.25,5.2125,0.003799999999999946,0.01051366196737034
231.25,5.237500000000001,0.0034000000000000727,0.009406960707647481
231.25,5.2625,0.0024999999999999645,0.006916882873269961
231.25,5.2875000000000005,0.0024999999999999645,0.006916882873269961
231.25,5.3125,0.002300000000000049,0.00636353224340859
231.25,5.3375,0.001699999999999976,0.004703480353823574
231.25,5.362500000000001,0.0014000000000000297,0.0038734544090313155
231.25,5.3875,0.001199999999999983,0.0033201037791695813
231.25,5.4125000000000005,0.0008999999999999873,0.002490077834377186
231.25,5.4375,0.001500000000000032,0.0041501297239621236
231.25,5.4625,0.0010999999999999845,0.003043428464238783
231.25,5.487500000000001,0.0005000000000000106,0.0013833765746540413
231.25,5.5125,0.000499999999999993,0.0013833765746539923
231.25,5.5375000000000005,0.0005999999999999915,0.0016600518895847907
231.25,5.5625,0.0004000000000000086,0.0011067012597232332
231.25,5.5875,0.000499999999999993,0.0013833765746539923
231.25,5.612500000000001,0.0009000000000000193,0.0024900778343772746
231.25,5.6375,0.00019999999999999716,0.0005533506298615969
231.25,5.6625000000000005,0.00039999999999999433,0.0011067012597231938
231.25,5.6875,0.0003000000000000064,0.0008300259447924249
231.25,5.7125,0.00029999999999999575,0.0008300259447923953
231.25,5.737500000000001,0.0,0.0
231.25,5.7625,0.00019999999999999716,0.0005533506298615969
231.25,5.7875000000000005,0.00019999999999999716,0.0005533506298615969
231.25,5.8125,0.0003000000000000064,0.0008300259447924249
231.25,5.8375,0.0,0.0
231.25,5.862500000000001,0.0004000000000000086,0.0011067012597232332
231.25,5.8875,0.0,0.0
231.25,5.9125000000000005,9.999999999999858e-05,0.00027667531493079844
231.25,5.9375,0.0,0.0
231.25,5.9625,0.0,0.0
231.25,5.987500000000001,0.0,0.0
231.25,6.0125,0.0,0.0
231.25,6.0375000000000005,0.0,0.0
231.25,6.0625,0.0,0.0
231.25,6.0875,0.0,0.0
231.25,6.112500000000001,0.00010000000000000215,0.0002766753149308083
231.25,6.1375,0.0,0.0
231.25,6.1625000000000005,9.999999999999858e-05,0.00027667531493079844
231.25,6.1875,0.0,0.0
231.25,6.2125,0.0,0.0
231.25,6.237500000000001,0.0,0.0
231.25,6.2625,0.0,0.0
231.25,6.2875000000000005,0.0,0.0
231.25,6.3125,0.0,0.0
231.25,6.3375,9.999999999999858e-05,0.00027667531493079844
231.25,6.362500000000001,0.0,0.0
231.25,6.3875,0.0,0.0
231.25,6.4125000000000005,0.0,0.0
231.25,6.4375,0.0,0.0
231.25,6.4625,0.0,0.0
231.25,6.487500000000001,0.0,0.0
231.25,6.5125,0.0,0.0
231.25,6.5375000000000005,0.0,0.0
231.25,6.5625,0.0,0.0
231.25,6.5875,0.0,0.0
231.25,6.612500000000001,0.0,0.0
231.25,6.6375,0.0,0.0
231.25,6.6625000000000005,0.0,0.0
231.25,6.6875,0.0,0.0
231.25,6.7125,0.0,0.0
231.25,6.737500000000001,0.0,0.0
231.25,6.7625,0.0,0.0
231.25,6.7875000000000005,0.0,0.0
231.25,6.8125,0.0,0.0
231.25,6.8375,0.0,0.0
231.25,6.862500000000001,0.0,0.0
231.25,6.8875,0.0,0.0
231.25,6.9125000000000005,0.0,0.0
231.25,6.9375,0.0,0.0
231.25,6.9625,0.0,0.0
231.25,6.987500000000001,0.0,0.0
233.75,0.0125,0.0,0.0
233.75,0.037500000000000006,0.0001,0.00024734889519783274
233.75,0.0625,0.0,0.0
233.75,0.08750000000000001,0.0005000000000000001,0.001236744475989164
233.75,0.1125,0.0011000000000000003,0.0027208378471761606
233.75,0.1375,0.0019999999999999983,0.004946977903956651
233.75,0.16250000000000003,0.004900000000000001,0.012120095864693805
233.75,0.1875,0.0075000000000000015,0.018551167139837458
233.75,0.21250000000000002,0.010700000000000003,0.02646633178616811
233.75,0.2375,0.018200000000000004,0.04501749892600557
233.75,0.2625,0.027299999999999974,0.06752624838900827
233.75,0.28750000000000003,0.031299999999999974,0.07742020419692158
233.75,0.3125,0.044100000000000056,0.10908086278224438
233.75,0.3375,0.05519999999999995,0.13653659014920355
233.75,0.36250000000000004,0.0653000000000001,0.161518828564185
233.75,0.3875,0.07729999999999992,0.19120069598792452
233.75,0.41250000000000003,0.07869999999999994,0.1946635805206942
233.75,0.4375,0.08930000000000013,0.22088256341166496
233.75,0.4625,0.0959999999999999,0.23745493938991918
233.75,0.48750000000000004,0.09850000000000013,0.24363866176986557
233.75,0.5125,0.10459999999999992,0.25872694437693283
233.75,0.5375000000000001,0.10579999999999991,0.2616951311193068
233.75,0.5625,0.10249999999999991,0.25353261757777834
233.75,0.5875000000000001,0.10149999999999991,0.2510591286258
233.75,0.6125,0.10110000000000036,0.2500697330450098
233.75,0.6375,0.10439999999999991,0.25823224658653715
233.75,0.6625000000000001,0.08929999999999992,0.22088256341166443
233.75,0.6875,0.08559999999999993,0.21173065428934465
233.75,0.7125000000000001,0.08019999999999992,0.19837381394866166
233.75,0.7375,0.07810000000000028,0.19317948714950806
233.75,0.7625,0.06719999999999994,0.16621845757294346
233.75,0.7875000000000001,0.06299999999999994,0.1558298039746345
233.75,0.8125,0.059899999999999946,0.14816198822350168
233.75,0.8375000000000001,0.05459999999999995,0.13505249677801653
233.75,0.8625,0.04800000000000017,0.11872746969496013
233.75,0.8875,0.043599999999999965,0.10784411830625498
233.75,0.9125000000000001,0.04079999999999997,0.10091834924071567
233.75,0.9375,0.04319999999999996,0.10685472272546365
233.75,0.9625000000000001,0.039499999999999966,0.09770281360314385
233.75,0.9875,0.04380000000000016,0.10833881609665114
233.75,1.0125000000000002,0.0377999999999998,0.09349788238478028
233.75,1.0375,0.040400000000000144,0.09992895365992478
233.75,1.0625,0.04510000000000016,0.11155435173422297
233.75,1.0875,0.04909999999999974,0.12144830754213523
233.75,1.1125,0.05050000000000018,0.12491119207490597
233.75,1.1375000000000002,0.056699999999999695,0.14024682357717042
233.75,1.1625,0.06380000000000023,0.15780859513621787
233.75,1.1875,0.07149999999999962,0.17685446006644948
233.75,1.2125000000000001,0.08140000000000029,0.20134200069103658
233.75,1.2375,0.08910000000000032,0.22038786562126975
233.75,1.2625000000000002,0.10059999999999945,0.2488329885690184
233.75,1.2875,0.10770000000000038,0.2663947601280668
233.75,1.3125,0.11969999999999936,0.2960766275518042
233.75,1.3375000000000001,0.13640000000000047,0.337383893049845
233.75,1.3625,0.13330000000000047,0.3297160772987122
233.75,1.3875000000000002,0.15309999999999918,0.3786911585478799
233.75,1.4125,0.16710000000000058,0.41332000387557993
233.75,1.4375,0.17999999999999902,0.4452280113560965
233.75,1.4625000000000001,0.18120000000000064,0.4481961980984745
233.75,1.4875,0.19910000000000072,0.4924716503388868
233.75,1.5125000000000002,0.21249999999999888,0.5256164022953919
233.75,1.5375,0.21810000000000077,0.5394679404264751
233.75,1.5625,0.2288999999999988,0.5661816211078362
233.75,1.5875000000000001,0.23930000000000085,0.5919059062084159
233.75,1.6125,0.23150000000000082,0.5726126923829848
233.75,1.6375000000000002,0.23579999999999873,0.5832486948764865
233.75,1.6625,0.24350000000000085,0.6022945598067249
233.75,1.6875,0.2458999999999987,0.6082309332914675
233.75,1.7125000000000001,0.24400000000000088,0.6035313042827141
233.75,1.7375,0.2525000000000009,0.6245559603745299
233.75,1.7625000000000002,0.25479999999999864,0.6302449849640744
233.75,1.7875,0.24260000000000087,0.6000684197499444
233.75,1.8125,0.2523999999999986,0.6243086114793265
233.75,1.8375000000000001,0.2504000000000009,0.6193616335753754
233.75,1.8625,0.24360000000000087,0.6025419087019227
233.75,1.8875000000000002,0.25629999999999864,0.6339552183920419
233.75,1.9125,0.2537000000000009,0.627524147116904
233.75,1.9375,0.25269999999999865,0.62505065816492
233.75,1.9625000000000001,0.2559000000000009,0.6329658228112562
233.75,1.9875,0.24380000000000085,0.6030366064923183
233.75,2.0125,0.2542000000000009,0.6287608915928932
233.75,2.0375,0.26379999999999626,0.6525063855318736
233.75,2.0625,0.2545000000000009,0.6295029382784866
233.75,2.0875000000000004,0.2633000000000009,0.6512696410558959
233.75,2.1125,0.26800000000000096,0.6628950391301941
233.75,2.1375,0.27850000000000097,0.6888666731259666
233.75,2.1625,0.29219999999999585,0.722753471768057
233.75,2.1875,0.2997000000000011,0.7413046389079074
233.75,2.2125000000000004,0.30480000000000107,0.7539194325629969
233.75,2.2375,0.33190000000000114,0.8209509831616096
233.75,2.2625,0.33170000000000116,0.8204562853712141
233.75,2.2875,0.33829999999999516,0.8367813124542562
233.75,2.3125,0.3597000000000013,0.8897139760266076
233.75,2.3375000000000004,0.37330000000000135,0.923353425773513
233.75,2.3625,0.3830000000000014,0.9473462686077029
233.75,2.3875,0.39229999999999443,0.9703497158610841
233.75,2.4125000000000005,0.41030000000000144,1.0148725169967112
233.75,2.4375,0.4240000000000015,1.0487593156388144
233.75,2.4625000000000004,0.4348000000000015,1.0754729963201806
233.75,2.4875,0.43460000000000154,1.0749782985297849
233.75,2.5125,0.45019999999999355,1.113564726180627
233.75,2.5375000000000005,0.4560000000000016,1.1279109621021213
233.75,2.5625,0.45440000000000164,1.123953379778956
233.75,2.5875000000000004,0.4829000000000017,1.1944478149103386
233.75,2.6125,0.48280000000000173,1.1942004660151408
233.75,2.6375,0.4827999999999932,1.1942004660151195
233.75,2.6625000000000005,0.4759000000000017,1.1771333922464902
233.75,2.6875,0.48370000000000174,1.1964266060719213
233.75,2.7125000000000004,0.48270000000000174,1.193953117119943
233.75,2.7375,0.4862000000000017,1.202610328451867
233.75,2.7625,0.47899999999999315,1.1848012079976018
233.75,2.7875000000000005,0.46980000000000166,1.1620451096394224
233.75,2.8125,0.47060000000000163,1.164023900801005
233.75,2.8375000000000004,0.46340000000000164,1.146214780346761
233.75,2.8625,0.4596000000000016,1.1368155223292433
233.75,2.8875,0.45229999999999354,1.1187590529797815
233.75,2.9125000000000005,0.4601000000000017,1.1380522668052326
233.75,2.9375,0.42900000000000155,1.0611267603987062
233.75,2.9625000000000004,0.43760000000000154,1.0823987653857199
233.75,2.9875,0.42450000000000154,1.0499960601148037
233.75,3.0125,0.4121999999999941,1.019572146005452
233.75,3.0375000000000005,0.3972000000000014,0.9824698117257951
233.75,3.0625,0.3855000000000014,0.9535299909876487
233.75,3.0875000000000004,0.3886000000000014,0.9611978067387814
233.75,3.1125,0.37500000000000133,0.927558356991876
233.75,3.1375,0.38409999999999456,0.9500671064548621
233.75,3.1625000000000005,0.35410000000000125,0.8758624378955289
233.75,3.1875,0.3577000000000013,0.8847669981226509
233.75,3.2125000000000004,0.35570000000000124,0.8798200202186941
233.75,3.2375,0.35460000000000125,0.877099182371518
233.75,3.2625,0.352599999999995,0.8721522044675458
233.75,3.2875000000000005,0.3324000000000012,0.822187727637599
233.75,3.3125,0.33160000000000117,0.8202089364760162
233.75,3.3375000000000004,0.3181000000000011,0.7868168356243087
233.75,3.3625,0.32080000000000114,0.7934952557946503
233.75,3.3875,0.31189999999999557,0.7714812041220294
233.75,3.4125000000000005,0.32360000000000116,0.8004210248601896
233.75,3.4375,0.3075000000000011,0.7605978527333385
233.75,3.4625000000000004,0.30630000000000107,0.7576296659909644
233.75,3.4875,0.30000000000000104,0.7420466855935008
233.75,3.5125,0.3047999999999957,0.7539194325629835
233.75,3.5375000000000005,0.29140000000000105,0.7207746806064872
233.75,3.5625,0.279000000000001,0.6901034176019559
233.75,3.5875000000000004,0.284100000000001,0.7027182112570454
233.75,3.6125,0.28240000000000104,0.6985132800386822
233.75,3.6375,0.2737999999999961,0.6772412750516564
233.75,3.6625000000000005,0.2649000000000009,0.6552272233790611
233.75,3.6875,0.2669000000000009,0.6601742012830178
233.75,3.7125000000000004,0.25960000000000094,0.6421177319335761
233.75,3.7375,0.2579000000000009,0.6379128007152128
233.75,3.7625,0.2582999999999963,0.6389021962959929
233.75,3.7875000000000005,0.23870000000000083,0.5904218128372288
233.75,3.8125,0.23340000000000083,0.5773123213917437
233.75,3.8375000000000004,0.23560000000000084,0.582753997086096
233.75,3.8625,0.21990000000000076,0.5439202205400361
233.75,3.8875,0.2172999999999969,0.5374891492648829
233.75,3.9125000000000005,0.21730000000000077,0.5374891492648924
233.75,3.9375,0.2045000000000007,0.5058284906795697
233.75,3.9625000000000004,0.1923000000000007,0.47565192546543406
233.75,3.9875,0.18840000000000065,0.4660053185527185
233.75,4.0125,0.18379999999999738,0.4546272693736101
233.75,4.0375,0.18160000000000387,0.44918559367927385
233.75,4.0625,0.1616999999999977,0.39996316353488987
233.75,4.0875,0.15759999999999777,0.3898218588317789
233.75,4.112500000000001,0.15150000000000324,0.37473357622472464
233.75,4.1375,0.141199999999998,0.3492566400193349
233.75,4.1625,0.13940000000000297,0.3448043599057862
233.75,4.1875,0.13049999999999815,0.3227903082331671
233.75,4.2125,0.11829999999999832,0.292613743019032
233.75,4.237500000000001,0.11600000000000246,0.2869247184294921
233.75,4.2625,0.1129999999999984,0.279504251573547
233.75,4.2875,0.11100000000000237,0.2745572736696002
233.75,4.3125,0.09819999999999861,0.2428966150842683
233.75,4.3375,0.09399999999999867,0.23250796148595948
233.75,4.362500000000001,0.08640000000000184,0.21370944545093204
233.75,4.3875,0.07939999999999886,0.19639502278707638
233.75,4.4125,0.07640000000000163,0.18897455593114826
233.75,4.4375,0.06879999999999901,0.1701760398961065
233.75,4.4625,0.06539999999999907,0.16176617745938032
233.75,4.487500000000001,0.06290000000000133,0.15558245507944007
233.75,4.5125,0.06049999999999914,0.14964608159468668
233.75,4.5375,0.054100000000001154,0.13381575230203036
233.75,4.5625,0.050399999999999286,0.12466384317970594
233.75,4.5875,0.046999999999999334,0.11625398074297974
233.75,4.612500000000001,0.043100000000000915,0.10660737383026818
233.75,4.6375,0.034999999999999504,0.08657211331924024
233.75,4.6625,0.03490000000000074,0.08632476442404546
233.75,4.6875,0.03129999999999956,0.07742020419692056
233.75,4.7125,0.027899999999999602,0.06901034176019435
233.75,4.737500000000001,0.025800000000000548,0.06381601496104221
233.75,4.7625,0.02459999999999965,0.06084782821866599
233.75,4.7875000000000005,0.02389999999999966,0.059116385952281185
233.75,4.8125,0.01980000000000042,0.04897508124917192
233.75,4.8375,0.017299999999999753,0.04279135886922445
233.75,4.862500000000001,0.01970000000000042,0.04872773235397408
233.75,4.8875,0.0140999999999998,0.034876194222893925
233.75,4.9125000000000005,0.013299999999999812,0.03289740306131129
233.75,4.9375,0.013300000000000284,0.032897403061312454
233.75,4.9625,0.009899999999999859,0.02448754062458509
233.75,4.987500000000001,0.011600000000000247,0.02869247184294921
233.75,5.0125,0.00929999999999987,0.02300344725339812
233.75,5.0375000000000005,0.007499999999999894,0.018551167139837194
233.75,5.0625,0.0062000000000001325,0.015335631502265957
233.75,5.0875,0.006599999999999906,0.01632502708305673
233.75,5.112500000000001,0.005800000000000124,0.014346235921474606
233.75,5.1375,0.004799999999999932,0.011872746969495803
233.75,5.1625000000000005,0.004699999999999933,0.011625398074297974
233.75,5.1875,0.0032000000000000687,0.007915164646330818
233.75,5.2125,0.003999999999999944,0.00989395580791317
233.75,5.237500000000001,0.003800000000000081,0.009399258017517845
233.75,5.2625,0.00279999999999996,0.006925769065539218
233.75,5.2875000000000005,0.00349999999999995,0.008657211331924023
233.75,5.3125,0.0025000000000000534,0.006183722379945951
233.75,5.3375,0.001999999999999972,0.004946977903956585
233.75,5.362500000000001,0.0012000000000000257,0.0029681867423740566
233.75,5.3875,0.0022999999999999674,0.005689024589550073
233.75,5.4125000000000005,0.0015999999999999773,0.003957582323165267
233.75,5.4375,0.0012000000000000257,0.0029681867423740566
233.75,5.4625,0.001199999999999983,0.0029681867423739508
233.75,5.487500000000001,0.0007000000000000148,0.001731442266384866
233.75,5.5125,0.0010999999999999845,0.0027208378471761216
233.75,5.5375000000000005,0.00029999999999999575,0.0007420466855934877
233.75,5.5625,0.0005000000000000106,0.00123674447598919
233.75,5.5875,0.000499999999999993,0.0012367444759891462
233.75,5.612500000000001,0.0010000000000000213,0.00247348895197838
233.75,5.6375,0.0005999999999999915,0.0014840933711869754
233.75,5.6625000000000005,0.00019999999999999716,0.0004946977903956584
233.75,5.6875,0.0004000000000000086,0.0009893955807913522
233.75,5.7125,0.00019999999999999716,0.0004946977903956584
233.75,5.737500000000001,0.0008000000000000172,0.0019787911615827044
233.75,5.7625,0.000499999999999993,0.0012367444759891462
233.75,5.7875000000000005,0.00039999999999999433,0.0009893955807913169
233.75,5.8125,0.0003000000000000064,0.0007420466855935141
233.75,5.8375,0.00019999999999999716,0.0004946977903956584
233.75,5.862500000000001,0.0,0.0
233.75,5.8875,0.0,0.0
233.75,5.9125000000000005,0.0,0.0
233.75,5.9375,0.0002000000000000043,0.0004946977903956761
233.75,5.9625,0.0,0.0
233.75,5.987500000000001,0.0,0.0
233.75,6.0125,9.999999999999858e-05,0.0002473488951978292
233.75,6.0375000000000005,0.0,0.0
233.75,6.0625,0.00010000000000000215,0.00024734889519783805
233.75,6.0875,0.0,0.0
233.75,6.112500000000001,0.00010000000000000215,0.00024734889519783805
233.75,6.1375,0.0,0.0
233.75,6.1625000000000005,0.0,0.0
233.75,6.1875,0.0,0.0
233.75,6.2125,9.999999999999858e-05,0.0002473488951978292
233.75,6.237500000000001,0.0,0.0
233.75,6.2625,0.0,0.0
233.75,6.2875000000000005,0.0,0.0
233.75,6.3125,0.0,0.0
233.75,6.3375,0.0,0.0
233.75,6.362500000000001,0.0,0.0
233.75,6.3875,0.0,0.0
233.75,6.4125000000000005,0.0,0.0
233.75,6.4375,0.0,0.0
233.75,6.4625,0.0,0.0
233.75,6.487500000000001,0.0,0.0
233.75,6.5125,0.0,0.0
233.75,6.5375000000000005,0.0,0.0
233.75,6.5625,0.0,0.0
233.75,6.5875,0.0,0.0
233.75,6.612500000000001,0.0,0.0
233.75,6.6375,0.0,0.0
233.75,6.6625000000000005,0.0,0.0
233.75,6.6875,0.0,0.0
233.75,6.7125,0.0,0.0
233.75,6.737500000000001,0.0,0.0
233.75,6.7625,0.0,0.0
233.75,6.7875000000000005,0.0,0.0
233.75,6.8125,0.0,0.0
233.75,6.8375,0.0,0.0
233.75,6.862500000000001,0.0,0.0
233.75,6.8875,0.0,0.0
233.75,6.9125000000000005,0.0,0.0
233.75,6.9375,0.0,0.0
233.75,6.9625,0.0,0.0
233.75,6.987500000000001,0.0,0.0
236.25,0.0125,0.0,0.0
236.25,0.037500000000000006,0.0,0.0
236.25,0.0625,0.00019999999999999996,0.00044457885215388906
236.25,0.08750000000000001,0.00010000000000000003,0.00022228942607694464
236.25,0.1125,0.0007000000000000001,0.0015560259825386123
236.25,0.1375,0.0030999999999999973,0.006890972208385276
236.25,0.16250000000000003,0.005500000000000001,0.012225918434231955
236.25,0.1875,0.007600000000000002,0.01689399638184779
236.25,0.21250000000000002,0.013200000000000003,0.02934220424215669
236.25,0.2375,0.017900000000000003,0.039789807267773085
236.25,0.2625,0.024299999999999978,0.05401633053669748
236.25,0.28750000000000003,0.03069999999999997,0.06824285380562192
236.25,0.3125,0.03940000000000005,0.08758203387431628
236.25,0.3375,0.05419999999999996,0.12048086893370387
236.25,0.36250000000000004,0.062300000000000084,0.13848631244593665
236.25,0.3875,0.07339999999999994,0.16316043874047717
236.25,0.41250000000000003,0.08529999999999992,0.18961288044363353
236.25,0.4375,0.08460000000000012,0.18805685446109538
236.25,0.4625,0.09269999999999992,0.20606229797332745
236.25,0.48750000000000004,0.09330000000000012,0.20739603452978955
236.25,0.5125,0.0954999999999999,0.21228640190348186
236.25,0.5375000000000001,0.10389999999999991,0.23095871369394522
236.25,0.5625,0.10129999999999992,0.22517918861594466
236.25,0.5875000000000001,0.10259999999999991,0.22806895115494494
236.25,0.6125,0.09390000000000034,0.2087297710862517
236.25,0.6375,0.09189999999999993,0.2042839825647119
236.25,0.6625000000000001,0.08979999999999992,0.19961590461709605
236.25,0.6875,0.08099999999999992,0.1800544351223249
236.25,0.7125000000000001,0.08209999999999992,0.18249961880917132
236.25,0.7375,0.07950000000000029,0.1767200937311716
236.25,0.7625,0.06699999999999995,0.14893391547155274
236.25,0.7875000000000001,0.06399999999999995,0.1422652326892444
236.25,0.8125,0.06449999999999995,0.14337667981962912
236.25,0.8375000000000001,0.05569999999999995,0.12381521032485802
236.25,0.8625,0.050700000000000175,0.11270073902101128
236.25,0.8875,0.04989999999999995,0.11092242361239524
236.25,0.9125000000000001,0.047899999999999957,0.10647663509085635
236.25,0.9375,0.039499999999999966,0.08780432330039303
236.25,0.9625000000000001,0.04329999999999996,0.0962513214913169
236.25,0.9875,0.04190000000000015,0.09313926952624012
236.25,1.0125000000000002,0.04509999999999976,0.10025253116070147
236.25,1.0375,0.045400000000000156,0.10091939943893319
236.25,1.0625,0.04760000000000017,0.105809766812626
236.25,1.0875,0.050799999999999734,0.11292302844708725
236.25,1.1125,0.0555000000000002,0.12337063147270469
236.25,1.1375000000000002,0.05729999999999969,0.12737184114208855
236.25,1.1625,0.06340000000000022,0.14093149613278336
236.25,1.1875,0.07399999999999961,0.1644941752969381
236.25,1.2125000000000001,0.07680000000000027,0.17071827922709404
236.25,1.2375,0.09500000000000033,0.21117495477309808
236.25,1.2625000000000002,0.10069999999999947,0.223845452059482
236.25,1.2875,0.10730000000000038,0.23851655418056236
236.25,1.3125,0.12069999999999936,0.2683033372748707
236.25,1.3375000000000001,0.12940000000000046,0.28764251734356727
236.25,1.3625,0.13200000000000048,0.2934220424215679
236.25,1.3875000000000002,0.14899999999999922,0.33121124485464565
236.25,1.4125,0.16960000000000058,0.3770028666264993
236.25,1.4375,0.17819999999999905,0.39611975726911314
236.25,1.4625000000000001,0.18480000000000066,0.41079085939019505
236.25,1.4875,0.20250000000000073,0.4501360878058144
236.25,1.5125000000000002,0.20139999999999894,0.447690904118964
236.25,1.5375,0.20950000000000074,0.46569634763120055
236.25,1.5625,0.21729999999999883,0.48303492286519795
236.25,1.5875000000000001,0.2193000000000008,0.4874807113867412
236.25,1.6125,0.24360000000000087,0.541497041923439
236.25,1.6375000000000002,0.23329999999999876,0.5186012310375089
236.25,1.6625,0.23980000000000087,0.5330500437325151
236.25,1.6875,0.2441999999999987,0.5428307784798958
236.25,1.7125000000000001,0.24860000000000088,0.5526115132272862
236.25,1.7375,0.2594000000000009,0.5766187712435963
236.25,1.7625000000000002,0.2395999999999987,0.5326054648803563
236.25,1.7875,0.2521000000000009,0.5603916431399792
236.25,1.8125,0.25349999999999867,0.5635036951050515
236.25,1.8375000000000001,0.2449000000000009,0.5443868044624393
236.25,1.8625,0.2510000000000009,0.5579464594531328
236.25,1.8875000000000002,0.24839999999999868,0.5521669343751274
236.25,1.9125,0.2494000000000009,0.5543898286359018
236.25,1.9375,0.2444999999999987,0.5434976467581266
236.25,1.9625000000000001,0.2693000000000009,0.5986254244252138
236.25,1.9875,0.2555000000000009,0.5679494836265954
236.25,2.0125,0.2503000000000009,0.5563904334705942
236.25,2.0375,0.25909999999999633,0.5759519029653553
236.25,2.0625,0.2608000000000009,0.5797308232086735
236.25,2.0875000000000004,0.281900000000001,0.6266338921109089
236.25,2.1125,0.282300000000001,0.6275230498152168
236.25,2.1375,0.290700000000001,0.6461953616056801
236.25,2.1625,0.2954999999999958,0.656865254057362
236.25,2.1875,0.2996000000000011,0.6659791205265284
236.25,2.2125000000000004,0.31680000000000114,0.7042129018117629
236.25,2.2375,0.32340000000000113,0.7188840039328412
236.25,2.2625,0.3394000000000012,0.7544503121051526
236.25,2.2875,0.3453999999999951,0.7677876776697556
236.25,2.3125,0.3429000000000012,0.7622304420178456
236.25,2.3375000000000004,0.37980000000000136,0.8442552402402385
236.25,2.3625,0.3914000000000014,0.8700408136651642
236.25,2.3875,0.39169999999999444,0.8707076819433796
236.25,2.4125000000000005,0.40910000000000146,0.9093860420807836
236.25,2.4375,0.4132000000000015,0.9184999085499383
236.25,2.4625000000000004,0.41560000000000147,0.9238348547757849
236.25,2.4875,0.4325000000000015,0.9614017677827886
236.25,2.5125,0.4361999999999938,0.9696264765476185
236.25,2.5375000000000005,0.44800000000000156,0.9958566288247152
236.25,2.5625,0.4516000000000016,1.0038590481634853
236.25,2.5875000000000004,0.46280000000000165,1.0287554638841032
236.25,2.6125,0.4722000000000017,1.049650669935336
236.25,2.6375,0.4737999999999932,1.0532073007525484
236.25,2.6625000000000005,0.46980000000000166,1.0443157237094893
236.25,2.6875,0.46590000000000165,1.0356464360924884
236.25,2.7125000000000004,0.47230000000000166,1.049872959361413
236.25,2.7375,0.47630000000000167,1.0587645364044906
236.25,2.7625,0.4725999999999933,1.0505398276396252
236.25,2.7875000000000005,0.46400000000000163,1.0314229369970265
236.25,2.8125,0.45870000000000166,1.0196415974149484
236.25,2.8375000000000004,0.4559000000000016,1.013417493484794
236.25,2.8625,0.4596000000000016,1.0216422022496408
236.25,2.8875,0.4373999999999938,0.9722939496605417
236.25,2.9125000000000005,0.44610000000000155,0.9916331297292532
236.25,2.9375,0.4364000000000015,0.9700710553997894
236.25,2.9625000000000004,0.4253000000000015,0.9453969291052486
236.25,2.9875,0.4239000000000015,0.9422848771401714
236.25,3.0125,0.4101999999999942,0.9118312257676137
236.25,3.0375000000000005,0.4074000000000014,0.9056071218374754
236.25,3.0625,0.39510000000000145,0.8782655224300112
236.25,3.0875000000000004,0.3930000000000014,0.8735974444823953
236.25,3.1125,0.38560000000000133,0.8571480269527012
236.25,3.1375,0.3795999999999946,0.8438106613880696
236.25,3.1625000000000005,0.3701000000000013,0.8226931659107748
236.25,3.1875,0.3602000000000013,0.8006865127291573
236.25,3.2125000000000004,0.3622000000000013,0.8051323012506961
236.25,3.2375,0.35660000000000125,0.7926840933903871
236.25,3.2625,0.35229999999999495,0.7831256480690645
236.25,3.2875000000000005,0.3399000000000012,0.7555617592355373
236.25,3.3125,0.3448000000000012,0.7664539411133076
236.25,3.3375000000000004,0.32430000000000114,0.7208846087675338
236.25,3.3625,0.32540000000000113,0.7233297924543801
236.25,3.3875,0.3160999999999955,0.7026568758292118
236.25,3.4125000000000005,0.30590000000000106,0.6799833543693758
236.25,3.4375,0.3136000000000011,0.6970996401773006
236.25,3.4625000000000004,0.3042000000000011,0.6762044341260678
236.25,3.4875,0.3012000000000011,0.6695357513437594
236.25,3.5125,0.29699999999999577,0.660199595448516
236.25,3.5375000000000005,0.280700000000001,0.6239664189979857
236.25,3.5625,0.289600000000001,0.6437501779188337
236.25,3.5875000000000004,0.283700000000001,0.630635101780294
236.25,3.6125,0.27200000000000096,0.6046272389292914
236.25,3.6375,0.2700999999999962,0.6004037398338188
236.25,3.6625000000000005,0.26820000000000094,0.5961802407383674
236.25,3.6875,0.2504000000000009,0.5566127228966712
236.25,3.7125000000000004,0.2536000000000009,0.5637259845311334
236.25,3.7375,0.24230000000000088,0.5386072793844386
236.25,3.7625,0.24419999999999653,0.5428307784798909
236.25,3.7875000000000005,0.2494000000000009,0.5543898286359018
236.25,3.8125,0.23200000000000082,0.5157114684985132
236.25,3.8375000000000004,0.23460000000000086,0.5214909935765139
236.25,3.8625,0.2236000000000008,0.4970391567080498
236.25,3.8875,0.22219999999999684,0.4939271047429638
236.25,3.9125000000000005,0.20540000000000072,0.45658248116204575
236.25,3.9375,0.20240000000000072,0.44991379837973744
236.25,3.9625000000000004,0.19530000000000067,0.4341312491282742
236.25,3.9875,0.19030000000000066,0.423016777824427
236.25,4.0125,0.18589999999999735,0.41323604307703404
236.25,4.0375,0.1790000000000038,0.39789807267773925
236.25,4.0625,0.17229999999999754,0.38300468113057
236.25,4.0875,0.16029999999999772,0.3563299500013371
236.25,4.112500000000001,0.15830000000000338,0.3518841614798108
236.25,4.1375,0.15129999999999785,0.3363239016544124
236.25,4.1625,0.14000000000000298,0.31120519650772904
236.25,4.1875,0.13029999999999814,0.28964312217825466
236.25,4.2125,0.13809999999999803,0.30698169741225606
236.25,4.237500000000001,0.12290000000000263,0.27319370464857073
236.25,4.2625,0.11509999999999836,0.25585512941455957
236.25,4.2875,0.10860000000000232,0.24140631671956697
236.25,4.3125,0.0991999999999986,0.2205111106683259
236.25,4.3375,0.0913999999999987,0.20317253543432445
236.25,4.362500000000001,0.0888000000000019,0.19739301035633103
236.25,4.3875,0.08259999999999883,0.18361106593955362
236.25,4.4125,0.08240000000000176,0.18316648708740624
236.25,4.4375,0.07269999999999897,0.1616044127579364
236.25,4.4625,0.070199999999999,0.15604717710601287
236.25,4.487500000000001,0.06960000000000148,0.1547134405495567
236.25,4.5125,0.05969999999999915,0.132706787367934
236.25,4.5375,0.05490000000000117,0.12203689491624517
236.25,4.5625,0.053699999999999234,0.11936942180331754
236.25,4.5875,0.05229999999999926,0.11625736983824037
236.25,4.612500000000001,0.04300000000000092,0.09558445321308821
236.25,4.6375,0.04349999999999938,0.0966959003434695
236.25,4.6625,0.04130000000000088,0.09180553296978006
236.25,4.6875,0.03989999999999943,0.08869348100469962
236.25,4.7125,0.03319999999999953,0.07380008945754456
236.25,4.737500000000001,0.026500000000000565,0.05890669791039157
236.25,4.7625,0.028899999999999593,0.06424164413623608
236.25,4.7875000000000005,0.027899999999999602,0.06201874987546665
236.25,4.8125,0.023500000000000503,0.05223801512808309
236.25,4.8375,0.0210999999999997,0.04690306890223463
236.25,4.862500000000001,0.021000000000000445,0.046680779476159354
236.25,4.8875,0.01899999999999973,0.04223499095461886
236.25,4.9125000000000005,0.014299999999999797,0.031787387929002625
236.25,4.9375,0.013200000000000281,0.02934220424215731
236.25,4.9625,0.014799999999999789,0.03289883505938733
236.25,4.987500000000001,0.013500000000000288,0.030009072520388157
236.25,5.0125,0.008699999999999876,0.019339180068693902
236.25,5.0375000000000005,0.010999999999999845,0.02445183686846356
236.25,5.0625,0.00990000000000021,0.022006653181617982
236.25,5.0875,0.00849999999999988,0.01889460121654002
236.25,5.112500000000001,0.008100000000000173,0.018005443512232894
236.25,5.1375,0.006199999999999912,0.013781944416770369
236.25,5.1625000000000005,0.0054999999999999225,0.01222591843423178
236.25,5.1875,0.0062000000000001325,0.013781944416770858
236.25,5.2125,0.004499999999999936,0.010003024173462364
236.25,5.237500000000001,0.003600000000000077,0.008002419338770175
236.25,5.2625,0.00349999999999995,0.007780129912692949
236.25,5.2875000000000005,0.003399999999999952,0.007557840486616009
236.25,5.3125,0.0033000000000000702,0.007335551060539327
236.25,5.3375,0.002399999999999966,0.005334946225846594
236.25,5.362500000000001,0.0024000000000000514,0.005334946225846784
236.25,5.3875,0.0022999999999999674,0.0051126567997696526
236.25,5.4125000000000005,0.0024999999999999645,0.005557235651923536
236.25,5.4375,0.0016000000000000343,0.0035566308172311897
236.25,5.4625,0.00069999999999999,0.00155602598253859
236.25,5.487500000000001,0.0011000000000000235,0.0024451836868464426
236.25,5.5125,0.000999999999999986,0.0022228942607694143
236.25,5.5375000000000005,0.001199999999999983,0.002667473112923297
236.25,5.5625,0.0007000000000000148,0.001556025982538645
236.25,5.5875,0.00069999999999999,0.00155602598253859
236.25,5.612500000000001,0.0012000000000000257,0.002667473112923392
236.25,5.6375,0.001199999999999983,0.002667473112923297
236.25,5.6625000000000005,0.00039999999999999433,0.0008891577043077657
236.25,5.6875,0.0006000000000000128,0.001333736556461696
236.25,5.7125,0.0007999999999999887,0.0017783154086155313
236.25,5.737500000000001,0.0007000000000000148,0.001556025982538645
236.25,5.7625,0.00039999999999999433,0.0008891577043077657
236.25,5.7875000000000005,0.000499999999999993,0.0011114471303847072
236.25,5.8125,0.00010000000000000215,0.00022228942607694936
236.25,5.8375,9.999999999999858e-05,0.00022228942607694141
236.25,5.862500000000001,0.0004000000000000086,0.0008891577043077974
236.25,5.8875,0.00029999999999999575,0.0006668682782308243
236.25,5.9125000000000005,0.00019999999999999716,0.00044457885215388283
236.25,5.9375,0.00010000000000000215,0.00022228942607694936
236.25,5.9625,0.0,0.0
236.25,5.987500000000001,0.0003000000000000064,0.000666868278230848
236.25,6.0125,0.0,0.0
236.25,6.0375000000000005,0.0,0.0
236.25,6.0625,0.0,0.0
236.25,6.0875,0.00019999999999999716,0.00044457885215388283
236.25,6.112500000000001,0.00010000000000000215,0.00022228942607694936
236.25,6.1375,0.0,0.0
236.25,6.1625000000000005,9.999999999999858e-05,0.00022228942607694141
236.25,6.1875,0.0,0.0
236.25,6.2125,0.0,0.0
236.25,6.237500000000001,0.0,0.0
236.25,6.2625,0.0,0.0
236.25,6.2875000000000005,0.0,0.0
236.25,6.3125,0.0,0.0
236.25,6.3375,0.0,0.0
236.25,6.362500000000001,0.0,0.0
236.25,6.3875,0.0,0.0
236.25,6.4125000000000005,9.999999999999858e-05,0.00022228942607694141
236.25,6.4375,0.0,0.0
236.25,6.4625,0.0,0.0
236.25,6.487500000000001,0.0,0.0
236.25,6.5125,0.0,0.0
236.25,6.5375000000000005,0.0,0.0
236.25,6.5625,0.0,0.0
236.25,6.5875,0.0,0.0
236.25,6.612500000000001,0.0,0.0
236.25,6.6375,0.0,0.0
236.25,6.6625000000000005,0.0,0.0
236.25,6.6875,0.0,0.0
236.25,6.7125,0.0,0.0
236.25,6.737500000000001,0.0,0.0
236.25,6.7625,0.0,0.0
236.25,6.7875000000000005,0.0,0.0
236.25,6.8125,0.0,0.0
236.25,6.8375,0.0,0.0
236.25,6.862500000000001,0.0,0.0
236.25,6.8875,0.0,0.0
236.25,6.9125000000000005,0.0,0.0
236.25,6.9375,0.0,0.0
236.25,6.9625,0.0,0.0
236.25,6.987500000000001,0.0,0.0
238.75,0.0125,0.0,0.0
238.75,0.037500000000000006,0.0,0.0
238.75,0.0625,0.00019999999999999996,0.00040179023482935026
238.75,0.08750000000000001,0.0006000000000000002,0.0012053707044880515
238.75,0.1125,0.0009000000000000003,0.0018080560567320773
238.75,0.1375,0.002399999999999998,0.0048214828179522
238.75,0.16250000000000003,0.0065000000000000014,0.01305818263195389
238.75,0.1875,0.009000000000000001,0.01808056056732077
238.75,0.21250000000000002,0.013200000000000003,0.02651815549873713
238.75,0.2375,0.017900000000000003,0.035960226017226864
238.75,0.2625,0.026199999999999977,0.052634520762644854
238.75,0.28750000000000003,0.03489999999999997,0.07011239597772158
238.75,0.3125,0.04280000000000005,0.08598311025348108
238.75,0.3375,0.052499999999999956,0.10546993664270439
238.75,0.36250000000000004,0.0644000000000001,0.129376455615051
238.75,0.3875,0.06949999999999994,0.13962210660319913
238.75,0.41250000000000003,0.07329999999999993,0.14725612106495678
238.75,0.4375,0.08600000000000012,0.1727698009766209
238.75,0.4625,0.08849999999999993,0.1777921789119874
238.75,0.48750000000000004,0.09770000000000012,0.1962745297141379
238.75,0.5125,0.0983999999999999,0.19768079553604018
238.75,0.5375000000000001,0.0963999999999999,0.19366289318774668
238.75,0.5625,0.09999999999999991,0.200895117414675
238.75,0.5875000000000001,0.09959999999999991,0.2000915369450163
238.75,0.6125,0.10230000000000036,0.20551570511521344
238.75,0.6375,0.09029999999999992,0.18140829102545153
238.75,0.6625000000000001,0.08879999999999993,0.17839486426423143
238.75,0.6875,0.08319999999999991,0.1671447376890096
238.75,0.7125000000000001,0.07899999999999993,0.15870714275759326
238.75,0.7375,0.07390000000000026,0.14846149176944548
238.75,0.7625,0.06829999999999994,0.13721136519422303
238.75,0.7875000000000001,0.06759999999999994,0.1358050993723203
238.75,0.8125,0.060599999999999946,0.12174244115329305
238.75,0.8375000000000001,0.05629999999999995,0.11310395110446202
238.75,0.8625,0.05210000000000019,0.10466635617304615
238.75,0.8875,0.05369999999999995,0.10788067805168047
238.75,0.9125000000000001,0.043499999999999955,0.08738937607538362
238.75,0.9375,0.04569999999999996,0.09180906865850648
238.75,0.9625000000000001,0.04449999999999996,0.08939832724953038
238.75,0.9875,0.042700000000000154,0.08578221513606661
238.75,1.0125000000000002,0.04399999999999977,0.08839385166245661
238.75,1.0375,0.04960000000000018,0.09964397823767925
238.75,1.0625,0.047700000000000166,0.09582697100680039
238.75,1.0875,0.0559999999999997,0.1125012657522175
238.75,1.1125,0.05970000000000021,0.11993438509656151
238.75,1.1375000000000002,0.06869999999999964,0.13801494566388112
238.75,1.1625,0.06890000000000025,0.1384167358987117
238.75,1.1875,0.0752999999999996,0.1512740234132496
238.75,1.2125000000000001,0.08170000000000029,0.1641313109277902
238.75,1.2375,0.09060000000000032,0.18201097637769637
238.75,1.2625000000000002,0.10219999999999946,0.20531480999779694
238.75,1.2875,0.10790000000000037,0.21676583169043526
238.75,1.3125,0.12219999999999935,0.24549383348073178
238.75,1.3375000000000001,0.12630000000000047,0.2537305332947357
238.75,1.3625,0.14500000000000052,0.29129792025128004
238.75,1.3875000000000002,0.1514999999999992,0.3043561028832313
238.75,1.4125,0.16260000000000058,0.326655460916263
238.75,1.4375,0.17379999999999907,0.3491557140667036
238.75,1.4625000000000001,0.18740000000000065,0.3764774500351026
238.75,1.4875,0.19040000000000068,0.3825043035575429
238.75,1.5125000000000002,0.19659999999999897,0.39495980083724935
238.75,1.5375,0.20640000000000072,0.414647522343891
238.75,1.5625,0.21519999999999886,0.43232629267637873
238.75,1.5875000000000001,0.2303000000000008,0.46266145540599857
238.75,1.6125,0.2298000000000008,0.4616569798189252
238.75,1.6375000000000002,0.23799999999999874,0.4781303794469244
238.75,1.6625,0.23250000000000082,0.4670811479891214
238.75,1.6875,0.23769999999999872,0.4775276940946803
238.75,1.7125000000000001,0.24360000000000087,0.4893805060221505
238.75,1.7375,0.2546000000000009,0.5114789689377648
238.75,1.7625000000000002,0.23839999999999872,0.47893395991658305
238.75,1.7875,0.24430000000000088,0.4907867718440532
238.75,1.8125,0.24649999999999866,0.49520646442717164
238.75,1.8375000000000001,0.2442000000000009,0.49058587672663856
238.75,1.8625,0.2483000000000009,0.49882257654064033
238.75,1.8875000000000002,0.24649999999999866,0.49520646442717164
238.75,1.9125,0.2494000000000009,0.5010324228322017
238.75,1.9375,0.2513999999999986,0.5050503251804906
238.75,1.9625000000000001,0.2634000000000009,0.5291577392702562
238.75,1.9875,0.26170000000000093,0.5257425222742068
238.75,2.0125,0.26760000000000095,0.5375953342016727
238.75,2.0375,0.2659999999999962,0.5343810123230284
238.75,2.0625,0.27650000000000097,0.5554749996515789
238.75,2.0875000000000004,0.286500000000001,0.5755645113930463
238.75,2.1125,0.277700000000001,0.557885741060555
238.75,2.1375,0.28550000000000103,0.5735555602188998
238.75,2.1625,0.2972999999999958,0.5972611840738209
238.75,2.1875,0.3077000000000011,0.6181542762849577
238.75,2.2125000000000004,0.32040000000000113,0.6436679561966215
238.75,2.2375,0.3304000000000012,0.6637574679380892
238.75,2.2625,0.3384000000000012,0.6798290773312632
238.75,2.2875,0.34669999999999507,0.6965033720766689
238.75,2.3125,0.3682000000000013,0.7396958223208366
238.75,2.3375000000000004,0.3648000000000013,0.7328653883287377
238.75,2.3625,0.3703000000000013,0.7439146197865448
238.75,2.3875,0.38579999999999454,0.7750533629858058
238.75,2.4125000000000005,0.39710000000000145,0.797754511253678
238.75,2.4375,0.4026000000000014,0.8088037427114851
238.75,2.4625000000000004,0.40480000000000144,0.813223435294608
238.75,2.4875,0.4235000000000015,0.8507908222511524
238.75,2.5125,0.4395999999999937,0.8831349361548995
238.75,2.5375000000000005,0.45440000000000164,0.9128674135322873
238.75,2.5625,0.45390000000000164,0.9118629379452139
238.75,2.5875000000000004,0.4448000000000016,0.8935814822604784
238.75,2.6125,0.4561000000000016,0.9162826305283368
238.75,2.6375,0.45369999999999355,0.9114611477103683
238.75,2.6625000000000005,0.4638000000000016,0.9317515545692667
238.75,2.6875,0.4543000000000016,0.9126665184148726
238.75,2.7125000000000004,0.4694000000000017,0.9430016811444888
238.75,2.7375,0.45850000000000163,0.9211041133462889
238.75,2.7625,0.4707999999999933,0.9458142127882773
238.75,2.7875000000000005,0.4591000000000016,0.9223094840507771
238.75,2.8125,0.44860000000000155,0.901215496722236
238.75,2.8375000000000004,0.4458000000000016,0.8955904334346252
238.75,2.8625,0.4473000000000016,0.8986038601958453
238.75,2.8875,0.43289999999999385,0.8696749632881166
238.75,2.9125000000000005,0.4323000000000015,0.8684695925836439
238.75,2.9375,0.43960000000000155,0.8831349361549152
238.75,2.9625000000000004,0.4141000000000015,0.831906681214173
238.75,2.9875,0.4280000000000015,0.8598311025348128
238.75,3.0125,0.41299999999999415,0.8296968349225967
238.75,3.0375000000000005,0.4160000000000015,0.8357236884450517
238.75,3.0625,0.39370000000000144,0.7909240772615791
238.75,3.0875000000000004,0.4105000000000015,0.8246744569872446
238.75,3.1125,0.3806000000000013,0.7646068168802564
238.75,3.1375,0.37629999999999464,0.7559683268314119
238.75,3.1625000000000005,0.36490000000000133,0.7330662834461524
238.75,3.1875,0.3701000000000013,0.7435128295517155
238.75,3.2125000000000004,0.35150000000000126,0.7061463377125858
238.75,3.2375,0.35620000000000124,0.7155884082310755
238.75,3.2625,0.35719999999999497,0.7175973594052096
238.75,3.2875000000000005,0.3343000000000012,0.6715923775172615
238.75,3.3125,0.33280000000000115,0.6685789507560413
238.75,3.3375000000000004,0.33780000000000115,0.6786237066267751
238.75,3.3625,0.3155000000000011,0.6338240954433024
238.75,3.3875,0.3105999999999956,0.6239802346899723
238.75,3.4125000000000005,0.31220000000000114,0.6271945565686182
238.75,3.4375,0.3062000000000011,0.6151408495237376
238.75,3.4625000000000004,0.3006000000000011,0.6038907229485158
238.75,3.4875,0.3002000000000011,0.6030871424788571
238.75,3.5125,0.2870999999999959,0.5767698820975242
238.75,3.5375000000000005,0.2987000000000011,0.6000737157176369
238.75,3.5625,0.280200000000001,0.5629081189959219
238.75,3.5875000000000004,0.29150000000000104,0.5856092672637803
238.75,3.6125,0.28840000000000104,0.5793815186239253
238.75,3.6375,0.276999999999996,0.5564794752386423
238.75,3.6625000000000005,0.276900000000001,0.5562785801212375
238.75,3.6875,0.26600000000000096,0.5343810123230379
238.75,3.7125000000000004,0.2599000000000009,0.5221264101607427
238.75,3.7375,0.2550000000000009,0.5122825494074235
238.75,3.7625,0.24419999999999653,0.49058587672662984
238.75,3.7875000000000005,0.2442000000000009,0.49058587672663856
238.75,3.8125,0.22720000000000082,0.45643370676614364
238.75,3.8375000000000004,0.22990000000000083,0.4618578749363399
238.75,3.8625,0.2248000000000008,0.45161222394819145
238.75,3.8875,0.21519999999999695,0.43232629267637485
238.75,3.9125000000000005,0.21450000000000077,0.43092002685447983
238.75,3.9375,0.20590000000000075,0.41364304675681773
238.75,3.9625000000000004,0.1936000000000007,0.38893294731481254
238.75,3.9875,0.19170000000000068,0.3851159400839337
238.75,4.0125,0.1897999999999973,0.38129893285304806
238.75,4.0375,0.17660000000000375,0.3547807773543239
238.75,4.0625,0.1747999999999975,0.3511646652408472
238.75,4.0875,0.15249999999999783,0.3063650540573753
238.75,4.112500000000001,0.16000000000000342,0.32143218786348715
238.75,4.1375,0.15089999999999784,0.3031507321787405
238.75,4.1625,0.14010000000000297,0.2814540594979659
238.75,4.1875,0.141399999999998,0.28406569602434667
238.75,4.2125,0.1349999999999981,0.27120840850980765
238.75,4.237500000000001,0.1223000000000026,0.24569472859815297
238.75,4.2625,0.11419999999999837,0.22942222408755578
238.75,4.2875,0.11310000000000242,0.2272123777960025
238.75,4.3125,0.10899999999999845,0.21897567798199283
238.75,4.3375,0.10119999999999857,0.2033058588236484
238.75,4.362500000000001,0.09210000000000196,0.18502440313891977
238.75,4.3875,0.08749999999999876,0.1757832277378383
238.75,4.4125,0.07880000000000167,0.1583053525227674
238.75,4.4375,0.07939999999999886,0.1595107232272498
238.75,4.4625,0.07549999999999893,0.1516758136480776
238.75,4.487500000000001,0.0653000000000014,0.13118451167178571
238.75,4.5125,0.0639999999999991,0.12857287514539031
238.75,4.5375,0.05830000000000125,0.11712185345275813
238.75,4.5625,0.05799999999999917,0.11651916810050994
238.75,4.5875,0.049899999999999285,0.10024666358992149
238.75,4.612500000000001,0.05250000000000112,0.10546993664270672
238.75,4.6375,0.045299999999999355,0.09100548818884656
238.75,4.6625,0.04140000000000088,0.08317057860967729
238.75,4.6875,0.037499999999999464,0.07533566903050212
238.75,4.7125,0.03799999999999946,0.07634014461757548
238.75,4.737500000000001,0.031600000000000676,0.06348285710303872
238.75,4.7625,0.03199999999999955,0.06428643757269516
238.75,4.7875000000000005,0.03029999999999957,0.06087122057664572
238.75,4.8125,0.02590000000000055,0.05203183541040198
238.75,4.8375,0.026999999999999618,0.05424168170196153
238.75,4.862500000000001,0.02230000000000048,0.04479961118347353
238.75,4.8875,0.02059999999999971,0.041384394187422506
238.75,4.9125000000000005,0.01699999999999976,0.0341521699604943
238.75,4.9375,0.01600000000000034,0.032143218786348716
238.75,4.9625,0.013799999999999804,0.027723526203224783
238.75,4.987500000000001,0.013200000000000281,0.026518155498737688
238.75,5.0125,0.011299999999999838,0.02270114826785797
238.75,5.0375000000000005,0.012599999999999821,0.025312784794248713
238.75,5.0625,0.011600000000000247,0.02330383362010282
238.75,5.0875,0.008699999999999876,0.01747787521507649
238.75,5.112500000000001,0.007400000000000157,0.01486623868868628
238.75,5.1375,0.005799999999999917,0.011651916810050995
238.75,5.1625000000000005,0.007299999999999896,0.01466534357127108
238.75,5.1875,0.0069000000000001465,0.013861763101612882
238.75,5.2125,0.005899999999999917,0.011852811927465668
238.75,5.237500000000001,0.005400000000000115,0.01084833634039269
238.75,5.2625,0.00559999999999992,0.011250126575221649
238.75,5.2875000000000005,0.003599999999999949,0.007232224226928204
238.75,5.3125,0.0028000000000000594,0.005625063287611025
238.75,5.3375,0.003399999999999952,0.00683043399209886
238.75,5.362500000000001,0.0031000000000000662,0.006227748639855064
238.75,5.3875,0.0031999999999999546,0.006428643757269515
238.75,5.4125000000000005,0.0026999999999999615,0.005424168170196152
238.75,5.4375,0.0013000000000000277,0.002611636526390833
238.75,5.4625,0.00139999999999998,0.0028125316438054123
238.75,5.487500000000001,0.0016000000000000343,0.003214321878634872
238.75,5.5125,0.00139999999999998,0.0028125316438054123
238.75,5.5375000000000005,0.001699999999999976,0.00341521699604943
238.75,5.5625,0.0012000000000000257,0.002410741408976154
238.75,5.5875,0.0007999999999999887,0.0016071609393173787
238.75,5.612500000000001,0.0011000000000000235,0.0022098462915614743
238.75,5.6375,0.00029999999999999575,0.000602685352244017
238.75,5.6625000000000005,0.0014999999999999786,0.003013426761220085
238.75,5.6875,0.0006000000000000128,0.001205370704488077
238.75,5.7125,0.0005999999999999915,0.001205370704488034
238.75,5.737500000000001,0.0009000000000000193,0.0018080560567321155
238.75,5.7625,0.000499999999999993,0.0010044755870733618
238.75,5.7875000000000005,0.00069999999999999,0.0014062658219027061
238.75,5.8125,0.0003000000000000064,0.0006026853522440385
238.75,5.8375,0.00029999999999999575,0.000602685352244017
238.75,5.862500000000001,0.0006000000000000128,0.001205370704488077
238.75,5.8875,9.999999999999858e-05,0.00020089511741467234
238.75,5.9125000000000005,0.0,0.0
238.75,5.9375,0.0004000000000000086,0.000803580469658718
238.75,5.9625,0.0,0.0
238.75,5.987500000000001,0.00010000000000000215,0.0002008951174146795
238.75,6.0125,0.0,0.0
238.75,6.0375000000000005,0.00019999999999999716,0.0004017902348293447
238.75,6.0625,0.0,0.0
238.75,6.0875,9.999999999999858e-05,0.00020089511741467234
238.75,6.112500000000001,0.0,0.0
238.75,6.1375,0.0,0.0
238.75,6.1625000000000005,0.00019999999999999716,0.0004017902348293447
238.75,6.1875,0.0,0.0
238.75,6.2125,0.0,0.0
238.75,6.237500000000001,0.0,0.0
238.75,6.2625,0.0,0.0
238.75,6.2875000000000005,0.0,0.0
238.75,6.3125,0.0,0.0
238.75,6.3375,0.0,0.0
238.75,6.362500000000001,0.00010000000000000215,0.0002008951174146795
238.75,6.3875,0.0,0.0
238.75,6.4125000000000005,0.0,0.0
238.75,6.4375,0.0,0.0
238.75,6.4625,0.0,0.0
238.75,6.487500000000001,0.0,0.0
238.75,6.5125,0.0,0.0
238.75,6.5375000000000005,0.0,0.0
238.75,6.5625,0.0,0.0
238.75,6.5875,0.0,0.0
238.75,6.612500000000001,0.0,0.0
238.75,6.6375,0.0,0.0
238.75,6.6625000000000005,0.0,0.0
238.75,6.6875,0.0,0.0
238.75,6.7125,0.0,0.0
238.75,6.737500000000001,0.0,0.0
238.75,6.7625,0.0,0.0
238.75,6.7875000000000005,0.0,0.0
238.75,6.8125,0.0,0.0
238.75,6.8375,0.0,0.0
238.75,6.862500000000001,0.0,0.0
238.75,6.8875,0.0,0.0
238.75,6.9125000000000005,0.0,0.0
238.75,6.9375,0.0,0.0
238.75,6.9625,0.0,0.0
238.75,6.987500000000001,0.0,0.0
241.25,0.0125,0.0,0.0
241.25,0.037500000000000006,0.0002,0.0003653816224749333
241.25,0.0625,9.999999999999998e-05,0.0001826908112374666
241.25,0.08750000000000001,0.0011000000000000003,0.0020095989236121334
241.25,0.1125,0.0016000000000000005,0.002923052979799467
241.25,0.1375,0.0038999999999999964,0.007124941638261192
241.25,0.16250000000000003,0.005100000000000001,0.009317231373110801
241.25,0.1875,0.010100000000000003,0.018451771934984137
241.25,0.21250000000000002,0.013000000000000003,0.02374980546087067
241.25,0.2375,0.020700000000000003,0.0378169979261556
241.25,0.2625,0.028099999999999976,0.051336117957728085
241.25,0.28750000000000003,0.03519999999999997,0.0643071655555882
241.25,0.3125,0.041700000000000056,0.0761820682860237
241.25,0.3375,0.05299999999999995,0.09682612995585722
241.25,0.36250000000000004,0.06050000000000008,0.11052794079866747
241.25,0.3875,0.06959999999999994,0.12715280462127668
241.25,0.41250000000000003,0.07429999999999994,0.1357392727494376
241.25,0.4375,0.09150000000000012,0.1671620922822822
241.25,0.4625,0.08659999999999991,0.15821024253164595
241.25,0.48750000000000004,0.09210000000000011,0.16825823714970697
241.25,0.5125,0.09959999999999991,0.1819600479925166
241.25,0.5375000000000001,0.09739999999999992,0.17794085014529237
241.25,0.5625,0.09699999999999992,0.17721008690034248
241.25,0.5875000000000001,0.09819999999999991,0.1794023766351921
241.25,0.6125,0.09290000000000033,0.1697197636396071
241.25,0.6375,0.08769999999999992,0.16021984145525808
241.25,0.6625000000000001,0.09009999999999993,0.1646044209249573
241.25,0.6875,0.08109999999999992,0.14816224791358532
241.25,0.7125000000000001,0.08539999999999993,0.1560179527967964
241.25,0.7375,0.07550000000000028,0.1379315624842878
241.25,0.7625,0.07039999999999993,0.1286143311111764
241.25,0.7875000000000001,0.06909999999999994,0.12623935056508934
241.25,0.8125,0.06589999999999994,0.12039324460549042
241.25,0.8375000000000001,0.05999999999999995,0.1096144867424799
241.25,0.8625,0.049700000000000175,0.09079733318502124
241.25,0.8875,0.05429999999999995,0.0992011105019443
241.25,0.9125000000000001,0.047099999999999954,0.0860473720928467
241.25,0.9375,0.048599999999999956,0.08878773426140871
241.25,0.9625000000000001,0.04869999999999996,0.08897042507264619
241.25,0.9875,0.04960000000000018,0.09061464237378378
241.25,1.0125000000000002,0.04609999999999976,0.08422046398047169
241.25,1.0375,0.04680000000000017,0.08549929965913469
241.25,1.0625,0.05310000000000018,0.09700882076709512
241.25,1.0875,0.05859999999999969,0.10705681538515488
241.25,1.1125,0.06080000000000022,0.11107601323238013
241.25,1.1375000000000002,0.06389999999999965,0.11673942838074054
241.25,1.1625,0.07360000000000026,0.13446043707077593
241.25,1.1875,0.07579999999999959,0.13847963491799897
241.25,1.2125000000000001,0.08760000000000032,0.16003715064402135
241.25,1.2375,0.09160000000000032,0.16734478309352002
241.25,1.2625000000000002,0.10659999999999943,0.1947484047791384
241.25,1.2875,0.11010000000000039,0.20114258317245148
241.25,1.3125,0.12459999999999934,0.22763275080188222
241.25,1.3375000000000001,0.13140000000000046,0.240055725966032
241.25,1.3625,0.1411000000000005,0.2577767346560664
241.25,1.3875000000000002,0.14689999999999923,0.26837280170783706
241.25,1.4125,0.15940000000000057,0.2912091531125229
241.25,1.4375,0.15819999999999917,0.28901686337767074
241.25,1.4625000000000001,0.1775000000000006,0.32427618994650437
241.25,1.4875,0.18820000000000067,0.34382410674891345
241.25,1.5125000000000002,0.19849999999999893,0.36264126030636934
241.25,1.5375,0.20800000000000074,0.37999688737393195
241.25,1.5625,0.21029999999999888,0.3841987760323903
241.25,1.5875000000000001,0.22050000000000078,0.4028332387786154
241.25,1.6125,0.22780000000000084,0.41616966799895055
241.25,1.6375000000000002,0.2286999999999988,0.417813885300084
241.25,1.6625,0.23570000000000085,0.43060224208671044
241.25,1.6875,0.23019999999999877,0.42055424746864595
241.25,1.7125000000000001,0.23860000000000084,0.4359002756125969
241.25,1.7375,0.24120000000000086,0.4406502367047711
241.25,1.7625000000000002,0.2442999999999987,0.44631365185312866
241.25,1.7875,0.24730000000000085,0.4517943761902566
241.25,1.8125,0.2499999999999987,0.4567270280936642
241.25,1.8375000000000001,0.24060000000000087,0.43955409183734634
241.25,1.8625,0.25260000000000093,0.46147698918584246
241.25,1.8875000000000002,0.25259999999999866,0.4614769891858383
241.25,1.9125,0.2528000000000009,0.46184237080831736
241.25,1.9375,0.2570999999999986,0.4696980756915242
241.25,1.9625000000000001,0.26320000000000093,0.4808422151770139
241.25,1.9875,0.2624000000000009,0.47938068868711414
241.25,2.0125,0.265300000000001,0.4846787222130008
241.25,2.0375,0.2674999999999962,0.4886979200602163
241.25,2.0625,0.282200000000001,0.5155534693121328
241.25,2.0875000000000004,0.287100000000001,0.5245053190627686
241.25,2.1125,0.2992000000000011,0.5466109072225022
241.25,2.1375,0.29090000000000105,0.5314475698897924
241.25,2.1625,0.30649999999999566,0.5599473364428273
241.25,2.1875,0.3050000000000011,0.5572069742742752
241.25,2.2125000000000004,0.32940000000000114,0.6017835322162172
241.25,2.2375,0.32920000000000116,0.6014181505937423
241.25,2.2625,0.3414000000000012,0.6237064295647133
241.25,2.2875,0.34409999999999513,0.6286390814681139
241.25,2.3125,0.35760000000000125,0.653302340985183
241.25,2.3375000000000004,0.3644000000000013,0.6657253161493308
241.25,2.3625,0.37190000000000134,0.6794271269921409
241.25,2.3875,0.3825999999999946,0.6989750437945376
241.25,2.4125000000000005,0.4001000000000014,0.7309459357611066
241.25,2.4375,0.4087000000000014,0.7466573455275287
241.25,2.4625000000000004,0.4180000000000015,0.7636475909726133
241.25,2.4875,0.4254000000000015,0.7771667110041859
241.25,2.5125,0.4171999999999941,0.7621860644827
241.25,2.5375000000000005,0.4431000000000016,0.8095029845932177
241.25,2.5625,0.44040000000000157,0.8045703326898059
241.25,2.5875000000000004,0.44860000000000155,0.8195509792112782
241.25,2.6125,0.4530000000000016,0.8275893749057268
241.25,2.6375,0.45559999999999357,0.8323393359978862
241.25,2.6625000000000005,0.46050000000000163,0.8412911857485369
241.25,2.6875,0.45730000000000165,0.835445079788938
241.25,2.7125000000000004,0.4540000000000016,0.8294162830181016
241.25,2.7375,0.46190000000000164,0.8438488571058614
241.25,2.7625,0.46019999999999345,0.8407431133148096
241.25,2.7875000000000005,0.45080000000000164,0.8235701770585027
241.25,2.8125,0.4433000000000016,0.8098683662156925
241.25,2.8375000000000004,0.4438000000000016,0.8107818202718798
241.25,2.8625,0.44360000000000155,0.8104164386494048
241.25,2.8875,0.4532999999999936,0.8281374473394246
241.25,2.9125000000000005,0.42820000000000147,0.7822820537188349
241.25,2.9375,0.42900000000000155,0.7837435802087347
241.25,2.9625000000000004,0.4204000000000015,0.7680321704423125
241.25,2.9875,0.41720000000000146,0.7621860644827135
241.25,3.0125,0.418899999999994,0.7652918082737368
241.25,3.0375000000000005,0.40230000000000143,0.7349651336083309
241.25,3.0625,0.4024000000000014,0.7351478244195684
241.25,3.0875000000000004,0.39130000000000137,0.7148691443722095
241.25,3.1125,0.38840000000000136,0.709571110846323
241.25,3.1375,0.3698999999999948,0.6757733107673796
241.25,3.1625000000000005,0.3704000000000013,0.6766867648235788
241.25,3.1875,0.3572000000000013,0.6525715777402332
241.25,3.2125000000000004,0.3623000000000013,0.661888809113344
241.25,3.2375,0.3556000000000013,0.6496485247604338
241.25,3.2625,0.3607999999999949,0.6591484469447704
241.25,3.2875000000000005,0.3351000000000012,0.6121969084567529
241.25,3.3125,0.3374000000000012,0.6163987971152146
241.25,3.3375000000000004,0.33010000000000117,0.6030623678948795
241.25,3.3625,0.32240000000000113,0.5889951754295946
241.25,3.3875,0.3153999999999955,0.5762068186429616
241.25,3.4125000000000005,0.3155000000000011,0.5763895094542093
241.25,3.4375,0.3105000000000011,0.567254968892336
241.25,3.4625000000000004,0.30430000000000107,0.555928138595613
241.25,3.4875,0.3020000000000011,0.5517262499371512
241.25,3.5125,0.3089999999999956,0.5645146067237639
241.25,3.5375000000000005,0.29640000000000105,0.5414955645078531
241.25,3.5625,0.284400000000001,0.5195726671593569
241.25,3.5875000000000004,0.284600000000001,0.5199380487818319
241.25,3.6125,0.276300000000001,0.5047747114491221
241.25,3.6375,0.2704999999999962,0.4941786443973403
241.25,3.6625000000000005,0.2613000000000009,0.477371089763502
241.25,3.6875,0.2590000000000009,0.47316920110504024
241.25,3.7125000000000004,0.2544000000000009,0.4647654237881168
241.25,3.7375,0.24590000000000087,0.44923670483293204
241.25,3.7625,0.23949999999999658,0.4375444929137264
241.25,3.7875000000000005,0.24500000000000088,0.44759248753179487
241.25,3.8125,0.22950000000000084,0.4192754117899875
241.25,3.8375000000000004,0.2239000000000008,0.4090447263606893
241.25,3.8625,0.22470000000000082,0.41050625285058906
241.25,3.8875,0.20729999999999704,0.37871805169526296
241.25,3.9125000000000005,0.2045000000000007,0.3736027089806206
241.25,3.9375,0.20480000000000073,0.374150781414333
241.25,3.9625000000000004,0.1948000000000007,0.3558817002905863
241.25,3.9875,0.18040000000000064,0.329574223472391
241.25,4.0125,0.1839999999999974,0.3361510926769338
241.25,4.0375,0.17080000000000364,0.31203590559359967
241.25,4.0625,0.17169999999999758,0.3136801228947258
241.25,4.0875,0.16349999999999767,0.2986994763732537
241.25,4.112500000000001,0.15340000000000326,0.2802477044382798
241.25,4.1375,0.15209999999999782,0.27787272389218276
241.25,4.1625,0.14660000000000312,0.2678247292741318
241.25,4.1875,0.13469999999999807,0.24608452273686404
241.25,4.2125,0.13069999999999815,0.2387768902873655
241.25,4.237500000000001,0.12110000000000258,0.22123857240857683
241.25,4.2625,0.12239999999999825,0.22361355295465596
241.25,4.2875,0.10970000000000234,0.20041181992750517
241.25,4.3125,0.10529999999999849,0.19237342423304962
241.25,4.3375,0.10709999999999849,0.19566185883532403
241.25,4.362500000000001,0.09150000000000195,0.16716209228228554
241.25,4.3875,0.09729999999999862,0.17775815933405253
241.25,4.4125,0.08690000000000185,0.15875831496536189
241.25,4.4375,0.07989999999999887,0.1459699581787338
241.25,4.4625,0.0775999999999989,0.14176806952027213
241.25,4.487500000000001,0.07160000000000152,0.1308066208460289
241.25,4.5125,0.07299999999999897,0.13336429220334878
241.25,4.5375,0.05930000000000127,0.10833565106382004
241.25,4.5625,0.05759999999999919,0.1052299072727793
241.25,4.5875,0.05509999999999922,0.10066263699184269
241.25,4.612500000000001,0.05090000000000108,0.0929896229198725
241.25,4.6375,0.04599999999999935,0.08403777316923346
241.25,4.6625,0.04450000000000095,0.08129741100067439
241.25,4.6875,0.042399999999999397,0.07746090396468476
241.25,4.7125,0.03969999999999943,0.07252825206127321
241.25,4.737500000000001,0.03420000000000073,0.06248025744321493
241.25,4.7625,0.03339999999999953,0.061018730953313
241.25,4.7875000000000005,0.029899999999999576,0.05462455256000175
241.25,4.8125,0.02920000000000062,0.0533457168813414
241.25,4.8375,0.023799999999999665,0.04348041307451645
241.25,4.862500000000001,0.02310000000000049,0.04220157739585569
241.25,4.8875,0.024099999999999656,0.04402848550822883
241.25,4.9125000000000005,0.022199999999999685,0.04055736009471702
241.25,4.9375,0.020900000000000443,0.03818237954863134
241.25,4.9625,0.01849999999999974,0.03379780007893085
241.25,4.987500000000001,0.015200000000000324,0.027769003308095522
241.25,5.0125,0.014699999999999791,0.026855549251907217
241.25,5.0375000000000005,0.012399999999999824,0.022653660593445542
241.25,5.0625,0.011900000000000254,0.021740206537258996
241.25,5.0875,0.00929999999999987,0.016990245445084158
241.25,5.112500000000001,0.011000000000000235,0.02009598923612176
241.25,5.1375,0.008199999999999883,0.01498064652147205
241.25,5.1625000000000005,0.008699999999999876,0.015894100577659373
241.25,5.1875,0.007200000000000154,0.01315373840909788
241.25,5.2125,0.008399999999999882,0.015346028143946982
241.25,5.237500000000001,0.007300000000000155,0.01333642922033535
241.25,5.2625,0.0052999999999999246,0.009682612995585595
241.25,5.2875000000000005,0.004299999999999938,0.007855704883210954
241.25,5.3125,0.004400000000000094,0.008038395694448704
241.25,5.3375,0.00349999999999995,0.006394178393311242
241.25,5.362500000000001,0.003800000000000081,0.0069422508270238804
241.25,5.3875,0.0036999999999999473,0.00675956001578617
241.25,5.4125000000000005,0.00349999999999995,0.006394178393311242
241.25,5.4375,0.003000000000000064,0.005480724337124116
241.25,5.4625,0.0026999999999999615,0.004932651903411529
241.25,5.487500000000001,0.0014000000000000297,0.002557671357324587
241.25,5.5125,0.002199999999999969,0.00401919784722421
241.25,5.5375000000000005,0.001899999999999973,0.003471125413511817
241.25,5.5625,0.0017000000000000363,0.003105743791036999
241.25,5.5875,0.000999999999999986,0.0018269081123746408
241.25,5.612500000000001,0.0012000000000000257,0.002192289734849647
241.25,5.6375,0.0008999999999999873,0.0016442173011371765
241.25,5.6625000000000005,0.0005999999999999915,0.0010961448674247844
241.25,5.6875,0.0011000000000000235,0.002009598923612176
241.25,5.7125,0.0005999999999999915,0.0010961448674247844
241.25,5.737500000000001,0.0005000000000000106,0.0009134540561873527
241.25,5.7625,0.0008999999999999873,0.0016442173011371765
241.25,5.7875000000000005,0.0008999999999999873,0.0016442173011371765
241.25,5.8125,0.0003000000000000064,0.0005480724337124117
241.25,5.8375,0.00019999999999999716,0.0003653816224749281
241.25,5.862500000000001,0.0003000000000000064,0.0005480724337124117
241.25,5.8875,0.000499999999999993,0.0009134540561873204
241.25,5.9125000000000005,0.00039999999999999433,0.0007307632449498562
241.25,5.9375,0.0004000000000000086,0.0007307632449498823
241.25,5.9625,9.999999999999858e-05,0.00018269081123746406
241.25,5.987500000000001,0.00010000000000000215,0.00018269081123747056
241.25,6.0125,0.00019999999999999716,0.0003653816224749281
241.25,6.0375000000000005,9.999999999999858e-05,0.00018269081123746406
241.25,6.0625,0.0002000000000000043,0.00036538162247494113
241.25,6.0875,9.999999999999858e-05,0.00018269081123746406
241.25,6.112500000000001,0.0,0.0
241.25,6.1375,0.00019999999999999716,0.0003653816224749281
241.25,6.1625000000000005,0.0,0.0
241.25,6.1875,0.00010000000000000215,0.00018269081123747056
241.25,6.2125,0.0,0.0
241.25,6.237500000000001,0.0003000000000000064,0.0005480724337124117
241.25,6.2625,9.999999999999858e-05,0.00018269081123746406
241.25,6.2875000000000005,0.0,0.0
241.25,6.3125,0.0,0.0
241.25,6.3375,0.0,0.0
241.25,6.362500000000001,0.0,0.0
241.25,6.3875,0.0,0.0
241.25,6.4125000000000005,0.0,0.0
241.25,6.4375,0.0,0.0
241.25,6.4625,0.0,0.0
241.25,6.487500000000001,0.0,0.0
241.25,6.5125,0.0,0.0
241.25,6.5375000000000005,0.0,0.0
241.25,6.5625,0.0,0.0
241.25,6.5875,0.0,0.0
241.25,6.612500000000001,0.0,0.0
241.25,6.6375,0.0,0.0
241.25,6.6625000000000005,0.0,0.0
241.25,6.6875,0.0,0.0
241.25,6.7125,0.0,0.0
241.25,6.737500000000001,0.0,0.0
241.25,6.7625,0.0,0.0
241.25,6.7875000000000005,0.0,0.0
241.25,6.8125,0.0,0.0
241.25,6.8375,0.0,0.0
241.25,6.862500000000001,0.0,0.0
241.25,6.8875,0.0,0.0
241.25,6.9125000000000005,0.0,0.0
241.25,6.9375,0.0,0.0
241.25,6.9625,0.0,0.0
241.25,6.987500000000001,0.0,0.0
243.75,0.0125,0.0,0.0
243.75,0.037500000000000006,0.0,0.0
243.75,0.0625,0.0005999999999999998,0.0010040092652903745
243.75,0.08750000000000001,0.0006000000000000002,0.001004009265290375
243.75,0.1125,0.0026000000000000003,0.004350706816258291
243.75,0.1375,0.0030999999999999973,0.005187381204000265
243.75,0.16250000000000003,0.006400000000000002,0.010709432163097334
243.75,0.1875,0.008300000000000002,0.013888794836516855
243.75,0.21250000000000002,0.015300000000000003,0.02560223626490456
243.75,0.2375,0.021200000000000004,0.035474994040259916
243.75,0.2625,0.026199999999999977,0.04384173791767966
243.75,0.28750000000000003,0.03699999999999997,0.0619139046929064
243.75,0.3125,0.04340000000000006,0.07262333685600388
243.75,0.3375,0.049099999999999956,0.08216142487626227
243.75,0.36250000000000004,0.06320000000000009,0.1057556426105863
243.75,0.3875,0.06789999999999995,0.11362038185536066
243.75,0.41250000000000003,0.07649999999999993,0.12801118132452266
243.75,0.4375,0.08370000000000012,0.1400592925080075
243.75,0.4625,0.08949999999999991,0.1497647154058141
243.75,0.48750000000000004,0.08690000000000012,0.14541400858955614
243.75,0.5125,0.08959999999999992,0.14993205028336248
243.75,0.5375000000000001,0.09989999999999992,0.16716754267084727
243.75,0.5625,0.0997999999999999,0.16700020779329885
243.75,0.5875000000000001,0.10029999999999992,0.16783688218104084
243.75,0.6125,0.08880000000000032,0.148593371262976
243.75,0.6375,0.09519999999999992,0.15930280342607267
243.75,0.6625000000000001,0.08669999999999993,0.14507933883445903
243.75,0.6875,0.08329999999999993,0.1393899529978136
243.75,0.7125000000000001,0.08279999999999992,0.13855327861007158
243.75,0.7375,0.07160000000000025,0.1198117723246518
243.75,0.7625,0.06709999999999994,0.11228170283497348
243.75,0.7875000000000001,0.06509999999999995,0.10893500528400558
243.75,0.8125,0.06399999999999995,0.10709432163097322
243.75,0.8375000000000001,0.05599999999999995,0.09370753142710157
243.75,0.8625,0.053800000000000195,0.09002616412103727
243.75,0.8875,0.05579999999999995,0.09337286167200477
243.75,0.9125000000000001,0.05529999999999995,0.0925361872842628
243.75,0.9375,0.05359999999999995,0.08969149436594007
243.75,0.9625000000000001,0.048099999999999955,0.08048807610077831
243.75,0.9875,0.053700000000000185,0.08985882924348886
243.75,1.0125000000000002,0.05099999999999973,0.08534078754968141
243.75,1.0375,0.0558000000000002,0.09337286167200519
243.75,1.0625,0.0549000000000002,0.09186684777406963
243.75,1.0875,0.05729999999999969,0.09588288483523028
243.75,1.1125,0.06260000000000022,0.10475163334529615
243.75,1.1375000000000002,0.06939999999999963,0.11613040501858607
243.75,1.1625,0.07360000000000026,0.12315846987561975
243.75,1.1875,0.07719999999999959,0.12918252546736086
243.75,1.2125000000000001,0.09440000000000034,0.15796412440568622
243.75,1.2375,0.09420000000000033,0.1576294546505894
243.75,1.2625000000000002,0.10779999999999942,0.1803869979971697
243.75,1.2875,0.11780000000000042,0.19712048575201097
243.75,1.3125,0.12479999999999933,0.20883392718039684
243.75,1.3375000000000001,0.12670000000000045,0.21201328985381823
243.75,1.3625,0.13760000000000047,0.23025279150659342
243.75,1.3875000000000002,0.14549999999999924,0.24347224683291463
243.75,1.4125,0.15760000000000055,0.2637197670162727
243.75,1.4375,0.1684999999999991,0.2819592686690454
243.75,1.4625000000000001,0.1740000000000006,0.2911626869342097
243.75,1.4875,0.18830000000000066,0.3150915744236304
243.75,1.5125000000000002,0.19429999999999895,0.3251316670765313
243.75,1.5375,0.1995000000000007,0.3338330807090508
243.75,1.5625,0.2078999999999989,0.347889210423113
243.75,1.5875000000000001,0.22430000000000078,0.37533213034105306
243.75,1.6125,0.21470000000000075,0.35926798209640703
243.75,1.6375000000000002,0.2214999999999988,0.3706467537696947
243.75,1.6625,0.2328000000000008,0.3895555949326668
243.75,1.6875,0.2239999999999988,0.3748301257084046
243.75,1.7125000000000001,0.23160000000000083,0.3875475764020861
243.75,1.7375,0.24460000000000087,0.4093011104833776
243.75,1.7625000000000002,0.2417999999999987,0.4046157339120189
243.75,1.7875,0.23950000000000085,0.4007670317284094
243.75,1.8125,0.2387999999999987,0.399595687585567
243.75,1.8375000000000001,0.2563000000000009,0.42887929115653994
243.75,1.8625,0.24370000000000086,0.407795096585442
243.75,1.8875000000000002,0.25459999999999866,0.4260345982382135
243.75,1.9125,0.2566000000000009,0.4293812957891851
243.75,1.9375,0.2627999999999986,0.4397560581971818
243.75,1.9625000000000001,0.26440000000000097,0.4424334162379601
243.75,1.9875,0.26190000000000097,0.43825004429925024
243.75,2.0125,0.27110000000000095,0.4536448530337026
243.75,2.0375,0.27399999999999614,0.45849756448259804
243.75,2.0625,0.2694000000000009,0.4508001601153798
243.75,2.0875000000000004,0.283900000000001,0.47506371735989733
243.75,2.1125,0.3017000000000011,0.5048493255635119
243.75,2.1375,0.3037000000000011,0.5081960231144799
243.75,2.1625,0.3073999999999956,0.5143874135837614
243.75,2.1875,0.3142000000000011,0.5257661852570614
243.75,2.2125000000000004,0.31530000000000113,0.5276068689100939
243.75,2.2375,0.3273000000000012,0.5476870542159015
243.75,2.2625,0.35010000000000124,0.5858394062969358
243.75,2.2875,0.34179999999999516,0.5719506114604087
243.75,2.3125,0.34870000000000123,0.5834967180112582
243.75,2.3375000000000004,0.3698000000000013,0.6188043771739699
243.75,2.3625,0.3664000000000013,0.6131149913373244
243.75,2.3875,0.38409999999999456,0.6427332646633792
243.75,2.4125000000000005,0.3947000000000014,0.6604707616835205
243.75,2.4375,0.4035000000000014,0.6751962309077795
243.75,2.4625000000000004,0.4095000000000015,0.6852363235606833
243.75,2.4875,0.4168000000000015,0.6974517696217162
243.75,2.5125,0.4284999999999939,0.7170299502948657
243.75,2.5375000000000005,0.42760000000000153,0.715523936396943
243.75,2.5625,0.4218000000000015,0.705818513499136
243.75,2.5875000000000004,0.4201000000000015,0.7029738205808133
243.75,2.6125,0.43490000000000156,0.727739382457976
243.75,2.6375,0.4403999999999938,0.7369428007231247
243.75,2.6625000000000005,0.4464000000000016,0.7469828933760415
243.75,2.6875,0.4489000000000016,0.7511662653147514
243.75,2.7125000000000004,0.4512000000000016,0.7550149674983645
243.75,2.7375,0.4661000000000016,0.7799478642530755
243.75,2.7625,0.4570999999999935,0.7648877252737063
243.75,2.7875000000000005,0.4534000000000016,0.7586963348044292
243.75,2.8125,0.4465000000000016,0.7471502282535899
243.75,2.8375000000000004,0.44520000000000154,0.7449748748454607
243.75,2.8625,0.4328000000000015,0.7242253500294595
243.75,2.8875,0.425599999999994,0.7121772388459624
243.75,2.9125000000000005,0.4273000000000015,0.7150219317642977
243.75,2.9375,0.42160000000000153,0.7054838437440393
243.75,2.9625000000000004,0.4240000000000015,0.7094998808052007
243.75,2.9875,0.4154000000000015,0.6951090813360387
243.75,3.0125,0.4167999999999941,0.6974517696217039
243.75,3.0375000000000005,0.4090000000000014,0.6843996491729412
243.75,3.0625,0.39870000000000144,0.6671641567854565
243.75,3.0875000000000004,0.3889000000000014,0.6507653387857136
243.75,3.1125,0.3791000000000013,0.6343665207859707
243.75,3.1375,0.38669999999999455,0.6470839714796375
243.75,3.1625000000000005,0.36270000000000124,0.6069236008680337
243.75,3.1875,0.3659000000000013,0.6122783169495823
243.75,3.2125000000000004,0.3704000000000013,0.6198083864392602
243.75,3.2375,0.35240000000000127,0.5896881084805489
243.75,3.2625,0.3460999999999951,0.5791460111949897
243.75,3.2875000000000005,0.3439000000000012,0.5754646438889351
243.75,3.3125,0.3326000000000012,0.5565558027259664
243.75,3.3375000000000004,0.33670000000000117,0.5634165327054506
243.75,3.3625,0.34000000000000125,0.5689385836645477
243.75,3.3875,0.31919999999999543,0.5341329291344717
243.75,3.4125000000000005,0.3138000000000011,0.5250968457468678
243.75,3.4375,0.30000000000000104,0.5020046326451891
243.75,3.4625000000000004,0.3056000000000011,0.5113753857878994
243.75,3.4875,0.3062000000000011,0.5123793950531897
243.75,3.5125,0.2967999999999958,0.49664991656363167
243.75,3.5375000000000005,0.29130000000000106,0.48744649829847875
243.75,3.5625,0.28250000000000103,0.47272102907421987
243.75,3.5875000000000004,0.288700000000001,0.48309579148222037
243.75,3.6125,0.292100000000001,0.48878517731886584
243.75,3.6375,0.2727999999999961,0.45648954595201724
243.75,3.6625000000000005,0.25610000000000094,0.4285446214014432
243.75,3.6875,0.25870000000000093,0.4328953282177015
243.75,3.7125000000000004,0.25860000000000094,0.4327279933401531
243.75,3.7375,0.24530000000000088,0.41047245462621634
243.75,3.7625,0.24099999999999658,0.40327705489162813
243.75,3.7875000000000005,0.24600000000000088,0.41164379876905516
243.75,3.8125,0.23780000000000084,0.39792233881008665
243.75,3.8375000000000004,0.2230000000000008,0.373156776932924
243.75,3.8625,0.2286000000000008,0.3825275300756341
243.75,3.8875,0.21329999999999696,0.3569252938107232
243.75,3.9125000000000005,0.1988000000000007,0.332661736566212
243.75,3.9375,0.1986000000000007,0.33232706681111523
243.75,3.9625000000000004,0.19730000000000072,0.3301517134029861
243.75,3.9875,0.18850000000000067,0.3154262441787272
243.75,4.0125,0.17789999999999748,0.2976887471585919
243.75,4.0375,0.1776000000000038,0.29718674252595734
243.75,4.0625,0.1698999999999976,0.28430195695472044
243.75,4.0875,0.16369999999999765,0.27392719454672
243.75,4.112500000000001,0.15830000000000338,0.26489111115911623
243.75,4.1375,0.15229999999999785,0.25485101850620323
243.75,4.1625,0.1450000000000031,0.24263557244517908
243.75,4.1875,0.14339999999999797,0.2399582144043962
243.75,4.2125,0.13709999999999806,0.22941611711884738
243.75,4.237500000000001,0.12480000000000266,0.20883392718040242
243.75,4.2625,0.12199999999999828,0.20414855060904
243.75,4.2875,0.11650000000000249,0.19494513234388527
243.75,4.3125,0.10909999999999845,0.18256235140529722
243.75,4.3375,0.10959999999999843,0.18339902579303918
243.75,4.362500000000001,0.10100000000000214,0.16900822632388335
243.75,4.3875,0.0919999999999987,0.15394808734452195
243.75,4.4125,0.0884000000000019,0.14792403175278507
243.75,4.4375,0.08199999999999884,0.1372145995896826
243.75,4.4625,0.0846999999999988,0.14173264128348925
243.75,4.487500000000001,0.07620000000000163,0.12750917669188033
243.75,4.5125,0.07219999999999897,0.12081578158994005
243.75,4.5375,0.06760000000000145,0.11311837722271799
243.75,4.5625,0.057099999999999186,0.09554821508013264
243.75,4.5875,0.057899999999999174,0.09688689410051979
243.75,4.612500000000001,0.05080000000000109,0.08500611779458689
243.75,4.6375,0.05229999999999926,0.08751614095780975
243.75,4.6625,0.04670000000000099,0.0781453878151025
243.75,4.6875,0.04749999999999932,0.07948406683548687
243.75,4.7125,0.044899999999999364,0.07513336001922866
243.75,4.737500000000001,0.04080000000000087,0.06827263003974694
243.75,4.7625,0.03849999999999945,0.06442392785613146
243.75,4.7875000000000005,0.03569999999999949,0.059738551284776446
243.75,4.8125,0.03390000000000072,0.05672652348890738
243.75,4.8375,0.029699999999999577,0.04969845863187285
243.75,4.862500000000001,0.025800000000000548,0.04317239840748703
243.75,4.8875,0.023999999999999657,0.04016037061161442
243.75,4.9125000000000005,0.02059999999999971,0.03447098477496905
243.75,4.9375,0.02150000000000046,0.035976998672905866
243.75,4.9625,0.019399999999999726,0.032462966244388325
243.75,4.987500000000001,0.016200000000000346,0.0271082501628407
243.75,5.0125,0.01619999999999977,0.027108250162839735
243.75,5.0375000000000005,0.015099999999999785,0.025267566509807406
243.75,5.0625,0.012600000000000269,0.021084194571098322
243.75,5.0875,0.012799999999999818,0.02141886432619436
243.75,5.112500000000001,0.012000000000000255,0.020080185305807925
243.75,5.1375,0.009699999999999863,0.016231483122194162
243.75,5.1625000000000005,0.010999999999999845,0.018406836530323278
243.75,5.1875,0.009000000000000192,0.015060138979355943
243.75,5.2125,0.008599999999999877,0.014390799469161832
243.75,5.237500000000001,0.008200000000000174,0.013721459958968747
243.75,5.2625,0.00559999999999992,0.00937075314271003
243.75,5.2875000000000005,0.0052999999999999246,0.00886874851006485
243.75,5.3125,0.005300000000000113,0.008868748510065166
243.75,5.3375,0.004599999999999935,0.007697404367226098
243.75,5.362500000000001,0.004800000000000103,0.00803207412232317
243.75,5.3875,0.004499999999999936,0.007530069489677704
243.75,5.4125000000000005,0.00279999999999996,0.004685376571355015
243.75,5.4375,0.0026000000000000554,0.004350706816258383
243.75,5.4625,0.002599999999999963,0.004350706816258229
243.75,5.487500000000001,0.002200000000000047,0.003681367306064786
243.75,5.5125,0.003099999999999956,0.0051873812040001965
243.75,5.5375000000000005,0.0036999999999999473,0.006191390469290557
243.75,5.5625,0.002100000000000045,0.003514032428516387
243.75,5.5875,0.0022999999999999674,0.003848702183613049
243.75,5.612500000000001,0.0010000000000000213,0.0016733487754839935
243.75,5.6375,0.0015999999999999773,0.002677358040774295
243.75,5.6625000000000005,0.0007999999999999887,0.0013386790203871474
243.75,5.6875,0.0010000000000000213,0.0016733487754839935
243.75,5.7125,0.00039999999999999433,0.0006693395101935737
243.75,5.737500000000001,0.0011000000000000235,0.001840683653032393
243.75,5.7625,0.0010999999999999845,0.0018406836530323277
243.75,5.7875000000000005,0.0007999999999999887,0.0013386790203871474
243.75,5.8125,0.0009000000000000193,0.0015060138979355944
243.75,5.8375,0.0005999999999999915,0.0010040092652903606
243.75,5.862500000000001,0.0003000000000000064,0.0005020046326451982
243.75,5.8875,0.0005999999999999915,0.0010040092652903606
243.75,5.9125000000000005,0.000499999999999993,0.0008366743877419673
243.75,5.9375,0.0002000000000000043,0.0003346697550967988
243.75,5.9625,0.00019999999999999716,0.00033466975509678686
243.75,5.987500000000001,0.0002000000000000043,0.0003346697550967988
243.75,6.0125,9.999999999999858e-05,0.00016733487754839343
243.75,6.0375000000000005,9.999999999999858e-05,0.00016733487754839343
243.75,6.0625,0.0003000000000000064,0.0005020046326451982
243.75,6.0875,0.00029999999999999575,0.0005020046326451803
243.75,6.112500000000001,0.00010000000000000215,0.0001673348775483994
243.75,6.1375,0.00019999999999999716,0.00033466975509678686
243.75,6.1625000000000005,0.0,0.0
243.75,6.1875,0.00010000000000000215,0.0001673348775483994
243.75,6.2125,0.00029999999999999575,0.0005020046326451803
243.75,6.237500000000001,0.0,0.0
243.75,6.2625,9.999999999999858e-05,0.00016733487754839343
243.75,6.2875000000000005,0.0,0.0
243.75,6.3125,0.00010000000000000215,0.0001673348775483994
243.75,6.3375,9.999999999999858e-05,0.00016733487754839343
243.75,6.362500000000001,0.0,0.0
243.75,6.3875,0.00019999999999999716,0.00033466975509678686
243.75,6.4125000000000005,9.999999999999858e-05,0.00016733487754839343
243.75,6.4375,0.0,0.0
243.75,6.4625,0.0,0.0
243.75,6.487500000000001,0.0,0.0
243.75,6.5125,0.0,0.0
243.75,6.5375000000000005,0.0,0.0
243.75,6.5625,0.0,0.0
243.75,6.5875,0.0,0.0
243.75,6.612500000000001,0.0,0.0
243.75,6.6375,0.0,0.0
243.75,6.6625000000000005,0.0,0.0
243.75,6.6875,0.0,0.0
243.75,6.7125,0.0,0.0
243.75,6.737500000000001,0.0,0.0
243.75,6.7625,0.0,0.0
243.75,6.7875000000000005,0.0,0.0
243.75,6.8125,0.0,0.0
243.75,6.8375,0.0,0.0
243.75,6.862500000000001,0.0,0.0
243.75,6.8875,0.0,0.0
243.75,6.9125000000000005,0.0,0.0
243.75,6.9375,0.0,0.0
243.75,6.9625,0.0,0.0
243.75,6.987500000000001,0.0,0.0
246.25,0.0125,0.0,0.0
246.25,0.037500000000000006,0.0002,0.00030921250427933775
246.25,0.0625,0.0003999999999999999,0.0006184250085586754
246.25,0.08750000000000001,0.0009000000000000003,0.0013914562692570204
246.25,0.1125,0.0026000000000000003,0.004019762555631391
246.25,0.1375,0.003799999999999997,0.005875037581307412
246.25,0.16250000000000003,0.006300000000000002,0.009740193884799141
246.25,0.1875,0.010800000000000002,0.016697475231084242
246.25,0.21250000000000002,0.015900000000000004,0.02458239409020736
246.25,0.2375,0.023600000000000006,0.036487075504961865
246.25,0.2625,0.028299999999999974,0.04375356935552625
246.25,0.28750000000000003,0.03699999999999997,0.05720431329167744
246.25,0.3125,0.041700000000000056,0.06447080714224201
246.25,0.3375,0.05599999999999995,0.0865795011982145
246.25,0.36250000000000004,0.05680000000000008,0.08781635121533204
246.25,0.3875,0.06429999999999994,0.099411820125807
246.25,0.41250000000000003,0.07479999999999994,0.11564547660047222
246.25,0.4375,0.0756000000000001,0.11688232661758982
246.25,0.4625,0.08179999999999993,0.12646791425024903
246.25,0.48750000000000004,0.08460000000000012,0.13079688931016006
246.25,0.5125,0.09369999999999992,0.14486605825486962
246.25,0.5375000000000001,0.09309999999999992,0.1439384207420316
246.25,0.5625,0.09019999999999992,0.13945483942998121
246.25,0.5875000000000001,0.08869999999999992,0.13713574564788616
246.25,0.6125,0.09670000000000034,0.14950424581906033
246.25,0.6375,0.08419999999999993,0.13017846430160107
246.25,0.6625000000000001,0.08769999999999992,0.13558968312648947
246.25,0.6875,0.07999999999999993,0.123685001711735
246.25,0.7125000000000001,0.07599999999999993,0.11750075162614823
246.25,0.7375,0.07430000000000027,0.11487244533977439
246.25,0.7625,0.07069999999999993,0.10930662026274579
246.25,0.7875000000000001,0.06689999999999993,0.10343158268143837
246.25,0.8125,0.061499999999999944,0.09508284506589627
246.25,0.8375000000000001,0.061799999999999945,0.09554666382231528
246.25,0.8625,0.0564000000000002,0.08719792620677355
246.25,0.8875,0.06079999999999995,0.0940006013009186
246.25,0.9125000000000001,0.05709999999999995,0.08828016997175085
246.25,0.9375,0.052699999999999955,0.08147749487760543
246.25,0.9625000000000001,0.053099999999999946,0.08209591988616409
246.25,0.9875,0.053800000000000195,0.08317816365114215
246.25,1.0125000000000002,0.054199999999999714,0.08379658865970009
246.25,1.0375,0.0566000000000002,0.0875071387110529
246.25,1.0625,0.0562000000000002,0.08688871370249422
246.25,1.0875,0.062199999999999665,0.09616508883087352
246.25,1.1125,0.06950000000000024,0.10745134523707024
246.25,1.1375000000000002,0.07059999999999962,0.10915201401060565
246.25,1.1625,0.07980000000000027,0.12337578920745619
246.25,1.1875,0.08709999999999954,0.1346620456136509
246.25,1.2125000000000001,0.08740000000000031,0.13512586437007107
246.25,1.2375,0.09940000000000035,0.1536786146268314
246.25,1.2625000000000002,0.10409999999999946,0.16094510847739446
246.25,1.2875,0.1124000000000004,0.17377742740498844
246.25,1.3125,0.12249999999999935,0.18939265887109336
246.25,1.3375000000000001,0.1339000000000005,0.2070177716150174
246.25,1.3625,0.1392000000000005,0.21521190297841983
246.25,1.3875000000000002,0.1524999999999992,0.2357745345129938
246.25,1.4125,0.16050000000000056,0.2481430346841694
246.25,1.4375,0.16179999999999914,0.2501529159619829
246.25,1.4625000000000001,0.17200000000000062,0.26592275368023144
246.25,1.4875,0.18630000000000066,0.28803144773620415
246.25,1.5125000000000002,0.191199999999999,0.2956071540910454
246.25,1.5375,0.1947000000000007,0.3010183729159364
246.25,1.5625,0.20309999999999895,0.31400529809566585
246.25,1.5875000000000001,0.20440000000000072,0.3160151793734843
246.25,1.6125,0.20940000000000075,0.3237454919804678
246.25,1.6375000000000002,0.21849999999999886,0.33781466092517476
246.25,1.6625,0.2231000000000008,0.3449265485236025
246.25,1.6875,0.2262999999999988,0.34987394859206883
246.25,1.7125000000000001,0.23460000000000086,0.3627062675196645
246.25,1.7375,0.23810000000000087,0.36811748634455294
246.25,1.7625000000000002,0.23399999999999876,0.36177863000682325
246.25,1.7875,0.24650000000000086,0.3811044115242851
246.25,1.8125,0.2484999999999987,0.38419653656707514
246.25,1.8375000000000001,0.24820000000000086,0.3837327178106595
246.25,1.8625,0.24890000000000087,0.38481496157563716
246.25,1.8875000000000002,0.2513999999999986,0.38868011787912543
246.25,1.9125,0.2601000000000009,0.4021308618152801
246.25,1.9375,0.2631999999999986,0.4069236556316063
246.25,1.9625000000000001,0.26390000000000097,0.40800589939658766
246.25,1.9875,0.26640000000000097,0.41187105570007937
246.25,2.0125,0.26960000000000095,0.41681845576854876
246.25,2.0375,0.26499999999999624,0.4097065681701167
246.25,2.0625,0.284100000000001,0.43923636232880087
246.25,2.0875000000000004,0.29810000000000103,0.46088123762835453
246.25,2.1125,0.288900000000001,0.4466574624315049
246.25,2.1375,0.3031000000000011,0.46861155023533807
246.25,2.1625,0.31519999999999554,0.4873189067442294
246.25,2.1875,0.31370000000000114,0.484999812962143
246.25,2.2125000000000004,0.3186000000000011,0.49257551931698673
246.25,2.2375,0.34340000000000126,0.5309178698476249
246.25,2.2625,0.3403000000000012,0.5261250760312951
246.25,2.2875,0.3331999999999953,0.5151480321293694
246.25,2.3125,0.3584000000000012,0.5541088076685752
246.25,2.3375000000000004,0.3631000000000013,0.5613753015191397
246.25,2.3625,0.37390000000000134,0.578072776750224
246.25,2.3875,0.3642999999999948,0.5632305765448057
246.25,2.4125000000000005,0.3975000000000014,0.614559852255186
246.25,2.4375,0.3961000000000014,0.6123953647252306
246.25,2.4625000000000004,0.40070000000000144,0.6195072523236554
246.25,2.4875,0.41020000000000145,0.634194846276924
246.25,2.5125,0.41879999999999407,0.6474909839609241
246.25,2.5375000000000005,0.41330000000000144,0.6389876400932537
246.25,2.5625,0.41810000000000147,0.6464087401959578
246.25,2.5875000000000004,0.43200000000000155,0.667899009243372
246.25,2.6125,0.4364000000000015,0.6747016843375173
246.25,2.6375,0.4486999999999936,0.6937182533506844
246.25,2.6625000000000005,0.44360000000000155,0.6858333344915736
246.25,2.6875,0.44880000000000164,0.6938728596028364
246.25,2.7125000000000004,0.43660000000000154,0.6750108968417967
246.25,2.7375,0.4503000000000016,0.6961919533849315
246.25,2.7625,0.4460999999999936,0.689698490795053
246.25,2.7875000000000005,0.43460000000000154,0.6719187717990033
246.25,2.8125,0.4343000000000016,0.6714549530425844
246.25,2.8375000000000004,0.4437000000000016,0.6859879407437133
246.25,2.8625,0.43040000000000156,0.6654253092091372
246.25,2.8875,0.4159999999999941,0.6431620089010134
246.25,2.9125000000000005,0.4249000000000015,0.6569219653414554
246.25,2.9375,0.4194000000000015,0.6484186214737736
246.25,2.9625000000000004,0.42500000000000154,0.6570765715935951
246.25,2.9875,0.4074000000000014,0.6298658712170132
246.25,3.0125,0.4176999999999941,0.6457903151873877
246.25,3.0375000000000005,0.4056000000000014,0.6270829586784992
246.25,3.0625,0.3944000000000014,0.6097670584388563
246.25,3.0875000000000004,0.38880000000000137,0.6011091083190347
246.25,3.1125,0.39120000000000144,0.6048196583703869
246.25,3.1375,0.36759999999999476,0.5683325828654147
246.25,3.1625000000000005,0.37400000000000133,0.5782273830023636
246.25,3.1875,0.3680000000000013,0.5689510078739836
246.25,3.2125000000000004,0.35320000000000124,0.5460692825573124
246.25,3.2375,0.35760000000000125,0.5528719576514578
246.25,3.2625,0.35419999999999496,0.5476153450786994
246.25,3.2875000000000005,0.33470000000000116,0.5174671259114735
246.25,3.3125,0.34230000000000116,0.5292172010740883
246.25,3.3375000000000004,0.3413000000000012,0.5276711385526918
246.25,3.3625,0.33470000000000116,0.5174671259114735
246.25,3.3875,0.32429999999999537,0.5013880756889391
246.25,3.4125000000000005,0.31870000000000115,0.4927301255691265
246.25,3.4375,0.3210000000000011,0.4962860693683388
246.25,3.4625000000000004,0.3057000000000011,0.4726313127909694
246.25,3.4875,0.3040000000000011,0.4700030065045951
246.25,3.5125,0.29209999999999586,0.4516048624999664
246.25,3.5375000000000005,0.30580000000000107,0.47278591904310907
246.25,3.5625,0.28590000000000104,0.4420192748673149
246.25,3.5875000000000004,0.28200000000000097,0.43598963103386773
246.25,3.6125,0.276400000000001,0.4273316809140463
246.25,3.6375,0.2700999999999962,0.4175914870292397
246.25,3.6625000000000005,0.25570000000000087,0.3953281867211347
246.25,3.6875,0.26550000000000096,0.41047959943082235
246.25,3.7125000000000004,0.2601000000000009,0.4021308618152801
246.25,3.7375,0.2524000000000009,0.39022618040052565
246.25,3.7625,0.23799999999999663,0.36796288009240674
246.25,3.7875000000000005,0.24160000000000087,0.37352870516944137
246.25,3.8125,0.23040000000000083,0.35621280492979834
246.25,3.8375000000000004,0.2264000000000008,0.3500285548442116
246.25,3.8625,0.2239000000000008,0.3461633985407198
246.25,3.8875,0.20909999999999704,0.32328167322404305
246.25,3.9125000000000005,0.21250000000000077,0.32853828579679756
246.25,3.9375,0.1976000000000007,0.30550195422798676
246.25,3.9625000000000004,0.1979000000000007,0.30596577298440575
246.25,3.9875,0.19340000000000068,0.29900849163812065
246.25,4.0125,0.1814999999999974,0.280610347633495
246.25,4.0375,0.16950000000000362,0.26205759737674433
246.25,4.0625,0.1767999999999975,0.2733438537829307
246.25,4.0875,0.17059999999999756,0.2637582661502713
246.25,4.112500000000001,0.1590000000000034,0.24582394090207876
246.25,4.1375,0.1609999999999977,0.24891606594486335
246.25,4.1625,0.1462000000000031,0.2260343406282007
246.25,4.1875,0.14109999999999798,0.21814942176906965
246.25,4.2125,0.13759999999999803,0.21273820294418133
246.25,4.237500000000001,0.12890000000000276,0.19928745900803746
246.25,4.2625,0.12549999999999822,0.1940308464352817
246.25,4.2875,0.11940000000000253,0.18459986505476855
246.25,4.3125,0.10669999999999849,0.16496487103302435
246.25,4.3375,0.11229999999999841,0.1736228211528457
246.25,4.362500000000001,0.10520000000000224,0.16264577725093513
246.25,4.3875,0.09929999999999858,0.153524008374689
246.25,4.4125,0.0982000000000021,0.1518233396011581
246.25,4.4375,0.09249999999999868,0.14301078322919167
246.25,4.4625,0.08299999999999882,0.12832318927592334
246.25,4.487500000000001,0.07550000000000161,0.11672772036545248
246.25,4.5125,0.07509999999999893,0.11610929535688967
246.25,4.5375,0.07350000000000156,0.11363559532265904
246.25,4.5625,0.06629999999999905,0.10250394516859901
246.25,4.5875,0.06509999999999908,0.100648670142923
246.25,4.612500000000001,0.05540000000000118,0.08565186368537837
246.25,4.6375,0.05429999999999923,0.08395119491183901
246.25,4.6625,0.04880000000000104,0.07544785104416002
246.25,4.6875,0.04789999999999932,0.07405639477490034
246.25,4.7125,0.0420999999999994,0.06508923215079968
246.25,4.737500000000001,0.04150000000000088,0.06416159463796395
246.25,4.7625,0.03819999999999946,0.05905958831735267
246.25,4.7875000000000005,0.037099999999999474,0.05735891954381634
246.25,4.8125,0.03600000000000077,0.05565825077028198
246.25,4.8375,0.031199999999999554,0.048237150667576
246.25,4.862500000000001,0.027600000000000586,0.042671325590549515
246.25,4.8875,0.02539999999999964,0.03926998804347534
246.25,4.9125000000000005,0.02249999999999968,0.034786406731425
246.25,4.9375,0.0234000000000005,0.03617786300068329
246.25,4.9625,0.0210999999999997,0.03262191920146967
246.25,4.987500000000001,0.020400000000000435,0.03153967543649312
246.25,5.0125,0.01769999999999975,0.027365306628721005
246.25,5.0375000000000005,0.017099999999999758,0.026437669115883
246.25,5.0625,0.014100000000000302,0.021799481551693776
246.25,5.0875,0.012499999999999822,0.019325781517458333
246.25,5.112500000000001,0.013800000000000293,0.021335662795274758
246.25,5.1375,0.011499999999999837,0.017779718996061667
246.25,5.1625000000000005,0.009699999999999863,0.01499680645754767
246.25,5.1875,0.009000000000000192,0.013914562692570496
246.25,5.2125,0.010399999999999852,0.016079050222525336
246.25,5.237500000000001,0.00800000000000017,0.012368500171173772
246.25,5.2625,0.007599999999999892,0.011750075162614669
246.25,5.2875000000000005,0.008099999999999885,0.012523106423313002
246.25,5.3125,0.007600000000000162,0.011750075162615085
246.25,5.3375,0.0050999999999999275,0.007884918859123001
246.25,5.362500000000001,0.0037000000000000787,0.00572043132916787
246.25,5.3875,0.0048999999999999305,0.007575706354843667
246.25,5.4125000000000005,0.004599999999999935,0.007111887598424667
246.25,5.4375,0.005300000000000113,0.008194131363402624
246.25,5.4625,0.0038999999999999443,0.006029643833447
246.25,5.487500000000001,0.003900000000000083,0.006029643833447214
246.25,5.5125,0.003799999999999946,0.005875037581307334
246.25,5.5375000000000005,0.002999999999999957,0.00463818756419
246.25,5.5625,0.0031000000000000662,0.004792793816329838
246.25,5.5875,0.001999999999999972,0.003092125042793334
246.25,5.612500000000001,0.0016000000000000343,0.002473700034234755
246.25,5.6375,0.0014999999999999786,0.002319093782095
246.25,5.6625000000000005,0.000999999999999986,0.001546062521396667
246.25,5.6875,0.001500000000000032,0.0023190937820950826
246.25,5.7125,0.0008999999999999873,0.0013914562692570003
246.25,5.737500000000001,0.0019000000000000405,0.0029375187906537713
246.25,5.7625,0.0012999999999999815,0.002009881277815667
246.25,5.7875000000000005,0.00069999999999999,0.0010822437649776666
246.25,5.8125,0.0012000000000000257,0.0018552750256760663
246.25,5.8375,0.00069999999999999,0.0010822437649776666
246.25,5.862500000000001,0.0004000000000000086,0.0006184250085586887
246.25,5.8875,0.00019999999999999716,0.00030921250427933336
246.25,5.9125000000000005,0.00029999999999999575,0.00046381875641900004
246.25,5.9375,0.0004000000000000086,0.0006184250085586887
246.25,5.9625,0.0005999999999999915,0.0009276375128380001
246.25,5.987500000000001,0.0005000000000000106,0.0007730312606983608
246.25,6.0125,0.00029999999999999575,0.00046381875641900004
246.25,6.0375000000000005,0.00039999999999999433,0.0006184250085586667
246.25,6.0625,0.0002000000000000043,0.00030921250427934436
246.25,6.0875,0.000499999999999993,0.0007730312606983335
246.25,6.112500000000001,0.0002000000000000043,0.00030921250427934436
246.25,6.1375,0.000499999999999993,0.0007730312606983335
246.25,6.1625000000000005,0.00019999999999999716,0.00030921250427933336
246.25,6.1875,0.00010000000000000215,0.00015460625213967218
246.25,6.2125,9.999999999999858e-05,0.00015460625213966668
246.25,6.237500000000001,0.00010000000000000215,0.00015460625213967218
246.25,6.2625,0.0,0.0
246.25,6.2875000000000005,0.0,0.0
246.25,6.3125,0.0,0.0
246.25,6.3375,9.999999999999858e-05,0.00015460625213966668
246.25,6.362500000000001,0.00010000000000000215,0.00015460625213967218
246.25,6.3875,0.0,0.0
246.25,6.4125000000000005,0.0,0.0
246.25,6.4375,0.0,0.0
246.25,6.4625,0.0,0.0
246.25,6.487500000000001,0.00010000000000000215,0.00015460625213967218
246.25,6.5125,9.999999999999858e-05,0.00015460625213966668
246.25,6.5375000000000005,0.0,0.0
246.25,6.5625,0.0,0.0
246.25,6.5875,0.0,0.0
246.25,6.612500000000001,0.0,0.0
246.25,6.6375,0.0,0.0
246.25,6.6625000000000005,0.0,0.0
246.25,6.6875,0.0,0.0
246.25,6.7125,0.0,0.0
246.25,6.737500000000001,0.0,0.0
246.25,6.7625,0.0,0.0
246.25,6.7875000000000005,0.0,0.0
246.25,6.8125,0.0,0.0
246.25,6.8375,0.0,0.0
246.25,6.862500000000001,0.0,0.0
246.25,6.8875,0.0,0.0
246.25,6.9125000000000005,0.0,0.0
246.25,6.9375,0.00010000000000000215,0.00015460625213967218
246.25,6.9625,0.0,0.0
246.25,6.987500000000001,0.0,0.0
248.75,0.0125,0.000100000250000625,0.00014438974737807005
248.75,0.037500000000000006,0.0,0.0
248.75,0.0625,0.0005000012500031248,0.00072194873689035
248.75,0.08750000000000001,0.0012000030000075003,0.0017326769685368413
248.75,0.1125,0.0018000045000112503,0.0025990154528052617
248.75,0.1375,0.004200010500026247,0.006064369389878938
248.75,0.16250000000000003,0.007500018750046877,0.010829231053355258
248.75,0.1875,0.008200020500051253,0.01183995928500175
248.75,0.21250000000000002,0.014800037000092503,0.021369682611954374
248.75,0.2375,0.022700056750141882,0.03277647265482191
248.75,0.2625,0.028200070500176224,0.04071790876061572
248.75,0.28750000000000003,0.0349000872502181,0.05039202183494642
248.75,0.3125,0.044400111000277555,0.06410904783586319
248.75,0.3375,0.049100122750306834,0.07089536596263234
248.75,0.36250000000000004,0.05340013350033382,0.07710412509988951
248.75,0.3875,0.06590016475041181,0.09515284352214809
248.75,0.41250000000000003,0.07210018025045056,0.10410500785958843
248.75,0.4375,0.0732001830004576,0.10569329508074743
248.75,0.4625,0.0811002027505068,0.11710008512361472
248.75,0.48750000000000004,0.08270020675051698,0.11941032108166409
248.75,0.5125,0.08700021750054367,0.12561908021892085
248.75,0.5375000000000001,0.08480021200052994,0.12244250577660333
248.75,0.5625,0.09120022800056991,0.13168344960879977
248.75,0.5875000000000001,0.08470021175052929,0.12229811602922522
248.75,0.6125,0.0860002150005378,0.12417518274514068
248.75,0.6375,0.08560021400053493,0.12359762375562787
248.75,0.6625000000000001,0.0811002027505068,0.11710008512361472
248.75,0.6875,0.07640019100047743,0.11031376699684543
248.75,0.7125000000000001,0.07860019650049117,0.11349034143916296
248.75,0.7375,0.08140020350050904,0.11753325436574946
248.75,0.7625,0.06770016925042308,0.09775185897495337
248.75,0.7875000000000001,0.0666001665004162,0.09616357175379459
248.75,0.8125,0.06310015775039432,0.09110993059556213
248.75,0.8375000000000001,0.0646001615004037,0.09327577680623318
248.75,0.8625,0.06080015200038022,0.08778896640586692
248.75,0.8875,0.05850014625036557,0.08446800221617091
248.75,0.9125000000000001,0.058700146750366826,0.08475678171092706
248.75,0.9375,0.05790014475036183,0.0836016637319025
248.75,0.9625000000000001,0.05400013500033745,0.07797046358415777
248.75,0.9875,0.05420013550033894,0.07825924307891426
248.75,1.0125000000000002,0.05970014925037281,0.08620067918470738
248.75,1.0375,0.059200148000370205,0.08547873044781777
248.75,1.0625,0.06380015950039898,0.09212065882720903
248.75,1.0875,0.061700154250385296,0.08908847413226875
248.75,1.1125,0.07240018100045276,0.1045381771017231
248.75,1.1375000000000002,0.07580018950047335,0.10944742851257654
248.75,1.1625,0.07970019925049841,0.11507862866032226
248.75,1.1875,0.08790021975054892,0.12691858794532293
248.75,1.2125000000000001,0.08750021875054718,0.12634102895581176
248.75,1.2375,0.10080025200063036,0.14554486535709515
248.75,1.2625000000000002,0.10740026850067069,0.15507458868404644
248.75,1.2875,0.1124002810007029,0.16229407605295135
248.75,1.3125,0.12000030000074936,0.17326769685368315
248.75,1.3375000000000001,0.13720034300085798,0.19810273340271284
248.75,1.3625,0.14250035625089114,0.2057553900137506
248.75,1.3875000000000002,0.14990037475093607,0.21644023131972587
248.75,1.4125,0.1577003942509862,0.22770263161521734
248.75,1.4375,0.16950042375105848,0.24474062180582748
248.75,1.4625000000000001,0.17230043075107748,0.2487835347324156
248.75,1.4875,0.18660046650116693,0.26943126860747973
248.75,1.5125000000000002,0.18460046150115278,0.26654347365991593
248.75,1.5375,0.19800049500123823,0.2858916998085798
248.75,1.5625,0.20260050650126515,0.29253362818796835
248.75,1.5875000000000001,0.2099005247513126,0.30307407974657014
248.75,1.6125,0.20930052325130888,0.30220774126230177
248.75,1.6375000000000002,0.214100535251337,0.3091384491364464
248.75,1.6625,0.22740056850142207,0.32834228553773254
248.75,1.6875,0.22390055975139816,0.3232886443794971
248.75,1.7125000000000001,0.23570058925147397,0.34032663457011236
248.75,1.7375,0.2303005757514402,0.33252958821169654
248.75,1.7625000000000002,0.23720059300148125,0.3424924807807804
248.75,1.7875,0.24010060025150148,0.3466797834547475
248.75,1.8125,0.24410061025152435,0.3524553733498672
248.75,1.8375000000000001,0.24620061550153963,0.35548755804480975
248.75,1.8625,0.25970064925162406,0.3749801739408493
248.75,1.8875000000000002,0.2537006342515843,0.36631678909816184
248.75,1.9125,0.2669006672516691,0.3853762357520704
248.75,1.9375,0.2592006480016186,0.37425822520395563
248.75,1.9625000000000001,0.26440066100165344,0.3817664920676186
248.75,1.9875,0.2702006755016897,0.3901410974155467
248.75,2.0125,0.2741006852517141,0.39577229756329146
248.75,2.0375,0.2837007092517691,0.409633713311579
248.75,2.0625,0.27700069250173226,0.3999596002372555
248.75,2.0875000000000004,0.28810072025180167,0.4159868621962214
248.75,2.1125,0.3005007512518792,0.4338911908711021
248.75,2.1375,0.30140075350188483,0.43519069859750475
248.75,2.1625,0.30630076575191,0.4422657962190223
248.75,2.1875,0.3148007870019686,0.4545389247461662
248.75,2.2125000000000004,0.3194007985019974,0.4611808531255574
248.75,2.2375,0.3324008310020787,0.4799515202847066
248.75,2.2625,0.34340085850214747,0.49583439249629435
248.75,2.2875,0.35120087800219,0.5070967927917749
248.75,2.3125,0.35830089575224067,0.5173484648556269
248.75,2.3375000000000004,0.363800909502275,0.5252899009614207
248.75,2.3625,0.38110095275238326,0.5502693272578271
248.75,2.3875,0.38350095875239143,0.5537346811948909
248.75,2.4125000000000005,0.3868009670024189,0.558499542858377
248.75,2.4375,0.3966009915024801,0.5726497381014278
248.75,2.4625000000000004,0.39740099350248514,0.5738048560804525
248.75,2.4875,0.4127010317525808,0.5958964874292972
248.75,2.5125,0.41300103250257536,0.5963296566714209
248.75,2.5375000000000005,0.41850104625261714,0.6042710927772255
248.75,2.5625,0.41690104225260716,0.6019608568191763
248.75,2.5875000000000004,0.4271010677526709,0.6166886110517396
248.75,2.6125,0.4361010902527272,0.6296836883157658
248.75,2.6375,0.43530108825271446,0.6285285703367302
248.75,2.6625000000000005,0.42520106300265903,0.6139452058515561
248.75,2.6875,0.43110107775269596,0.6224642009468624
248.75,2.7125000000000004,0.43760109400273656,0.6318495345264369
248.75,2.7375,0.4496011240028116,0.6491763042118054
248.75,2.7625,0.4337010842527045,0.626218334378681
248.75,2.7875000000000005,0.4374010935027353,0.6315607550316807
248.75,2.8125,0.449501123752811,0.6490319144644273
248.75,2.8375000000000004,0.4271010677526709,0.6166886110517396
248.75,2.8625,0.4307010767526934,0.62188664195735
248.75,2.8875,0.4246010615026477,0.6130788673672768
248.75,2.9125000000000005,0.41860104650261776,0.6044154825246035
248.75,2.9375,0.41850104625261714,0.6042710927772255
248.75,2.9625000000000004,0.4203010507526284,0.6068701082300307
248.75,2.9875,0.4114010285025727,0.5940194207133823
248.75,3.0125,0.3933009832524525,0.5678848764379415
248.75,3.0375000000000005,0.3854009635024101,0.556478086395084
248.75,3.0625,0.3847009617524057,0.5554673581634375
248.75,3.0875000000000004,0.3935009837524608,0.5681736559327077
248.75,3.1125,0.3800009500023764,0.5486810400366683
248.75,3.1375,0.38650096625241015,0.5580663736162329
248.75,3.1625000000000005,0.3663009157522907,0.5288996446458726
248.75,3.1875,0.35880089700224377,0.5180704135925173
248.75,3.2125000000000004,0.36140090350226006,0.5218245470243471
248.75,3.2375,0.36370090925227444,0.5251455112140427
248.75,3.2625,0.34820087050217136,0.5027651003704329
248.75,3.2875000000000005,0.34620086550216495,0.4998773054228803
248.75,3.3125,0.3424008560021412,0.49439049502251364
248.75,3.3375000000000004,0.33290083225208184,0.480673469021597
248.75,3.3625,0.3419008547521381,0.49366854628562334
248.75,3.3875,0.31940079850199166,0.4611808531255492
248.75,3.4125000000000005,0.31840079600199117,0.4597369556517768
248.75,3.4375,0.3198007995019999,0.46175841211506974
248.75,3.4625000000000004,0.3013007532518842,0.4350463088501267
248.75,3.4875,0.3001007502518767,0.43331363188158983
248.75,3.5125,0.30760076900191813,0.4441428629349372
248.75,3.5375000000000005,0.28720071800179603,0.41468735446981875
248.75,3.5625,0.2843007107517779,0.41050005179585464
248.75,3.5875000000000004,0.2754006885017222,0.3976493642792064
248.75,3.6125,0.2741006852517141,0.39577229756329146
248.75,3.6375,0.2659006647516581,0.3839323382782828
248.75,3.6625000000000005,0.26560066400166094,0.38349916903615544
248.75,3.6875,0.2569006422516065,0.37093726101426333
248.75,3.7125000000000004,0.2507006267515678,0.361985096676823
248.75,3.7375,0.24910062275155775,0.3596748607187738
248.75,3.7625,0.23690059225147725,0.3420593115386431
248.75,3.7875000000000005,0.23700059250148212,0.3422037012860273
248.75,3.8125,0.23010057525143895,0.33224080871694045
248.75,3.8375000000000004,0.2243005607514027,0.32386620336901234
248.75,3.8625,0.21210053025132639,0.3062506541888877
248.75,3.8875,0.21620054050134818,0.31217063383138305
248.75,3.9125000000000005,0.21480053700134327,0.3101491773680956
248.75,3.9375,0.19970049925124886,0.28834632551400696
248.75,3.9625000000000004,0.18780046950117443,0.2711639455760166
248.75,3.9875,0.18980047450118695,0.274051740523578
248.75,4.0125,0.17970044925112058,0.25946837603838824
248.75,4.0375,0.1832004580011489,0.26452201719663
248.75,4.0625,0.18250045625113806,0.26351128896497417
248.75,4.0875,0.16730041825104325,0.24156404736350778
248.75,4.112500000000001,0.16430041075103038,0.23723235494217418
248.75,4.1375,0.15680039200097778,0.22640312388881068
248.75,4.1625,0.15320038300096075,0.22120509298320803
248.75,4.1875,0.14050035125087612,0.20286759506618554
248.75,4.2125,0.14070035175087736,0.20315637456094168
248.75,4.237500000000001,0.13310033275083472,0.19218275376021537
248.75,4.2625,0.12490031225077886,0.18034279447520696
248.75,4.2875,0.1220003050007651,0.17615549180124923
248.75,4.3125,0.11550028875072023,0.16677015822166855
248.75,4.3375,0.10960027400068344,0.15825116312636253
248.75,4.362500000000001,0.10150025375063654,0.14655559358874423
248.75,4.3875,0.10200025500063606,0.1472775423256294
248.75,4.4125,0.09430023575059138,0.13615953177752296
248.75,4.4375,0.09520023800059366,0.13745903950392077
248.75,4.4625,0.08330020825051944,0.12027665956593066
248.75,4.487500000000001,0.08360020900052428,0.12070982880806916
248.75,4.5125,0.08060020150050261,0.11637813638672283
248.75,4.5375,0.07340018350046032,0.1059820745755057
248.75,4.5625,0.06770016925042217,0.09775185897495206
248.75,4.5875,0.06670016675041593,0.09630796150117137
248.75,4.612500000000001,0.05450013625034179,0.07869241232104987
248.75,4.6375,0.05840014600036417,0.08432361246879172
248.75,4.6625,0.05190012975032548,0.07493827888921996
248.75,4.6875,0.05170012925032239,0.07464949939446117
248.75,4.7125,0.04770011925029745,0.06887390949933844
248.75,4.737500000000001,0.047200118000296006,0.06815196076245053
248.75,4.7625,0.04130010325025754,0.059632965667142095
248.75,4.7875000000000005,0.04330010825027001,0.06252076061470345
248.75,4.8125,0.03380008450021197,0.04880373461378872
248.75,4.8375,0.03450008625021513,0.04981446284543346
248.75,4.862500000000001,0.03340008350020946,0.04822617562427643
248.75,4.8875,0.02990007475018645,0.043172534466042335
248.75,4.9125000000000005,0.025200063000157143,0.03638621633927314
248.75,4.9375,0.024500061250153648,0.035375488107627924
248.75,4.9625,0.023600059000147163,0.03407598038122405
248.75,4.987500000000001,0.02610006525016368,0.03768572406567709
248.75,5.0125,0.01980004950012347,0.02858916998085747
248.75,5.0375000000000005,0.017700044250110375,0.02555698528591804
248.75,5.0625,0.018300045750114763,0.02642332377018738
248.75,5.0875,0.016900042250105385,0.024401867306893494
248.75,5.112500000000001,0.014000035000087799,0.02021456463293024
248.75,5.1375,0.014300035750089172,0.020647733875063728
248.75,5.1625000000000005,0.012900032250080443,0.018626277411770777
248.75,5.1875,0.010500026250065849,0.01516092347469768
248.75,5.2125,0.009800024500061112,0.014150195243050667
248.75,5.237500000000001,0.00870002175005456,0.012561908021892365
248.75,5.2625,0.009200023000057369,0.013283856758782258
248.75,5.2875000000000005,0.006600016500041156,0.00952972332695249
248.75,5.3125,0.007000017500043899,0.01010728231646512
248.75,5.3375,0.0069000172500430276,0.009962892569086694
248.75,5.362500000000001,0.006400016000040137,0.009240943832196683
248.75,5.3875,0.005100012750031802,0.007363877116281468
248.75,5.4125000000000005,0.0055000137500342975,0.007941436105793741
248.75,5.4375,0.005400013500033865,0.00779704635841595
248.75,5.4625,0.004400011000027437,0.006353148884634992
248.75,5.487500000000001,0.0033000082500206952,0.004764861663476414
248.75,5.5125,0.0037000092500230723,0.005342420652988516
248.75,5.5375000000000005,0.003400008500021202,0.004909251410854313
248.75,5.5625,0.0019000047500119157,0.0027434052001833902
248.75,5.5875,0.0025000062500155893,0.0036097436844517
248.75,5.612500000000001,0.0024000060000150514,0.003465353937073756
248.75,5.6375,0.001900004750011848,0.0027434052001832922
248.75,5.6625000000000005,0.002400006000014966,0.0034653539370736327
248.75,5.6875,0.0020000050000125425,0.002887794947561463
248.75,5.7125,0.0013000032500081065,0.0018770667159148842
248.75,5.737500000000001,0.0013000032500081527,0.001877066715914951
248.75,5.7625,0.0005000012500031178,0.00072194873689034
248.75,5.7875000000000005,0.0010000025000062357,0.00144389747378068
248.75,5.8125,0.00070000175000439,0.001010728231646512
248.75,5.8375,0.00140000350000873,0.002021456463292952
248.75,5.862500000000001,0.00070000175000439,0.001010728231646512
248.75,5.8875,0.0004000010000024943,0.0005775589895122721
248.75,5.9125000000000005,0.000700001750004365,0.001010728231646476
248.75,5.9375,0.0010000025000062712,0.0014438974737807314
248.75,5.9625,0.000700001750004365,0.001010728231646476
248.75,5.987500000000001,0.00070000175000439,0.001010728231646512
248.75,6.0125,0.00030000075000187075,0.0004331692421342041
248.75,6.0375000000000005,0.00020000050000124715,0.00028877949475613604
248.75,6.0625,0.00040000100000250855,0.0005775589895122927
248.75,6.0875,0.0,0.0
248.75,6.112500000000001,0.00040000100000250855,0.0005775589895122927
248.75,6.1375,0.00030000075000187075,0.0004331692421342041
248.75,6.1625000000000005,0.00030000075000187075,0.0004331692421342041
248.75,6.1875,0.00030000075000188143,0.0004331692421342195
248.75,6.2125,0.0,0.0
248.75,6.237500000000001,0.0,0.0
248.75,6.2625,0.00010000025000062357,0.00014438974737806802
248.75,6.2875000000000005,0.0,0.0
248.75,6.3125,0.0,0.0
248.75,6.3375,0.00010000025000062357,0.00014438974737806802
248.75,6.362500000000001,0.00010000025000062714,0.00014438974737807317
248.75,6.3875,0.0,0.0
248.75,6.4125000000000005,0.00020000050000124715,0.00028877949475613604
248.75,6.4375,0.00010000025000062714,0.00014438974737807317
248.75,6.4625,0.0,0.0
248.75,6.487500000000001,0.0,0.0
248.75,6.5125,0.00010000025000062357,0.00014438974737806802
248.75,6.5375000000000005,0.0,0.0
248.75,6.5625,0.00010000025000062714,0.00014438974737807317
248.75,6.5875,0.00010000025000062357,0.00014438974737806802
248.75,6.612500000000001,0.0,0.0
248.75,6.6375,0.0,0.0
248.75,6.6625000000000005,0.0,0.0
248.75,6.6875,0.0,0.0
248.75,6.7125,0.0,0.0
248.75,6.737500000000001,0.0,0.0
248.75,6.7625,0.0,0.0
248.75,6.7875000000000005,0.0,0.0
248.75,6.8125,0.0,0.0
248.75,6.8375,0.0,0.0
248.75,6.862500000000001,0.0,0.0
248.75,6.8875,0.0,0.0
248.75,6.9125000000000005,0.00010000025000062357,0.00014438974737806802
248.75,6.9375,0.0,0.0
248.75,6.9625,0.0,0.0
248.75,6.987500000000001,0.0,0.0
251.25,0.0125,0.000100000250000625,0.0001365406893773707
251.25,0.037500000000000006,0.000100000250000625,0.0001365406893773707
251.25,0.0625,0.0004000010000024999,0.0005461627575094827
251.25,0.08750000000000001,0.0018000045000112503,0.0024577324087926727
251.25,0.1125,0.0026000065000162504,0.0035500579238116384
251.25,0.1375,0.004400011000027496,0.006007790332604305
251.25,0.16250000000000003,0.009300023250058126,0.012698284112095476
251.25,0.1875,0.014800037000092503,0.020208022027850867
251.25,0.21250000000000002,0.01810004525011313,0.0247138647773041
251.25,0.2375,0.021400053500133756,0.029219707526757337
251.25,0.2625,0.03260008150020372,0.04451226473702281
251.25,0.28750000000000003,0.036300090750226846,0.04956427024398552
251.25,0.3125,0.043100107750269435,0.05884903712164685
251.25,0.3375,0.04820012050030121,0.06581261227989262
251.25,0.36250000000000004,0.06040015100037758,0.082470576383932
251.25,0.3875,0.06330015825039556,0.08643025637587556
251.25,0.41250000000000003,0.0723001807504518,0.09871891841983892
251.25,0.4375,0.07540018850047135,0.10295167979053764
251.25,0.4625,0.07690019225048056,0.10499979013119798
251.25,0.48750000000000004,0.08360020900052262,0.11414801631948206
251.25,0.5125,0.09230023075057679,0.12602705629531302
251.25,0.5375000000000001,0.09050022625056556,0.12356932388652038
251.25,0.5625,0.08530021325053305,0.1164692080388971
251.25,0.5875000000000001,0.08860022150055367,0.12097505078835033
251.25,0.6125,0.09170022925057345,0.12520781215904936
251.25,0.6375,0.08260020650051618,0.1127826094257081
251.25,0.6625000000000001,0.08490021225053056,0.11592304528138762
251.25,0.6875,0.0827002067505168,0.11291915011508546
251.25,0.7125000000000001,0.0779001947504868,0.10636519702497167
251.25,0.7375,0.07540018850047152,0.10295167979053786
251.25,0.7625,0.07100017750044368,0.0969438894579331
251.25,0.7875000000000001,0.07010017525043806,0.09571502325353677
251.25,0.8125,0.07060017650044119,0.09639772670042362
251.25,0.8375000000000001,0.06740016850042119,0.09202842464034776
251.25,0.8625,0.06520016300040773,0.08902452947404602
251.25,0.8875,0.05800014500036245,0.07919359983887493
251.25,0.9125000000000001,0.058100145250363076,0.07933014052825231
251.25,0.9375,0.05990014975037432,0.08178787293704497
251.25,0.9625000000000001,0.05850014625036557,0.07987630328576178
251.25,0.9875,0.060600151500378965,0.08274365776268694
251.25,1.0125000000000002,0.055200138000344706,0.07537046053630822
251.25,1.0375,0.05770014425036083,0.07878397777074317
251.25,1.0625,0.0631001577503946,0.08615717499712121
251.25,1.0875,0.072700181750454,0.09926508117734797
251.25,1.1125,0.06960017400043525,0.09503231980665035
251.25,1.1375000000000002,0.0797001992504977,0.10882292943376387
251.25,1.1625,0.07800019500048777,0.10650173771434951
251.25,1.1875,0.08710021775054391,0.11892694044768924
251.25,1.2125000000000001,0.0962002405006016,0.13135214318103108
251.25,1.2375,0.10480026200065538,0.14309464246748502
251.25,1.2625000000000002,0.11070027675069129,0.15115054314074855
251.25,1.2875,0.11500028750071915,0.15702179278397685
251.25,1.3125,0.12480031200077933,0.17040278034295772
251.25,1.3375000000000001,0.13550033875084735,0.18501263410633795
251.25,1.3625,0.13480033700084298,0.18405684928069635
251.25,1.3875000000000002,0.14440036100090173,0.19716475546092221
251.25,1.4125,0.1633004082510212,0.22297094575324714
251.25,1.4375,0.161100402751006,0.21996705058694302
251.25,1.4625000000000001,0.16950042375105998,0.23143646849464414
251.25,1.4875,0.17780044450111188,0.24276934571296593
251.25,1.5125000000000002,0.1827004567511409,0.24945983949245493
251.25,1.5375,0.1933004832512088,0.2639331525664585
251.25,1.5625,0.19020047550118774,0.25970039119575766
251.25,1.5875000000000001,0.1984004960012407,0.2708967277247044
251.25,1.6125,0.21260053150132951,0.29028550561629113
251.25,1.6375000000000002,0.20690051725129202,0.28250268632177844
251.25,1.6625,0.2133005332513339,0.29124129044193275
251.25,1.6875,0.22390055975139816,0.3057146035159313
251.25,1.7125000000000001,0.22260055650139202,0.3039395745540282
251.25,1.7375,0.2303005757514402,0.3144532076360858
251.25,1.7625000000000002,0.23110057775144316,0.315545533151102
251.25,1.7875,0.23720059300148336,0.32387451520312444
251.25,1.8125,0.24700061750154242,0.3372555027621038
251.25,1.8375000000000001,0.2537006342515865,0.3464037289503907
251.25,1.8625,0.25620064050160213,0.3498172461848249
251.25,1.8875000000000002,0.2574006435016074,0.35145573445735034
251.25,1.9125,0.2568006420016059,0.3506364903210892
251.25,1.9375,0.2644006610016511,0.3610135827137662
251.25,1.9625000000000001,0.2623006557516403,0.3581462282368446
251.25,1.9875,0.27700069250173226,0.3782177095753182
251.25,2.0125,0.27870069675174286,0.38053890129473344
251.25,2.0375,0.2836007090017685,0.3872293950742178
251.25,2.0625,0.2946007365018423,0.4022488709057355
251.25,2.0875000000000004,0.29130072825182163,0.3977430281562822
251.25,2.1125,0.30540076350190987,0.41699526535849163
251.25,2.1375,0.30640076600191607,0.41836067225226525
251.25,2.1625,0.31190077975194497,0.4258704101680132
251.25,2.1875,0.3182007955019899,0.4344724735987951
251.25,2.2125000000000004,0.33600084000210123,0.4587767163079672
251.25,2.2375,0.3278008195020499,0.4475803797790227
251.25,2.2625,0.34740086850217244,0.4743423548969874
251.25,2.2875,0.35120087800219,0.4795309010933191
251.25,2.3125,0.352600881502205,0.4814424707446107
251.25,2.3375000000000004,0.3644009110022788,0.49755427209114056
251.25,2.3625,0.37520093800234633,0.5123006665438966
251.25,2.3875,0.3816009540023796,0.5210392706640392
251.25,2.4125000000000005,0.379300948252372,0.5178988348083688
251.25,2.4375,0.38320095800239634,0.5232239216940864
251.25,2.4625000000000004,0.3812009530023839,0.5204931079065389
251.25,2.4875,0.38870097175243074,0.5307336596098418
251.25,2.5125,0.40730101825253984,0.5561302278340229
251.25,2.5375000000000005,0.4122010305025777,0.562820721613524
251.25,2.5625,0.4230010575026453,0.5775671160662801
251.25,2.5875000000000004,0.4152010380025965,0.5669169422948451
251.25,2.6125,0.422801057002644,0.5772940346875253
251.25,2.6375,0.4282010705026702,0.584667231913893
251.25,2.6625000000000005,0.4338010845027128,0.5923135105190362
251.25,2.6875,0.43090107725269466,0.5883538305270924
251.25,2.7125000000000004,0.42900107250268277,0.5857595574289224
251.25,2.7375,0.4175010437526108,0.5700573781505246
251.25,2.7625,0.4244010610026465,0.579478685717553
251.25,2.7875000000000005,0.4273010682526721,0.583438365709507
251.25,2.8125,0.42480106200265655,0.5800248484750729
251.25,2.8375000000000004,0.42460106150265525,0.579751767096318
251.25,2.8625,0.4231010577526459,0.5777036567556575
251.25,2.8875,0.42560106400265396,0.5811171739900814
251.25,2.9125000000000005,0.42020105050262774,0.5737439767637137
251.25,2.9375,0.413201033002584,0.5641861285072978
251.25,2.9625000000000004,0.4134010335025852,0.5644592098860525
251.25,2.9875,0.3986009965024927,0.5442511878582016
251.25,3.0125,0.3997009992524925,0.545753135441343
251.25,3.0375000000000005,0.4064010160025414,0.5549013616296364
251.25,3.0625,0.3973009932524845,0.5424761588962956
251.25,3.0875000000000004,0.3998009995025002,0.54588967613073
251.25,3.1125,0.37480093700234385,0.5117545037863872
251.25,3.1375,0.37520093800233967,0.5123006665438875
251.25,3.1625000000000005,0.3708009270023188,0.5062928762112924
251.25,3.1875,0.37550093875234825,0.5127102886120288
251.25,3.2125000000000004,0.35870089675224315,0.4897714527966304
251.25,3.2375,0.35250088125220436,0.48130593005523337
251.25,3.2625,0.3478008695021688,0.47488851765448853
251.25,3.2875000000000005,0.3461008652521644,0.47256732593508166
251.25,3.3125,0.3399008497521256,0.46410180319368466
251.25,3.3375000000000004,0.33420083550208995,0.4563189838991745
251.25,3.3625,0.3278008195020499,0.4475803797790227
251.25,3.3875,0.32290080725201353,0.4408898859995237
251.25,3.4125000000000005,0.31270078175195554,0.4269627356830397
251.25,3.4375,0.3161007902519768,0.43160511912187033
251.25,3.4625000000000004,0.3168007920019812,0.43256090394751195
251.25,3.4875,0.3048007620019061,0.41617602122222735
251.25,3.5125,0.30430076075189755,0.4154933177753331
251.25,3.5375000000000005,0.294400736001841,0.4019757895269807
251.25,3.5625,0.29400073500183854,0.40142962676947125
251.25,3.5875000000000004,0.2754006885017222,0.37603305854528024
251.25,3.6125,0.26760066900167345,0.3653828847738453
251.25,3.6375,0.2718006795016949,0.37111759372768827
251.25,3.6625000000000005,0.26950067375168535,0.36797715787201535
251.25,3.6875,0.26150065375163534,0.3570539027218257
251.25,3.7125000000000004,0.2569006422516065,0.35077303101046653
251.25,3.7375,0.24750061875154777,0.3379382062089937
251.25,3.7625,0.24110060275150347,0.3291996020888361
251.25,3.7875000000000005,0.24300060750151964,0.331793875187012
251.25,3.8125,0.2291005727514327,0.31281471936355737
251.25,3.8375000000000004,0.2279005697514252,0.31117623109102893
251.25,3.8625,0.22450056125140394,0.3065338476521983
251.25,3.8875,0.21220053050132326,0.2897393428587765
251.25,3.9125000000000005,0.1992004980012457,0.2719890532397234
251.25,3.9375,0.19790049475123758,0.27021402427781754
251.25,3.9625000000000004,0.18940047350118444,0.258608065680741
251.25,3.9875,0.19970049925124886,0.27267175668661026
251.25,4.0125,0.18650046625116298,0.2546483856887927
251.25,4.0375,0.16870042175105798,0.2303441429796293
251.25,4.0625,0.17110042775106696,0.23362111952467796
251.25,4.0875,0.16100040250100395,0.21983050989756367
251.25,4.112500000000001,0.15160037900095072,0.20699568509609836
251.25,4.1375,0.15990039975099712,0.21832856231441267
251.25,4.1625,0.1481003702509288,0.20221676096789032
251.25,4.1875,0.13890034725086614,0.18965501754516517
251.25,4.2125,0.13580033950084683,0.18542225617446678
251.25,4.237500000000001,0.1356003390008504,0.1851491747957186
251.25,4.2625,0.12750031875079507,0.17408937895614515
251.25,4.2875,0.12060030150075632,0.16466807138911257
251.25,4.3125,0.11700029250072957,0.15975260657152143
251.25,4.3375,0.11000027500068593,0.15019475831510562
251.25,4.362500000000001,0.10820027050067856,0.14773702590631824
251.25,4.3875,0.10750026875067036,0.14678124108067142
251.25,4.4125,0.09390023475058888,0.1282117073253538
251.25,4.4375,0.09310023275058055,0.1271193818103303
251.25,4.4625,0.08800022000054876,0.12015580665208452
251.25,4.487500000000001,0.08500021250053306,0.11605958597076757
251.25,4.5125,0.08030020075050073,0.1096421735700271
251.25,4.5375,0.06920017300043398,0.09448615704914254
251.25,4.5625,0.07350018375045833,0.10035740669236604
251.25,4.5875,0.06900017250043027,0.09421307567038444
251.25,4.612500000000001,0.06330015825039698,0.08643025637587749
251.25,4.6375,0.05890014725036729,0.08042246604327019
251.25,4.6625,0.05240013100032862,0.07154732123374377
251.25,4.6875,0.05460013650034048,0.07455121640004335
251.25,4.7125,0.049500123750308676,0.06758764124179754
251.25,4.737500000000001,0.05030012575031545,0.06867996675681892
251.25,4.7625,0.046200115500288096,0.06308179849234437
251.25,4.7875000000000005,0.04330010825027001,0.05912211850040067
251.25,4.8125,0.04110010275025776,0.05611822333410056
251.25,4.8375,0.038500096250240076,0.052568165410286964
251.25,4.862500000000001,0.032900082250206325,0.044921886805155915
251.25,4.8875,0.03240008100020204,0.04423918335826747
251.25,4.9125000000000005,0.03190007975019892,0.04355647991138063
251.25,4.9375,0.03180007950019943,0.043419939222004815
251.25,4.9625,0.028700071750178968,0.039187177851304836
251.25,4.987500000000001,0.02620006550016431,0.035773660616871886
251.25,5.0125,0.019900049750124094,0.027171597186096384
251.25,5.0375000000000005,0.02230005575013906,0.030448573731153235
251.25,5.0625,0.019000047500119153,0.02594273098170098
251.25,5.0875,0.01650004125010289,0.022529213747265842
251.25,5.112500000000001,0.014900037250093442,0.020344562717228665
251.25,5.1375,0.01450003625009042,0.01979839995971847
251.25,5.1625000000000005,0.013200033000082313,0.018023370997812677
251.25,5.1875,0.013800034500086544,0.018842615134077558
251.25,5.2125,0.011800029500073582,0.016111801346529512
251.25,5.237500000000001,0.010300025750064595,0.014063691005869482
251.25,5.2625,0.010800027000067347,0.014746394452755827
251.25,5.2875000000000005,0.0106000265000661,0.014473313074001088
251.25,5.3125,0.009800024500061458,0.013380987558982612
251.25,5.3375,0.0089000222500555,0.012152121354585821
251.25,5.362500000000001,0.007900019750049543,0.010786714460812514
251.25,5.3875,0.005800014500036167,0.007919359983887387
251.25,5.4125000000000005,0.0070000175000436505,0.009557848256415813
251.25,5.4375,0.006900017250043272,0.009421307567038779
251.25,5.4625,0.004300010750026814,0.005871249643226857
251.25,5.487500000000001,0.00630001575003951,0.008602063430774538
251.25,5.5125,0.004000010000024943,0.00546162757509475
251.25,5.5375000000000005,0.0045000112500280616,0.006144331021981595
251.25,5.5625,0.004300010750026967,0.005871249643227065
251.25,5.5875,0.00420001050002619,0.005734708953849488
251.25,5.612500000000001,0.0026000065000163055,0.003550057923811714
251.25,5.6375,0.003100007750019331,0.004232761370698432
251.25,5.6625000000000005,0.002600006500016213,0.0035500579238115877
251.25,5.6875,0.0026000065000163055,0.003550057923811714
251.25,5.7125,0.001900004750011848,0.0025942730981700062
251.25,5.737500000000001,0.0016000040000100342,0.002184651030037978
251.25,5.7625,0.0015000037500093536,0.002048110340660531
251.25,5.7875000000000005,0.001700004250010601,0.002321191719415269
251.25,5.8125,0.0017000042500106614,0.0023211917194153517
251.25,5.8375,0.00140000350000873,0.0019115696512831625
251.25,5.862500000000001,0.0011000027500068985,0.0015019475831511097
251.25,5.8875,0.0005000012500031178,0.0006827034468868437
251.25,5.9125000000000005,0.0009000022500056122,0.0012288662043963188
251.25,5.9375,0.0006000015000037629,0.0008192441362642418
251.25,5.9625,0.0008000020000049886,0.00109232551501895
251.25,5.987500000000001,0.00040000100000250855,0.0005461627575094945
251.25,6.0125,0.0005000012500031178,0.0006827034468868437
251.25,6.0375000000000005,0.000700001750004365,0.0009557848256415812
251.25,6.0625,0.00070000175000439,0.0009557848256416153
251.25,6.0875,0.0004000010000024943,0.000546162757509475
251.25,6.112500000000001,0.00070000175000439,0.0009557848256416153
251.25,6.1375,0.00020000050000124715,0.0002730813787547375
251.25,6.1625000000000005,0.00020000050000124715,0.0002730813787547375
251.25,6.1875,0.0005000012500031356,0.000682703446886868
251.25,6.2125,0.0004000010000024943,0.000546162757509475
251.25,6.237500000000001,0.0005000012500031356,0.000682703446886868
251.25,6.2625,0.00010000025000062357,0.00013654068937736874
251.25,6.2875000000000005,0.0,0.0
251.25,6.3125,0.00020000050000125428,0.00027308137875474723
251.25,6.3375,0.00020000050000124715,0.0002730813787547375
251.25,6.362500000000001,0.0,0.0
251.25,6.3875,0.0,0.0
251.25,6.4125000000000005,0.00010000025000062357,0.00013654068937736874
251.25,6.4375,0.00020000050000125428,0.00027308137875474723
251.25,6.4625,0.0,0.0
251.25,6.487500000000001,0.00010000025000062714,0.00013654068937737362
251.25,6.5125,0.00010000025000062357,0.00013654068937736874
251.25,6.5375000000000005,0.0,0.0
251.25,6.5625,0.0,0.0
251.25,6.5875,0.0,0.0
251.25,6.612500000000001,0.0,0.0
251.25,6.6375,0.0,0.0
251.25,6.6625000000000005,0.0,0.0
251.25,6.6875,0.00010000025000062714,0.00013654068937737362
251.25,6.7125,0.00030000075000187075,0.0004096220681321063
251.25,6.737500000000001,0.0,0.0
251.25,6.7625,0.0,0.0
251.25,6.7875000000000005,0.0,0.0
251.25,6.8125,0.0,0.0
251.25,6.8375,0.0,0.0
251.25,6.862500000000001,0.0,0.0
251.25,6.8875,0.0,0.0
251.25,6.9125000000000005,0.0,0.0
251.25,6.9375,0.0,0.0
251.25,6.9625,0.0,0.0
251.25,6.987500000000001,0.0,0.0
