altitude_km,energy_eV,probability_density_eV-1,spectral_production_cm-3_s-1_eV-1
98.75,0.0125,0.0,0.0
98.75,0.037500000000000006,0.0,0.0
98.75,0.0625,0.0,0.0
98.75,0.08750000000000001,0.0,0.0
98.75,0.1125,0.0,0.0
98.75,0.1375,0.0,0.0
98.75,0.16250000000000003,0.0,0.0
98.75,0.1875,0.0,0.0
98.75,0.21250000000000002,0.0003000000000000001,0.2577304082513369
98.75,0.2375,0.0026000000000000003,2.233663538178253
98.75,0.2625,0.008599999999999991,7.388271703204983
98.75,0.28750000000000003,0.029699999999999973,25.515310416882325
98.75,0.3125,0.0725000000000001,62.28484866073983
98.75,0.3375,0.14149999999999988,121.56284255854712
98.75,0.36250000000000004,0.2108000000000003,181.09856686460628
98.75,0.3875,0.3024999999999997,259.8781616534311
98.75,0.41250000000000003,0.3369999999999997,289.5171586023348
98.75,0.4375,0.33630000000000043,288.915787649749
98.75,0.4625,0.28599999999999975,245.7029891996076
98.75,0.48750000000000004,0.21590000000000031,185.47998380487903
98.75,0.5125,0.15259999999999985,131.09886766384656
98.75,0.5375000000000001,0.09809999999999991,84.27784349818708
98.75,0.5625,0.052699999999999955,45.27464171615147
98.75,0.5875000000000001,0.02709999999999998,23.28164687870408
98.75,0.6125,0.013500000000000048,11.5978683713102
98.75,0.6375,0.004699999999999996,4.037776395937607
98.75,0.6625000000000001,0.001199999999999999,1.0309216330053466
98.75,0.6875,0.0009999999999999992,0.8591013608377889
98.75,0.7125000000000001,0.00019999999999999985,0.17182027216755777
98.75,0.7375,0.0,0.0
98.75,0.7625,0.0,0.0
98.75,0.7875000000000001,0.0,0.0
98.75,0.8125,0.0,0.0
98.75,0.8375000000000001,0.0,0.0
98.75,0.8625,0.0,0.0
98.75,0.8875,0.0,0.0
98.75,0.9125000000000001,0.0,0.0
98.75,0.9375,0.0,0.0
98.75,0.9625000000000001,0.0,0.0
98.75,0.9875,0.0,0.0
98.75,1.0125000000000002,0.0,0.0
98.75,1.0375,0.00010000000000000036,0.08591013608377926
98.75,1.0625,0.00020000000000000071,0.17182027216755852
98.75,1.0875,0.00019999999999999895,0.17182027216755702
98.75,1.1125,0.0007000000000000024,0.6013709525864548
98.75,1.1375000000000002,0.002299999999999988,1.9759331299269056
98.75,1.1625,0.003800000000000014,3.2645851711836125
98.75,1.1875,0.008999999999999952,7.731912247540065
98.75,1.2125000000000001,0.01610000000000006,13.831531909488463
98.75,1.2375,0.03020000000000011,25.944861097301338
98.75,1.2625000000000002,0.04689999999999975,40.291853823292115
98.75,1.2875,0.07930000000000027,68.12673791443694
98.75,1.3125,0.11759999999999937,101.03032003452351
98.75,1.3375000000000001,0.1737000000000006,149.22590637752458
98.75,1.3625,0.23860000000000084,204.9815846958973
98.75,1.3875000000000002,0.3033999999999984,260.65135287818396
98.75,1.4125,0.3891000000000014,334.2763395019851
98.75,1.4375,0.46069999999999756,395.78799693796753
98.75,1.4625000000000001,0.5169000000000018,444.06949341705496
98.75,1.4875,0.584600000000002,502.2306555457735
98.75,1.5125000000000002,0.6374999999999966,547.677117534088
98.75,1.5375,0.6403000000000023,550.0826013444387
98.75,1.5625,0.6424999999999966,551.9726243382769
98.75,1.5875000000000001,0.5834000000000021,501.1997339127683
98.75,1.6125,0.5291000000000019,454.5505300192761
98.75,1.6375000000000002,0.4738999999999975,407.1281349010263
98.75,1.6625,0.4000000000000014,343.64054433511706
98.75,1.6875,0.3383999999999982,290.71990050750645
98.75,1.7125000000000001,0.2643000000000009,227.06048966942856
98.75,1.7375,0.19980000000000073,171.648451895391
98.75,1.7625000000000002,0.15579999999999916,133.8479920185269
98.75,1.7875,0.10340000000000037,88.83108071062776
98.75,1.8125,0.07749999999999958,66.58035546492833
98.75,1.8375000000000001,0.05320000000000019,45.70419239657057
98.75,1.8625,0.03420000000000012,29.381266540652504
98.75,1.8875000000000002,0.023899999999999876,20.532522524023065
98.75,1.9125,0.013500000000000048,11.5978683713102
98.75,1.9375,0.007799999999999958,6.700990614534723
98.75,1.9625000000000001,0.006500000000000023,5.584158845445652
98.75,1.9875,0.006600000000000023,5.670068981529432
98.75,2.0125,0.00870000000000003,7.4741818392887955
98.75,2.0375,0.010599999999999849,9.10647442488044
98.75,2.0625,0.018100000000000064,15.549734631164046
98.75,2.0875000000000004,0.026400000000000094,22.680275926117726
98.75,2.1125,0.038100000000000134,32.7317618479199
98.75,2.1375,0.06340000000000022,54.46702627711605
98.75,2.1625,0.08949999999999872,76.88957179498107
98.75,2.1875,0.12840000000000046,110.30861473157258
98.75,2.2125000000000004,0.1692000000000006,145.3599502537545
98.75,2.2375,0.2449000000000009,210.39392326917545
98.75,2.2625,0.31480000000000113,270.4451083917371
98.75,2.2875,0.4068999999999942,349.5683437248916
98.75,2.3125,0.5071000000000018,435.6503000808446
98.75,2.3375000000000004,0.6141000000000022,527.5741456904884
98.75,2.3625,0.7353000000000026,631.697230624029
98.75,2.3875,0.837399999999988,719.4114795655547
98.75,2.4125000000000005,0.9404000000000033,807.8989197318601
98.75,2.4375,1.0259000000000036,881.3520860834914
98.75,2.4625000000000004,1.0897000000000039,936.1627529049426
98.75,2.4875,1.121000000000004,963.0526254991655
98.75,2.5125,1.1716999999999833,1006.6090644936237
98.75,2.5375000000000005,1.1663000000000041,1001.9699171451175
98.75,2.5625,1.0979000000000039,943.2073840638125
98.75,2.5875000000000004,1.0462000000000038,898.7918437084987
98.75,2.6125,0.9877000000000035,848.5344140994878
98.75,2.6375,0.9030999999999871,775.8544389725967
98.75,2.6625000000000005,0.7936000000000029,681.7828399608723
98.75,2.6875,0.6887000000000024,591.6631072089878
98.75,2.7125000000000004,0.6020000000000021,517.1790192243511
98.75,2.7375,0.4745000000000017,407.6435957175326
98.75,2.7625,0.39769999999999434,341.66461120518403
98.75,2.7875000000000005,0.3179000000000011,273.10832261033426
98.75,2.8125,0.24630000000000088,211.59666517434832
98.75,2.8375000000000004,0.18890000000000068,162.28424706225903
98.75,2.8625,0.1389000000000005,119.3291790203694
98.75,2.8875,0.1051999999999985,90.37746316013418
98.75,2.9125000000000005,0.08080000000000029,69.41538995569364
98.75,2.9375,0.06010000000000021,51.631991786351335
98.75,2.9625000000000004,0.04580000000000016,39.3468423263709
98.75,2.9875,0.03880000000000014,33.333132800506355
98.75,3.0125,0.033599999999999526,28.86580572414932
98.75,3.0375000000000005,0.035400000000000126,30.41218817365786
98.75,3.0625,0.043000000000000156,36.94135851602508
98.75,3.0875000000000004,0.051500000000000185,44.24372008314632
98.75,3.1125,0.07030000000000025,60.39482566689682
98.75,3.1375,0.08599999999999877,73.88271703204884
98.75,3.1625000000000005,0.10860000000000039,93.29840778698428
98.75,3.1875,0.14100000000000049,121.13329187812874
98.75,3.2125000000000004,0.1729000000000006,148.53862528885435
98.75,3.2375,0.19060000000000069,163.74471937568327
98.75,3.2625,0.2405999999999966,206.69978741756924
98.75,3.2875000000000005,0.28840000000000104,247.7648324656194
98.75,3.3125,0.33060000000000117,284.01890989297425
98.75,3.3375000000000004,0.37920000000000137,325.77123602969095
98.75,3.3625,0.41810000000000147,359.1902789662811
98.75,3.3875,0.4661999999999934,400.5130544225718
98.75,3.4125000000000005,0.4862000000000017,417.6950816393347
98.75,3.4375,0.5189000000000018,445.78769613873055
98.75,3.4625000000000004,0.5209000000000018,447.50589886040615
98.75,3.4875,0.5456000000000019,468.7257024730996
98.75,3.5125,0.5472999999999922,470.18617478651555
98.75,3.5375000000000005,0.538700000000002,462.79790308331894
98.75,3.5625,0.5203000000000019,446.9904380439035
98.75,3.5875000000000004,0.49070000000000175,421.5610377631048
98.75,3.6125,0.47090000000000165,404.55083081851654
98.75,3.6375,0.43539999999999385,374.0527325087683
98.75,3.6625000000000005,0.3891000000000014,334.2763395019851
98.75,3.6875,0.3572000000000013,306.8710060912596
98.75,3.7125000000000004,0.3089000000000011,265.37641036279416
98.75,3.7375,0.270400000000001,232.30100797053913
98.75,3.7625,0.2181999999999969,187.455916934803
98.75,3.7875000000000005,0.18540000000000068,159.27739229932678
98.75,3.8125,0.15780000000000055,135.56619474020366
98.75,3.8375000000000004,0.13370000000000049,114.86185194401288
98.75,3.8625,0.10620000000000036,91.23656452097356
98.75,3.8875,0.08449999999999878,72.59406499079218
98.75,3.9125000000000005,0.06600000000000024,56.70068981529432
98.75,3.9375,0.05230000000000019,44.931001171816554
98.75,3.9625000000000004,0.03800000000000014,32.64585171183612
98.75,3.9875,0.027300000000000095,23.453467150871738
98.75,4.0125,0.020299999999999714,17.439757625006884
98.75,4.0375,0.01650000000000035,14.17517245382383
98.75,4.0625,0.011899999999999833,10.223306193969552
98.75,4.0875,0.00919999999999987,7.903732519707552
98.75,4.112500000000001,0.005100000000000109,4.38141694027282
98.75,4.1375,0.002999999999999957,2.577304082513332
98.75,4.1625,0.0018000000000000385,1.5463824495080543
98.75,4.1875,0.001899999999999973,1.6322925855917771
98.75,4.2125,0.00069999999999999,0.6013709525864441
98.75,4.237500000000001,0.0006000000000000128,0.5154608165026848
98.75,4.2625,0.0005999999999999915,0.5154608165026664
98.75,4.2875,0.00010000000000000215,0.0859101360837808
98.75,4.3125,9.999999999999858e-05,0.08591013608377773
98.75,4.3375,0.00019999999999999716,0.17182027216755547
98.75,4.362500000000001,0.0002000000000000043,0.1718202721675616
98.75,4.3875,9.999999999999858e-05,0.08591013608377773
98.75,4.4125,0.0,0.0
98.75,4.4375,0.0,0.0
98.75,4.4625,0.0,0.0
98.75,4.487500000000001,0.0,0.0
98.75,4.5125,0.0,0.0
98.75,4.5375,0.0,0.0
98.75,4.5625,0.0,0.0
98.75,4.5875,0.0,0.0
98.75,4.612500000000001,0.0,0.0
98.75,4.6375,0.0,0.0
98.75,4.6625,0.0,0.0
98.75,4.6875,0.0,0.0
98.75,4.7125,0.0,0.0
98.75,4.737500000000001,0.0,0.0
98.75,4.7625,0.0,0.0
98.75,4.7875000000000005,0.0,0.0
98.75,4.8125,0.0,0.0
98.75,4.8375,0.0,0.0
98.75,4.862500000000001,0.0,0.0
98.75,4.8875,0.0,0.0
98.75,4.9125000000000005,0.0,0.0
98.75,4.9375,0.0,0.0
98.75,4.9625,0.0,0.0
98.75,4.987500000000001,0.0,0.0
98.75,5.0125,0.0,0.0
98.75,5.0375000000000005,0.0,0.0
98.75,5.0625,0.0,0.0
98.75,5.0875,0.0,0.0
98.75,5.112500000000001,0.0,0.0
98.75,5.1375,0.0,0.0
98.75,5.1625000000000005,0.0,0.0
98.75,5.1875,0.0,0.0
98.75,5.2125,0.0,0.0
98.75,5.237500000000001,0.0,0.0
98.75,5.2625,0.0,0.0
98.75,5.2875000000000005,0.0,0.0
98.75,5.3125,0.0,0.0
98.75,5.3375,0.0,0.0
98.75,5.362500000000001,0.0,0.0
98.75,5.3875,0.0,0.0
98.75,5.4125000000000005,0.0,0.0
98.75,5.4375,0.0,0.0
98.75,5.4625,0.0,0.0
98.75,5.487500000000001,0.0,0.0
98.75,5.5125,0.0,0.0
98.75,5.5375000000000005,0.0,0.0
98.75,5.5625,0.0,0.0
98.75,5.5875,0.0,0.0
98.75,5.612500000000001,0.0,0.0
98.75,5.6375,0.0,0.0
98.75,5.6625000000000005,0.0,0.0
98.75,5.6875,0.0,0.0
98.75,5.7125,0.0,0.0
98.75,5.737500000000001,0.0,0.0
98.75,5.7625,0.0,0.0
98.75,5.7875000000000005,0.0,0.0
98.75,5.8125,0.0,0.0
98.75,5.8375,0.0,0.0
98.75,5.862500000000001,0.0,0.0
98.75,5.8875,0.0,0.0
98.75,5.9125000000000005,0.0,0.0
98.75,5.9375,0.0,0.0
98.75,5.9625,0.0,0.0
98.75,5.987500000000001,0.0,0.0
98.75,6.0125,0.0,0.0
98.75,6.0375000000000005,0.0,0.0
98.75,6.0625,0.0,0.0
98.75,6.0875,0.0,0.0
98.75,6.112500000000001,0.0,0.0
98.75,6.1375,0.0,0.0
98.75,6.1625000000000005,0.0,0.0
98.75,6.1875,0.0,0.0
98.75,6.2125,0.0,0.0
98.75,6.237500000000001,0.0,0.0
98.75,6.2625,0.0,0.0
98.75,6.2875000000000005,0.0,0.0
98.75,6.3125,0.0,0.0
98.75,6.3375,0.0,0.0
98.75,6.362500000000001,0.0,0.0
98.75,6.3875,0.0,0.0
98.75,6.4125000000000005,0.0,0.0
98.75,6.4375,0.0,0.0
98.75,6.4625,0.0,0.0
98.75,6.487500000000001,0.0,0.0
98.75,6.5125,0.0,0.0
98.75,6.5375000000000005,0.0,0.0
98.75,6.5625,0.0,0.0
98.75,6.5875,0.0,0.0
98.75,6.612500000000001,0.0,0.0
98.75,6.6375,0.0,0.0
98.75,6.6625000000000005,0.0,0.0
98.75,6.6875,0.0,0.0
98.75,6.7125,0.0,0.0
98.75,6.737500000000001,0.0,0.0
98.75,6.7625,0.0,0.0
98.75,6.7875000000000005,0.0,0.0
98.75,6.8125,0.0,0.0
98.75,6.8375,0.0,0.0
98.75,6.862500000000001,0.0,0.0
98.75,6.8875,0.0,0.0
98.75,6.9125000000000005,0.0,0.0
98.75,6.9375,0.0,0.0
98.75,6.9625,0.0,0.0
98.75,6.987500000000001,0.0,0.0
101.25,0.0125,0.0,0.0
101.25,0.037500000000000006,0.0,0.0
101.25,0.0625,0.0,0.0
101.25,0.08750000000000001,0.0,0.0
101.25,0.1125,0.0,0.0
101.25,0.1375,0.0,0.0
101.25,0.16250000000000003,0.0,0.0
101.25,0.1875,0.00010000000000000003,0.12612243984845303
101.25,0.21250000000000002,0.0007000000000000001,0.8828570789391711
101.25,0.2375,0.0018000000000000006,2.2702039172721546
101.25,0.2625,0.01069999999999999,13.495101063784459
101.25,0.28750000000000003,0.03069999999999997,38.71958903347503
101.25,0.3125,0.0771000000000001,97.24040112315738
101.25,0.3375,0.13499999999999987,170.26529379541137
101.25,0.36250000000000004,0.21940000000000032,276.7126330275063
101.25,0.3875,0.2973999999999997,375.08813610929883
101.25,0.41250000000000003,0.3380999999999997,426.4199691276192
101.25,0.4375,0.3228000000000005,407.1232358308069
101.25,0.4625,0.28999999999999976,365.7550755605134
101.25,0.48750000000000004,0.22330000000000028,281.6314081815959
101.25,0.5125,0.15089999999999987,190.3187617313154
101.25,0.5375000000000001,0.09369999999999992,118.17672613800036
101.25,0.5625,0.05549999999999995,69.99795411589135
101.25,0.5875000000000001,0.027299999999999974,34.43142607862764
101.25,0.6125,0.013800000000000048,17.404896699086574
101.25,0.6375,0.005499999999999995,6.936734191664909
101.25,0.6625000000000001,0.0014999999999999985,1.891836597726793
101.25,0.6875,0.0009999999999999992,1.2612243984845288
101.25,0.7125000000000001,9.999999999999992e-05,0.1261224398484529
101.25,0.7375,0.00040000000000000143,0.5044897593938138
101.25,0.7625,0.0,0.0
101.25,0.7875000000000001,0.0,0.0
101.25,0.8125,0.0,0.0
101.25,0.8375000000000001,0.0,0.0
101.25,0.8625,0.0,0.0
101.25,0.8875,0.0,0.0
101.25,0.9125000000000001,0.0,0.0
101.25,0.9375,0.0,0.0
101.25,0.9625000000000001,0.0,0.0
101.25,0.9875,0.0,0.0
101.25,1.0125000000000002,0.0,0.0
101.25,1.0375,0.0,0.0
101.25,1.0625,0.00010000000000000036,0.12612243984845345
101.25,1.0875,0.0002999999999999984,0.37836731954535696
101.25,1.1125,0.0010000000000000037,1.2612243984845346
101.25,1.1375000000000002,0.0024999999999999866,3.153060996211308
101.25,1.1625,0.003800000000000014,4.792652714241231
101.25,1.1875,0.008699999999999954,10.972652266815352
101.25,1.2125000000000001,0.01610000000000006,20.305712815601005
101.25,1.2375,0.02620000000000009,33.0440792402948
101.25,1.2625000000000002,0.05129999999999973,64.70081164225604
101.25,1.2875,0.07750000000000028,97.74489088255142
101.25,1.3125,0.10859999999999942,136.96896967541923
101.25,1.3375000000000001,0.1652000000000006,208.3542706296451
101.25,1.3625,0.2328000000000008,293.6130399671996
101.25,1.3875000000000002,0.3153999999999983,397.7901752820186
101.25,1.4125,0.3869000000000014,487.96771977366643
101.25,1.4375,0.46399999999999747,585.2081208968187
101.25,1.4625000000000001,0.5350000000000019,674.7550531892259
101.25,1.4875,0.5958000000000021,751.4374966170856
101.25,1.5125000000000002,0.6151999999999967,775.9052499476787
101.25,1.5375,0.6474000000000023,816.5166755788877
101.25,1.5625,0.6265999999999966,790.2832080904022
101.25,1.5875000000000001,0.5922000000000022,746.8970887825413
101.25,1.6125,0.547600000000002,690.6464806101311
101.25,1.6375000000000002,0.4604999999999976,580.793835502123
101.25,1.6625,0.4129000000000015,520.7595541342642
101.25,1.6875,0.3359999999999982,423.7713978907998
101.25,1.7125000000000001,0.26190000000000097,330.3146699630996
101.25,1.7375,0.1983000000000007,250.10079821948318
101.25,1.7625000000000002,0.14279999999999923,180.10284410358992
101.25,1.7875,0.10340000000000037,130.41060280330086
101.25,1.8125,0.0754999999999996,95.2224420855815
101.25,1.8375000000000001,0.049200000000000174,62.05224040543909
101.25,1.8625,0.03580000000000012,45.15183346574633
101.25,1.8875000000000002,0.019799999999999894,24.972243089993558
101.25,1.9125,0.014000000000000049,17.65714157878348
101.25,1.9375,0.009799999999999948,12.359999105148328
101.25,1.9625000000000001,0.007000000000000024,8.82857078939174
101.25,1.9875,0.004700000000000017,5.927754672877311
101.25,2.0125,0.007500000000000027,9.459182988634009
101.25,2.0375,0.008799999999999876,11.098774706663706
101.25,2.0625,0.016400000000000057,20.684080135146363
101.25,2.0875000000000004,0.029000000000000102,36.5755075560515
101.25,2.1125,0.03960000000000014,49.944486179987564
101.25,2.1375,0.058300000000000206,73.52938243164836
101.25,2.1625,0.09209999999999868,116.15876710042355
101.25,2.1875,0.12780000000000044,161.18447812632348
101.25,2.2125000000000004,0.18090000000000062,228.15549368585224
101.25,2.2375,0.24890000000000087,313.9187527828006
101.25,2.2625,0.3116000000000011,392.99752256778095
101.25,2.2875,0.39889999999999437,503.1024125554719
101.25,2.3125,0.5117000000000018,645.3685247045363
101.25,2.3375000000000004,0.6107000000000021,770.2297401545052
101.25,2.3625,0.7337000000000027,925.360341168103
101.25,2.3875,0.837799999999988,1056.653801050324
101.25,2.4125000000000005,0.9348000000000033,1178.9925677033427
101.25,2.4375,1.0381000000000036,1309.277048066795
101.25,2.4625000000000004,1.071300000000004,1351.1496980964819
101.25,2.4875,1.133400000000004,1429.4717332423713
101.25,2.5125,1.1629999999999834,1466.8039754374875
101.25,2.5375000000000005,1.1611000000000042,1464.4076490803932
101.25,2.5625,1.1105000000000038,1400.5896945170753
101.25,2.5875000000000004,1.0561000000000038,1331.979087239517
101.25,2.6125,0.9825000000000035,1239.152971511055
101.25,2.6375,0.8838999999999874,1114.7962458204602
101.25,2.6625000000000005,0.8009000000000028,1010.1146207462637
101.25,2.6875,0.6901000000000025,870.3709573941773
101.25,2.7125000000000004,0.575100000000002,725.3301515684558
101.25,2.7375,0.4887000000000017,616.3603635393919
101.25,2.7625,0.39079999999999443,492.88649492774726
101.25,2.7875000000000005,0.3115000000000011,392.8714001279325
101.25,2.8125,0.2524000000000009,318.3330381774965
101.25,2.8375000000000004,0.1905000000000007,240.26324791130384
101.25,2.8625,0.14810000000000054,186.78733341555957
101.25,2.8875,0.1047999999999985,132.17631696117687
101.25,2.9125000000000005,0.0826000000000003,104.17713531482255
101.25,2.9375,0.054300000000000195,68.48448483771023
101.25,2.9625000000000004,0.04490000000000016,56.6289754919556
101.25,2.9875,0.04080000000000015,51.45795545816901
101.25,3.0125,0.03449999999999951,43.51224174771566
101.25,3.0375000000000005,0.03500000000000013,44.14285394695871
101.25,3.0625,0.04130000000000015,52.088567657411275
101.25,3.0875000000000004,0.049000000000000175,61.79999552574219
101.25,3.1125,0.06610000000000024,83.36693273982773
101.25,3.1375,0.08509999999999879,107.33019631103197
101.25,3.1625000000000005,0.10110000000000036,127.50978668678643
101.25,3.1875,0.13810000000000047,174.1750894307142
101.25,3.2125000000000004,0.1690000000000006,213.1469233438863
101.25,3.2375,0.20960000000000073,264.3526339223584
101.25,3.2625,0.24319999999999656,306.7297737114333
101.25,3.2875000000000005,0.286600000000001,361.4669126056676
101.25,3.3125,0.32710000000000117,412.5465007442912
101.25,3.3375000000000004,0.38120000000000137,480.77874070230456
101.25,3.3625,0.42120000000000146,531.2277166416859
101.25,3.3875,0.45999999999999347,580.1632233028755
101.25,3.4125000000000005,0.49940000000000173,629.8554646031764
101.25,3.4375,0.5087000000000018,641.5848515090827
101.25,3.4625000000000004,0.5324000000000019,671.4758697531661
101.25,3.4875,0.551000000000002,694.9346435649786
101.25,3.5125,0.5562999999999921,701.6191328769341
101.25,3.5375000000000005,0.5410000000000019,682.3223995801332
101.25,3.5625,0.5167000000000018,651.6746466969589
101.25,3.5875000000000004,0.5054000000000018,637.4228109940838
101.25,3.6125,0.4705000000000017,593.4060794869735
101.25,3.6375,0.4298999999999939,542.2003689084918
101.25,3.6625000000000005,0.3984000000000014,502.47180035623853
101.25,3.6875,0.3453000000000012,435.50078479670975
101.25,3.7125000000000004,0.3066000000000011,386.6914005753583
101.25,3.7375,0.26900000000000096,339.26936319233977
101.25,3.7625,0.22579999999999678,284.7844691778028
101.25,3.7875000000000005,0.19940000000000072,251.48814505781618
101.25,3.8125,0.15510000000000054,195.61590420495128
101.25,3.8375000000000004,0.13160000000000047,165.97713084056474
101.25,3.8625,0.10450000000000037,131.79794964163383
101.25,3.8875,0.08199999999999884,103.42040067573
101.25,3.9125000000000005,0.06460000000000023,81.47509614210092
101.25,3.9375,0.04960000000000018,62.55673016483291
101.25,3.9625000000000004,0.03550000000000013,44.773466146200974
101.25,3.9875,0.029800000000000108,37.58448707483913
101.25,4.0125,0.01899999999999973,23.963263571205726
101.25,4.0375,0.01590000000000034,20.053467935904457
101.25,4.0625,0.011599999999999834,14.63020302242034
101.25,4.0875,0.007099999999999899,8.954693229240036
101.25,4.112500000000001,0.005600000000000119,7.062856631513518
101.25,4.1375,0.0031999999999999546,4.035918075150438
101.25,4.1625,0.0027000000000000574,3.4053058759083035
101.25,4.1875,0.00139999999999998,1.7657141578783169
101.25,4.2125,0.001199999999999983,1.5134692781814145
101.25,4.237500000000001,0.0011000000000000235,1.3873468383330125
101.25,4.2625,0.00069999999999999,0.8828570789391584
101.25,4.2875,0.0005000000000000106,0.6306121992422784
101.25,4.3125,0.00029999999999999575,0.37836731954535363
101.25,4.3375,0.00039999999999999433,0.5044897593938048
101.25,4.362500000000001,0.00010000000000000215,0.1261224398484557
101.25,4.3875,0.0,0.0
101.25,4.4125,0.0,0.0
101.25,4.4375,9.999999999999858e-05,0.1261224398484512
101.25,4.4625,0.0,0.0
101.25,4.487500000000001,0.0,0.0
101.25,4.5125,0.0,0.0
101.25,4.5375,0.0,0.0
101.25,4.5625,0.0,0.0
101.25,4.5875,0.0,0.0
101.25,4.612500000000001,0.0,0.0
101.25,4.6375,0.0,0.0
101.25,4.6625,0.0,0.0
101.25,4.6875,0.0,0.0
101.25,4.7125,0.0,0.0
101.25,4.737500000000001,0.0,0.0
101.25,4.7625,0.0,0.0
101.25,4.7875000000000005,0.0,0.0
101.25,4.8125,0.0,0.0
101.25,4.8375,0.0,0.0
101.25,4.862500000000001,0.0,0.0
101.25,4.8875,0.0,0.0
101.25,4.9125000000000005,0.0,0.0
101.25,4.9375,0.0,0.0
101.25,4.9625,0.0,0.0
101.25,4.987500000000001,0.0,0.0
101.25,5.0125,0.0,0.0
101.25,5.0375000000000005,0.0,0.0
101.25,5.0625,0.0,0.0
101.25,5.0875,0.0,0.0
101.25,5.112500000000001,0.0,0.0
101.25,5.1375,0.0,0.0
101.25,5.1625000000000005,0.0,0.0
101.25,5.1875,0.0,0.0
101.25,5.2125,0.0,0.0
101.25,5.237500000000001,0.0,0.0
101.25,5.2625,0.0,0.0
101.25,5.2875000000000005,0.0,0.0
101.25,5.3125,0.0,0.0
101.25,5.3375,0.0,0.0
101.25,5.362500000000001,0.0,0.0
101.25,5.3875,0.0,0.0
101.25,5.4125000000000005,0.0,0.0
101.25,5.4375,0.0,0.0
101.25,5.4625,0.0,0.0
101.25,5.487500000000001,0.0,0.0
101.25,5.5125,0.0,0.0
101.25,5.5375000000000005,0.0,0.0
101.25,5.5625,0.0,0.0
101.25,5.5875,0.0,0.0
101.25,5.612500000000001,0.0,0.0
101.25,5.6375,0.0,0.0
101.25,5.6625000000000005,0.0,0.0
101.25,5.6875,0.0,0.0
101.25,5.7125,0.0,0.0
101.25,5.737500000000001,0.0,0.0
101.25,5.7625,0.0,0.0
101.25,5.7875000000000005,0.0,0.0
101.25,5.8125,0.0,0.0
101.25,5.8375,0.0,0.0
101.25,5.862500000000001,0.0,0.0
101.25,5.8875,0.0,0.0
101.25,5.9125000000000005,0.0,0.0
101.25,5.9375,0.0,0.0
101.25,5.9625,0.0,0.0
101.25,5.987500000000001,0.0,0.0
101.25,6.0125,0.0,0.0
101.25,6.0375000000000005,0.0,0.0
101.25,6.0625,0.0,0.0
101.25,6.0875,0.0,0.0
101.25,6.112500000000001,0.0,0.0
101.25,6.1375,0.0,0.0
101.25,6.1625000000000005,0.0,0.0
101.25,6.1875,0.0,0.0
101.25,6.2125,0.0,0.0
101.25,6.237500000000001,0.0,0.0
101.25,6.2625,0.0,0.0
101.25,6.2875000000000005,0.0,0.0
101.25,6.3125,0.0,0.0
101.25,6.3375,0.0,0.0
101.25,6.362500000000001,0.0,0.0
101.25,6.3875,0.0,0.0
101.25,6.4125000000000005,0.0,0.0
101.25,6.4375,0.0,0.0
101.25,6.4625,0.0,0.0
101.25,6.487500000000001,0.0,0.0
101.25,6.5125,0.0,0.0
101.25,6.5375000000000005,0.0,0.0
101.25,6.5625,0.0,0.0
101.25,6.5875,0.0,0.0
101.25,6.612500000000001,0.0,0.0
101.25,6.6375,0.0,0.0
101.25,6.6625000000000005,0.0,0.0
101.25,6.6875,0.0,0.0
101.25,6.7125,0.0,0.0
101.25,6.737500000000001,0.0,0.0
101.25,6.7625,0.0,0.0
101.25,6.7875000000000005,0.0,0.0
101.25,6.8125,0.0,0.0
101.25,6.8375,0.0,0.0
101.25,6.862500000000001,0.0,0.0
101.25,6.8875,0.0,0.0
101.25,6.9125000000000005,0.0,0.0
101.25,6.9375,0.0,0.0
101.25,6.9625,0.0,0.0
101.25,6.987500000000001,0.0,0.0
103.75,0.0125,0.0,0.0
103.75,0.037500000000000006,0.0,0.0
103.75,0.0625,0.0,0.0
103.75,0.08750000000000001,0.0,0.0
103.75,0.1125,0.0,0.0
103.75,0.1375,0.0,0.0
103.75,0.16250000000000003,0.0,0.0
103.75,0.1875,0.0,0.0
103.75,0.21250000000000002,0.0005000000000000001,0.8283886990855999
103.75,0.2375,0.0029000000000000007,4.804654454696479
103.75,0.2625,0.009099999999999992,15.076674323357901
103.75,0.28750000000000003,0.031299999999999974,51.857132562758494
103.75,0.3125,0.0733000000000001,121.44178328594909
103.75,0.3375,0.13819999999999988,228.96663642725954
103.75,0.36250000000000004,0.2178000000000003,360.8461173216877
103.75,0.3875,0.30639999999999973,507.63659479965503
103.75,0.41250000000000003,0.3430999999999997,568.440325312538
103.75,0.4375,0.3449000000000005,571.4225246292475
103.75,0.4625,0.3000999999999997,497.19889719117646
103.75,0.48750000000000004,0.22750000000000029,376.91685808394834
103.75,0.5125,0.14799999999999988,245.2030549293373
103.75,0.5375000000000001,0.09379999999999991,155.40571994845834
103.75,0.5625,0.05259999999999995,87.14649114380501
103.75,0.5875000000000001,0.030299999999999973,50.20035516458729
103.75,0.6125,0.013100000000000046,21.703783916042788
103.75,0.6375,0.005299999999999995,8.780920210307348
103.75,0.6625000000000001,0.002399999999999998,3.9762657556108754
103.75,0.6875,0.0007999999999999994,1.3254219185369585
103.75,0.7125000000000001,0.0003999999999999997,0.6627109592684792
103.75,0.7375,0.0,0.0
103.75,0.7625,0.0,0.0
103.75,0.7875000000000001,0.0,0.0
103.75,0.8125,0.0,0.0
103.75,0.8375000000000001,0.0,0.0
103.75,0.8625,0.0,0.0
103.75,0.8875,0.0,0.0
103.75,0.9125000000000001,0.0,0.0
103.75,0.9375,0.0,0.0
103.75,0.9625000000000001,0.0,0.0
103.75,0.9875,0.0,0.0
103.75,1.0125000000000002,0.0,0.0
103.75,1.0375,0.0,0.0
103.75,1.0625,0.00020000000000000071,0.33135547963424106
103.75,1.0875,0.0003999999999999979,0.6627109592684762
103.75,1.1125,0.0007000000000000024,1.1597441787198435
103.75,1.1375000000000002,0.002299999999999988,3.8105880157937384
103.75,1.1625,0.004300000000000015,7.124142812136181
103.75,1.1875,0.00949999999999995,15.73938528262631
103.75,1.2125000000000001,0.01460000000000005,24.188950013299593
103.75,1.2375,0.029300000000000104,48.54357776641631
103.75,1.2625000000000002,0.050499999999999726,83.66725860764511
103.75,1.2875,0.07710000000000027,127.7375373989999
103.75,1.3125,0.11849999999999936,196.32812168328607
103.75,1.3375000000000001,0.16610000000000058,275.19072583623716
103.75,1.3625,0.24410000000000087,404.4193628935912
103.75,1.3875000000000002,0.31199999999999833,516.9145482294115
103.75,1.4125,0.3779000000000013,626.0961787688984
103.75,1.4375,0.46419999999999756,769.0760682310668
103.75,1.4625000000000001,0.5298000000000018,877.7606655511045
103.75,1.4875,0.5984000000000022,991.4155950656493
103.75,1.5125000000000002,0.6413999999999966,1062.6570231870016
103.75,1.5375,0.6494000000000023,1075.9112423723807
103.75,1.5625,0.6408999999999965,1061.828634487916
103.75,1.5875000000000001,0.6163000000000022,1021.0719104929137
103.75,1.6125,0.5333000000000019,883.5593864447037
103.75,1.6375000000000002,0.4724999999999975,782.8273206358875
103.75,1.6625,0.40020000000000144,663.0423147481164
103.75,1.6875,0.33159999999999823,549.3873852335668
103.75,1.7125000000000001,0.26760000000000095,443.3536317506145
103.75,1.7375,0.2021000000000007,334.83471217040056
103.75,1.7625000000000002,0.1516999999999992,251.33313130256963
103.75,1.7875,0.10650000000000037,176.44679290523334
103.75,1.8125,0.0736999999999996,122.10449424521673
103.75,1.8375000000000001,0.05040000000000018,83.50158086782875
103.75,1.8625,0.03340000000000012,55.33636509891825
103.75,1.8875000000000002,0.023699999999999874,39.26562433665722
103.75,1.9125,0.01160000000000004,19.21861781878598
103.75,1.9375,0.00939999999999995,15.573707542809192
103.75,1.9625000000000001,0.006000000000000021,9.940664389027232
103.75,1.9875,0.005300000000000018,8.780920210307388
103.75,2.0125,0.007000000000000024,11.597441787198436
103.75,2.0375,0.010999999999999845,18.224551379882936
103.75,2.0625,0.01650000000000006,27.33682706982489
103.75,2.0875000000000004,0.02570000000000009,42.579179132999975
103.75,2.1125,0.03320000000000012,55.00500961928402
103.75,2.1375,0.0582000000000002,96.42444457356414
103.75,2.1625,0.08159999999999884,135.19303569076794
103.75,2.1875,0.1352000000000005,223.99630423274695
103.75,2.2125000000000004,0.18190000000000067,301.36780872734226
103.75,2.2375,0.24010000000000084,397.79225330090634
103.75,2.2625,0.3172000000000011,525.5297906999062
103.75,2.2875,0.4066999999999942,673.8113678362172
103.75,2.3125,0.48830000000000173,809.0044035269996
103.75,2.3375000000000004,0.6090000000000022,1008.9774354862641
103.75,2.3625,0.7301000000000026,1209.613178404797
103.75,2.3875,0.8321999999999882,1378.7701507580525
103.75,2.4125000000000005,0.9156000000000033,1516.9453857655556
103.75,2.4375,1.0249000000000037,1698.0311553856684
103.75,2.4625000000000004,1.0902000000000038,1806.218719486248
103.75,2.4875,1.1245000000000038,1863.04618424352
103.75,2.5125,1.1631999999999836,1927.1634695527118
103.75,2.5375000000000005,1.1662000000000041,1932.1338017472594
103.75,2.5625,1.117200000000004,1850.9517092368706
103.75,2.5875000000000004,1.0527000000000037,1744.0895670548277
103.75,2.6125,0.9800000000000035,1623.6418502077813
103.75,2.6375,0.8797999999999875,1457.6327549110003
103.75,2.6625000000000005,0.7882000000000028,1305.871945238544
103.75,2.6875,0.6795000000000023,1125.780242057334
103.75,2.7125000000000004,0.5789000000000021,959.1084358013107
103.75,2.7375,0.47130000000000166,780.839187758089
103.75,2.7625,0.38829999999999454,643.3266637098677
103.75,2.7875000000000005,0.31960000000000116,529.5060564555173
103.75,2.8125,0.2502000000000009,414.5257050224356
103.75,2.8375000000000004,0.19010000000000066,314.9533833923461
103.75,2.8625,0.14750000000000052,244.37466623025276
103.75,2.8875,0.10009999999999858,165.8434175569347
103.75,2.9125000000000005,0.08230000000000029,136.35277986949018
103.75,2.9375,0.055000000000000195,91.12275689941629
103.75,2.9625000000000004,0.03910000000000014,64.77999626849413
103.75,2.9875,0.03620000000000013,59.97534181379763
103.75,3.0125,0.033599999999999526,55.66772057855152
103.75,3.0375000000000005,0.03960000000000014,65.60838496757972
103.75,3.0625,0.03880000000000014,64.28296304904276
103.75,3.0875000000000004,0.04710000000000016,78.03421545386377
103.75,3.1125,0.06710000000000024,111.16976341728788
103.75,3.1375,0.08089999999999885,134.03329151204812
103.75,3.1625000000000005,0.11010000000000039,182.4111915386497
103.75,3.1875,0.12980000000000047,215.04970628262245
103.75,3.2125000000000004,0.1648000000000006,273.0369152186147
103.75,3.2375,0.20910000000000076,346.43215395759904
103.75,3.2625,0.23819999999999664,394.64437624437414
103.75,3.2875000000000005,0.286400000000001,474.5010468362331
103.75,3.3125,0.33080000000000115,548.0619633150346
103.75,3.3375000000000004,0.3682000000000013,610.0254380066377
103.75,3.3625,0.4109000000000015,680.7698329085483
103.75,3.3875,0.4668999999999934,773.549367206122
103.75,3.4125000000000005,0.4948000000000018,819.7734566151124
103.75,3.4375,0.5194000000000019,860.530180610124
103.75,3.4625000000000004,0.553600000000002,917.1919676275793
103.75,3.4875,0.551600000000002,913.8784128312368
103.75,3.5125,0.5403999999999923,895.3225059717034
103.75,3.5375000000000005,0.555600000000002,920.5055224239217
103.75,3.5625,0.5255000000000019,870.6365227389683
103.75,3.5875000000000004,0.5070000000000018,839.986140872801
103.75,3.6125,0.4747000000000017,786.4722309118711
103.75,3.6375,0.4338999999999938,718.8757130664732
103.75,3.6625000000000005,0.38610000000000133,639.6817534339023
103.75,3.6875,0.35160000000000124,582.5229331969957
103.75,3.7125000000000004,0.3052000000000011,505.64846192185183
103.75,3.7375,0.25770000000000093,426.9515355087196
103.75,3.7625,0.2242999999999968,371.6151704097947
103.75,3.7875000000000005,0.1965000000000007,325.55675874064184
103.75,3.8125,0.15950000000000056,264.2559950083072
103.75,3.8375000000000004,0.12160000000000044,201.4641316176186
103.75,3.8625,0.10320000000000036,170.97942749126838
103.75,3.8875,0.08089999999999885,134.03329151204812
103.75,3.9125000000000005,0.06450000000000022,106.86214218204273
103.75,3.9375,0.04860000000000017,80.51938155112057
103.75,3.9625000000000004,0.03500000000000013,57.98720893599219
103.75,3.9875,0.0282000000000001,46.721122628427985
103.75,4.0125,0.023799999999999665,39.43130207647399
103.75,4.0375,0.015100000000000323,25.017338712385644
103.75,4.0625,0.011299999999999838,18.721584599334285
103.75,4.0875,0.007299999999999896,12.094475006649583
103.75,4.112500000000001,0.004400000000000094,7.289820551953433
103.75,4.1375,0.004599999999999935,7.621176031587409
103.75,4.1625,0.003600000000000077,5.964398633416446
103.75,4.1875,0.001699999999999976,2.8165215768909992
103.75,4.2125,0.001199999999999983,1.988132877805411
103.75,4.237500000000001,0.0006000000000000128,0.9940664389027409
103.75,4.2625,0.00069999999999999,1.159744178719823
103.75,4.2875,0.0005000000000000106,0.8283886990856173
103.75,4.3125,9.999999999999858e-05,0.1656777398171176
103.75,4.3375,0.0,0.0
103.75,4.362500000000001,0.00010000000000000215,0.1656777398171235
103.75,4.3875,0.0,0.0
103.75,4.4125,0.0,0.0
103.75,4.4375,0.0,0.0
103.75,4.4625,0.0,0.0
103.75,4.487500000000001,0.0,0.0
103.75,4.5125,0.0,0.0
103.75,4.5375,0.00010000000000000215,0.1656777398171235
103.75,4.5625,0.0,0.0
103.75,4.5875,0.0,0.0
103.75,4.612500000000001,0.0,0.0
103.75,4.6375,0.0,0.0
103.75,4.6625,0.0,0.0
103.75,4.6875,0.0,0.0
103.75,4.7125,0.0,0.0
103.75,4.737500000000001,0.0,0.0
103.75,4.7625,0.0,0.0
103.75,4.7875000000000005,0.0,0.0
103.75,4.8125,0.0,0.0
103.75,4.8375,0.0,0.0
103.75,4.862500000000001,0.0,0.0
103.75,4.8875,0.0,0.0
103.75,4.9125000000000005,0.0,0.0
103.75,4.9375,0.0,0.0
103.75,4.9625,0.0,0.0
103.75,4.987500000000001,0.0,0.0
103.75,5.0125,0.0,0.0
103.75,5.0375000000000005,0.0,0.0
103.75,5.0625,0.0,0.0
103.75,5.0875,0.0,0.0
103.75,5.112500000000001,0.0,0.0
103.75,5.1375,0.0,0.0
103.75,5.1625000000000005,0.0,0.0
103.75,5.1875,0.0,0.0
103.75,5.2125,0.0,0.0
103.75,5.237500000000001,0.0,0.0
103.75,5.2625,0.0,0.0
103.75,5.2875000000000005,0.0,0.0
103.75,5.3125,0.0,0.0
103.75,5.3375,0.0,0.0
103.75,5.362500000000001,0.0,0.0
103.75,5.3875,0.0,0.0
103.75,5.4125000000000005,0.0,0.0
103.75,5.4375,0.0,0.0
103.75,5.4625,0.0,0.0
103.75,5.487500000000001,0.0,0.0
103.75,5.5125,0.0,0.0
103.75,5.5375000000000005,0.0,0.0
103.75,5.5625,0.0,0.0
103.75,5.5875,0.0,0.0
103.75,5.612500000000001,0.0,0.0
103.75,5.6375,0.0,0.0
103.75,5.6625000000000005,0.0,0.0
103.75,5.6875,0.0,0.0
103.75,5.7125,0.0,0.0
103.75,5.737500000000001,0.0,0.0
103.75,5.7625,0.0,0.0
103.75,5.7875000000000005,0.0,0.0
103.75,5.8125,0.0,0.0
103.75,5.8375,0.0,0.0
103.75,5.862500000000001,0.0,0.0
103.75,5.8875,0.0,0.0
103.75,5.9125000000000005,0.0,0.0
103.75,5.9375,0.0,0.0
103.75,5.9625,0.0,0.0
103.75,5.987500000000001,0.0,0.0
103.75,6.0125,0.0,0.0
103.75,6.0375000000000005,0.0,0.0
103.75,6.0625,0.0,0.0
103.75,6.0875,0.0,0.0
103.75,6.112500000000001,0.0,0.0
103.75,6.1375,0.0,0.0
103.75,6.1625000000000005,0.0,0.0
103.75,6.1875,0.0,0.0
103.75,6.2125,0.0,0.0
103.75,6.237500000000001,0.0,0.0
103.75,6.2625,0.0,0.0
103.75,6.2875000000000005,0.0,0.0
103.75,6.3125,0.0,0.0
103.75,6.3375,0.0,0.0
103.75,6.362500000000001,0.0,0.0
103.75,6.3875,0.0,0.0
103.75,6.4125000000000005,0.0,0.0
103.75,6.4375,0.0,0.0
103.75,6.4625,0.0,0.0
103.75,6.487500000000001,0.0,0.0
103.75,6.5125,0.0,0.0
103.75,6.5375000000000005,0.0,0.0
103.75,6.5625,0.0,0.0
103.75,6.5875,0.0,0.0
103.75,6.612500000000001,0.0,0.0
103.75,6.6375,0.0,0.0
103.75,6.6625000000000005,0.0,0.0
103.75,6.6875,0.0,0.0
103.75,6.7125,0.0,0.0
103.75,6.737500000000001,0.0,0.0
103.75,6.7625,0.0,0.0
103.75,6.7875000000000005,0.0,0.0
103.75,6.8125,0.0,0.0
103.75,6.8375,0.0,0.0
103.75,6.862500000000001,0.0,0.0
103.75,6.8875,0.0,0.0
103.75,6.9125000000000005,0.0,0.0
103.75,6.9375,0.0,0.0
103.75,6.9625,0.0,0.0
103.75,6.987500000000001,0.0,0.0
106.25,0.0125,0.0,0.0
106.25,0.037500000000000006,0.0,0.0
106.25,0.0625,0.0,0.0
106.25,0.08750000000000001,0.0,0.0
106.25,0.1125,0.0,0.0
106.25,0.1375,0.0,0.0
106.25,0.16250000000000003,0.0,0.0
106.25,0.1875,0.0,0.0
106.25,0.21250000000000002,0.0005000000000000001,1.117134353331491
106.25,0.2375,0.003300000000000001,7.373086731987841
106.25,0.2625,0.009999999999999992,22.342687066629797
106.25,0.28750000000000003,0.029099999999999973,65.0172193638927
106.25,0.3125,0.07010000000000009,156.6222363370752
106.25,0.3375,0.13869999999999988,309.89306961415525
106.25,0.36250000000000004,0.2292000000000003,512.094387567156
106.25,0.3875,0.29369999999999974,656.2047191469171
106.25,0.41250000000000003,0.3351999999999997,748.9268704734308
106.25,0.4375,0.3364000000000005,751.607992921428
106.25,0.4625,0.29429999999999973,657.5452803709148
106.25,0.48750000000000004,0.22080000000000027,493.32653043118694
106.25,0.5125,0.15019999999999986,335.5871597407795
106.25,0.5375000000000001,0.09609999999999992,214.71322271031235
106.25,0.5625,0.05139999999999995,114.84141152247715
106.25,0.5875000000000001,0.025899999999999975,57.86755950257116
106.25,0.6125,0.013200000000000047,29.49234692795146
106.25,0.6375,0.005999999999999994,13.405612239977875
106.25,0.6625000000000001,0.0026999999999999975,6.032525507990044
106.25,0.6875,0.0006999999999999993,1.5639880946640856
106.25,0.7125000000000001,0.0003999999999999997,0.893707482665192
106.25,0.7375,0.00010000000000000036,0.22342687066629893
106.25,0.7625,0.0,0.0
106.25,0.7875000000000001,0.0,0.0
106.25,0.8125,0.0,0.0
106.25,0.8375000000000001,0.0,0.0
106.25,0.8625,0.0,0.0
106.25,0.8875,0.0,0.0
106.25,0.9125000000000001,0.0,0.0
106.25,0.9375,0.0,0.0
106.25,0.9625000000000001,0.0,0.0
106.25,0.9875,0.0,0.0
106.25,1.0125000000000002,0.0,0.0
106.25,1.0375,0.0,0.0
106.25,1.0625,0.00020000000000000071,0.44685374133259786
106.25,1.0875,0.0004999999999999974,1.117134353331485
106.25,1.1125,0.0012000000000000042,2.681122447995587
106.25,1.1375000000000002,0.0021999999999999884,4.915391154658534
106.25,1.1625,0.004300000000000015,9.607355438650853
106.25,1.1875,0.010999999999999942,24.576955773292667
106.25,1.2125000000000001,0.015300000000000053,34.18431121194374
106.25,1.2375,0.026900000000000097,60.10182820923442
106.25,1.2625000000000002,0.04559999999999975,101.8826530238314
106.25,1.2875,0.07430000000000027,166.00616490506013
106.25,1.3125,0.11809999999999936,263.8671342568967
106.25,1.3375000000000001,0.16610000000000058,371.1120321767225
106.25,1.3625,0.2328000000000008,520.1377549111439
106.25,1.3875000000000002,0.30589999999999834,683.4627973682024
106.25,1.4125,0.38640000000000135,863.321428254579
106.25,1.4375,0.47099999999999753,1052.3405608382589
106.25,1.4625000000000001,0.5301000000000019,1184.3858414020508
106.25,1.4875,0.586600000000002,1310.6220233285094
106.25,1.5125000000000002,0.6371999999999965,1423.676019885644
106.25,1.5375,0.6299000000000022,1407.3658583270171
106.25,1.5625,0.6278999999999967,1402.8973209136786
106.25,1.5875000000000001,0.5976000000000021,1335.1989791018025
106.25,1.6125,0.538700000000002,1203.6005522793525
106.25,1.6375000000000002,0.47469999999999746,1060.6073550529115
106.25,1.6625,0.4085000000000014,912.6987666718311
106.25,1.6875,0.32899999999999824,735.074404492117
106.25,1.7125000000000001,0.26360000000000094,588.953231076364
106.25,1.7375,0.1988000000000007,444.1726188846023
106.25,1.7625000000000002,0.15079999999999918,336.9277209647758
106.25,1.7875,0.10180000000000036,227.44855433829233
106.25,1.8125,0.07589999999999959,169.5809948357194
106.25,1.8375000000000001,0.04760000000000017,106.3511904371583
106.25,1.8625,0.03140000000000011,70.15603738921786
106.25,1.8875000000000002,0.020599999999999893,46.025935357257175
106.25,1.9125,0.013300000000000048,29.71577379861776
106.25,1.9375,0.010299999999999946,23.012967678628588
106.25,1.9625000000000001,0.006300000000000023,14.075892851976834
106.25,1.9875,0.006000000000000021,13.405612239977936
106.25,2.0125,0.007000000000000024,15.639880946640925
106.25,2.0375,0.008199999999999883,18.321003394636186
106.25,2.0625,0.018200000000000063,40.663690461266405
106.25,2.0875000000000004,0.02260000000000008,50.494472770583556
106.25,2.1125,0.039500000000000146,88.25361391318809
106.25,2.1375,0.0566000000000002,126.4596087971252
106.25,2.1625,0.0842999999999988,188.34885197168666
106.25,2.1875,0.12850000000000045,287.1035288061941
106.25,2.2125000000000004,0.17280000000000062,386.0816325113646
106.25,2.2375,0.24260000000000087,542.0335882364412
106.25,2.2625,0.3129000000000011,699.1026783148494
106.25,2.2875,0.39689999999999437,886.7812496745247
106.25,2.3125,0.5080000000000018,1135.0085029847985
106.25,2.3375000000000004,0.6063000000000022,1354.6371168497706
106.25,2.3625,0.7247000000000027,1619.1745317186687
106.25,2.3875,0.8333999999999882,1862.0395401329022
106.25,2.4125000000000005,0.9389000000000034,2097.754888685881
106.25,2.4375,1.0273000000000037,2295.264242354889
106.25,2.4625000000000004,1.0947000000000038,2445.853953183974
106.25,2.4875,1.136700000000004,2539.69323886382
106.25,2.5125,1.1681999999999833,2610.0727031236574
106.25,2.5375000000000005,1.1668000000000043,2606.9447269343764
106.25,2.5625,1.136800000000004,2539.9166657344863
106.25,2.5875000000000004,1.0547000000000037,2356.4832049174547
106.25,2.6125,0.9687000000000034,2164.3360961444378
106.25,2.6375,0.8930999999999873,1995.4253819206804
106.25,2.6625000000000005,0.7984000000000028,1783.8401353997306
106.25,2.6875,0.6732000000000025,1504.1096933255246
106.25,2.7125000000000004,0.5838000000000021,1304.3660709498533
106.25,2.7375,0.4802000000000017,1072.8958329395675
106.25,2.7625,0.39649999999999436,885.8875421918596
106.25,2.7875000000000005,0.3073000000000011,686.5907735575366
106.25,2.8125,0.2432000000000009,543.3741494604391
106.25,2.8375000000000004,0.18460000000000065,412.4460032499878
106.25,2.8625,0.1415000000000005,316.14902199281295
106.25,2.8875,0.10659999999999847,238.17304413027043
106.25,2.9125000000000005,0.07280000000000025,162.65476184506562
106.25,2.9375,0.057500000000000204,128.47045063312189
106.25,2.9625000000000004,0.04130000000000015,92.27529758518146
106.25,2.9875,0.03600000000000013,80.43367343986762
106.25,3.0125,0.03639999999999948,81.32738092253136
106.25,3.0375000000000005,0.03800000000000014,84.90221085319361
106.25,3.0625,0.03910000000000014,87.3599064305229
106.25,3.0875000000000004,0.05120000000000018,114.39455778114505
106.25,3.1125,0.06900000000000024,154.16454075974627
106.25,3.1375,0.08229999999999882,183.88031455836074
106.25,3.1625000000000005,0.10440000000000037,233.25765297561608
106.25,3.1875,0.13580000000000048,303.41369036483394
106.25,3.2125000000000004,0.1684000000000006,376.25085020204745
106.25,3.2375,0.20680000000000073,462.0467685379062
106.25,3.2625,0.24689999999999648,551.6409436750822
106.25,3.2875000000000005,0.288200000000001,643.9162412602735
106.25,3.3125,0.3388000000000012,756.9702378174209
106.25,3.3375000000000004,0.3636000000000013,812.380101742663
106.25,3.3625,0.4174000000000015,932.5837581611318
106.25,3.3875,0.46259999999999346,1033.5727037022807
106.25,3.4125000000000005,0.4959000000000018,1107.9738516341765
106.25,3.4375,0.5262000000000019,1175.672193446065
106.25,3.4625000000000004,0.5321000000000019,1188.8543788153768
106.25,3.4875,0.5651000000000019,1262.5852461352551
106.25,3.5125,0.5544999999999921,1238.9019978446056
106.25,3.5375000000000005,0.5483000000000019,1225.049531863317
106.25,3.5625,0.5290000000000019,1181.9281458247215
106.25,3.5875000000000004,0.5115000000000018,1142.8284434581192
106.25,3.6125,0.4611000000000016,1030.2213006423044
106.25,3.6375,0.4314999999999939,964.0869469250629
106.25,3.6625000000000005,0.3910000000000014,873.5990643052289
106.25,3.6875,0.34720000000000123,775.7380949533899
106.25,3.7125000000000004,0.3075000000000011,687.0376272988693
106.25,3.7375,0.26900000000000096,601.0182820923442
106.25,3.7625,0.22919999999999674,512.094387567148
106.25,3.7875000000000005,0.1922000000000007,429.42644542062664
106.25,3.8125,0.16090000000000057,359.493834902075
106.25,3.8375000000000004,0.13200000000000048,294.9234692795146
106.25,3.8625,0.10280000000000036,229.6828230449553
106.25,3.8875,0.07949999999999888,177.62436217970452
106.25,3.9125000000000005,0.06510000000000023,145.4508928037606
106.25,3.9375,0.052000000000000185,116.18197274647545
106.25,3.9625000000000004,0.03860000000000014,86.2427720771914
106.25,3.9875,0.0282000000000001,63.0063775278963
106.25,4.0125,0.024999999999999644,55.85671766657374
106.25,4.0375,0.015400000000000327,34.40773808261064
106.25,4.0625,0.010399999999999852,23.236394549294676
106.25,4.0875,0.006899999999999902,15.416454075974352
106.25,4.112500000000001,0.005700000000000122,12.735331627979265
106.25,4.1375,0.0036999999999999473,8.266794214652913
106.25,4.1625,0.0017000000000000363,3.79825680132715
106.25,4.1875,0.001199999999999983,2.6811224479955396
106.25,4.2125,0.0007999999999999887,1.7874149653303597
106.25,4.237500000000001,0.0007000000000000148,1.5639880946641203
106.25,4.2625,0.00039999999999999433,0.8937074826651799
106.25,4.2875,0.0005000000000000106,1.1171343533315146
106.25,4.3125,0.00029999999999999575,0.6702806119988849
106.25,4.3375,0.00019999999999999716,0.4468537413325899
106.25,4.362500000000001,0.0,0.0
106.25,4.3875,0.0,0.0
106.25,4.4125,0.00010000000000000215,0.22342687066630293
106.25,4.4375,0.0,0.0
106.25,4.4625,0.0,0.0
106.25,4.487500000000001,0.0,0.0
106.25,4.5125,0.0,0.0
106.25,4.5375,0.0,0.0
106.25,4.5625,0.0,0.0
106.25,4.5875,0.0,0.0
106.25,4.612500000000001,0.0,0.0
106.25,4.6375,0.0,0.0
106.25,4.6625,0.0,0.0
106.25,4.6875,0.0,0.0
106.25,4.7125,0.0,0.0
106.25,4.737500000000001,0.0,0.0
106.25,4.7625,0.0,0.0
106.25,4.7875000000000005,0.0,0.0
106.25,4.8125,0.0,0.0
106.25,4.8375,0.0,0.0
106.25,4.862500000000001,0.0,0.0
106.25,4.8875,0.0,0.0
106.25,4.9125000000000005,0.0,0.0
106.25,4.9375,0.0,0.0
106.25,4.9625,0.0,0.0
106.25,4.987500000000001,0.0,0.0
106.25,5.0125,0.0,0.0
106.25,5.0375000000000005,0.0,0.0
106.25,5.0625,0.0,0.0
106.25,5.0875,0.0,0.0
106.25,5.112500000000001,0.0,0.0
106.25,5.1375,0.0,0.0
106.25,5.1625000000000005,0.0,0.0
106.25,5.1875,0.0,0.0
106.25,5.2125,0.0,0.0
106.25,5.237500000000001,0.0,0.0
106.25,5.2625,0.0,0.0
106.25,5.2875000000000005,0.0,0.0
106.25,5.3125,0.0,0.0
106.25,5.3375,0.0,0.0
106.25,5.362500000000001,0.0,0.0
106.25,5.3875,0.0,0.0
106.25,5.4125000000000005,0.0,0.0
106.25,5.4375,0.0,0.0
106.25,5.4625,0.0,0.0
106.25,5.487500000000001,0.0,0.0
106.25,5.5125,0.0,0.0
106.25,5.5375000000000005,0.0,0.0
106.25,5.5625,0.0,0.0
106.25,5.5875,0.0,0.0
106.25,5.612500000000001,0.0,0.0
106.25,5.6375,0.0,0.0
106.25,5.6625000000000005,0.0,0.0
106.25,5.6875,0.0,0.0
106.25,5.7125,0.0,0.0
106.25,5.737500000000001,0.0,0.0
106.25,5.7625,0.0,0.0
106.25,5.7875000000000005,0.0,0.0
106.25,5.8125,0.0,0.0
106.25,5.8375,0.0,0.0
106.25,5.862500000000001,0.0,0.0
106.25,5.8875,0.0,0.0
106.25,5.9125000000000005,0.0,0.0
106.25,5.9375,0.0,0.0
106.25,5.9625,0.0,0.0
106.25,5.987500000000001,0.0,0.0
106.25,6.0125,0.0,0.0
106.25,6.0375000000000005,0.0,0.0
106.25,6.0625,0.0,0.0
106.25,6.0875,0.0,0.0
106.25,6.112500000000001,0.0,0.0
106.25,6.1375,0.0,0.0
106.25,6.1625000000000005,0.0,0.0
106.25,6.1875,0.0,0.0
106.25,6.2125,0.0,0.0
106.25,6.237500000000001,0.0,0.0
106.25,6.2625,0.0,0.0
106.25,6.2875000000000005,0.0,0.0
106.25,6.3125,0.0,0.0
106.25,6.3375,0.0,0.0
106.25,6.362500000000001,0.0,0.0
106.25,6.3875,0.0,0.0
106.25,6.4125000000000005,0.0,0.0
106.25,6.4375,0.0,0.0
106.25,6.4625,0.0,0.0
106.25,6.487500000000001,0.0,0.0
106.25,6.5125,0.0,0.0
106.25,6.5375000000000005,0.0,0.0
106.25,6.5625,0.0,0.0
106.25,6.5875,0.0,0.0
106.25,6.612500000000001,0.0,0.0
106.25,6.6375,0.0,0.0
106.25,6.6625000000000005,0.0,0.0
106.25,6.6875,0.0,0.0
106.25,6.7125,0.0,0.0
106.25,6.737500000000001,0.0,0.0
106.25,6.7625,0.0,0.0
106.25,6.7875000000000005,0.0,0.0
106.25,6.8125,0.0,0.0
106.25,6.8375,0.0,0.0
106.25,6.862500000000001,0.0,0.0
106.25,6.8875,0.0,0.0
106.25,6.9125000000000005,0.0,0.0
106.25,6.9375,0.0,0.0
106.25,6.9625,0.0,0.0
106.25,6.987500000000001,0.0,0.0
108.75,0.0125,0.0,0.0
108.75,0.037500000000000006,0.0,0.0
108.75,0.0625,0.0,0.0
108.75,0.08750000000000001,0.0,0.0
108.75,0.1125,0.0,0.0
108.75,0.1375,0.0,0.0
108.75,0.16250000000000003,0.0,0.0
108.75,0.1875,0.0,0.0
108.75,0.21250000000000002,0.0007000000000000001,2.3705506524595332
108.75,0.2375,0.0025000000000000005,8.466252330212619
108.75,0.2625,0.009499999999999991,32.17175885480792
108.75,0.28750000000000003,0.030899999999999973,104.64287880142787
108.75,0.3125,0.0753000000000001,255.0035201860044
108.75,0.3375,0.14479999999999987,490.3653349659144
108.75,0.36250000000000004,0.22250000000000028,753.496457388924
108.75,0.3875,0.3089999999999997,1046.4287880142786
108.75,0.41250000000000003,0.33779999999999966,1143.960014858328
108.75,0.4375,0.3435000000000004,1163.263070171215
108.75,0.4625,0.29369999999999974,994.6153237533775
108.75,0.48750000000000004,0.2277000000000003,771.1062622357663
108.75,0.5125,0.15609999999999988,528.6327954984755
108.75,0.5375000000000001,0.09849999999999991,333.5703418103768
108.75,0.5625,0.05429999999999995,183.8870006122179
108.75,0.5875000000000001,0.02699999999999998,91.4355251662962
108.75,0.6125,0.012000000000000042,40.63801118502071
108.75,0.6375,0.0051999999999999946,17.609804846842227
108.75,0.6625000000000001,0.0026999999999999975,9.143552516629619
108.75,0.6875,0.0009999999999999992,3.3865009320850445
108.75,0.7125000000000001,0.0003999999999999997,1.354600372834018
108.75,0.7375,0.00010000000000000036,0.3386500932085059
108.75,0.7625,0.0,0.0
108.75,0.7875000000000001,0.0,0.0
108.75,0.8125,0.0,0.0
108.75,0.8375000000000001,0.0,0.0
108.75,0.8625,0.0,0.0
108.75,0.8875,0.0,0.0
108.75,0.9125000000000001,0.0,0.0
108.75,0.9375,0.0,0.0
108.75,0.9625000000000001,0.0,0.0
108.75,0.9875,0.0,0.0
108.75,1.0125000000000002,0.0,0.0
108.75,1.0375,0.00020000000000000071,0.6773001864170118
108.75,1.0625,0.00010000000000000036,0.3386500932085059
108.75,1.0875,0.00019999999999999895,0.6773001864170058
108.75,1.1125,0.0006000000000000021,2.0319005592510355
108.75,1.1375000000000002,0.0030999999999999834,10.49815288946359
108.75,1.1625,0.004300000000000015,14.561954007965753
108.75,1.1875,0.008799999999999954,29.80120820234826
108.75,1.2125000000000001,0.01720000000000006,58.24781603186301
108.75,1.2375,0.029700000000000105,100.57907768292625
108.75,1.2625000000000002,0.04929999999999974,166.95449595179196
108.75,1.2875,0.08010000000000028,271.25872466001323
108.75,1.3125,0.12269999999999934,415.52366436683303
108.75,1.3375000000000001,0.16890000000000058,571.9800074291664
108.75,1.3625,0.2294000000000008,776.8633138203126
108.75,1.3875000000000002,0.29499999999999843,999.0177749650836
108.75,1.4125,0.3813000000000013,1291.2728054040329
108.75,1.4375,0.4564999999999976,1545.937675496816
108.75,1.4625000000000001,0.5355000000000019,1813.471249131549
108.75,1.4875,0.583500000000002,1976.023293871632
108.75,1.5125000000000002,0.6180999999999967,2093.1962261217564
108.75,1.5375,0.6405000000000022,2169.0538470004803
108.75,1.5625,0.6306999999999966,2135.8661378660277
108.75,1.5875000000000001,0.5902000000000022,1998.712850116602
108.75,1.6125,0.535700000000002,1814.1485493179664
108.75,1.6375000000000002,0.4686999999999975,1587.2529868682532
108.75,1.6625,0.39730000000000143,1345.4568203173942
108.75,1.6875,0.3160999999999983,1070.4729446320778
108.75,1.7125000000000001,0.2598000000000009,879.8129421556984
108.75,1.7375,0.20140000000000075,682.041287721931
108.75,1.7625000000000002,0.14549999999999924,492.7358856183718
108.75,1.7875,0.11080000000000038,375.2243032750245
108.75,1.8125,0.07779999999999958,263.46977251621524
108.75,1.8375000000000001,0.057500000000000204,194.7238035948909
108.75,1.8625,0.03230000000000011,109.38398010634741
108.75,1.8875000000000002,0.023599999999999875,79.92142199720669
108.75,1.9125,0.013700000000000047,46.39506276956531
108.75,1.9375,0.0071999999999999625,24.38280671101221
108.75,1.9625000000000001,0.005300000000000018,17.948454940050812
108.75,1.9875,0.006700000000000024,22.689556244969896
108.75,2.0125,0.0059000000000000215,19.98035549930185
108.75,2.0375,0.011599999999999834,39.283410812185984
108.75,2.0625,0.015700000000000054,53.168064633735426
108.75,2.0875000000000004,0.0271000000000001,91.77417525950511
108.75,2.1125,0.04180000000000014,141.55573896115547
108.75,2.1375,0.06000000000000021,203.19005592510356
108.75,2.1625,0.09029999999999871,305.8010341672754
108.75,2.1875,0.12210000000000044,413.49176380758576
108.75,2.2125000000000004,0.17950000000000063,607.8769173092682
108.75,2.2375,0.23950000000000085,811.0669732343717
108.75,2.2625,0.3095000000000011,1048.122038480326
108.75,2.2875,0.4080999999999942,1382.031030383888
108.75,2.3125,0.49270000000000175,1668.5290092383086
108.75,2.3375000000000004,0.6016000000000021,2037.3189607423717
108.75,2.3625,0.7101000000000025,2404.7543118736007
108.75,2.3875,0.8533999999999878,2890.039895441338
108.75,2.4125000000000005,0.9495000000000035,3215.482635014764
108.75,2.4375,1.0312000000000037,3492.159761166113
108.75,2.4625000000000004,1.1040000000000039,3738.697029021905
108.75,2.4875,1.140500000000004,3862.30431304301
108.75,2.5125,1.1570999999999836,3918.5202285155524
108.75,2.5375000000000005,1.1612000000000042,3932.4048823371713
108.75,2.5625,1.115000000000004,3775.948539274841
108.75,2.5875000000000004,1.0858000000000039,3677.0627120579575
108.75,2.6125,0.9871000000000035,3342.8150700611623
108.75,2.6375,0.9008999999999873,3050.898689715376
108.75,2.6625000000000005,0.7992000000000029,2706.4915449223795
108.75,2.6875,0.6664000000000024,2256.7642211414836
108.75,2.7125000000000004,0.572200000000002,1937.755833339071
108.75,2.7375,0.47290000000000165,1601.4762907830245
108.75,2.7625,0.40069999999999434,1356.9709234864592
108.75,2.7875000000000005,0.3104000000000011,1051.1698893192024
108.75,2.8125,0.24380000000000085,825.6289272423373
108.75,2.8375000000000004,0.18710000000000068,633.6143243931147
108.75,2.8625,0.1386000000000005,469.3690291869892
108.75,2.8875,0.10919999999999844,369.80590178368186
108.75,2.9125000000000005,0.07660000000000028,259.4059713977156
108.75,2.9375,0.0582000000000002,197.09435424735042
108.75,2.9625000000000004,0.048700000000000174,164.92259539254238
108.75,2.9875,0.03680000000000013,124.62323430073019
108.75,3.0125,0.03219999999999954,109.04533001313696
108.75,3.0375000000000005,0.03850000000000014,130.3802858852748
108.75,3.0625,0.03970000000000014,134.44408700377684
108.75,3.0875000000000004,0.05040000000000018,170.679646977087
108.75,3.1125,0.062000000000000215,209.96305778927365
108.75,3.1375,0.08659999999999876,293.2709807185609
108.75,3.1625000000000005,0.09810000000000034,332.2157414375443
108.75,3.1875,0.13190000000000046,446.6794729420193
108.75,3.2125000000000004,0.1729000000000006,585.5260111575067
108.75,3.2375,0.20620000000000072,698.2964921959392
108.75,3.2625,0.2473999999999965,837.8203305978288
108.75,3.2875000000000005,0.30000000000000104,1015.9502796255177
108.75,3.3125,0.3329000000000012,1127.3661602911163
108.75,3.3375000000000004,0.3786000000000013,1282.1292528874033
108.75,3.3625,0.41580000000000145,1408.1070875609676
108.75,3.3875,0.45409999999999356,1537.8100732597982
108.75,3.4125000000000005,0.4896000000000017,1658.030856348845
108.75,3.4375,0.5163000000000019,1748.4504312355161
108.75,3.4625000000000004,0.5443000000000019,1843.2724573338976
108.75,3.4875,0.543600000000002,1840.9019066814383
108.75,3.5125,0.5470999999999923,1852.754659943703
108.75,3.5375000000000005,0.541800000000002,1834.8062050036851
108.75,3.5625,0.5234000000000019,1772.4945878533201
108.75,3.5875000000000004,0.4985000000000018,1688.170714644402
108.75,3.6125,0.46530000000000166,1575.7388836991781
108.75,3.6375,0.42979999999999385,1455.5181006101325
108.75,3.6625000000000005,0.38790000000000135,1313.6237115557944
108.75,3.6875,0.35170000000000123,1191.0323778143154
108.75,3.7125000000000004,0.3194000000000012,1081.6483977079681
108.75,3.7375,0.268700000000001,909.9528004512556
108.75,3.7625,0.2337999999999967,791.7639179214729
108.75,3.7875000000000005,0.1936000000000007,655.6265804516675
108.75,3.8125,0.1632000000000006,552.6769521162818
108.75,3.8375000000000004,0.12790000000000046,433.13346921367906
108.75,3.8625,0.09730000000000036,329.5065406918763
108.75,3.8875,0.07929999999999887,268.5495239143404
108.75,3.9125000000000005,0.06360000000000023,215.38145928060976
108.75,3.9375,0.051000000000000184,172.71154753633803
108.75,3.9625000000000004,0.03420000000000012,115.81833187730902
108.75,3.9875,0.0292000000000001,98.88582721688373
108.75,4.0125,0.02059999999999971,69.76191920095098
108.75,4.0375,0.015300000000000325,51.81346426090232
108.75,4.0625,0.010399999999999852,35.21960969368399
108.75,4.0875,0.007799999999999889,26.41470727026299
108.75,4.112500000000001,0.005600000000000119,18.964405219676667
108.75,4.1375,0.003299999999999953,11.175453075880498
108.75,4.1625,0.003000000000000064,10.159502796255358
108.75,4.1875,0.001899999999999973,6.434351770961499
108.75,4.2125,0.0008999999999999873,3.0478508388764993
108.75,4.237500000000001,0.0004000000000000086,1.3546003728340479
108.75,4.2625,0.00019999999999999716,0.6773001864169998
108.75,4.2875,0.00010000000000000215,0.33865009320851197
108.75,4.3125,0.00019999999999999716,0.6773001864169998
108.75,4.3375,0.0,0.0
108.75,4.362500000000001,0.0,0.0
108.75,4.3875,0.0,0.0
108.75,4.4125,0.0,0.0
108.75,4.4375,0.0,0.0
108.75,4.4625,0.0,0.0
108.75,4.487500000000001,0.0,0.0
108.75,4.5125,0.0,0.0
108.75,4.5375,0.0,0.0
108.75,4.5625,0.0,0.0
108.75,4.5875,0.0,0.0
108.75,4.612500000000001,0.0,0.0
108.75,4.6375,0.0,0.0
108.75,4.6625,0.0,0.0
108.75,4.6875,0.0,0.0
108.75,4.7125,0.0,0.0
108.75,4.737500000000001,0.0,0.0
108.75,4.7625,0.0,0.0
108.75,4.7875000000000005,0.0,0.0
108.75,4.8125,0.0,0.0
108.75,4.8375,0.0,0.0
108.75,4.862500000000001,0.0,0.0
108.75,4.8875,0.0,0.0
108.75,4.9125000000000005,0.0,0.0
108.75,4.9375,0.0,0.0
108.75,4.9625,0.0,0.0
108.75,4.987500000000001,0.0,0.0
108.75,5.0125,0.0,0.0
108.75,5.0375000000000005,0.0,0.0
108.75,5.0625,0.0,0.0
108.75,5.0875,0.0,0.0
108.75,5.112500000000001,0.0,0.0
108.75,5.1375,0.0,0.0
108.75,5.1625000000000005,0.0,0.0
108.75,5.1875,0.0,0.0
108.75,5.2125,0.0,0.0
108.75,5.237500000000001,0.0,0.0
108.75,5.2625,0.0,0.0
108.75,5.2875000000000005,0.0,0.0
108.75,5.3125,0.0,0.0
108.75,5.3375,0.0,0.0
108.75,5.362500000000001,0.0,0.0
108.75,5.3875,0.0,0.0
108.75,5.4125000000000005,0.0,0.0
108.75,5.4375,0.0,0.0
108.75,5.4625,0.0,0.0
108.75,5.487500000000001,0.0,0.0
108.75,5.5125,0.0,0.0
108.75,5.5375000000000005,0.0,0.0
108.75,5.5625,0.0,0.0
108.75,5.5875,0.0,0.0
108.75,5.612500000000001,0.0,0.0
108.75,5.6375,0.0,0.0
108.75,5.6625000000000005,0.0,0.0
108.75,5.6875,0.0,0.0
108.75,5.7125,0.0,0.0
108.75,5.737500000000001,0.0,0.0
108.75,5.7625,0.0,0.0
108.75,5.7875000000000005,0.0,0.0
108.75,5.8125,0.0,0.0
108.75,5.8375,0.0,0.0
108.75,5.862500000000001,0.0,0.0
108.75,5.8875,0.0,0.0
108.75,5.9125000000000005,0.0,0.0
108.75,5.9375,0.0,0.0
108.75,5.9625,0.0,0.0
108.75,5.987500000000001,0.0,0.0
108.75,6.0125,0.0,0.0
108.75,6.0375000000000005,0.0,0.0
108.75,6.0625,0.0,0.0
108.75,6.0875,0.0,0.0
108.75,6.112500000000001,0.0,0.0
108.75,6.1375,0.0,0.0
108.75,6.1625000000000005,0.0,0.0
108.75,6.1875,0.0,0.0
108.75,6.2125,0.0,0.0
108.75,6.237500000000001,0.0,0.0
108.75,6.2625,0.0,0.0
108.75,6.2875000000000005,0.0,0.0
108.75,6.3125,0.0,0.0
108.75,6.3375,0.0,0.0
108.75,6.362500000000001,0.0,0.0
108.75,6.3875,0.0,0.0
108.75,6.4125000000000005,0.0,0.0
108.75,6.4375,0.0,0.0
108.75,6.4625,0.0,0.0
108.75,6.487500000000001,0.0,0.0
108.75,6.5125,0.0,0.0
108.75,6.5375000000000005,0.0,0.0
108.75,6.5625,0.0,0.0
108.75,6.5875,0.0,0.0
108.75,6.612500000000001,0.0,0.0
108.75,6.6375,0.0,0.0
108.75,6.6625000000000005,0.0,0.0
108.75,6.6875,0.0,0.0
108.75,6.7125,0.0,0.0
108.75,6.737500000000001,0.0,0.0
108.75,6.7625,0.0,0.0
108.75,6.7875000000000005,0.0,0.0
108.75,6.8125,0.0,0.0
108.75,6.8375,0.0,0.0
108.75,6.862500000000001,0.0,0.0
108.75,6.8875,0.0,0.0
108.75,6.9125000000000005,0.0,0.0
108.75,6.9375,0.0,0.0
108.75,6.9625,0.0,0.0
108.75,6.987500000000001,0.0,0.0
111.25,0.0125,0.0,0.0
111.25,0.037500000000000006,0.0,0.0
111.25,0.0625,0.0,0.0
111.25,0.08750000000000001,0.0,0.0
111.25,0.1125,0.0,0.0
111.25,0.1375,0.0,0.0
111.25,0.16250000000000003,0.0,0.0
111.25,0.1875,0.0003000000000000001,1.646338674697484
111.25,0.21250000000000002,0.0008000000000000003,4.3902364658599575
111.25,0.2375,0.0022000000000000006,12.073150281114883
111.25,0.2625,0.008499999999999992,46.646262449761984
111.25,0.28750000000000003,0.033499999999999974,183.8411520078855
111.25,0.3125,0.0743000000000001,407.74321176674397
111.25,0.3375,0.13439999999999988,737.5597262644719
111.25,0.36250000000000004,0.22370000000000032,1227.6198717660918
111.25,0.3875,0.29429999999999973,1615.0582398782299
111.25,0.41250000000000003,0.3359999999999997,1843.8993156611798
111.25,0.4375,0.33400000000000046,1832.923724496534
111.25,0.4625,0.28809999999999975,1581.0339072678153
111.25,0.48750000000000004,0.21940000000000032,1204.0223507620947
111.25,0.5125,0.15279999999999985,838.5351649792508
111.25,0.5375000000000001,0.09069999999999992,497.74305931687206
111.25,0.5625,0.05589999999999996,306.7677730519642
111.25,0.5875000000000001,0.028199999999999975,154.75583542156332
111.25,0.6125,0.012400000000000045,68.04866522082956
111.25,0.6375,0.0045999999999999965,25.243859678694726
111.25,0.6625000000000001,0.0017999999999999984,9.878032048184892
111.25,0.6875,0.0014999999999999985,8.23169337348741
111.25,0.7125000000000001,0.0004999999999999996,2.7438977911624702
111.25,0.7375,0.00010000000000000036,0.5487795582324965
111.25,0.7625,0.00019999999999999985,1.097559116464988
111.25,0.7875000000000001,0.0,0.0
111.25,0.8125,0.0,0.0
111.25,0.8375000000000001,0.0,0.0
111.25,0.8625,0.0,0.0
111.25,0.8875,0.0,0.0
111.25,0.9125000000000001,0.0,0.0
111.25,0.9375,0.0,0.0
111.25,0.9625000000000001,0.0,0.0
111.25,0.9875,0.0,0.0
111.25,1.0125000000000002,0.0,0.0
111.25,1.0375,0.00010000000000000036,0.5487795582324965
111.25,1.0625,0.00010000000000000036,0.5487795582324965
111.25,1.0875,9.999999999999948e-05,0.5487795582324916
111.25,1.1125,0.001100000000000004,6.036575140557461
111.25,1.1375000000000002,0.0017999999999999906,9.87803204818485
111.25,1.1625,0.0039000000000000137,21.40240277106736
111.25,1.1875,0.007999999999999959,43.90236465859933
111.25,1.2125000000000001,0.018300000000000066,100.42665915654686
111.25,1.2375,0.029900000000000107,164.08508791151644
111.25,1.2625000000000002,0.045999999999999756,252.43859678694614
111.25,1.2875,0.07990000000000029,438.4748670277647
111.25,1.3125,0.12689999999999932,696.4012593970318
111.25,1.3375000000000001,0.16060000000000058,881.3399705213893
111.25,1.3625,0.23140000000000083,1269.8758977499967
111.25,1.3875000000000002,0.3022999999999984,1658.960604536822
111.25,1.4125,0.3822000000000013,2097.4354715646014
111.25,1.4375,0.4691999999999975,2574.8736872268505
111.25,1.4625000000000001,0.5332000000000019,2926.092604495671
111.25,1.4875,0.5816000000000021,3191.7019106801995
111.25,1.5125000000000002,0.6240999999999967,3424.93322292898
111.25,1.5375,0.6564000000000024,3602.1890202381073
111.25,1.5625,0.6201999999999966,3403.5308201579123
111.25,1.5875000000000001,0.588200000000002,3227.921361523544
111.25,1.6125,0.5413000000000019,2970.543748712503
111.25,1.6375000000000002,0.47349999999999753,2598.471208230848
111.25,1.6625,0.40830000000000144,2240.666936263283
111.25,1.6875,0.32589999999999825,1788.47258027969
111.25,1.7125000000000001,0.25760000000000094,1413.656142006911
111.25,1.7375,0.20350000000000074,1116.7664010031303
111.25,1.7625000000000002,0.14699999999999921,806.7059506017625
111.25,1.7875,0.1134000000000004,622.3160190356509
111.25,1.8125,0.0754999999999996,414.32856646553114
111.25,1.8375000000000001,0.05030000000000018,276.0361177909457
111.25,1.8625,0.03350000000000012,183.8411520078863
111.25,1.8875000000000002,0.021199999999999886,116.3412663452882
111.25,1.9125,0.015600000000000055,85.60961108426945
111.25,1.9375,0.008999999999999952,49.390160240924246
111.25,1.9625000000000001,0.00550000000000002,30.182875702787303
111.25,1.9875,0.0059000000000000215,32.37799393571729
111.25,2.0125,0.007400000000000026,40.60968730920474
111.25,2.0375,0.010399999999999852,57.07307405617861
111.25,2.0625,0.015200000000000055,83.41449285133946
111.25,2.0875000000000004,0.025500000000000092,139.9387873492866
111.25,2.1125,0.040700000000000146,223.35328020062605
111.25,2.1375,0.06240000000000022,342.4384443370778
111.25,2.1625,0.0919999999999987,504.8771935738878
111.25,2.1875,0.12850000000000045,705.1817323287579
111.25,2.2125000000000004,0.18670000000000064,1024.5714352200707
111.25,2.2375,0.2432000000000009,1334.6318856214314
111.25,2.2625,0.31660000000000116,1737.436081364084
111.25,2.2875,0.40589999999999427,2227.4962268656636
111.25,2.3125,0.5006000000000018,2747.1904685118775
111.25,2.3375000000000004,0.6172000000000022,3387.067433410968
111.25,2.3625,0.7271000000000025,3990.176167908481
111.25,2.3875,0.8389999999999881,4604.260493570563
111.25,2.4125000000000005,0.9354000000000033,5133.283987706772
111.25,2.4375,1.0171000000000037,5581.636886782721
111.25,2.4625000000000004,1.0843000000000038,5950.416749914959
111.25,2.4875,1.1457000000000042,6287.367398669712
111.25,2.5125,1.1405999999999838,6259.379641199744
111.25,2.5375000000000005,1.146500000000004,6291.757635135572
111.25,2.5625,1.115500000000004,6121.635972083498
111.25,2.5875000000000004,1.0613000000000037,5824.197451521484
111.25,2.6125,0.9650000000000034,5295.7227369435905
111.25,2.6375,0.8907999999999874,4888.528304734991
111.25,2.6625000000000005,0.8000000000000028,4390.236465859972
111.25,2.6875,0.6951000000000025,3814.5667092740828
111.25,2.7125000000000004,0.575100000000002,3156.031239395087
111.25,2.7375,0.48550000000000176,2664.3247552187704
111.25,2.7625,0.3867999999999945,2122.6793312432583
111.25,2.7875000000000005,0.3231000000000011,1773.1067526491959
111.25,2.8125,0.24730000000000085,1357.1318475089636
111.25,2.8375000000000004,0.19910000000000072,1092.6201004409004
111.25,2.8625,0.14370000000000052,788.5962251800975
111.25,2.8875,0.10729999999999848,588.8404659834582
111.25,2.9125000000000005,0.0830000000000003,455.48703333297203
111.25,2.9375,0.05920000000000021,324.8774984736379
111.25,2.9625000000000004,0.04680000000000017,256.82883325280835
111.25,2.9875,0.03600000000000013,197.56064096369872
111.25,3.0125,0.0350999999999995,192.6216249396028
111.25,3.0375000000000005,0.03470000000000013,190.4265067066763
111.25,3.0625,0.03970000000000014,217.86548461830108
111.25,3.0875000000000004,0.05280000000000019,289.75560674675813
111.25,3.1125,0.06470000000000023,355.06037417642517
111.25,3.1375,0.08869999999999874,486.7674681522157
111.25,3.1625000000000005,0.10720000000000038,588.2916864252362
111.25,3.1875,0.1384000000000005,759.5109085937751
111.25,3.2125000000000004,0.1678000000000006,920.8520987141289
111.25,3.2375,0.20690000000000072,1135.4249059830352
111.25,3.2625,0.24889999999999646,1365.9123204406594
111.25,3.2875000000000005,0.288900000000001,1585.424143733682
111.25,3.3125,0.33010000000000117,1811.5213217254707
111.25,3.3375000000000004,0.37080000000000135,2034.874601926097
111.25,3.3625,0.4210000000000015,2310.36194015881
111.25,3.3875,0.4524999999999936,2483.227501002002
111.25,3.4125000000000005,0.48970000000000175,2687.373496664535
111.25,3.4375,0.5200000000000018,2853.653702808981
111.25,3.4625000000000004,0.5389000000000019,2957.3730393149235
111.25,3.4875,0.549700000000002,3016.641231604033
111.25,3.5125,0.5464999999999922,2999.0802857405397
111.25,3.5375000000000005,0.555700000000002,3049.5680050979827
111.25,3.5625,0.5253000000000019,2882.739019395304
111.25,3.5875000000000004,0.5020000000000018,2754.8733823271323
111.25,3.6125,0.4680000000000017,2568.2883325280836
111.25,3.6375,0.41809999999999403,2294.4473329700268
111.25,3.6625000000000005,0.38990000000000136,2139.6914975485033
111.25,3.6875,0.35340000000000127,1939.3869587936424
111.25,3.7125000000000004,0.3120000000000011,1712.1922216853889
111.25,3.7375,0.2625000000000009,1440.546340360303
111.25,3.7625,0.22729999999999678,1247.3759358624422
111.25,3.7875000000000005,0.19800000000000073,1086.5835253003431
111.25,3.8125,0.16120000000000057,884.6326478707842
111.25,3.8375000000000004,0.13240000000000046,726.5841350998253
111.25,3.8625,0.10550000000000039,578.9624339352838
111.25,3.8875,0.08259999999999883,453.29191510003403
111.25,3.9125000000000005,0.06600000000000024,362.19450843344765
111.25,3.9375,0.050000000000000176,274.38977911624823
111.25,3.9625000000000004,0.03820000000000014,209.63379124481364
111.25,3.9875,0.0285000000000001,156.4021740962615
111.25,4.0125,0.020799999999999704,114.14614811235722
111.25,4.0375,0.014700000000000314,80.67059506017841
111.25,4.0625,0.011399999999999837,62.560869638503476
111.25,4.0875,0.006499999999999908,35.67067128511164
111.25,4.112500000000001,0.005800000000000124,31.82921437748536
111.25,4.1375,0.003999999999999944,21.95118232929947
111.25,4.1625,0.0037000000000000787,20.304843654602728
111.25,4.1875,0.0014999999999999786,8.2316933734873
111.25,4.2125,0.000999999999999986,5.487795582324868
111.25,4.237500000000001,0.0008000000000000172,4.39023646586005
111.25,4.2625,0.0005999999999999915,3.2926773493949204
111.25,4.2875,0.0,0.0
111.25,4.3125,0.0,0.0
111.25,4.3375,9.999999999999858e-05,0.5487795582324867
111.25,4.362500000000001,0.0,0.0
111.25,4.3875,9.999999999999858e-05,0.5487795582324867
111.25,4.4125,0.00010000000000000215,0.5487795582325062
111.25,4.4375,0.0,0.0
111.25,4.4625,0.0,0.0
111.25,4.487500000000001,0.0,0.0
111.25,4.5125,0.0,0.0
111.25,4.5375,0.0,0.0
111.25,4.5625,0.0,0.0
111.25,4.5875,0.0,0.0
111.25,4.612500000000001,0.0,0.0
111.25,4.6375,0.0,0.0
111.25,4.6625,0.0,0.0
111.25,4.6875,0.0,0.0
111.25,4.7125,0.0,0.0
111.25,4.737500000000001,0.0,0.0
111.25,4.7625,0.0,0.0
111.25,4.7875000000000005,0.0,0.0
111.25,4.8125,0.0,0.0
111.25,4.8375,0.0,0.0
111.25,4.862500000000001,0.0,0.0
111.25,4.8875,0.0,0.0
111.25,4.9125000000000005,0.0,0.0
111.25,4.9375,0.0,0.0
111.25,4.9625,0.0,0.0
111.25,4.987500000000001,0.0,0.0
111.25,5.0125,0.0,0.0
111.25,5.0375000000000005,0.0,0.0
111.25,5.0625,0.0,0.0
111.25,5.0875,0.0,0.0
111.25,5.112500000000001,0.0,0.0
111.25,5.1375,0.0,0.0
111.25,5.1625000000000005,0.0,0.0
111.25,5.1875,0.0,0.0
111.25,5.2125,0.0,0.0
111.25,5.237500000000001,0.0,0.0
111.25,5.2625,0.0,0.0
111.25,5.2875000000000005,0.0,0.0
111.25,5.3125,0.0,0.0
111.25,5.3375,0.0,0.0
111.25,5.362500000000001,0.0,0.0
111.25,5.3875,0.0,0.0
111.25,5.4125000000000005,0.0,0.0
111.25,5.4375,0.0,0.0
111.25,5.4625,0.0,0.0
111.25,5.487500000000001,0.0,0.0
111.25,5.5125,0.0,0.0
111.25,5.5375000000000005,0.0,0.0
111.25,5.5625,0.0,0.0
111.25,5.5875,0.0,0.0
111.25,5.612500000000001,0.0,0.0
111.25,5.6375,0.0,0.0
111.25,5.6625000000000005,0.0,0.0
111.25,5.6875,0.0,0.0
111.25,5.7125,0.0,0.0
111.25,5.737500000000001,0.0,0.0
111.25,5.7625,0.0,0.0
111.25,5.7875000000000005,0.0,0.0
111.25,5.8125,0.0,0.0
111.25,5.8375,0.0,0.0
111.25,5.862500000000001,0.0,0.0
111.25,5.8875,0.0,0.0
111.25,5.9125000000000005,0.0,0.0
111.25,5.9375,0.0,0.0
111.25,5.9625,0.0,0.0
111.25,5.987500000000001,0.0,0.0
111.25,6.0125,0.0,0.0
111.25,6.0375000000000005,0.0,0.0
111.25,6.0625,0.0,0.0
111.25,6.0875,0.0,0.0
111.25,6.112500000000001,0.0,0.0
111.25,6.1375,0.0,0.0
111.25,6.1625000000000005,0.0,0.0
111.25,6.1875,0.0,0.0
111.25,6.2125,0.0,0.0
111.25,6.237500000000001,0.0,0.0
111.25,6.2625,0.0,0.0
111.25,6.2875000000000005,0.0,0.0
111.25,6.3125,0.0,0.0
111.25,6.3375,0.0,0.0
111.25,6.362500000000001,0.0,0.0
111.25,6.3875,0.0,0.0
111.25,6.4125000000000005,0.0,0.0
111.25,6.4375,0.0,0.0
111.25,6.4625,0.0,0.0
111.25,6.487500000000001,0.0,0.0
111.25,6.5125,0.0,0.0
111.25,6.5375000000000005,0.0,0.0
111.25,6.5625,0.0,0.0
111.25,6.5875,0.0,0.0
111.25,6.612500000000001,0.0,0.0
111.25,6.6375,0.0,0.0
111.25,6.6625000000000005,0.0,0.0
111.25,6.6875,0.0,0.0
111.25,6.7125,0.0,0.0
111.25,6.737500000000001,0.0,0.0
111.25,6.7625,0.0,0.0
111.25,6.7875000000000005,0.0,0.0
111.25,6.8125,0.0,0.0
111.25,6.8375,0.0,0.0
111.25,6.862500000000001,0.0,0.0
111.25,6.8875,0.0,0.0
111.25,6.9125000000000005,0.0,0.0
111.25,6.9375,0.0,0.0
111.25,6.9625,0.0,0.0
111.25,6.987500000000001,0.0,0.0
113.75,0.0125,0.0,0.0
113.75,0.037500000000000006,0.0,0.0
113.75,0.0625,0.0,0.0
113.75,0.08750000000000001,0.0,0.0
113.75,0.1125,0.0,0.0
113.75,0.1375,0.0,0.0
113.75,0.16250000000000003,0.0,0.0
113.75,0.1875,0.00010000000000000003,0.8583141169359301
113.75,0.21250000000000002,0.0007000000000000001,6.008198818551509
113.75,0.2375,0.0024000000000000007,20.59953880646232
113.75,0.2625,0.010899999999999991,93.55623874601628
113.75,0.28750000000000003,0.03339999999999997,286.6769150566003
113.75,0.3125,0.0787000000000001,675.4932100285777
113.75,0.3375,0.14319999999999986,1229.1058154522502
113.75,0.36250000000000004,0.2258000000000003,1938.073276041332
113.75,0.3875,0.29109999999999975,2498.5523944004894
113.75,0.41250000000000003,0.3439999999999997,2952.600562259596
113.75,0.4375,0.3389000000000005,2908.8265422958702
113.75,0.4625,0.28909999999999975,2481.3861120617707
113.75,0.48750000000000004,0.2299000000000003,1973.2641548357053
113.75,0.5125,0.15449999999999986,1326.0953106660104
113.75,0.5375000000000001,0.09739999999999992,835.997949895595
113.75,0.5625,0.05709999999999995,490.0973607704155
113.75,0.5875000000000001,0.03169999999999997,272.0855750686895
113.75,0.6125,0.01720000000000006,147.63002811298043
113.75,0.6375,0.006499999999999994,55.79041760083538
113.75,0.6625000000000001,0.002199999999999998,18.88291057259044
113.75,0.6875,0.0006999999999999993,6.008198818551503
113.75,0.7125000000000001,0.0005999999999999995,5.149884701615575
113.75,0.7375,0.0,0.0
113.75,0.7625,9.999999999999992e-05,0.8583141169359292
113.75,0.7875000000000001,0.0,0.0
113.75,0.8125,0.0,0.0
113.75,0.8375000000000001,0.0,0.0
113.75,0.8625,0.0,0.0
113.75,0.8875,0.0,0.0
113.75,0.9125000000000001,9.999999999999992e-05,0.8583141169359292
113.75,0.9375,0.0,0.0
113.75,0.9625000000000001,0.0,0.0
113.75,0.9875,0.00010000000000000036,0.8583141169359328
113.75,1.0125000000000002,0.0,0.0
113.75,1.0375,0.0,0.0
113.75,1.0625,0.00020000000000000071,1.7166282338718657
113.75,1.0875,0.0007999999999999958,6.866512935487402
113.75,1.1125,0.001100000000000004,9.441455286295263
113.75,1.1375000000000002,0.001699999999999991,14.59133998791073
113.75,1.1625,0.004200000000000015,36.049192911309184
113.75,1.1875,0.009099999999999952,78.1065846411692
113.75,1.2125000000000001,0.018400000000000066,157.92979751621164
113.75,1.2375,0.029600000000000105,254.06097861303613
113.75,1.2625000000000002,0.04919999999999974,422.2905455324752
113.75,1.2875,0.07590000000000027,651.4604147543731
113.75,1.3125,0.12359999999999934,1060.8762485328036
113.75,1.3375000000000001,0.17790000000000064,1526.9408140290248
113.75,1.3625,0.23470000000000085,2014.4632324486347
113.75,1.3875000000000002,0.31829999999999825,2732.0138342070495
113.75,1.4125,0.3782000000000013,3246.1439902516977
113.75,1.4375,0.4623999999999976,3968.844476711719
113.75,1.4625000000000001,0.5325000000000019,4570.522672683842
113.75,1.4875,0.6039000000000021,5183.358952176098
113.75,1.5125000000000002,0.6218999999999967,5337.855493224519
113.75,1.5375,0.6298000000000021,5405.662308462504
113.75,1.5625,0.6189999999999967,5312.964383833377
113.75,1.5875000000000001,0.6016000000000021,5163.617727486572
113.75,1.6125,0.551200000000002,4731.027412550862
113.75,1.6375000000000002,0.4750999999999974,4077.8503695625805
113.75,1.6625,0.3966000000000014,3404.07378776791
113.75,1.6875,0.3339999999999982,2866.76915056599
113.75,1.7125000000000001,0.269900000000001,2316.5898016100828
113.75,1.7375,0.20310000000000072,1743.2359714968798
113.75,1.7625000000000002,0.15949999999999914,1369.0110165128008
113.75,1.7875,0.11660000000000041,1000.7942603472977
113.75,1.8125,0.07239999999999962,621.4194206616099
113.75,1.8375000000000001,0.05170000000000018,443.7483984558773
113.75,1.8625,0.033100000000000115,284.10197270579374
113.75,1.8875000000000002,0.022199999999999883,190.54573395977542
113.75,1.9125,0.015600000000000055,133.89700224200553
113.75,1.9375,0.010999999999999942,94.41455286295178
113.75,1.9625000000000001,0.006900000000000024,59.22367406857936
113.75,1.9875,0.006500000000000023,55.79041760083564
113.75,2.0125,0.007700000000000027,66.09018700406683
113.75,2.0375,0.011599999999999834,99.56443756456643
113.75,2.0625,0.01740000000000006,149.3466563468523
113.75,2.0875000000000004,0.027400000000000094,235.17806804044557
113.75,2.1125,0.04630000000000016,397.3994361413369
113.75,2.1375,0.06010000000000021,515.8467842784956
113.75,2.1625,0.09559999999999864,820.5482957907373
113.75,2.1875,0.13510000000000047,1159.5823719804453
113.75,2.2125000000000004,0.18890000000000068,1621.3553668919772
113.75,2.2375,0.24590000000000087,2110.594413545459
113.75,2.2625,0.3186000000000011,2734.588776557882
113.75,2.2875,0.4021999999999943,3452.1393783162607
113.75,2.3125,0.5125000000000018,4398.859849296656
113.75,2.3375000000000004,0.6183000000000022,5306.956185014873
113.75,2.3625,0.7193000000000025,6173.853443120164
113.75,2.3875,0.8119999999999884,6969.51062951965
113.75,2.4125000000000005,0.9270000000000034,7956.571863996099
113.75,2.4375,0.9876000000000035,8476.710218859273
113.75,2.4625000000000004,1.077000000000004,9244.043039399998
113.75,2.4875,1.1274000000000042,9676.633354335709
113.75,2.5125,1.1404999999999839,9789.07250365414
113.75,2.5375000000000005,1.133100000000004,9725.557259001054
113.75,2.5625,1.091700000000004,9370.21521458958
113.75,2.5875000000000004,1.0396000000000036,8923.033559665957
113.75,2.6125,0.9597000000000034,8237.240580234147
113.75,2.6375,0.8757999999999876,7517.115036124766
113.75,2.6625000000000005,0.7713000000000028,6620.1767839268505
113.75,2.6875,0.6840000000000025,5870.8685598417815
113.75,2.7125000000000004,0.5938000000000021,5096.66922636557
113.75,2.7375,0.4982000000000018,4276.120930574818
113.75,2.7625,0.3942999999999944,3384.332563078323
113.75,2.7875000000000005,0.3147000000000011,2701.1145259973805
113.75,2.8125,0.2547000000000009,2186.1260558358213
113.75,2.8375000000000004,0.1931000000000007,1657.4045598032865
113.75,2.8625,0.15570000000000056,1336.3950800692476
113.75,2.8875,0.11109999999999842,953.5869839158045
113.75,2.9125000000000005,0.08590000000000031,737.2918264479664
113.75,2.9375,0.06110000000000022,524.429925447855
113.75,2.9625000000000004,0.04910000000000018,421.4322314155431
113.75,2.9875,0.04100000000000015,351.9087879437325
113.75,3.0125,0.03489999999999951,299.5516268106353
113.75,3.0375000000000005,0.038400000000000135,329.5926209033982
113.75,3.0625,0.04480000000000015,384.52472438729785
113.75,3.0875000000000004,0.04840000000000017,415.4240325969915
113.75,3.1125,0.06950000000000024,596.5283112704733
113.75,3.1375,0.08219999999999883,705.5342041213243
113.75,3.1625000000000005,0.11300000000000039,969.894952137604
113.75,3.1875,0.13360000000000047,1146.7076602264062
113.75,3.2125000000000004,0.1698000000000006,1457.4173705572139
113.75,3.2375,0.1990000000000007,1708.0450927025063
113.75,3.2625,0.2474999999999965,2124.3274394163964
113.75,3.2875000000000005,0.29430000000000106,2526.0184461424506
113.75,3.3125,0.3356000000000012,2880.5021764369903
113.75,3.3375000000000004,0.3772000000000013,3237.5608490823383
113.75,3.3625,0.4254000000000015,3651.2682534454584
113.75,3.3875,0.45699999999999347,3922.4955143971433
113.75,3.4125000000000005,0.4761000000000017,4086.433510731976
113.75,3.4375,0.5196000000000018,4459.800151599107
113.75,3.4625000000000004,0.5331000000000019,4575.672557385458
113.75,3.4875,0.5404000000000019,4638.329487921781
113.75,3.5125,0.5486999999999922,4709.56955962738
113.75,3.5375000000000005,0.542800000000002,4658.929026728244
113.75,3.5625,0.5161000000000019,4429.75915750635
113.75,3.5875000000000004,0.4968000000000018,4264.104532937715
113.75,3.6125,0.4656000000000016,3996.3105284537032
113.75,3.6375,0.4363999999999938,3745.6828063083444
113.75,3.6625000000000005,0.3928000000000014,3371.4578513243446
113.75,3.6875,0.35550000000000126,3051.3066857072413
113.75,3.7125000000000004,0.31870000000000115,2735.4470906748184
113.75,3.7375,0.27170000000000094,2332.0394557149293
113.75,3.7625,0.22219999999999684,1907.173967831609
113.75,3.7875000000000005,0.1926000000000007,1653.1129892186068
113.75,3.8125,0.15730000000000058,1350.1281059402227
113.75,3.8375000000000004,0.1344000000000005,1153.574173161894
113.75,3.8625,0.10270000000000036,881.488598093203
113.75,3.8875,0.08219999999999883,705.5342041213243
113.75,3.9125000000000005,0.06940000000000025,595.6699971535375
113.75,3.9375,0.05250000000000019,450.6149113913648
113.75,3.9625000000000004,0.03830000000000014,328.7343067864623
113.75,3.9875,0.028700000000000104,246.33615156061276
113.75,4.0125,0.021599999999999692,185.3958492581582
113.75,4.0375,0.017000000000000362,145.91339987911118
113.75,4.0625,0.010199999999999855,87.54803992746359
113.75,4.0875,0.008199999999999883,70.38175758874524
113.75,4.112500000000001,0.004600000000000098,39.48244937905361
113.75,4.1375,0.003599999999999949,30.899308209693036
113.75,4.1625,0.0025000000000000534,21.457852923398704
113.75,4.1875,0.001699999999999976,14.591339987910601
113.75,4.2125,0.00139999999999998,12.016397637102846
113.75,4.237500000000001,0.0005000000000000106,4.29157058467974
113.75,4.2625,0.0007999999999999887,6.866512935487341
113.75,4.2875,0.0003000000000000064,2.5749423508078446
113.75,4.3125,0.00019999999999999716,1.7166282338718353
113.75,4.3375,9.999999999999858e-05,0.8583141169359176
113.75,4.362500000000001,0.0,0.0
113.75,4.3875,0.0,0.0
113.75,4.4125,0.0,0.0
113.75,4.4375,0.0,0.0
113.75,4.4625,0.0,0.0
113.75,4.487500000000001,0.0,0.0
113.75,4.5125,0.0,0.0
113.75,4.5375,0.0,0.0
113.75,4.5625,0.0,0.0
113.75,4.5875,0.0,0.0
113.75,4.612500000000001,0.0,0.0
113.75,4.6375,0.0,0.0
113.75,4.6625,0.0,0.0
113.75,4.6875,0.0,0.0
113.75,4.7125,0.0,0.0
113.75,4.737500000000001,0.0,0.0
113.75,4.7625,0.0,0.0
113.75,4.7875000000000005,0.0,0.0
113.75,4.8125,0.0,0.0
113.75,4.8375,0.0,0.0
113.75,4.862500000000001,0.0,0.0
113.75,4.8875,0.0,0.0
113.75,4.9125000000000005,0.0,0.0
113.75,4.9375,0.0,0.0
113.75,4.9625,0.0,0.0
113.75,4.987500000000001,0.0,0.0
113.75,5.0125,0.0,0.0
113.75,5.0375000000000005,0.0,0.0
113.75,5.0625,0.0,0.0
113.75,5.0875,0.0,0.0
113.75,5.112500000000001,0.0,0.0
113.75,5.1375,0.0,0.0
113.75,5.1625000000000005,0.0,0.0
113.75,5.1875,0.0,0.0
113.75,5.2125,0.0,0.0
113.75,5.237500000000001,0.0,0.0
113.75,5.2625,0.0,0.0
113.75,5.2875000000000005,0.0,0.0
113.75,5.3125,0.0,0.0
113.75,5.3375,0.0,0.0
113.75,5.362500000000001,0.0,0.0
113.75,5.3875,0.0,0.0
113.75,5.4125000000000005,0.0,0.0
113.75,5.4375,0.0,0.0
113.75,5.4625,0.0,0.0
113.75,5.487500000000001,0.0,0.0
113.75,5.5125,0.0,0.0
113.75,5.5375000000000005,0.0,0.0
113.75,5.5625,0.0,0.0
113.75,5.5875,0.0,0.0
113.75,5.612500000000001,0.0,0.0
113.75,5.6375,0.0,0.0
113.75,5.6625000000000005,0.0,0.0
113.75,5.6875,0.0,0.0
113.75,5.7125,0.0,0.0
113.75,5.737500000000001,0.0,0.0
113.75,5.7625,0.0,0.0
113.75,5.7875000000000005,0.0,0.0
113.75,5.8125,0.0,0.0
113.75,5.8375,0.0,0.0
113.75,5.862500000000001,0.0,0.0
113.75,5.8875,0.0,0.0
113.75,5.9125000000000005,0.0,0.0
113.75,5.9375,0.0,0.0
113.75,5.9625,0.0,0.0
113.75,5.987500000000001,0.0,0.0
113.75,6.0125,0.0,0.0
113.75,6.0375000000000005,0.0,0.0
113.75,6.0625,0.0,0.0
113.75,6.0875,0.0,0.0
113.75,6.112500000000001,0.0,0.0
113.75,6.1375,0.0,0.0
113.75,6.1625000000000005,0.0,0.0
113.75,6.1875,0.0,0.0
113.75,6.2125,0.0,0.0
113.75,6.237500000000001,0.0,0.0
113.75,6.2625,0.0,0.0
113.75,6.2875000000000005,0.0,0.0
113.75,6.3125,0.0,0.0
113.75,6.3375,0.0,0.0
113.75,6.362500000000001,0.0,0.0
113.75,6.3875,0.0,0.0
113.75,6.4125000000000005,0.0,0.0
113.75,6.4375,0.0,0.0
113.75,6.4625,0.0,0.0
113.75,6.487500000000001,0.0,0.0
113.75,6.5125,0.0,0.0
113.75,6.5375000000000005,0.0,0.0
113.75,6.5625,0.0,0.0
113.75,6.5875,0.0,0.0
113.75,6.612500000000001,0.0,0.0
113.75,6.6375,0.0,0.0
113.75,6.6625000000000005,0.0,0.0
113.75,6.6875,0.0,0.0
113.75,6.7125,0.0,0.0
113.75,6.737500000000001,0.0,0.0
113.75,6.7625,0.0,0.0
113.75,6.7875000000000005,0.0,0.0
113.75,6.8125,0.0,0.0
113.75,6.8375,0.0,0.0
113.75,6.862500000000001,0.0,0.0
113.75,6.8875,0.0,0.0
113.75,6.9125000000000005,0.0,0.0
113.75,6.9375,0.0,0.0
113.75,6.9625,0.0,0.0
113.75,6.987500000000001,0.0,0.0
116.25,0.0125,0.0,0.0
116.25,0.037500000000000006,0.0,0.0
116.25,0.0625,0.0,0.0
116.25,0.08750000000000001,0.0,0.0
116.25,0.1125,0.0,0.0
116.25,0.1375,0.0,0.0
116.25,0.16250000000000003,0.0,0.0
116.25,0.1875,0.00020000000000000006,2.417584177782755
116.25,0.21250000000000002,0.00040000000000000013,4.83516835556551
116.25,0.2375,0.0025000000000000005,30.219802222284432
116.25,0.2625,0.01059999999999999,128.13196142248583
116.25,0.28750000000000003,0.03329999999999997,402.52776560082816
116.25,0.3125,0.0726000000000001,877.5830565351408
116.25,0.3375,0.1415999999999999,1711.6495978701885
116.25,0.36250000000000004,0.2223000000000003,2687.1448136055346
116.25,0.3875,0.28369999999999973,3429.3431561848333
116.25,0.41250000000000003,0.3344999999999997,4043.409537341652
116.25,0.4375,0.3240000000000004,3916.486368008066
116.25,0.4625,0.28869999999999973,3489.782760629402
116.25,0.48750000000000004,0.21190000000000028,2561.430436360831
116.25,0.5125,0.16559999999999983,2001.7596992041183
116.25,0.5375000000000001,0.09849999999999991,1190.6602075580051
116.25,0.5625,0.05139999999999995,621.3191336901672
116.25,0.5875000000000001,0.03259999999999997,394.06622097858855
116.25,0.6125,0.015500000000000054,187.36277377816407
116.25,0.6375,0.005399999999999995,65.2747728001343
116.25,0.6625000000000001,0.0031999999999999976,38.681346844524036
116.25,0.6875,0.0004999999999999996,6.0439604444568795
116.25,0.7125000000000001,0.0,0.0
116.25,0.7375,0.00010000000000000036,1.2087920888913812
116.25,0.7625,9.999999999999992e-05,1.2087920888913761
116.25,0.7875000000000001,0.0,0.0
116.25,0.8125,0.0,0.0
116.25,0.8375000000000001,0.0,0.0
116.25,0.8625,0.0,0.0
116.25,0.8875,0.0,0.0
116.25,0.9125000000000001,0.0,0.0
116.25,0.9375,0.0,0.0
116.25,0.9625000000000001,0.0,0.0
116.25,0.9875,0.0,0.0
116.25,1.0125000000000002,0.0,0.0
116.25,1.0375,0.0,0.0
116.25,1.0625,0.00020000000000000071,2.4175841777827625
116.25,1.0875,0.0008999999999999953,10.879128800022336
116.25,1.1125,0.0008000000000000029,9.67033671113105
116.25,1.1375000000000002,0.0028999999999999846,35.054970577849744
116.25,1.1625,0.0059000000000000215,71.3187332445915
116.25,1.1875,0.011399999999999938,137.80229813361623
116.25,1.2125000000000001,0.018500000000000065,223.62653644490553
116.25,1.2375,0.03230000000000011,390.4398447119161
116.25,1.2625000000000002,0.056099999999999706,678.132361868059
116.25,1.2875,0.08180000000000029,988.7919287131499
116.25,1.3125,0.11919999999999936,1440.8801699585138
116.25,1.3375000000000001,0.18480000000000066,2233.8477802712728
116.25,1.3625,0.24580000000000088,2971.2109544950154
116.25,1.3875000000000002,0.31689999999999835,3830.6621296967537
116.25,1.4125,0.38190000000000135,4616.376987476185
116.25,1.4375,0.47929999999999745,5793.740482056339
116.25,1.4625000000000001,0.5254000000000019,6350.993635035317
116.25,1.4875,0.571400000000002,6907.037995925352
116.25,1.5125000000000002,0.5985999999999968,7235.829444103744
116.25,1.5375,0.6175000000000022,7464.291148904279
116.25,1.5625,0.6020999999999967,7278.137167214942
116.25,1.5875000000000001,0.5689000000000021,6876.818193703069
116.25,1.6125,0.5414000000000019,6544.400369257938
116.25,1.6375000000000002,0.4733999999999975,5722.421748811748
116.25,1.6625,0.40670000000000145,4916.157425521248
116.25,1.6875,0.3477999999999981,4204.178885164186
116.25,1.7125000000000001,0.26600000000000096,3215.386956451074
116.25,1.7375,0.22120000000000078,2673.848100627735
116.25,1.7625000000000002,0.15859999999999916,1917.1442529817136
116.25,1.7875,0.11410000000000041,1379.2317734250662
116.25,1.8125,0.08479999999999954,1025.055691379882
116.25,1.8375000000000001,0.0549000000000002,663.6268568013684
116.25,1.8625,0.03760000000000013,454.50582542315937
116.25,1.8875000000000002,0.02829999999999985,342.08816115625785
116.25,1.9125,0.014700000000000052,177.69243706703304
116.25,1.9375,0.011799999999999937,142.63746648918172
116.25,1.9625000000000001,0.0071000000000000256,85.82423831128807
116.25,1.9875,0.007700000000000027,93.07699084463636
116.25,2.0125,0.009200000000000033,111.20887217800708
116.25,2.0375,0.0139999999999998,169.23089244479036
116.25,2.0625,0.020200000000000072,244.17600195605903
116.25,2.0875000000000004,0.029500000000000103,356.59366622295744
116.25,2.1125,0.047800000000000176,577.8026184900804
116.25,2.1375,0.07030000000000025,849.780838490641
116.25,2.1625,0.09779999999999861,1182.19866293575
116.25,2.1875,0.14450000000000052,1746.704568448046
116.25,2.2125000000000004,0.18550000000000066,2242.3093248935124
116.25,2.2375,0.24800000000000086,2997.804380450625
116.25,2.2625,0.3164000000000011,3824.6181692523305
116.25,2.2875,0.4078999999999942,4930.662930587857
116.25,2.3125,0.5187000000000018,6270.004565079595
116.25,2.3375000000000004,0.6214000000000022,7511.434040371043
116.25,2.3625,0.7195000000000026,8697.259079573489
116.25,2.3875,0.8297999999999882,10030.556753620504
116.25,2.4125000000000005,0.9319000000000033,11264.733476378782
116.25,2.4375,1.0098000000000036,12206.382513625169
116.25,2.4625000000000004,1.0629000000000037,12848.25111282649
116.25,2.4875,1.111500000000004,13435.724068027703
116.25,2.5125,1.1153999999999842,13482.866959494228
116.25,2.5375000000000005,1.118200000000004,13516.713137983426
116.25,2.5625,1.0886000000000038,13158.910679671575
116.25,2.5875000000000004,1.0390000000000037,12559.349803581452
116.25,2.6125,0.9730000000000034,11761.54702491314
116.25,2.6375,0.8870999999999873,10723.194620555252
116.25,2.6625000000000005,0.7881000000000028,9526.490452552976
116.25,2.6875,0.6962000000000025,8415.610522861796
116.25,2.7125000000000004,0.593400000000002,7172.972255481455
116.25,2.7375,0.4939000000000018,5970.224127034532
116.25,2.7625,0.41179999999999417,4977.80582205462
116.25,2.7875000000000005,0.31980000000000114,3865.7171002746372
116.25,2.8125,0.2546000000000009,3077.5846583174566
116.25,2.8375000000000004,0.1967000000000007,2377.694038849347
116.25,2.8625,0.15410000000000054,1862.7486089816184
116.25,2.8875,0.1193999999999983,1443.2977541362836
116.25,2.9125000000000005,0.09270000000000034,1120.5502664023106
116.25,2.9375,0.06850000000000024,828.0225808905961
116.25,2.9625000000000004,0.05540000000000019,669.6708172458252
116.25,2.9875,0.04290000000000015,518.5718061344026
116.25,3.0125,0.04169999999999941,504.0663010676971
116.25,3.0375000000000005,0.04380000000000016,529.450934934425
116.25,3.0625,0.04260000000000015,514.9454298677284
116.25,3.0875000000000004,0.0571000000000002,690.2202827569787
116.25,3.1125,0.06720000000000025,812.3082837350083
116.25,3.1375,0.0921999999999987,1114.5063059578338
116.25,3.1625000000000005,0.1143000000000004,1381.6493576028488
116.25,3.1875,0.1414000000000005,1709.2320136924131
116.25,3.2125000000000004,0.16820000000000063,2033.1882935153037
116.25,3.2375,0.21120000000000075,2552.9688917385974
116.25,3.2625,0.2482999999999965,3001.430756717247
116.25,3.2875000000000005,0.293600000000001,3549.0135729850954
116.25,3.3125,0.32680000000000115,3950.332546497034
116.25,3.3375000000000004,0.3696000000000013,4467.6955605425455
116.25,3.3625,0.4054000000000014,4900.4431283656595
116.25,3.3875,0.4502999999999936,5443.190776277793
116.25,3.4125000000000005,0.4705000000000017,5687.366778233949
116.25,3.4375,0.5145000000000018,6219.235297346157
116.25,3.4625000000000004,0.5291000000000019,6395.718942324299
116.25,3.4875,0.5361000000000019,6480.334388546695
116.25,3.5125,0.5319999999999924,6430.773912902034
116.25,3.5375000000000005,0.5253000000000019,6349.784842946426
116.25,3.5625,0.5211000000000018,6299.015575212987
116.25,3.5875000000000004,0.4867000000000017,5883.191096634352
116.25,3.6125,0.4550000000000016,5500.0040044557845
116.25,3.6375,0.43169999999999387,5218.355447744
116.25,3.6625000000000005,0.38070000000000137,4601.871482409489
116.25,3.6875,0.34970000000000123,4227.14593485316
116.25,3.7125000000000004,0.3121000000000011,3772.640109430001
116.25,3.7375,0.26890000000000097,3250.4419270289245
116.25,3.7625,0.23089999999999672,2791.10093325015
116.25,3.7875000000000005,0.2012000000000007,2432.089682849459
116.25,3.8125,0.1625000000000006,1964.2871444484947
116.25,3.8375000000000004,0.13560000000000047,1639.122072536713
116.25,3.8625,0.1102000000000004,1332.0888819583022
116.25,3.8875,0.08769999999999875,1060.1106619577224
116.25,3.9125000000000005,0.06990000000000024,844.9456701350754
116.25,3.9375,0.0558000000000002,674.5059856013908
116.25,3.9625000000000004,0.040900000000000145,494.39596435657495
116.25,3.9875,0.029400000000000103,355.3848741340661
116.25,4.0125,0.02389999999999966,288.901309245035
116.25,4.0375,0.018900000000000403,228.4617048004751
116.25,4.0625,0.011499999999999837,139.01109022250637
116.25,4.0875,0.007899999999999888,95.49457502241742
116.25,4.112500000000001,0.0069000000000001465,83.40665413350678
116.25,4.1375,0.005399999999999923,65.27477280013343
116.25,4.1625,0.004100000000000087,49.56047564454751
116.25,4.1875,0.002399999999999966,29.011010133392638
116.25,4.2125,0.001999999999999972,24.1758417778272
116.25,4.237500000000001,0.0007000000000000148,8.461544622239819
116.25,4.2625,0.0005999999999999915,7.2527525333481595
116.25,4.2875,0.0007000000000000148,8.461544622239819
116.25,4.3125,9.999999999999858e-05,1.20879208889136
116.25,4.3375,9.999999999999858e-05,1.20879208889136
116.25,4.362500000000001,0.00010000000000000215,1.208792088891403
116.25,4.3875,0.0,0.0
116.25,4.4125,0.0002000000000000043,2.417584177782806
116.25,4.4375,0.0,0.0
116.25,4.4625,0.0,0.0
116.25,4.487500000000001,0.0,0.0
116.25,4.5125,0.0,0.0
116.25,4.5375,0.0,0.0
116.25,4.5625,0.0,0.0
116.25,4.5875,0.0,0.0
116.25,4.612500000000001,0.0,0.0
116.25,4.6375,0.0,0.0
116.25,4.6625,0.0,0.0
116.25,4.6875,0.0,0.0
116.25,4.7125,0.0,0.0
116.25,4.737500000000001,0.0,0.0
116.25,4.7625,0.0,0.0
116.25,4.7875000000000005,0.0,0.0
116.25,4.8125,0.0,0.0
116.25,4.8375,0.0,0.0
116.25,4.862500000000001,0.0,0.0
116.25,4.8875,0.0,0.0
116.25,4.9125000000000005,0.0,0.0
116.25,4.9375,0.0,0.0
116.25,4.9625,0.0,0.0
116.25,4.987500000000001,0.0,0.0
116.25,5.0125,0.0,0.0
116.25,5.0375000000000005,0.0,0.0
116.25,5.0625,0.0,0.0
116.25,5.0875,0.0,0.0
116.25,5.112500000000001,0.0,0.0
116.25,5.1375,0.0,0.0
116.25,5.1625000000000005,0.0,0.0
116.25,5.1875,0.0,0.0
116.25,5.2125,0.0,0.0
116.25,5.237500000000001,0.0,0.0
116.25,5.2625,0.0,0.0
116.25,5.2875000000000005,0.0,0.0
116.25,5.3125,0.0,0.0
116.25,5.3375,0.0,0.0
116.25,5.362500000000001,0.0,0.0
116.25,5.3875,0.0,0.0
116.25,5.4125000000000005,0.0,0.0
116.25,5.4375,0.0,0.0
116.25,5.4625,0.0,0.0
116.25,5.487500000000001,0.0,0.0
116.25,5.5125,0.0,0.0
116.25,5.5375000000000005,0.0,0.0
116.25,5.5625,0.0,0.0
116.25,5.5875,0.0,0.0
116.25,5.612500000000001,0.0,0.0
116.25,5.6375,0.0,0.0
116.25,5.6625000000000005,0.0,0.0
116.25,5.6875,0.0,0.0
116.25,5.7125,0.0,0.0
116.25,5.737500000000001,0.0,0.0
116.25,5.7625,0.0,0.0
116.25,5.7875000000000005,0.0,0.0
116.25,5.8125,0.0,0.0
116.25,5.8375,0.0,0.0
116.25,5.862500000000001,0.0,0.0
116.25,5.8875,0.0,0.0
116.25,5.9125000000000005,0.0,0.0
116.25,5.9375,0.0,0.0
116.25,5.9625,0.0,0.0
116.25,5.987500000000001,0.0,0.0
116.25,6.0125,0.0,0.0
116.25,6.0375000000000005,0.0,0.0
116.25,6.0625,0.0,0.0
116.25,6.0875,0.0,0.0
116.25,6.112500000000001,0.0,0.0
116.25,6.1375,0.0,0.0
116.25,6.1625000000000005,0.0,0.0
116.25,6.1875,0.0,0.0
116.25,6.2125,0.0,0.0
116.25,6.237500000000001,0.0,0.0
116.25,6.2625,0.0,0.0
116.25,6.2875000000000005,0.0,0.0
116.25,6.3125,0.0,0.0
116.25,6.3375,0.0,0.0
116.25,6.362500000000001,0.0,0.0
116.25,6.3875,0.0,0.0
116.25,6.4125000000000005,0.0,0.0
116.25,6.4375,0.0,0.0
116.25,6.4625,0.0,0.0
116.25,6.487500000000001,0.0,0.0
116.25,6.5125,0.0,0.0
116.25,6.5375000000000005,0.0,0.0
116.25,6.5625,0.0,0.0
116.25,6.5875,0.0,0.0
116.25,6.612500000000001,0.0,0.0
116.25,6.6375,0.0,0.0
116.25,6.6625000000000005,0.0,0.0
116.25,6.6875,0.0,0.0
116.25,6.7125,0.0,0.0
116.25,6.737500000000001,0.0,0.0
116.25,6.7625,0.0,0.0
116.25,6.7875000000000005,0.0,0.0
116.25,6.8125,0.0,0.0
116.25,6.8375,0.0,0.0
116.25,6.862500000000001,0.0,0.0
116.25,6.8875,0.0,0.0
116.25,6.9125000000000005,0.0,0.0
116.25,6.9375,0.0,0.0
116.25,6.9625,0.0,0.0
116.25,6.987500000000001,0.0,0.0
118.75,0.0125,0.0,0.0
118.75,0.037500000000000006,0.0,0.0
118.75,0.0625,0.0,0.0
118.75,0.08750000000000001,0.0,0.0
118.75,0.1125,0.0,0.0
118.75,0.1375,0.0,0.0
118.75,0.16250000000000003,0.0,0.0
118.75,0.1875,0.00020000000000000006,3.0098945267050348
118.75,0.21250000000000002,0.0010000000000000002,15.049472633525173
118.75,0.2375,0.0023000000000000004,34.61378705710789
118.75,0.2625,0.014199999999999987,213.7025113960572
118.75,0.28750000000000003,0.03529999999999997,531.246383963438
118.75,0.3125,0.0806000000000001,1212.9874942621302
118.75,0.3375,0.14359999999999987,2161.104270174212
118.75,0.36250000000000004,0.2264000000000003,3407.2006042301027
118.75,0.3875,0.28489999999999976,4287.594753291317
118.75,0.41250000000000003,0.3314999999999997,4988.900178013589
118.75,0.4375,0.3238000000000004,4873.019238735456
118.75,0.4625,0.28709999999999974,4320.7035930850725
118.75,0.48750000000000004,0.23220000000000032,3494.487545504549
118.75,0.5125,0.15949999999999984,2400.390885047262
118.75,0.5375000000000001,0.1055999999999999,1589.2243101002564
118.75,0.5625,0.060299999999999944,907.4831998015668
118.75,0.5875000000000001,0.03359999999999997,505.66228048644524
118.75,0.6125,0.01710000000000006,257.3459820332813
118.75,0.6375,0.009099999999999992,136.95020096507892
118.75,0.6625000000000001,0.002399999999999998,36.118734320460376
118.75,0.6875,0.0013999999999999987,21.069261686935217
118.75,0.7125000000000001,0.0004999999999999996,7.524736316762578
118.75,0.7375,0.00010000000000000036,1.5049472633525223
118.75,0.7625,9.999999999999992e-05,1.5049472633525158
118.75,0.7875000000000001,9.999999999999992e-05,1.5049472633525158
118.75,0.8125,9.999999999999992e-05,1.5049472633525158
118.75,0.8375000000000001,0.0,0.0
118.75,0.8625,0.0,0.0
118.75,0.8875,0.0,0.0
118.75,0.9125000000000001,0.0,0.0
118.75,0.9375,0.0,0.0
118.75,0.9625000000000001,0.0,0.0
118.75,0.9875,0.0,0.0
118.75,1.0125000000000002,0.0,0.0
118.75,1.0375,0.00020000000000000071,3.0098945267050445
118.75,1.0625,0.00030000000000000106,4.514841790057567
118.75,1.0875,0.0007999999999999958,12.039578106820072
118.75,1.1125,0.0009000000000000032,13.5445253701727
118.75,1.1375000000000002,0.002799999999999985,42.13852337387024
118.75,1.1625,0.005400000000000019,81.2671522210362
118.75,1.1875,0.011599999999999938,174.57388254889102
118.75,1.2125000000000001,0.02210000000000008,332.59334520090744
118.75,1.2375,0.032600000000000115,490.61280785292223
118.75,1.2625000000000002,0.057899999999999695,871.3644654811027
118.75,1.2875,0.09750000000000035,1467.3235817687093
118.75,1.3125,0.12889999999999932,1939.877022461384
118.75,1.3375000000000001,0.1690000000000006,2543.3608750657627
118.75,1.3625,0.24170000000000086,3637.4575355230463
118.75,1.3875000000000002,0.31249999999999833,4702.96019797659
118.75,1.4125,0.38450000000000134,5786.522227590448
118.75,1.4375,0.46119999999999756,6940.816778581771
118.75,1.4625000000000001,0.5187000000000018,7806.161455009533
118.75,1.4875,0.552100000000002,8308.813840969276
118.75,1.5125000000000002,0.5873999999999969,8840.060224932638
118.75,1.5375,0.6010000000000021,9044.733052748657
118.75,1.5625,0.6003999999999968,9035.703369168463
118.75,1.5875000000000001,0.563400000000002,8478.87288172811
118.75,1.6125,0.5115000000000018,7697.8052520481515
118.75,1.6375000000000002,0.47879999999999745,7205.687496931812
118.75,1.6625,0.4010000000000014,6034.838526043614
118.75,1.6875,0.33149999999999824,4988.900178013567
118.75,1.7125000000000001,0.276900000000001,4167.198972223134
118.75,1.7375,0.21500000000000075,3235.6366162079225
118.75,1.7625000000000002,0.15979999999999916,2404.9057268373094
118.75,1.7875,0.11940000000000042,1796.9070324429115
118.75,1.8125,0.08959999999999951,1348.4327479638478
118.75,1.8375000000000001,0.06460000000000023,972.1959321257293
118.75,1.8625,0.03990000000000014,600.4739580776563
118.75,1.8875000000000002,0.027899999999999852,419.88028647535
118.75,1.9125,0.018200000000000063,273.90040193015903
118.75,1.9375,0.01299999999999993,195.64314423582616
118.75,1.9625000000000001,0.010300000000000038,155.0095681253098
118.75,1.9875,0.007400000000000026,111.36609748808665
118.75,2.0125,0.01160000000000004,174.57388254889258
118.75,2.0375,0.015699999999999777,236.2767203463418
118.75,2.0625,0.02260000000000008,340.11808151767
118.75,2.0875000000000004,0.035900000000000126,540.2760675435554
118.75,2.1125,0.048200000000000166,725.3845809359157
118.75,2.1375,0.07170000000000025,1079.0471878237583
118.75,2.1625,0.10249999999999855,1542.570944936308
118.75,2.1875,0.14650000000000052,2204.747740811445
118.75,2.2125000000000004,0.19070000000000067,2869.93443121326
118.75,2.2375,0.2573000000000009,3872.22930860604
118.75,2.2625,0.3334000000000012,5017.49417601731
118.75,2.2875,0.421699999999994,6346.362609557474
118.75,2.3125,0.5128000000000018,7717.369566471734
118.75,2.3375000000000004,0.6181000000000022,9302.07903478194
118.75,2.3625,0.7256000000000026,10919.8973428859
118.75,2.3875,0.8274999999999882,12453.438604241901
118.75,2.4125000000000005,0.9107000000000032,13705.554727351418
118.75,2.4375,0.9722000000000035,14631.097294313222
118.75,2.4625000000000004,1.0522000000000036,15835.055104995237
118.75,2.4875,1.0760000000000038,16193.23255367314
118.75,2.5125,1.1159999999999841,16795.211459013848
118.75,2.5375000000000005,1.0897000000000039,16399.410328752434
118.75,2.5625,1.0562000000000038,15895.252995529341
118.75,2.5875000000000004,1.0121000000000036,15231.571252390877
118.75,2.6125,0.9592000000000035,14435.454150077394
118.75,2.6375,0.8763999999999875,13189.357816021271
118.75,2.6625000000000005,0.7777000000000028,11703.974867092567
118.75,2.6875,0.6950000000000025,10459.38348030003
118.75,2.7125000000000004,0.5999000000000021,9028.178632851781
118.75,2.7375,0.5023000000000017,7559.350103819718
118.75,2.7625,0.41469999999999413,6241.0163011228
118.75,2.7875000000000005,0.3438000000000012,5174.008691405971
118.75,2.8125,0.2673000000000009,4022.7240349412914
118.75,2.8375000000000004,0.20810000000000073,3131.7952550365985
118.75,2.8625,0.16200000000000056,2438.014566631086
118.75,2.8875,0.12709999999999821,1912.7879717210221
118.75,2.9125000000000005,0.09130000000000031,1374.0168514408526
118.75,2.9375,0.07240000000000026,1089.5818186672261
118.75,2.9625000000000004,0.0566000000000002,851.8001510575275
118.75,2.9875,0.04860000000000017,731.4043699893258
118.75,3.0125,0.04819999999999931,725.3845809359028
118.75,3.0375000000000005,0.04200000000000015,632.0778506080593
118.75,3.0625,0.05280000000000019,794.6121550501317
118.75,3.0875000000000004,0.06490000000000024,976.7107739157871
118.75,3.1125,0.07280000000000025,1095.6016077206361
118.75,3.1375,0.08919999999999874,1342.4129589104261
118.75,3.1625000000000005,0.11800000000000041,1775.8377707559762
118.75,3.1875,0.14620000000000052,2200.2328990213878
118.75,3.2125000000000004,0.17550000000000063,2641.1824471836767
118.75,3.2375,0.20810000000000073,3131.7952550365985
118.75,3.2625,0.25489999999999635,3836.1105742855107
118.75,3.2875000000000005,0.28930000000000106,4353.812432878847
118.75,3.3125,0.33870000000000117,5097.256380974993
118.75,3.3375000000000004,0.3855000000000014,5801.5717002239735
118.75,3.3625,0.4289000000000015,6454.718812518968
118.75,3.3875,0.4309999999999939,6486.322705049256
118.75,3.4125000000000005,0.48300000000000176,7268.8952819926835
118.75,3.4375,0.49620000000000175,7467.548320755215
118.75,3.4625000000000004,0.5100000000000018,7675.231043097863
118.75,3.4875,0.5319000000000019,8004.814493772066
118.75,3.5125,0.5295999999999925,7970.200706714817
118.75,3.5375000000000005,0.5171000000000018,7782.082298795892
118.75,3.5625,0.5089000000000018,7658.676623200986
118.75,3.5875000000000004,0.48460000000000175,7292.974438206324
118.75,3.6125,0.4604000000000016,6928.777200475011
118.75,3.6375,0.4171999999999941,6278.639982706612
118.75,3.6625000000000005,0.4074000000000014,6131.155150898176
118.75,3.6875,0.3533000000000013,5316.978681424462
118.75,3.7125000000000004,0.31880000000000114,4797.771875567841
118.75,3.7375,0.277700000000001,4179.238550329955
118.75,3.7625,0.2398999999999966,3610.3684847826366
118.75,3.7875000000000005,0.2004000000000007,3015.914315758454
118.75,3.8125,0.1666000000000006,2507.242140745302
118.75,3.8375000000000004,0.1395000000000005,2099.4014323767688
118.75,3.8625,0.11620000000000041,1748.7487200156309
118.75,3.8875,0.09339999999999866,1405.6207439712307
118.75,3.9125000000000005,0.07270000000000026,1094.0966604572839
118.75,3.9375,0.05850000000000021,880.3941490612256
118.75,3.9625000000000004,0.04480000000000015,674.2163739819299
118.75,3.9875,0.03850000000000014,579.404696390721
118.75,4.0125,0.022099999999999686,332.5933452009015
118.75,4.0375,0.01910000000000041,287.4449273003369
118.75,4.0625,0.013299999999999812,200.1579860258819
118.75,4.0875,0.008799999999999876,132.4353591750196
118.75,4.112500000000001,0.008100000000000173,121.90072833155648
118.75,4.1375,0.004199999999999941,63.20778506080482
118.75,4.1625,0.0035000000000000747,52.67315421733922
118.75,4.1875,0.002599999999999963,39.12862884716488
118.75,4.2125,0.0022999999999999674,34.6137870571074
118.75,4.237500000000001,0.0011000000000000235,16.554419896878038
118.75,4.2625,0.0008999999999999873,13.54452537017246
118.75,4.2875,0.00010000000000000215,1.5049472633525491
118.75,4.3125,0.00069999999999999,10.534630843467468
118.75,4.3375,9.999999999999858e-05,1.5049472633524956
118.75,4.362500000000001,0.0002000000000000043,3.0098945267050983
118.75,4.3875,9.999999999999858e-05,1.5049472633524956
118.75,4.4125,0.0,0.0
118.75,4.4375,0.0,0.0
118.75,4.4625,0.0,0.0
118.75,4.487500000000001,0.00010000000000000215,1.5049472633525491
118.75,4.5125,9.999999999999858e-05,1.5049472633524956
118.75,4.5375,0.0,0.0
118.75,4.5625,0.0,0.0
118.75,4.5875,0.0,0.0
118.75,4.612500000000001,0.0,0.0
118.75,4.6375,0.0,0.0
118.75,4.6625,0.0,0.0
118.75,4.6875,0.0,0.0
118.75,4.7125,0.0,0.0
118.75,4.737500000000001,0.0,0.0
118.75,4.7625,0.0,0.0
118.75,4.7875000000000005,0.0,0.0
118.75,4.8125,0.0,0.0
118.75,4.8375,0.0,0.0
118.75,4.862500000000001,0.0,0.0
118.75,4.8875,0.0,0.0
118.75,4.9125000000000005,0.0,0.0
118.75,4.9375,0.0,0.0
118.75,4.9625,0.0,0.0
118.75,4.987500000000001,0.0,0.0
118.75,5.0125,0.0,0.0
118.75,5.0375000000000005,0.0,0.0
118.75,5.0625,0.0,0.0
118.75,5.0875,0.0,0.0
118.75,5.112500000000001,0.0,0.0
118.75,5.1375,0.0,0.0
118.75,5.1625000000000005,0.0,0.0
118.75,5.1875,0.0,0.0
118.75,5.2125,0.0,0.0
118.75,5.237500000000001,0.0,0.0
118.75,5.2625,0.0,0.0
118.75,5.2875000000000005,0.0,0.0
118.75,5.3125,0.0,0.0
118.75,5.3375,0.0,0.0
118.75,5.362500000000001,0.0,0.0
118.75,5.3875,0.0,0.0
118.75,5.4125000000000005,0.0,0.0
118.75,5.4375,0.0,0.0
118.75,5.4625,0.0,0.0
118.75,5.487500000000001,0.0,0.0
118.75,5.5125,0.0,0.0
118.75,5.5375000000000005,0.0,0.0
118.75,5.5625,0.0,0.0
118.75,5.5875,0.0,0.0
118.75,5.612500000000001,0.0,0.0
118.75,5.6375,0.0,0.0
118.75,5.6625000000000005,0.0,0.0
118.75,5.6875,0.0,0.0
118.75,5.7125,0.0,0.0
118.75,5.737500000000001,0.0,0.0
118.75,5.7625,0.0,0.0
118.75,5.7875000000000005,0.0,0.0
118.75,5.8125,0.0,0.0
118.75,5.8375,0.0,0.0
118.75,5.862500000000001,0.0,0.0
118.75,5.8875,0.0,0.0
118.75,5.9125000000000005,0.0,0.0
118.75,5.9375,0.0,0.0
118.75,5.9625,0.0,0.0
118.75,5.987500000000001,0.0,0.0
118.75,6.0125,0.0,0.0
118.75,6.0375000000000005,0.0,0.0
118.75,6.0625,0.0,0.0
118.75,6.0875,0.0,0.0
118.75,6.112500000000001,0.0,0.0
118.75,6.1375,0.0,0.0
118.75,6.1625000000000005,0.0,0.0
118.75,6.1875,0.0,0.0
118.75,6.2125,0.0,0.0
118.75,6.237500000000001,0.0,0.0
118.75,6.2625,0.0,0.0
118.75,6.2875000000000005,0.0,0.0
118.75,6.3125,0.0,0.0
118.75,6.3375,0.0,0.0
118.75,6.362500000000001,0.0,0.0
118.75,6.3875,0.0,0.0
118.75,6.4125000000000005,0.0,0.0
118.75,6.4375,0.0,0.0
118.75,6.4625,0.0,0.0
118.75,6.487500000000001,0.0,0.0
118.75,6.5125,0.0,0.0
118.75,6.5375000000000005,0.0,0.0
118.75,6.5625,0.0,0.0
118.75,6.5875,0.0,0.0
118.75,6.612500000000001,0.0,0.0
118.75,6.6375,0.0,0.0
118.75,6.6625000000000005,0.0,0.0
118.75,6.6875,0.0,0.0
118.75,6.7125,0.0,0.0
118.75,6.737500000000001,0.0,0.0
118.75,6.7625,0.0,0.0
118.75,6.7875000000000005,0.0,0.0
118.75,6.8125,0.0,0.0
118.75,6.8375,0.0,0.0
118.75,6.862500000000001,0.0,0.0
118.75,6.8875,0.0,0.0
118.75,6.9125000000000005,0.0,0.0
118.75,6.9375,0.0,0.0
118.75,6.9625,0.0,0.0
118.75,6.987500000000001,0.0,0.0
121.25,0.0125,0.0,0.0
121.25,0.037500000000000006,0.0,0.0
121.25,0.0625,0.0,0.0
121.25,0.08750000000000001,0.0,0.0
121.25,0.1125,0.0,0.0
121.25,0.1375,0.0,0.0
121.25,0.16250000000000003,0.0,0.0
121.25,0.1875,0.00020000000000000006,3.4111344208210674
121.25,0.21250000000000002,0.0009000000000000003,15.350104893694803
121.25,0.2375,0.003200000000000001,54.57815073313708
121.25,0.2625,0.013699999999999986,233.6627078262428
121.25,0.28750000000000003,0.036299999999999964,619.120897379023
121.25,0.3125,0.0801000000000001,1366.1593355388388
121.25,0.3375,0.1408999999999999,2403.144199468439
121.25,0.36250000000000004,0.2248000000000003,3834.115089002884
121.25,0.3875,0.28849999999999976,4920.561402034384
121.25,0.41250000000000003,0.3220999999999997,5493.631984732322
121.25,0.4375,0.3159000000000004,5387.886817686881
121.25,0.4625,0.27979999999999977,4772.177054728668
121.25,0.48750000000000004,0.2269000000000003,3869.9320004215047
121.25,0.5125,0.16079999999999986,2742.552074340135
121.25,0.5375000000000001,0.1071999999999999,1828.36804956009
121.25,0.5625,0.06189999999999995,1055.7461032441192
121.25,0.5875000000000001,0.03589999999999997,612.2986285373809
121.25,0.6125,0.020100000000000073,342.8190092925184
121.25,0.6375,0.008699999999999992,148.38434730571626
121.25,0.6625000000000001,0.0027999999999999974,47.75588189149488
121.25,0.6875,0.0018999999999999985,32.4057769978001
121.25,0.7125000000000001,0.0007999999999999994,13.644537683284256
121.25,0.7375,0.00010000000000000036,1.7055672104105393
121.25,0.7625,9.999999999999992e-05,1.705567210410532
121.25,0.7875000000000001,0.0,0.0
121.25,0.8125,0.0,0.0
121.25,0.8375000000000001,0.0,0.0
121.25,0.8625,0.0,0.0
121.25,0.8875,0.0,0.0
121.25,0.9125000000000001,0.0,0.0
121.25,0.9375,0.0,0.0
121.25,0.9625000000000001,9.999999999999992e-05,1.705567210410532
121.25,0.9875,0.0,0.0
121.25,1.0125000000000002,9.999999999999948e-05,1.7055672104105242
121.25,1.0375,0.00020000000000000071,3.4111344208210785
121.25,1.0625,0.0006000000000000021,10.233403262463234
121.25,1.0875,0.0010999999999999942,18.761239314515766
121.25,1.1125,0.0012000000000000042,20.46680652492647
121.25,1.1375000000000002,0.003399999999999982,57.98928515395782
121.25,1.1625,0.007000000000000024,119.38970472873774
121.25,1.1875,0.01289999999999993,220.0181701429576
121.25,1.2125000000000001,0.02220000000000008,378.63592071113976
121.25,1.2375,0.03900000000000014,665.1712120601103
121.25,1.2625000000000002,0.06119999999999967,1043.8071327712407
121.25,1.2875,0.09360000000000034,1596.4109089442647
121.25,1.3125,0.1304999999999993,2225.765209585734
121.25,1.3375000000000001,0.18800000000000067,3206.466355571814
121.25,1.3625,0.24610000000000087,4197.400904820337
121.25,1.3875000000000002,0.30679999999999835,5232.680201539488
121.25,1.4125,0.3782000000000013,6450.455189772659
121.25,1.4375,0.44719999999999765,7627.296564955865
121.25,1.4625000000000001,0.5092000000000018,8684.748235410465
121.25,1.4875,0.5569000000000021,9498.303794776295
121.25,1.5125000000000002,0.5852999999999968,9982.684882532796
121.25,1.5375,0.5974000000000022,10189.058514992561
121.25,1.5625,0.5950999999999969,10149.830469153028
121.25,1.5875000000000001,0.556200000000002,9486.36482430342
121.25,1.6125,0.5276000000000018,8998.572602126005
121.25,1.6375000000000002,0.4504999999999976,7683.580282899411
121.25,1.6625,0.3964000000000014,6760.868422067378
121.25,1.6875,0.34209999999999813,5834.745426814402
121.25,1.7125000000000001,0.278300000000001,4746.593546572531
121.25,1.7375,0.2264000000000008,3861.4041643694604
121.25,1.7625000000000002,0.16669999999999913,2843.180539754344
121.25,1.7875,0.12400000000000043,2114.9033409090684
121.25,1.8125,0.0940999999999995,1604.9387449963033
121.25,1.8375000000000001,0.06900000000000024,1176.841375183272
121.25,1.8625,0.04380000000000016,747.0384381598162
121.25,1.8875000000000002,0.02979999999999984,508.25902870233614
121.25,1.9125,0.021700000000000077,370.108084659087
121.25,1.9375,0.01299999999999993,221.7237373533681
121.25,1.9625000000000001,0.01160000000000004,197.84579640762254
121.25,1.9875,0.009900000000000036,168.8511538306434
121.25,2.0125,0.01090000000000004,185.90682593474878
121.25,2.0375,0.015799999999999776,269.47961924486043
121.25,2.0625,0.024100000000000083,411.0416977089399
121.25,2.0875000000000004,0.037400000000000135,637.8821366935417
121.25,2.1125,0.058000000000000204,989.2289820381127
121.25,2.1375,0.08180000000000029,1395.153978115821
121.25,2.1625,0.11479999999999838,1957.9911575512645
121.25,2.1875,0.15260000000000054,2602.6955630864827
121.25,2.2125000000000004,0.21050000000000074,3590.218977914185
121.25,2.2375,0.27030000000000093,4610.148169739687
121.25,2.2625,0.3430000000000012,5850.095531708149
121.25,2.2875,0.43929999999999375,7492.556755333366
121.25,2.3125,0.5300000000000019,9039.506215175858
121.25,2.3375000000000004,0.6168000000000021,10519.938553812204
121.25,2.3625,0.7102000000000025,12112.93832833565
121.25,2.3875,0.8019999999999885,13678.64902749228
121.25,2.4125000000000005,0.8900000000000031,15179.548172653798
121.25,2.4375,0.9763000000000034,16651.45267523809
121.25,2.4625000000000004,1.0177000000000036,17357.55750034806
121.25,2.4875,1.0618000000000036,18109.712640139103
121.25,2.5125,1.1063999999999843,18870.39561598187
121.25,2.5375000000000005,1.0861000000000038,18524.165472268865
121.25,2.5625,1.0434000000000037,17795.888273423567
121.25,2.5875000000000004,1.0120000000000036,17260.340169354655
121.25,2.6125,0.9431000000000034,16085.204361381795
121.25,2.6375,0.8595999999999877,14661.055740688733
121.25,2.6625000000000005,0.7719000000000027,13165.273297158952
121.25,2.6875,0.6800000000000025,11597.857030791667
121.25,2.7125000000000004,0.5991000000000021,10218.05315756954
121.25,2.7375,0.5115000000000018,8723.976281249908
121.25,2.7625,0.4405999999999938,7514.729129068703
121.25,2.7875000000000005,0.35120000000000123,5989.952042961813
121.25,2.8125,0.276300000000001,4712.48220236432
121.25,2.8375000000000004,0.23340000000000083,3980.7938690981987
121.25,2.8625,0.17680000000000065,3015.4428280058337
121.25,2.8875,0.1330999999999981,2270.1099570563874
121.25,2.9125000000000005,0.11000000000000039,1876.123931451593
121.25,2.9375,0.08220000000000029,1401.9762469574632
121.25,2.9625000000000004,0.06860000000000024,1170.0191063416298
121.25,2.9875,0.05760000000000021,982.4067131964706
121.25,3.0125,0.0492999999999993,840.844634732381
121.25,3.0375000000000005,0.05020000000000018,856.1947396260907
121.25,3.0625,0.056100000000000205,956.8232050403126
121.25,3.0875000000000004,0.06530000000000023,1113.735388398082
121.25,3.1125,0.07740000000000027,1320.1090208577573
121.25,3.1375,0.10169999999999856,1734.5618529874876
121.25,3.1625000000000005,0.12200000000000044,2080.791996700858
121.25,3.1875,0.15090000000000053,2573.7009205095037
121.25,3.2125000000000004,0.18760000000000066,3199.6440867301712
121.25,3.2375,0.21090000000000075,3597.041246755827
121.25,3.2625,0.25789999999999635,4398.6578356487025
121.25,3.2875000000000005,0.287100000000001,4896.683461088658
121.25,3.3125,0.33110000000000117,5647.133033669295
121.25,3.3375000000000004,0.3570000000000013,6088.874941165625
121.25,3.3625,0.40630000000000144,6929.719575898021
121.25,3.3875,0.4417999999999937,7535.195935593628
121.25,3.4125000000000005,0.45950000000000163,7837.081331836428
121.25,3.4375,0.4960000000000017,8459.613363636274
121.25,3.4625000000000004,0.5003000000000017,8532.952753683927
121.25,3.4875,0.5129000000000018,8747.854222195656
121.25,3.5125,0.5094999999999927,8689.864937041542
121.25,3.5375000000000005,0.5000000000000018,8527.836052052697
121.25,3.5625,0.49520000000000175,8445.96882595299
121.25,3.5875000000000004,0.4767000000000017,8130.43889202704
121.25,3.6125,0.4541000000000016,7744.980702474259
121.25,3.6375,0.421799999999994,7194.082493511527
121.25,3.6625000000000005,0.37950000000000134,6472.6275635079965
121.25,3.6875,0.3323000000000012,5667.599840194222
121.25,3.7125000000000004,0.31820000000000115,5427.114863526336
121.25,3.7375,0.278300000000001,4746.593546572531
121.25,3.7625,0.2408999999999966,4108.711409878916
121.25,3.7875000000000005,0.20540000000000072,3503.2350501832475
121.25,3.8125,0.17650000000000063,3010.3261263746017
121.25,3.8375000000000004,0.14710000000000054,2508.8893665139035
121.25,3.8625,0.12370000000000045,2109.7866392778374
121.25,3.8875,0.09579999999999864,1633.9333875732675
121.25,3.9125000000000005,0.0846000000000003,1442.9098600073162
121.25,3.9375,0.06120000000000021,1043.8071327712498
121.25,3.9625000000000004,0.04560000000000016,777.7386479472059
121.25,3.9875,0.03910000000000014,666.8767792705208
121.25,4.0125,0.028599999999999594,487.79222217740556
121.25,4.0375,0.021800000000000465,371.81365186950416
121.25,4.0625,0.01549999999999978,264.3629176136289
121.25,4.0875,0.012799999999999818,218.31260293254516
121.25,4.112500000000001,0.008800000000000188,150.0899145161301
121.25,4.1375,0.007299999999999896,124.50640635996714
121.25,4.1625,0.005300000000000113,90.39506215176019
121.25,4.1875,0.0026999999999999615,46.05031468108374
121.25,4.2125,0.0022999999999999674,39.228045839441705
121.25,4.237500000000001,0.0013000000000000277,22.172373735337402
121.25,4.2625,0.0008999999999999873,15.350104893694581
121.25,4.2875,0.0003000000000000064,5.116701631231709
121.25,4.3125,0.00029999999999999575,5.1167016312315265
121.25,4.3375,0.00039999999999999433,6.822268841642036
121.25,4.362500000000001,0.0003000000000000064,5.116701631231709
121.25,4.3875,9.999999999999858e-05,1.705567210410509
121.25,4.4125,0.0,0.0
121.25,4.4375,9.999999999999858e-05,1.705567210410509
121.25,4.4625,9.999999999999858e-05,1.705567210410509
121.25,4.487500000000001,0.0,0.0
121.25,4.5125,0.0,0.0
121.25,4.5375,0.0,0.0
121.25,4.5625,0.0,0.0
121.25,4.5875,9.999999999999858e-05,1.705567210410509
121.25,4.612500000000001,0.0,0.0
121.25,4.6375,0.0,0.0
121.25,4.6625,0.0,0.0
121.25,4.6875,0.0,0.0
121.25,4.7125,0.0,0.0
121.25,4.737500000000001,0.0,0.0
121.25,4.7625,0.0,0.0
121.25,4.7875000000000005,0.0,0.0
121.25,4.8125,0.0,0.0
121.25,4.8375,0.0,0.0
121.25,4.862500000000001,0.0,0.0
121.25,4.8875,0.0,0.0
121.25,4.9125000000000005,0.0,0.0
121.25,4.9375,0.0,0.0
121.25,4.9625,0.0,0.0
121.25,4.987500000000001,0.0,0.0
121.25,5.0125,0.0,0.0
121.25,5.0375000000000005,0.0,0.0
121.25,5.0625,0.0,0.0
121.25,5.0875,0.0,0.0
121.25,5.112500000000001,0.0,0.0
121.25,5.1375,0.0,0.0
121.25,5.1625000000000005,0.0,0.0
121.25,5.1875,0.0,0.0
121.25,5.2125,0.0,0.0
121.25,5.237500000000001,0.0,0.0
121.25,5.2625,0.0,0.0
121.25,5.2875000000000005,0.0,0.0
121.25,5.3125,0.0,0.0
121.25,5.3375,0.0,0.0
121.25,5.362500000000001,0.0,0.0
121.25,5.3875,0.0,0.0
121.25,5.4125000000000005,0.0,0.0
121.25,5.4375,0.0,0.0
121.25,5.4625,0.0,0.0
121.25,5.487500000000001,0.0,0.0
121.25,5.5125,0.0,0.0
121.25,5.5375000000000005,0.0,0.0
121.25,5.5625,0.0,0.0
121.25,5.5875,0.0,0.0
121.25,5.612500000000001,0.0,0.0
121.25,5.6375,0.0,0.0
121.25,5.6625000000000005,0.0,0.0
121.25,5.6875,0.0,0.0
121.25,5.7125,0.0,0.0
121.25,5.737500000000001,0.0,0.0
121.25,5.7625,0.0,0.0
121.25,5.7875000000000005,0.0,0.0
121.25,5.8125,0.0,0.0
121.25,5.8375,0.0,0.0
121.25,5.862500000000001,0.0,0.0
121.25,5.8875,0.0,0.0
121.25,5.9125000000000005,0.0,0.0
121.25,5.9375,0.0,0.0
121.25,5.9625,0.0,0.0
121.25,5.987500000000001,0.0,0.0
121.25,6.0125,0.0,0.0
121.25,6.0375000000000005,0.0,0.0
121.25,6.0625,0.0,0.0
121.25,6.0875,0.0,0.0
121.25,6.112500000000001,0.0,0.0
121.25,6.1375,0.0,0.0
121.25,6.1625000000000005,0.0,0.0
121.25,6.1875,0.0,0.0
121.25,6.2125,0.0,0.0
121.25,6.237500000000001,0.0,0.0
121.25,6.2625,0.0,0.0
121.25,6.2875000000000005,0.0,0.0
121.25,6.3125,0.0,0.0
121.25,6.3375,0.0,0.0
121.25,6.362500000000001,0.0,0.0
121.25,6.3875,0.0,0.0
121.25,6.4125000000000005,0.0,0.0
121.25,6.4375,0.0,0.0
121.25,6.4625,0.0,0.0
121.25,6.487500000000001,0.0,0.0
121.25,6.5125,0.0,0.0
121.25,6.5375000000000005,0.0,0.0
121.25,6.5625,0.0,0.0
121.25,6.5875,0.0,0.0
121.25,6.612500000000001,0.0,0.0
121.25,6.6375,0.0,0.0
121.25,6.6625000000000005,0.0,0.0
121.25,6.6875,0.0,0.0
121.25,6.7125,0.0,0.0
121.25,6.737500000000001,0.0,0.0
121.25,6.7625,0.0,0.0
121.25,6.7875000000000005,0.0,0.0
121.25,6.8125,0.0,0.0
121.25,6.8375,0.0,0.0
121.25,6.862500000000001,0.0,0.0
121.25,6.8875,0.0,0.0
121.25,6.9125000000000005,0.0,0.0
121.25,6.9375,0.0,0.0
121.25,6.9625,0.0,0.0
121.25,6.987500000000001,0.0,0.0
123.75,0.0125,0.0,0.0
123.75,0.037500000000000006,0.0,0.0
123.75,0.0625,0.0,0.0
123.75,0.08750000000000001,0.0,0.0
123.75,0.1125,0.0,0.0
123.75,0.1375,0.0,0.0
123.75,0.16250000000000003,0.0,0.0
123.75,0.1875,0.00040000000000000013,6.675701851317601
123.75,0.21250000000000002,0.0016000000000000005,26.702807405270406
123.75,0.2375,0.004600000000000001,76.7705712901524
123.75,0.2625,0.014799999999999987,247.00096849875095
123.75,0.28750000000000003,0.039999999999999966,667.5701851317593
123.75,0.3125,0.0801000000000001,1336.809295726351
123.75,0.3375,0.14299999999999988,2386.56341184604
123.75,0.36250000000000004,0.2110000000000003,3521.4327265700385
123.75,0.3875,0.28039999999999976,4679.666997773633
123.75,0.41250000000000003,0.3025999999999997,5050.168450521759
123.75,0.4375,0.3009000000000004,5021.79671765367
123.75,0.4625,0.27429999999999977,4577.86254454104
123.75,0.48750000000000004,0.21870000000000028,3649.939987207902
123.75,0.5125,0.16159999999999985,2696.983547932308
123.75,0.5375000000000001,0.1066999999999999,1780.743468838968
123.75,0.5625,0.06699999999999995,1118.180060095697
123.75,0.5875000000000001,0.04029999999999996,672.5769615202474
123.75,0.6125,0.020500000000000074,342.1297198800282
123.75,0.6375,0.010199999999999992,170.23039720859865
123.75,0.6625000000000001,0.0048999999999999955,81.77734767864052
123.75,0.6875,0.0015999999999999988,26.702807405270377
123.75,0.7125000000000001,0.0015999999999999988,26.702807405270377
123.75,0.7375,0.0005000000000000019,8.34462731414703
123.75,0.7625,0.00019999999999999985,3.337850925658797
123.75,0.7875000000000001,9.999999999999992e-05,1.6689254628293986
123.75,0.8125,0.0,0.0
123.75,0.8375000000000001,0.0,0.0
123.75,0.8625,0.0,0.0
123.75,0.8875,0.0,0.0
123.75,0.9125000000000001,0.0,0.0
123.75,0.9375,0.0,0.0
123.75,0.9625000000000001,0.0,0.0
123.75,0.9875,0.00010000000000000036,1.668925462829406
123.75,1.0125000000000002,9.999999999999948e-05,1.668925462829391
123.75,1.0375,0.00020000000000000071,3.337850925658812
123.75,1.0625,0.001100000000000004,18.358180091123465
123.75,1.0875,0.0008999999999999953,15.02032916546452
123.75,1.1125,0.0016000000000000057,26.702807405270494
123.75,1.1375000000000002,0.003999999999999979,66.75701851317565
123.75,1.1625,0.00850000000000003,141.8586643404995
123.75,1.1875,0.016199999999999912,270.3659249783613
123.75,1.2125000000000001,0.026500000000000093,442.2652476497925
123.75,1.2375,0.03960000000000014,660.8944832804447
123.75,1.2625000000000002,0.06529999999999965,1089.8083272275921
123.75,1.2875,0.09790000000000035,1633.8780281099882
123.75,1.3125,0.14329999999999923,2391.570188234517
123.75,1.3375000000000001,0.18770000000000064,3132.5730937307944
123.75,1.3625,0.24630000000000088,4110.563414948827
123.75,1.3875000000000002,0.3265999999999983,5450.710561600791
123.75,1.4125,0.37590000000000134,6273.490814775736
123.75,1.4375,0.4559999999999976,7610.300110502023
123.75,1.4625000000000001,0.5016000000000018,8371.3301215523
123.75,1.4875,0.5413000000000019,9033.893530295572
123.75,1.5125000000000002,0.569799999999997,9509.53728720187
123.75,1.5375,0.5770000000000021,9629.69992052567
123.75,1.5625,0.553999999999997,9245.847064074826
123.75,1.5875000000000001,0.547800000000002,9142.373685379485
123.75,1.6125,0.5176000000000018,8638.358195605004
123.75,1.6375000000000002,0.46289999999999754,7725.45596743725
123.75,1.6625,0.4123000000000015,6880.97968324564
123.75,1.6875,0.33779999999999816,5637.630213437682
123.75,1.7125000000000001,0.286800000000001,4786.478227394736
123.75,1.7375,0.23210000000000083,3873.575999227051
123.75,1.7625000000000002,0.17779999999999907,2967.3494729106574
123.75,1.7875,0.12750000000000045,2127.8799651074924
123.75,1.8125,0.10049999999999946,1677.2700901435378
123.75,1.8375000000000001,0.07170000000000025,1196.619556848684
123.75,1.8625,0.049700000000000175,829.4559550262146
123.75,1.8875000000000002,0.03509999999999981,585.7928374531162
123.75,1.9125,0.02290000000000008,382.1839309879339
123.75,1.9375,0.019399999999999896,323.77153978890186
123.75,1.9625000000000001,0.01720000000000006,287.05517960665776
123.75,1.9875,0.01090000000000004,181.91287544840526
123.75,2.0125,0.01610000000000006,268.69699951553434
123.75,2.0375,0.019999999999999716,333.78509256587523
123.75,2.0625,0.02570000000000009,428.91384394715726
123.75,2.0875000000000004,0.04150000000000015,692.6040670742034
123.75,2.1125,0.06040000000000022,1008.0309795489611
123.75,2.1375,0.0851000000000003,1420.2555688678242
123.75,2.1625,0.12219999999999827,2039.4269155774978
123.75,2.1875,0.1645000000000006,2745.3823863543726
123.75,2.2125000000000004,0.2176000000000008,3631.5818071167873
123.75,2.2375,0.278700000000001,4651.295264905554
123.75,2.2625,0.34860000000000124,5817.874163423308
123.75,2.2875,0.4325999999999939,7219.771552199882
123.75,2.3125,0.5124000000000019,8551.574071537876
123.75,2.3375000000000004,0.6261000000000022,10449.14232277491
123.75,2.3625,0.7126000000000026,11892.762848122346
123.75,2.3875,0.8046999999999885,13429.84319938799
123.75,2.4125000000000005,0.8708000000000031,14533.002930318466
123.75,2.4375,0.9647000000000034,16100.123939915278
123.75,2.4625000000000004,1.0235000000000036,17081.452112058967
123.75,2.4875,1.0469000000000037,17471.98067036105
123.75,2.5125,1.061199999999985,17710.637011545343
123.75,2.5375000000000005,1.0515000000000037,17548.7512416512
123.75,2.5625,1.0306000000000037,17199.945819919856
123.75,2.5875000000000004,1.0131000000000037,16907.88386392471
123.75,2.6125,0.9373000000000032,15642.838363100018
123.75,2.6375,0.8503999999999879,14192.542135901014
123.75,2.6625000000000005,0.7731000000000028,12902.462753134138
123.75,2.6875,0.6873000000000025,11470.524706026506
123.75,2.7125000000000004,0.6036000000000021,10073.634093638293
123.75,2.7375,0.5158000000000018,8608.317537274075
123.75,2.7625,0.43379999999999386,7239.798657753834
123.75,2.7875000000000005,0.35300000000000126,5891.306883787803
123.75,2.8125,0.29170000000000107,4868.255575073377
123.75,2.8375000000000004,0.23580000000000084,3935.326241351739
123.75,2.8625,0.1922000000000007,3207.6747395581183
123.75,2.8875,0.15049999999999786,2511.732821558211
123.75,2.9125000000000005,0.11410000000000041,1904.243953088352
123.75,2.9375,0.0865000000000003,1443.620525347436
123.75,2.9625000000000004,0.07330000000000025,1223.3223642539542
123.75,2.9875,0.06480000000000023,1081.463699913455
123.75,3.0125,0.052699999999999254,879.5237189110812
123.75,3.0375000000000005,0.0584000000000002,974.6524702923729
123.75,3.0625,0.062100000000000224,1036.4027124170611
123.75,3.0875000000000004,0.06880000000000024,1148.220718426631
123.75,3.1125,0.0852000000000003,1421.9244943306537
123.75,3.1375,0.10269999999999854,1713.9864503257693
123.75,3.1625000000000005,0.12400000000000043,2069.467573908463
123.75,3.1875,0.15820000000000056,2640.24008219612
123.75,3.2125000000000004,0.18210000000000065,3039.113267812348
123.75,3.2375,0.22020000000000078,3674.9738691503517
123.75,3.2625,0.2515999999999964,4199.016464478709
123.75,3.2875000000000005,0.28790000000000104,4804.836407485859
123.75,3.3125,0.3255000000000012,5432.352381509716
123.75,3.3375000000000004,0.3766000000000013,6285.173293015542
123.75,3.3625,0.4087000000000014,6820.89836658378
123.75,3.3875,0.44779999999999365,7473.448222549947
123.75,3.4125000000000005,0.4465000000000016,7451.752191533297
123.75,3.4375,0.4823000000000017,8049.227507226225
123.75,3.4625000000000004,0.4955000000000017,8269.525668319704
123.75,3.4875,0.49470000000000175,8256.17426461707
123.75,3.5125,0.49999999999999295,8344.627314146881
123.75,3.5375000000000005,0.48770000000000174,8139.349482219012
123.75,3.5625,0.48970000000000175,8172.7279914756
123.75,3.5875000000000004,0.46780000000000166,7807.23331511596
123.75,3.6125,0.44100000000000156,7359.96129107768
123.75,3.6375,0.42859999999999393,7153.014533686706
123.75,3.6625000000000005,0.3867000000000014,6453.734764761312
123.75,3.6875,0.35070000000000123,5852.921598142726
123.75,3.7125000000000004,0.3117000000000011,5202.040667639258
123.75,3.7375,0.277600000000001,4632.937084814431
123.75,3.7625,0.2399999999999966,4005.421110790503
123.75,3.7875000000000005,0.21280000000000077,3551.473384900976
123.75,3.8125,0.17860000000000065,2980.700876613319
123.75,3.8375000000000004,0.15070000000000053,2515.070672483914
123.75,3.8625,0.12340000000000044,2059.4540211314866
123.75,3.8875,0.10239999999999855,1708.9796739372812
123.75,3.9125000000000005,0.07840000000000028,1308.437562858254
123.75,3.9375,0.06770000000000025,1129.862538335508
123.75,3.9625000000000004,0.05260000000000019,877.8547934482674
123.75,3.9875,0.03980000000000014,664.2323342061035
123.75,4.0125,0.034199999999999516,570.7725082876467
123.75,4.0375,0.025400000000000544,423.90706755867666
123.75,4.0625,0.017099999999999758,285.38625414382335
123.75,4.0875,0.011999999999999829,200.27105553952512
123.75,4.112500000000001,0.011400000000000243,190.25750276255565
123.75,4.1375,0.007799999999999889,130.17618610069133
123.75,4.1625,0.006000000000000128,100.13552776976611
123.75,4.1875,0.003399999999999952,56.74346573619879
123.75,4.2125,0.00349999999999995,58.412391199028164
123.75,4.237500000000001,0.002100000000000045,35.04743471941815
123.75,4.2625,0.001199999999999983,20.027105553952513
123.75,4.2875,0.0013000000000000277,21.69603101678266
123.75,4.3125,0.00069999999999999,11.682478239805633
123.75,4.3375,0.0005999999999999915,10.013552776976256
123.75,4.362500000000001,0.00010000000000000215,1.6689254628294357
123.75,4.3875,0.00029999999999999575,5.006776388488128
123.75,4.4125,0.0,0.0
123.75,4.4375,0.0,0.0
123.75,4.4625,9.999999999999858e-05,1.6689254628293761
123.75,4.487500000000001,0.0,0.0
123.75,4.5125,0.0,0.0
123.75,4.5375,0.0,0.0
123.75,4.5625,0.0,0.0
123.75,4.5875,0.0,0.0
123.75,4.612500000000001,0.0,0.0
123.75,4.6375,0.0,0.0
123.75,4.6625,0.0,0.0
123.75,4.6875,0.0,0.0
123.75,4.7125,0.0,0.0
123.75,4.737500000000001,0.0,0.0
123.75,4.7625,0.0,0.0
123.75,4.7875000000000005,0.0,0.0
123.75,4.8125,0.0,0.0
123.75,4.8375,0.0,0.0
123.75,4.862500000000001,0.0,0.0
123.75,4.8875,0.0,0.0
123.75,4.9125000000000005,0.0,0.0
123.75,4.9375,0.0,0.0
123.75,4.9625,0.0,0.0
123.75,4.987500000000001,0.0,0.0
123.75,5.0125,0.0,0.0
123.75,5.0375000000000005,0.0,0.0
123.75,5.0625,0.0,0.0
123.75,5.0875,0.0,0.0
123.75,5.112500000000001,0.0,0.0
123.75,5.1375,0.0,0.0
123.75,5.1625000000000005,0.0,0.0
123.75,5.1875,0.0,0.0
123.75,5.2125,0.0,0.0
123.75,5.237500000000001,0.0,0.0
123.75,5.2625,0.0,0.0
123.75,5.2875000000000005,0.0,0.0
123.75,5.3125,0.0,0.0
123.75,5.3375,0.0,0.0
123.75,5.362500000000001,0.0,0.0
123.75,5.3875,0.0,0.0
123.75,5.4125000000000005,0.0,0.0
123.75,5.4375,0.0,0.0
123.75,5.4625,0.0,0.0
123.75,5.487500000000001,0.0,0.0
123.75,5.5125,0.0,0.0
123.75,5.5375000000000005,0.0,0.0
123.75,5.5625,0.0,0.0
123.75,5.5875,0.0,0.0
123.75,5.612500000000001,0.0,0.0
123.75,5.6375,0.0,0.0
123.75,5.6625000000000005,0.0,0.0
123.75,5.6875,0.0,0.0
123.75,5.7125,0.0,0.0
123.75,5.737500000000001,0.0,0.0
123.75,5.7625,0.0,0.0
123.75,5.7875000000000005,0.0,0.0
123.75,5.8125,0.0,0.0
123.75,5.8375,0.0,0.0
123.75,5.862500000000001,0.0,0.0
123.75,5.8875,0.0,0.0
123.75,5.9125000000000005,0.0,0.0
123.75,5.9375,0.0,0.0
123.75,5.9625,0.0,0.0
123.75,5.987500000000001,0.0,0.0
123.75,6.0125,0.0,0.0
123.75,6.0375000000000005,0.0,0.0
123.75,6.0625,0.0,0.0
123.75,6.0875,0.0,0.0
123.75,6.112500000000001,0.0,0.0
123.75,6.1375,0.0,0.0
123.75,6.1625000000000005,0.0,0.0
123.75,6.1875,0.0,0.0
123.75,6.2125,0.0,0.0
123.75,6.237500000000001,0.0,0.0
123.75,6.2625,0.0,0.0
123.75,6.2875000000000005,0.0,0.0
123.75,6.3125,0.0,0.0
123.75,6.3375,0.0,0.0
123.75,6.362500000000001,0.0,0.0
123.75,6.3875,0.0,0.0
123.75,6.4125000000000005,0.0,0.0
123.75,6.4375,0.0,0.0
123.75,6.4625,0.0,0.0
123.75,6.487500000000001,0.0,0.0
123.75,6.5125,0.0,0.0
123.75,6.5375000000000005,0.0,0.0
123.75,6.5625,0.0,0.0
123.75,6.5875,0.0,0.0
123.75,6.612500000000001,0.0,0.0
123.75,6.6375,0.0,0.0
123.75,6.6625000000000005,0.0,0.0
123.75,6.6875,0.0,0.0
123.75,6.7125,0.0,0.0
123.75,6.737500000000001,0.0,0.0
123.75,6.7625,0.0,0.0
123.75,6.7875000000000005,0.0,0.0
123.75,6.8125,0.0,0.0
123.75,6.8375,0.0,0.0
123.75,6.862500000000001,0.0,0.0
123.75,6.8875,0.0,0.0
123.75,6.9125000000000005,0.0,0.0
123.75,6.9375,0.0,0.0
123.75,6.9625,0.0,0.0
123.75,6.987500000000001,0.0,0.0
126.25,0.0125,0.0,0.0
126.25,0.037500000000000006,0.0,0.0
126.25,0.0625,0.0,0.0
126.25,0.08750000000000001,0.0,0.0
126.25,0.1125,0.0,0.0
126.25,0.1375,0.0,0.0
126.25,0.16250000000000003,0.0,0.0
126.25,0.1875,0.0006000000000000002,9.022350434436053
126.25,0.21250000000000002,0.0017000000000000006,25.56332623090215
126.25,0.2375,0.0042000000000000015,63.156453041052366
126.25,0.2625,0.016199999999999985,243.6034617297731
126.25,0.28750000000000003,0.04179999999999996,628.5570802657109
126.25,0.3125,0.08430000000000011,1267.6402360382667
126.25,0.3375,0.14499999999999988,2180.40135498871
126.25,0.36250000000000004,0.20630000000000026,3102.184824373599
126.25,0.3875,0.2670999999999998,4016.449668396445
126.25,0.41250000000000003,0.3069999999999997,4616.435972286441
126.25,0.4375,0.3049000000000004,4584.857745765925
126.25,0.4625,0.27139999999999975,4081.1098465099026
126.25,0.48750000000000004,0.2171000000000003,3264.5871321934483
126.25,0.5125,0.16299999999999984,2451.071868021791
126.25,0.5375000000000001,0.1150999999999999,1730.787558339314
126.25,0.5625,0.06969999999999993,1048.0963754669867
126.25,0.5875000000000001,0.042599999999999964,640.586880844959
126.25,0.6125,0.02290000000000008,344.3530415809771
126.25,0.6375,0.01169999999999999,175.9358334715028
126.25,0.6625000000000001,0.004699999999999996,70.67507840308232
126.25,0.6875,0.0030999999999999973,46.615477244586216
126.25,0.7125000000000001,0.0012999999999999986,19.548425941278087
126.25,0.7375,0.0007000000000000024,10.526075506842094
126.25,0.7625,0.0003999999999999997,6.014900289624029
126.25,0.7875000000000001,0.0,0.0
126.25,0.8125,0.0,0.0
126.25,0.8375000000000001,0.0,0.0
126.25,0.8625,0.0,0.0
126.25,0.8875,0.0,0.0
126.25,0.9125000000000001,0.0,0.0
126.25,0.9375,0.0,0.0
126.25,0.9625000000000001,0.0,0.0
126.25,0.9875,0.0,0.0
126.25,1.0125000000000002,9.999999999999948e-05,1.5037250724060003
126.25,1.0375,0.00040000000000000143,6.014900289624054
126.25,1.0625,0.00040000000000000143,6.014900289624054
126.25,1.0875,0.0014999999999999918,22.55587608609
126.25,1.1125,0.002300000000000008,34.58567666533831
126.25,1.1375000000000002,0.005299999999999971,79.697428837518
126.25,1.1625,0.01100000000000004,165.4097579646615
126.25,1.1875,0.016599999999999913,249.61836201939607
126.25,1.2125000000000001,0.0282000000000001,424.0504704184958
126.25,1.2375,0.04890000000000018,735.3215604065407
126.25,1.2625000000000002,0.06659999999999965,1001.4808982223961
126.25,1.2875,0.10640000000000038,1599.9634770399985
126.25,1.3125,0.14489999999999922,2178.897629916294
126.25,1.3375000000000001,0.19420000000000068,2920.234090612478
126.25,1.3625,0.2598000000000009,3906.677738110823
126.25,1.3875000000000002,0.31069999999999837,4672.073799965443
126.25,1.4125,0.3788000000000013,5696.110574273979
126.25,1.4375,0.44059999999999766,6625.412669020837
126.25,1.4625000000000001,0.5079000000000018,7637.419642750143
126.25,1.4875,0.5294000000000019,7960.720533317436
126.25,1.5125000000000002,0.5524999999999971,8308.081025043151
126.25,1.5375,0.574100000000002,8632.885640682924
126.25,1.5625,0.562399999999997,8456.949807211346
126.25,1.5875000000000001,0.530600000000002,7978.7652341863095
126.25,1.6125,0.5145000000000018,7736.66549752894
126.25,1.6375000000000002,0.45789999999999753,6885.557106547075
126.25,1.6625,0.4004000000000014,6020.915189913679
126.25,1.6875,0.34079999999999816,5124.695046759649
126.25,1.7125000000000001,0.290700000000001,4371.328785484281
126.25,1.7375,0.23270000000000082,3499.1682434887935
126.25,1.7625000000000002,0.187499999999999,2819.4845107612505
126.25,1.7875,0.14200000000000051,2135.2896028165396
126.25,1.8125,0.10799999999999943,1624.0230781984803
126.25,1.8375000000000001,0.07530000000000027,1132.3049795217282
126.25,1.8625,0.05520000000000019,830.0562399681195
126.25,1.8875000000000002,0.04029999999999978,606.0012041796181
126.25,1.9125,0.028600000000000105,430.06537070811993
126.25,1.9375,0.019299999999999897,290.218938974358
126.25,1.9625000000000001,0.015600000000000055,234.5811112953381
126.25,1.9875,0.015700000000000054,236.08483636774412
126.25,2.0125,0.01900000000000007,285.70776375714263
126.25,2.0375,0.023699999999999666,356.38284216021896
126.25,2.0625,0.03400000000000012,511.2665246180446
126.25,2.0875000000000004,0.047800000000000176,718.7805846100746
126.25,2.1125,0.06780000000000024,1019.5255990912772
126.25,2.1375,0.09150000000000033,1375.9084412515026
126.25,2.1625,0.12979999999999817,1951.8351439829712
126.25,2.1875,0.17800000000000063,2676.630628882704
126.25,2.2125000000000004,0.22890000000000083,3442.0266907373652
126.25,2.2375,0.285200000000001,4288.623906501951
126.25,2.2625,0.35440000000000127,5329.201656606912
126.25,2.2875,0.4432999999999937,6666.01324597574
126.25,2.3125,0.5280000000000019,7939.668382303752
126.25,2.3375000000000004,0.6301000000000022,9474.97168123029
126.25,2.3625,0.6922000000000025,10408.784951194426
126.25,2.3875,0.7834999999999889,11781.685942300908
126.25,2.4125000000000005,0.856000000000003,12871.886619795476
126.25,2.4375,0.9445000000000034,14202.683308874799
126.25,2.4625000000000004,0.9858000000000036,14823.721763778483
126.25,2.4875,1.0208000000000037,15350.025539120588
126.25,2.5125,1.0436999999999852,15694.378580701286
126.25,2.5375000000000005,1.0288000000000037,15470.323544913068
126.25,2.5625,1.0136000000000036,15241.757333907353
126.25,2.5875000000000004,0.9764000000000035,14682.371606972318
126.25,2.6125,0.9115000000000032,13706.454034980814
126.25,2.6375,0.8531999999999879,12829.78231776788
126.25,2.6625000000000005,0.7417000000000026,11153.128862035403
126.25,2.6875,0.6836000000000024,10279.464594967509
126.25,2.7125000000000004,0.6109000000000021,9186.256467328336
126.25,2.7375,0.5364000000000019,8065.981288385857
126.25,2.7625,0.44459999999999367,6685.5616719170175
126.25,2.7875000000000005,0.3692000000000013,5551.752967323002
126.25,2.8125,0.2987000000000011,4491.626791276763
126.25,2.8375000000000004,0.24170000000000086,3634.503500005335
126.25,2.8625,0.19870000000000068,2987.9017188707485
126.25,2.8875,0.16369999999999765,2461.5979435286004
126.25,2.9125000000000005,0.13040000000000046,1960.8574944174418
126.25,2.9375,0.09990000000000036,1502.2213473336078
126.25,2.9625000000000004,0.0842000000000003,1266.1365109658634
126.25,2.9875,0.06450000000000022,969.9026717018787
126.25,3.0125,0.0639999999999991,962.3840463398317
126.25,3.0375000000000005,0.06240000000000022,938.3244451813524
126.25,3.0625,0.07060000000000026,1061.6299011186456
126.25,3.0875000000000004,0.07430000000000027,1117.2677287976683
126.25,3.1125,0.09530000000000034,1433.049994002931
126.25,3.1375,0.10719999999999848,1611.993277619218
126.25,3.1625000000000005,0.1339000000000005,2013.4878719516526
126.25,3.1875,0.1645000000000006,2473.6277441078923
126.25,3.2125000000000004,0.19100000000000067,2872.114888295486
126.25,3.2375,0.21950000000000078,3300.6765339311996
126.25,3.2625,0.2556999999999964,3845.0250101421084
126.25,3.2875000000000005,0.29490000000000105,4434.485238525334
126.25,3.3125,0.3242000000000011,4875.076684740296
126.25,3.3375000000000004,0.3657000000000013,5499.122589788792
126.25,3.3625,0.3910000000000014,5879.565033107513
126.25,3.3875,0.41759999999999403,6279.5559023674
126.25,3.4125000000000005,0.4447000000000016,6687.065396989543
126.25,3.4375,0.47150000000000164,7090.063716394354
126.25,3.4625000000000004,0.48570000000000174,7303.5926766760085
126.25,3.4875,0.4963000000000018,7462.987534351046
126.25,3.5125,0.4979999999999929,7488.550860581814
126.25,3.5375000000000005,0.4899000000000017,7366.74912971706
126.25,3.5625,0.4865000000000017,7315.622477255256
126.25,3.5875000000000004,0.45870000000000166,6897.586907126385
126.25,3.6125,0.42560000000000153,6399.853908159994
126.25,3.6375,0.4005999999999943,6023.922640058383
126.25,3.6625000000000005,0.37550000000000133,5646.487646884581
126.25,3.6875,0.35550000000000126,5345.742632403379
126.25,3.7125000000000004,0.31510000000000116,4738.23770315135
126.25,3.7375,0.282700000000001,4251.0307796918005
126.25,3.7625,0.24099999999999658,3623.9774244984283
126.25,3.7875000000000005,0.21480000000000074,3230.001455528117
126.25,3.8125,0.18770000000000064,2822.491960906087
126.25,3.8375000000000004,0.15520000000000056,2333.7813123741334
126.25,3.8625,0.13320000000000048,2002.9617964448103
126.25,3.8875,0.1063999999999985,1599.9634770399703
126.25,3.9125000000000005,0.09250000000000032,1390.9456919755623
126.25,3.9375,0.06700000000000024,1007.4957985120292
126.25,3.9625000000000004,0.05740000000000021,863.1381915610518
126.25,3.9875,0.04210000000000015,633.0682554829317
126.25,4.0125,0.034999999999999504,526.3037753420954
126.25,4.0375,0.02720000000000058,409.01321969444297
126.25,4.0625,0.019299999999999727,290.21893897435547
126.25,4.0875,0.017999999999999745,270.67051303307767
126.25,4.112500000000001,0.011400000000000243,171.4246582542886
126.25,4.1375,0.008199999999999883,123.30545593729092
126.25,4.1625,0.007200000000000154,108.2682052132349
126.25,4.1875,0.004699999999999933,70.67507840308139
126.25,4.2125,0.004399999999999938,66.16390318586343
126.25,4.237500000000001,0.0027000000000000574,40.60057695496309
126.25,4.2625,0.00139999999999998,21.052151013683815
126.25,4.2875,0.0010000000000000213,15.037250724060403
126.25,4.3125,0.0007999999999999887,12.029800579247896
126.25,4.3375,0.00069999999999999,10.526075506841908
126.25,4.362500000000001,0.0009000000000000193,13.533525651654363
126.25,4.3875,0.0005999999999999915,9.022350434435921
126.25,4.4125,0.0,0.0
126.25,4.4375,0.00019999999999999716,3.007450144811974
126.25,4.4625,9.999999999999858e-05,1.503725072405987
126.25,4.487500000000001,0.0002000000000000043,3.007450144812081
126.25,4.5125,0.0,0.0
126.25,4.5375,0.0,0.0
126.25,4.5625,0.0,0.0
126.25,4.5875,0.0,0.0
126.25,4.612500000000001,0.0,0.0
126.25,4.6375,0.0,0.0
126.25,4.6625,0.0,0.0
126.25,4.6875,0.0,0.0
126.25,4.7125,0.0,0.0
126.25,4.737500000000001,0.0,0.0
126.25,4.7625,0.0,0.0
126.25,4.7875000000000005,0.0,0.0
126.25,4.8125,0.0,0.0
126.25,4.8375,0.0,0.0
126.25,4.862500000000001,0.0,0.0
126.25,4.8875,0.0,0.0
126.25,4.9125000000000005,0.0,0.0
126.25,4.9375,0.0,0.0
126.25,4.9625,0.0,0.0
126.25,4.987500000000001,0.0,0.0
126.25,5.0125,0.0,0.0
126.25,5.0375000000000005,0.0,0.0
126.25,5.0625,0.0,0.0
126.25,5.0875,0.0,0.0
126.25,5.112500000000001,0.0,0.0
126.25,5.1375,0.0,0.0
126.25,5.1625000000000005,0.0,0.0
126.25,5.1875,0.0,0.0
126.25,5.2125,0.0,0.0
126.25,5.237500000000001,0.0,0.0
126.25,5.2625,0.0,0.0
126.25,5.2875000000000005,0.0,0.0
126.25,5.3125,0.0,0.0
126.25,5.3375,0.0,0.0
126.25,5.362500000000001,0.0,0.0
126.25,5.3875,0.0,0.0
126.25,5.4125000000000005,0.0,0.0
126.25,5.4375,0.0,0.0
126.25,5.4625,0.0,0.0
126.25,5.487500000000001,0.0,0.0
126.25,5.5125,0.0,0.0
126.25,5.5375000000000005,0.0,0.0
126.25,5.5625,0.0,0.0
126.25,5.5875,0.0,0.0
126.25,5.612500000000001,0.0,0.0
126.25,5.6375,0.0,0.0
126.25,5.6625000000000005,0.0,0.0
126.25,5.6875,0.0,0.0
126.25,5.7125,0.0,0.0
126.25,5.737500000000001,0.0,0.0
126.25,5.7625,0.0,0.0
126.25,5.7875000000000005,0.0,0.0
126.25,5.8125,0.0,0.0
126.25,5.8375,0.0,0.0
126.25,5.862500000000001,0.0,0.0
126.25,5.8875,0.0,0.0
126.25,5.9125000000000005,0.0,0.0
126.25,5.9375,0.0,0.0
126.25,5.9625,0.0,0.0
126.25,5.987500000000001,0.0,0.0
126.25,6.0125,0.0,0.0
126.25,6.0375000000000005,0.0,0.0
126.25,6.0625,0.0,0.0
126.25,6.0875,0.0,0.0
126.25,6.112500000000001,0.0,0.0
126.25,6.1375,0.0,0.0
126.25,6.1625000000000005,0.0,0.0
126.25,6.1875,0.0,0.0
126.25,6.2125,0.0,0.0
126.25,6.237500000000001,0.0,0.0
126.25,6.2625,0.0,0.0
126.25,6.2875000000000005,0.0,0.0
126.25,6.3125,0.0,0.0
126.25,6.3375,0.0,0.0
126.25,6.362500000000001,0.0,0.0
126.25,6.3875,0.0,0.0
126.25,6.4125000000000005,0.0,0.0
126.25,6.4375,0.0,0.0
126.25,6.4625,0.0,0.0
126.25,6.487500000000001,0.0,0.0
126.25,6.5125,0.0,0.0
126.25,6.5375000000000005,0.0,0.0
126.25,6.5625,0.0,0.0
126.25,6.5875,0.0,0.0
126.25,6.612500000000001,0.0,0.0
126.25,6.6375,0.0,0.0
126.25,6.6625000000000005,0.0,0.0
126.25,6.6875,0.0,0.0
126.25,6.7125,0.0,0.0
126.25,6.737500000000001,0.0,0.0
126.25,6.7625,0.0,0.0
126.25,6.7875000000000005,0.0,0.0
126.25,6.8125,0.0,0.0
126.25,6.8375,0.0,0.0
126.25,6.862500000000001,0.0,0.0
126.25,6.8875,0.0,0.0
126.25,6.9125000000000005,0.0,0.0
126.25,6.9375,0.0,0.0
126.25,6.9625,0.0,0.0
126.25,6.987500000000001,0.0,0.0
128.75,0.0125,0.0,0.0
128.75,0.037500000000000006,0.0,0.0
128.75,0.0625,0.0,0.0
128.75,0.08750000000000001,0.0,0.0
128.75,0.1125,0.0,0.0
128.75,0.1375,9.999999999999992e-05,1.2871628263046027
128.75,0.16250000000000003,0.0,0.0
128.75,0.1875,0.0003000000000000001,3.8614884789138118
128.75,0.21250000000000002,0.0019000000000000004,24.456093699787473
128.75,0.2375,0.005400000000000001,69.5067926204486
128.75,0.2625,0.015799999999999988,203.37172655612721
128.75,0.28750000000000003,0.042099999999999964,541.8955498742376
128.75,0.3125,0.08810000000000012,1133.9904499743573
128.75,0.3375,0.14979999999999988,1928.1699138042945
128.75,0.36250000000000004,0.20250000000000026,2606.5047232668257
128.75,0.3875,0.26789999999999975,3448.3092116700295
128.75,0.41250000000000003,0.29709999999999975,3824.160756950974
128.75,0.4375,0.3017000000000004,3883.3702469609943
128.75,0.4625,0.2618999999999998,3371.079442091754
128.75,0.48750000000000004,0.2210000000000003,2844.6298461331776
128.75,0.5125,0.16129999999999983,2076.1936388293234
128.75,0.5375000000000001,0.1150999999999999,1481.5244130765973
128.75,0.5625,0.07869999999999994,1012.9971443017222
128.75,0.5875000000000001,0.04269999999999997,549.6185268320653
128.75,0.6125,0.024700000000000086,317.92921809723816
128.75,0.6375,0.012299999999999988,158.3210276354661
128.75,0.6625000000000001,0.005699999999999995,73.36828109936233
128.75,0.6875,0.003299999999999997,42.47637326805188
128.75,0.7125000000000001,0.0014999999999999985,19.307442394569033
128.75,0.7375,0.0008000000000000029,10.297302610436866
128.75,0.7625,0.00029999999999999976,3.8614884789138073
128.75,0.7875000000000001,0.0,0.0
128.75,0.8125,9.999999999999992e-05,1.2871628263046027
128.75,0.8375000000000001,0.0,0.0
128.75,0.8625,0.0,0.0
128.75,0.8875,9.999999999999992e-05,1.2871628263046027
128.75,0.9125000000000001,0.0,0.0
128.75,0.9375,0.0,0.0
128.75,0.9625000000000001,0.0,0.0
128.75,0.9875,0.00020000000000000071,2.5743256526092164
128.75,1.0125000000000002,0.0,0.0
128.75,1.0375,0.00020000000000000071,2.5743256526092164
128.75,1.0625,0.0007000000000000024,9.010139784132255
128.75,1.0875,0.0013999999999999924,18.020279568264353
128.75,1.1125,0.002600000000000009,33.46623348391981
128.75,1.1375000000000002,0.006199999999999967,79.804095230885
128.75,1.1625,0.01140000000000004,146.73656219872532
128.75,1.1875,0.018099999999999904,232.976471561132
128.75,1.2125000000000001,0.03380000000000012,435.0610352909576
128.75,1.2375,0.04720000000000017,607.540854015775
128.75,1.2625000000000002,0.0745999999999996,960.2234684232291
128.75,1.2875,0.10500000000000038,1351.5209676198388
128.75,1.3125,0.14519999999999922,1868.9604237942742
128.75,1.3375000000000001,0.1996000000000007,2569.1770013039977
128.75,1.3625,0.2564000000000009,3300.285486645015
128.75,1.3875000000000002,0.3116999999999983,4012.0865295914277
128.75,1.4125,0.3806000000000013,4898.9417169153385
128.75,1.4375,0.4284999999999977,5515.492710715197
128.75,1.4625000000000001,0.48610000000000175,6256.8984986667
128.75,1.4875,0.529700000000002,6818.10149093551
128.75,1.5125000000000002,0.5383999999999971,6930.0846568239485
128.75,1.5375,0.5659000000000021,7284.054434057778
128.75,1.5625,0.560699999999997,7217.121967089874
128.75,1.5875000000000001,0.5258000000000019,6767.902140709631
128.75,1.6125,0.49860000000000176,6417.793851954776
128.75,1.6375000000000002,0.44939999999999763,5784.509741412858
128.75,1.6625,0.4024000000000014,5179.543213049743
128.75,1.6875,0.3406999999999982,4385.363749219761
128.75,1.7125000000000001,0.29580000000000106,3807.427640209031
128.75,1.7375,0.23370000000000082,3008.0995250738692
128.75,1.7625000000000002,0.18849999999999897,2426.3019275841643
128.75,1.7875,0.1427000000000005,1836.7813531366755
128.75,1.8125,0.11289999999999939,1453.2068308978896
128.75,1.8375000000000001,0.08080000000000029,1040.0275636541235
128.75,1.8625,0.0571000000000002,734.9699738199312
128.75,1.8875000000000002,0.04289999999999978,552.192852484672
128.75,1.9125,0.03170000000000011,408.03061593856074
128.75,1.9375,0.02289999999999988,294.76028722375264
128.75,1.9625000000000001,0.02000000000000007,257.4325652609216
128.75,1.9875,0.017300000000000062,222.6791689506972
128.75,2.0125,0.023100000000000082,297.3346128763645
128.75,2.0375,0.02439999999999965,314.06772961831877
128.75,2.0625,0.03990000000000014,513.5779676955386
128.75,2.0875000000000004,0.054300000000000195,698.9294146834022
128.75,2.1125,0.07560000000000026,973.0950966862837
128.75,2.1375,0.09920000000000036,1276.8655236941713
128.75,2.1625,0.14619999999999791,1881.8320520573036
128.75,2.1875,0.17830000000000062,2295.011319301116
128.75,2.2125000000000004,0.23500000000000085,3024.8326418158294
128.75,2.2375,0.2951000000000011,3798.417500424899
128.75,2.2625,0.3614000000000013,4651.8064542648535
128.75,2.2875,0.4389999999999938,5650.64480747713
128.75,2.3125,0.5275000000000019,6789.783908756807
128.75,2.3375000000000004,0.6245000000000022,8038.331850272277
128.75,2.3625,0.6988000000000024,8994.6938302166
128.75,2.3875,0.7916999999999887,10190.4680958534
128.75,2.4125000000000005,0.866600000000003,11154.553052755733
128.75,2.4375,0.9245000000000033,11899.820329186103
128.75,2.4625000000000004,0.9697000000000034,12481.617926675784
128.75,2.4875,1.0133000000000036,13042.820918944595
128.75,2.5125,0.9987999999999858,12856.182309130198
128.75,2.5375000000000005,0.9962000000000035,12822.716075646505
128.75,2.5625,0.9828000000000036,12650.23625692169
128.75,2.5875000000000004,0.9612000000000034,12372.209086439892
128.75,2.6125,0.9080000000000032,11687.438462845843
128.75,2.6375,0.8355999999999881,10755.532576601114
128.75,2.6625000000000005,0.7773000000000027,10005.116648865718
128.75,2.6875,0.6896000000000024,8876.274850196578
128.75,2.7125000000000004,0.6121000000000022,7878.723659810506
128.75,2.7375,0.5312000000000019,6837.408933330078
128.75,2.7625,0.44239999999999374,5694.408343571486
128.75,2.7875000000000005,0.37750000000000133,4859.039669299896
128.75,2.8125,0.31490000000000107,4053.2757400332102
128.75,2.8375000000000004,0.2628000000000009,3382.66390752851
128.75,2.8625,0.20090000000000072,2585.910118045958
128.75,2.8875,0.1698999999999976,2186.8896418914906
128.75,2.9125000000000005,0.1406000000000005,1809.7509337842791
128.75,2.9375,0.11110000000000039,1430.0379000244195
128.75,2.9625000000000004,0.09070000000000032,1167.4566834582795
128.75,2.9875,0.07680000000000027,988.541050601939
128.75,3.0125,0.07469999999999893,961.5106312495251
128.75,3.0375000000000005,0.06870000000000025,884.2808616712658
128.75,3.0625,0.07060000000000026,908.7369553710535
128.75,3.0875000000000004,0.0842000000000003,1083.79109974848
128.75,3.1125,0.09560000000000035,1230.5276619472056
128.75,3.1375,0.1130999999999984,1455.781156550486
128.75,3.1625000000000005,0.13810000000000047,1777.5718631266636
128.75,3.1875,0.16370000000000057,2107.085546660643
128.75,3.2125000000000004,0.19540000000000068,2515.116162599204
128.75,3.2375,0.2318000000000008,2983.6434313740815
128.75,3.2625,0.25729999999999636,3311.869952081698
128.75,3.2875000000000005,0.281700000000001,3625.937681700081
128.75,3.3125,0.32780000000000115,4219.319744626505
128.75,3.3375000000000004,0.3567000000000013,4591.309801428538
128.75,3.3625,0.39570000000000144,5093.303303687335
128.75,3.3875,0.4126999999999941,5312.1209841590235
128.75,3.4125000000000005,0.44120000000000154,5678.962389655931
128.75,3.4375,0.45580000000000165,5866.8881622964045
128.75,3.4625000000000004,0.48820000000000174,6283.928918019097
128.75,3.4875,0.4835000000000017,6223.43226518278
128.75,3.5125,0.4779999999999932,6152.638309735918
128.75,3.5375000000000005,0.4884000000000018,6286.5032436717065
128.75,3.5625,0.4726000000000017,6083.131517115578
128.75,3.5875000000000004,0.4482000000000016,5769.0637874972535
128.75,3.6125,0.4222000000000015,5434.401452658056
128.75,3.6375,0.4097999999999942,5274.793262196191
128.75,3.6625000000000005,0.3651000000000013,4699.431478838124
128.75,3.6875,0.35160000000000124,4525.664497287002
128.75,3.7125000000000004,0.30980000000000113,3987.6304358916764
128.75,3.7375,0.275400000000001,3544.846423642891
128.75,3.7625,0.24569999999999653,3162.5590642303664
128.75,3.7875000000000005,0.2210000000000008,2844.6298461331844
128.75,3.8125,0.19170000000000068,2467.4911380259337
128.75,3.8375000000000004,0.16000000000000056,2059.4605220873727
128.75,3.8625,0.13680000000000048,1760.8387463847039
128.75,3.8875,0.11729999999999834,1509.8419952552786
128.75,3.9125000000000005,0.09350000000000033,1203.4972425948085
128.75,3.9375,0.07250000000000026,933.1930490708409
128.75,3.9625000000000004,0.06160000000000022,792.8923010036386
128.75,3.9875,0.04680000000000017,602.3922027105566
128.75,4.0125,0.03789999999999946,487.8347111694378
128.75,4.0375,0.030100000000000644,387.43601071769393
128.75,4.0625,0.0208999999999997,269.0170306976583
128.75,4.0875,0.01769999999999975,227.82782025591163
128.75,4.112500000000001,0.013500000000000288,173.76698155112518
128.75,4.1375,0.00919999999999987,118.41898002002185
128.75,4.1625,0.007300000000000155,93.96288632023806
128.75,4.1875,0.006799999999999904,87.52707218871181
128.75,4.2125,0.004799999999999932,61.78381566262009
128.75,4.237500000000001,0.003000000000000064,38.61488478913893
128.75,4.2625,0.002599999999999963,33.46623348391922
128.75,4.2875,0.0011000000000000235,14.158791089350942
128.75,4.3125,0.0007999999999999887,10.297302610436683
128.75,4.3375,0.00039999999999999433,5.148651305218341
128.75,4.362500000000001,0.0004000000000000086,5.148651305218524
128.75,4.3875,0.00029999999999999575,3.861488478913756
128.75,4.4125,0.00010000000000000215,1.287162826304631
128.75,4.4375,0.00019999999999999716,2.5743256526091707
128.75,4.4625,9.999999999999858e-05,1.2871628263045853
128.75,4.487500000000001,0.0,0.0
128.75,4.5125,0.0,0.0
128.75,4.5375,0.0,0.0
128.75,4.5625,0.0,0.0
128.75,4.5875,0.0,0.0
128.75,4.612500000000001,0.00010000000000000215,1.287162826304631
128.75,4.6375,0.0,0.0
128.75,4.6625,0.0,0.0
128.75,4.6875,9.999999999999858e-05,1.2871628263045853
128.75,4.7125,0.0,0.0
128.75,4.737500000000001,0.0,0.0
128.75,4.7625,0.0,0.0
128.75,4.7875000000000005,0.0,0.0
128.75,4.8125,0.0,0.0
128.75,4.8375,0.0,0.0
128.75,4.862500000000001,0.0,0.0
128.75,4.8875,0.0,0.0
128.75,4.9125000000000005,0.0,0.0
128.75,4.9375,0.0,0.0
128.75,4.9625,0.0,0.0
128.75,4.987500000000001,0.0,0.0
128.75,5.0125,0.0,0.0
128.75,5.0375000000000005,0.0,0.0
128.75,5.0625,0.0,0.0
128.75,5.0875,0.0,0.0
128.75,5.112500000000001,0.0,0.0
128.75,5.1375,0.0,0.0
128.75,5.1625000000000005,0.0,0.0
128.75,5.1875,0.0,0.0
128.75,5.2125,0.0,0.0
128.75,5.237500000000001,0.0,0.0
128.75,5.2625,0.0,0.0
128.75,5.2875000000000005,0.0,0.0
128.75,5.3125,0.0,0.0
128.75,5.3375,0.0,0.0
128.75,5.362500000000001,0.0,0.0
128.75,5.3875,0.0,0.0
128.75,5.4125000000000005,0.0,0.0
128.75,5.4375,0.0,0.0
128.75,5.4625,0.0,0.0
128.75,5.487500000000001,0.0,0.0
128.75,5.5125,0.0,0.0
128.75,5.5375000000000005,0.0,0.0
128.75,5.5625,0.0,0.0
128.75,5.5875,0.0,0.0
128.75,5.612500000000001,0.0,0.0
128.75,5.6375,0.0,0.0
128.75,5.6625000000000005,0.0,0.0
128.75,5.6875,0.0,0.0
128.75,5.7125,0.0,0.0
128.75,5.737500000000001,0.0,0.0
128.75,5.7625,0.0,0.0
128.75,5.7875000000000005,0.0,0.0
128.75,5.8125,0.0,0.0
128.75,5.8375,0.0,0.0
128.75,5.862500000000001,0.0,0.0
128.75,5.8875,0.0,0.0
128.75,5.9125000000000005,0.0,0.0
128.75,5.9375,0.0,0.0
128.75,5.9625,0.0,0.0
128.75,5.987500000000001,0.0,0.0
128.75,6.0125,0.0,0.0
128.75,6.0375000000000005,0.0,0.0
128.75,6.0625,0.0,0.0
128.75,6.0875,0.0,0.0
128.75,6.112500000000001,0.0,0.0
128.75,6.1375,0.0,0.0
128.75,6.1625000000000005,0.0,0.0
128.75,6.1875,0.0,0.0
128.75,6.2125,0.0,0.0
128.75,6.237500000000001,0.0,0.0
128.75,6.2625,0.0,0.0
128.75,6.2875000000000005,0.0,0.0
128.75,6.3125,0.0,0.0
128.75,6.3375,0.0,0.0
128.75,6.362500000000001,0.0,0.0
128.75,6.3875,0.0,0.0
128.75,6.4125000000000005,0.0,0.0
128.75,6.4375,0.0,0.0
128.75,6.4625,0.0,0.0
128.75,6.487500000000001,0.0,0.0
128.75,6.5125,0.0,0.0
128.75,6.5375000000000005,0.0,0.0
128.75,6.5625,0.0,0.0
128.75,6.5875,0.0,0.0
128.75,6.612500000000001,0.0,0.0
128.75,6.6375,0.0,0.0
128.75,6.6625000000000005,0.0,0.0
128.75,6.6875,0.0,0.0
128.75,6.7125,0.0,0.0
128.75,6.737500000000001,0.0,0.0
128.75,6.7625,0.0,0.0
128.75,6.7875000000000005,0.0,0.0
128.75,6.8125,0.0,0.0
128.75,6.8375,0.0,0.0
128.75,6.862500000000001,0.0,0.0
128.75,6.8875,0.0,0.0
128.75,6.9125000000000005,0.0,0.0
128.75,6.9375,0.0,0.0
128.75,6.9625,0.0,0.0
128.75,6.987500000000001,0.0,0.0
131.25,0.0125,0.0,0.0
131.25,0.037500000000000006,0.0,0.0
131.25,0.0625,0.0,0.0
131.25,0.08750000000000001,0.0,0.0
131.25,0.1125,0.0,0.0
131.25,0.1375,9.999999999999992e-05,1.0640231728439127
131.25,0.16250000000000003,0.00010000000000000003,1.064023172843914
131.25,0.1875,0.0003000000000000001,3.1920695185317416
131.25,0.21250000000000002,0.0017000000000000006,18.088393938346538
131.25,0.2375,0.0065000000000000014,69.1615062348544
131.25,0.2625,0.02089999999999998,222.38084312437772
131.25,0.28750000000000003,0.04299999999999996,457.52996432288245
131.25,0.3125,0.08920000000000013,949.1086701767722
131.25,0.3375,0.14329999999999987,1524.7452066853268
131.25,0.36250000000000004,0.20550000000000027,2186.567620194245
131.25,0.3875,0.2590999999999998,2756.8840408385777
131.25,0.41250000000000003,0.2882999999999998,3067.5788073090002
131.25,0.4375,0.2912000000000004,3098.4354793214807
131.25,0.4625,0.26239999999999974,2791.9968055424265
131.25,0.48750000000000004,0.2174000000000003,2313.1863777626713
131.25,0.5125,0.16999999999999987,1808.8393938346517
131.25,0.5375000000000001,0.1143999999999999,1217.242509733436
131.25,0.5625,0.08169999999999993,869.3069322134766
131.25,0.5875000000000001,0.048799999999999955,519.2433083478294
131.25,0.6125,0.0282000000000001,300.0545347419847
131.25,0.6375,0.016399999999999984,174.49980034640166
131.25,0.6625000000000001,0.008999999999999992,95.76208555595214
131.25,0.6875,0.0031999999999999976,34.048741531005206
131.25,0.7125000000000001,0.0014999999999999985,15.960347592658687
131.25,0.7375,0.0010000000000000037,10.640231728439176
131.25,0.7625,0.00019999999999999985,2.1280463456878254
131.25,0.7875000000000001,0.0,0.0
131.25,0.8125,9.999999999999992e-05,1.0640231728439127
131.25,0.8375000000000001,0.0,0.0
131.25,0.8625,0.0,0.0
131.25,0.8875,0.0,0.0
131.25,0.9125000000000001,9.999999999999992e-05,1.0640231728439127
131.25,0.9375,0.0,0.0
131.25,0.9625000000000001,0.0,0.0
131.25,0.9875,0.00010000000000000036,1.0640231728439173
131.25,1.0125000000000002,0.00019999999999999895,2.128046345687816
131.25,1.0375,0.0009000000000000032,9.576208555595256
131.25,1.0625,0.001100000000000004,11.704254901283091
131.25,1.0875,0.002299999999999988,24.472532975409884
131.25,1.1125,0.004200000000000015,44.68897325944453
131.25,1.1375000000000002,0.005399999999999972,57.45725133357103
131.25,1.1625,0.01460000000000005,155.3473832352119
131.25,1.1875,0.02069999999999989,220.25279677868892
131.25,1.2125000000000001,0.03450000000000012,367.08799463115145
131.25,1.2375,0.04890000000000018,520.3073315206757
131.25,1.2625000000000002,0.08159999999999958,868.242909040629
131.25,1.2875,0.1112000000000004,1183.193768202436
131.25,1.3125,0.14309999999999923,1522.6171603396322
131.25,1.3375000000000001,0.20090000000000072,2137.62255424343
131.25,1.3625,0.2514000000000009,2674.9542565296083
131.25,1.3875000000000002,0.30939999999999834,3292.087696779051
131.25,1.4125,0.37470000000000137,3986.8948286461587
131.25,1.4375,0.43759999999999766,4656.1654043649405
131.25,1.4625000000000001,0.4815000000000017,5123.271577243462
131.25,1.4875,0.5061000000000018,5385.021277763065
131.25,1.5125000000000002,0.5262999999999972,5599.953958677487
131.25,1.5375,0.5561000000000019,5917.032864185024
131.25,1.5625,0.543099999999997,5778.709851715263
131.25,1.5875000000000001,0.5198000000000018,5530.792452442682
131.25,1.6125,0.48430000000000173,5153.064226083092
131.25,1.6375000000000002,0.4497999999999976,4785.976231451898
131.25,1.6625,0.4107000000000015,4369.943170869969
131.25,1.6875,0.34849999999999814,3708.120757361019
131.25,1.7125000000000001,0.28940000000000105,3079.283062210297
131.25,1.7375,0.23620000000000083,2513.222734257333
131.25,1.7625000000000002,0.19379999999999897,2062.0769089714936
131.25,1.7875,0.15400000000000055,1638.5956861796328
131.25,1.8125,0.11419999999999939,1215.1144633877427
131.25,1.8375000000000001,0.08940000000000031,951.2367165224621
131.25,1.8625,0.06240000000000022,663.9504598546044
131.25,1.8875000000000002,0.04699999999999975,500.0908912366367
131.25,1.9125,0.034900000000000125,371.3440873225272
131.25,1.9375,0.02649999999999986,281.9661408036356
131.25,1.9625000000000001,0.02480000000000009,263.8777468652915
131.25,1.9875,0.01980000000000007,210.67658822309565
131.25,2.0125,0.02320000000000008,246.85337609978882
131.25,2.0375,0.03109999999999956,330.9112067544524
131.25,2.0625,0.04060000000000015,431.9934081746305
131.25,2.0875000000000004,0.05860000000000021,623.5175792865356
131.25,2.1125,0.07450000000000026,792.6972637687184
131.25,2.1375,0.10580000000000038,1125.7365168688646
131.25,2.1625,0.14449999999999794,1537.5134847594331
131.25,2.1875,0.19030000000000066,2024.8360979219747
131.25,2.2125000000000004,0.23480000000000084,2498.326409837518
131.25,2.2375,0.29480000000000106,3136.7403135438685
131.25,2.2625,0.3768000000000013,4009.23931527588
131.25,2.2875,0.44879999999999365,4775.3359997234165
131.25,2.3125,0.5173000000000019,5504.191873121585
131.25,2.3375000000000004,0.5988000000000021,6371.370758989377
131.25,2.3625,0.6885000000000024,7325.799545030371
131.25,2.3875,0.773099999999989,8225.963149256178
131.25,2.4125000000000005,0.8629000000000031,9181.455958470164
131.25,2.4375,0.9085000000000032,9666.650525286988
131.25,2.4625000000000004,0.9525000000000033,10134.820721338312
131.25,2.4875,1.0158000000000036,10808.347389748513
131.25,2.5125,0.990499999999986,10539.149527018815
131.25,2.5375000000000005,1.0130000000000037,10778.554740908883
131.25,2.5625,0.9957000000000036,10594.478732006886
131.25,2.5875000000000004,0.9349000000000034,9947.552642917784
131.25,2.6125,0.9068000000000032,9648.562131348643
131.25,2.6375,0.8363999999999882,8899.489817666366
131.25,2.6625000000000005,0.7690000000000027,8182.338199169724
131.25,2.6875,0.6913000000000025,7355.59219387
131.25,2.7125000000000004,0.6030000000000021,6416.059732248821
131.25,2.7375,0.5152000000000019,5481.847386491862
131.25,2.7625,0.45669999999999356,4859.393830378085
131.25,2.7875000000000005,0.3945000000000014,4197.571416869254
131.25,2.8125,0.3226000000000011,3432.538755594477
131.25,2.8375000000000004,0.26640000000000097,2834.557732456196
131.25,2.8625,0.2249000000000008,2392.98811572597
131.25,2.8875,0.1747999999999975,1859.9125061311345
131.25,2.9125000000000005,0.14640000000000053,1557.729925043495
131.25,2.9375,0.12090000000000042,1286.404015968296
131.25,2.9625000000000004,0.09750000000000035,1037.4225935228194
131.25,2.9875,0.08530000000000029,907.6117664358613
131.25,3.0125,0.07659999999999892,815.0417503984263
131.25,3.0375000000000005,0.07780000000000027,827.8100284725676
131.25,3.0625,0.08080000000000029,859.7307236578853
131.25,3.0875000000000004,0.0845000000000003,899.0995810531101
131.25,3.1125,0.10400000000000037,1106.584099757674
131.25,3.1375,0.11879999999999831,1264.0595293385513
131.25,3.1625000000000005,0.14250000000000052,1516.2330213025823
131.25,3.1875,0.16040000000000057,1706.6931692416433
131.25,3.2125000000000004,0.1971000000000007,2097.189673675361
131.25,3.2375,0.2268000000000008,2413.2045560100046
131.25,3.2625,0.2538999999999964,2701.5548358506585
131.25,3.2875000000000005,0.285300000000001,3035.658112123696
131.25,3.3125,0.31870000000000115,3391.041851853565
131.25,3.3375000000000004,0.34720000000000123,3694.288456114081
131.25,3.3625,0.38790000000000135,4127.345887461555
131.25,3.3875,0.4075999999999942,4336.95845251173
131.25,3.4125000000000005,0.4392000000000016,4673.189775130485
131.25,3.4375,0.4510000000000016,4798.744509526067
131.25,3.4625000000000004,0.4680000000000017,4979.628448909533
131.25,3.4875,0.4742000000000017,5045.597885625856
131.25,3.5125,0.4833999999999931,5143.488017527405
131.25,3.5375000000000005,0.46730000000000166,4972.180286699626
131.25,3.5625,0.4560000000000016,4851.945668168263
131.25,3.5875000000000004,0.4457000000000016,4742.35128136534
131.25,3.6125,0.4307000000000015,4582.747805438752
131.25,3.6375,0.3984999999999943,4240.132343782935
131.25,3.6625000000000005,0.3796000000000014,4039.0319641155106
131.25,3.6875,0.3408000000000012,3626.19097305207
131.25,3.7125000000000004,0.3125000000000011,3325.0724151372415
131.25,3.7375,0.27030000000000093,2876.0546361971083
131.25,3.7625,0.25529999999999636,2716.4511602704724
131.25,3.7875000000000005,0.22160000000000077,2357.8753510221204
131.25,3.8125,0.19060000000000069,2028.0281674405066
131.25,3.8375000000000004,0.15880000000000055,1689.6687984761406
131.25,3.8625,0.13600000000000048,1447.0715150677277
131.25,3.8875,0.11859999999999832,1261.9314829928635
131.25,3.9125000000000005,0.09880000000000035,1051.2548947697903
131.25,3.9375,0.08190000000000028,871.4349785591681
131.25,3.9625000000000004,0.062000000000000215,659.6943671632287
131.25,3.9875,0.054000000000000194,574.5725133357154
131.25,4.0125,0.041299999999999414,439.44157038453005
131.25,4.0375,0.03260000000000069,346.87155434712315
131.25,4.0625,0.02589999999999963,275.5820017665697
131.25,4.0875,0.020799999999999704,221.31681995153087
131.25,4.112500000000001,0.015400000000000327,163.85956861796618
131.25,4.1375,0.015199999999999785,161.73152227227257
131.25,4.1625,0.008700000000000185,92.57001603742245
131.25,4.1875,0.0073999999999998945,78.73771479044848
131.25,4.2125,0.004599999999999935,48.945065950819334
131.25,4.237500000000001,0.003600000000000077,38.30483422238171
131.25,4.2625,0.0022999999999999674,24.472532975409667
131.25,4.2875,0.0012000000000000257,12.768278074127236
131.25,4.3125,0.0015999999999999773,17.024370765502375
131.25,4.3375,0.0005999999999999915,6.384139037063391
131.25,4.362500000000001,0.0005000000000000106,5.320115864219681
131.25,4.3875,0.0005999999999999915,6.384139037063391
131.25,4.4125,0.0003000000000000064,3.192069518531809
131.25,4.4375,0.00029999999999999575,3.1920695185316954
131.25,4.4625,9.999999999999858e-05,1.0640231728438985
131.25,4.487500000000001,0.00010000000000000215,1.0640231728439364
131.25,4.5125,0.0,0.0
131.25,4.5375,0.0,0.0
131.25,4.5625,0.0,0.0
131.25,4.5875,9.999999999999858e-05,1.0640231728438985
131.25,4.612500000000001,0.00010000000000000215,1.0640231728439364
131.25,4.6375,0.0,0.0
131.25,4.6625,0.0,0.0
131.25,4.6875,0.0,0.0
131.25,4.7125,0.0,0.0
131.25,4.737500000000001,0.0,0.0
131.25,4.7625,0.0,0.0
131.25,4.7875000000000005,0.0,0.0
131.25,4.8125,0.0,0.0
131.25,4.8375,0.0,0.0
131.25,4.862500000000001,0.0,0.0
131.25,4.8875,0.0,0.0
131.25,4.9125000000000005,0.0,0.0
131.25,4.9375,0.0,0.0
131.25,4.9625,0.0,0.0
131.25,4.987500000000001,0.0,0.0
131.25,5.0125,0.0,0.0
131.25,5.0375000000000005,0.0,0.0
131.25,5.0625,0.0,0.0
131.25,5.0875,0.0,0.0
131.25,5.112500000000001,0.0,0.0
131.25,5.1375,0.0,0.0
131.25,5.1625000000000005,0.0,0.0
131.25,5.1875,0.0,0.0
131.25,5.2125,0.0,0.0
131.25,5.237500000000001,0.0,0.0
131.25,5.2625,0.0,0.0
131.25,5.2875000000000005,0.0,0.0
131.25,5.3125,0.0,0.0
131.25,5.3375,0.0,0.0
131.25,5.362500000000001,0.0,0.0
131.25,5.3875,0.0,0.0
131.25,5.4125000000000005,0.0,0.0
131.25,5.4375,0.0,0.0
131.25,5.4625,0.0,0.0
131.25,5.487500000000001,0.0,0.0
131.25,5.5125,0.0,0.0
131.25,5.5375000000000005,0.0,0.0
131.25,5.5625,0.0,0.0
131.25,5.5875,0.0,0.0
131.25,5.612500000000001,0.0,0.0
131.25,5.6375,0.0,0.0
131.25,5.6625000000000005,0.0,0.0
131.25,5.6875,0.0,0.0
131.25,5.7125,0.0,0.0
131.25,5.737500000000001,0.0,0.0
131.25,5.7625,0.0,0.0
131.25,5.7875000000000005,0.0,0.0
131.25,5.8125,0.0,0.0
131.25,5.8375,0.0,0.0
131.25,5.862500000000001,0.0,0.0
131.25,5.8875,0.0,0.0
131.25,5.9125000000000005,0.0,0.0
131.25,5.9375,0.0,0.0
131.25,5.9625,0.0,0.0
131.25,5.987500000000001,0.0,0.0
131.25,6.0125,0.0,0.0
131.25,6.0375000000000005,0.0,0.0
131.25,6.0625,0.0,0.0
131.25,6.0875,0.0,0.0
131.25,6.112500000000001,0.0,0.0
131.25,6.1375,0.0,0.0
131.25,6.1625000000000005,0.0,0.0
131.25,6.1875,0.0,0.0
131.25,6.2125,0.0,0.0
131.25,6.237500000000001,0.0,0.0
131.25,6.2625,0.0,0.0
131.25,6.2875000000000005,0.0,0.0
131.25,6.3125,0.0,0.0
131.25,6.3375,0.0,0.0
131.25,6.362500000000001,0.0,0.0
131.25,6.3875,0.0,0.0
131.25,6.4125000000000005,0.0,0.0
131.25,6.4375,0.0,0.0
131.25,6.4625,0.0,0.0
131.25,6.487500000000001,0.0,0.0
131.25,6.5125,0.0,0.0
131.25,6.5375000000000005,0.0,0.0
131.25,6.5625,0.0,0.0
131.25,6.5875,0.0,0.0
131.25,6.612500000000001,0.0,0.0
131.25,6.6375,0.0,0.0
131.25,6.6625000000000005,0.0,0.0
131.25,6.6875,0.0,0.0
131.25,6.7125,0.0,0.0
131.25,6.737500000000001,0.0,0.0
131.25,6.7625,0.0,0.0
131.25,6.7875000000000005,0.0,0.0
131.25,6.8125,0.0,0.0
131.25,6.8375,0.0,0.0
131.25,6.862500000000001,0.0,0.0
131.25,6.8875,0.0,0.0
131.25,6.9125000000000005,0.0,0.0
131.25,6.9375,0.0,0.0
131.25,6.9625,0.0,0.0
131.25,6.987500000000001,0.0,0.0
133.75,0.0125,0.0,0.0
133.75,0.037500000000000006,0.0,0.0
133.75,0.0625,0.0,0.0
133.75,0.08750000000000001,0.0,0.0
133.75,0.1125,0.0,0.0
133.75,0.1375,0.0,0.0
133.75,0.16250000000000003,0.00020000000000000006,1.7297700960180034
133.75,0.1875,0.00040000000000000013,3.4595401920360067
133.75,0.21250000000000002,0.0019000000000000004,16.43281591217103
133.75,0.2375,0.008200000000000002,70.92057393673814
133.75,0.2625,0.02109999999999998,182.49074512989912
133.75,0.28750000000000003,0.04219999999999996,364.98149025979825
133.75,0.3125,0.08390000000000011,725.6385552795531
133.75,0.3375,0.13809999999999986,1194.4062513004296
133.75,0.36250000000000004,0.19790000000000024,1711.6075100098158
133.75,0.3875,0.26139999999999974,2260.809515495527
133.75,0.41250000000000003,0.28749999999999976,2486.5445130258768
133.75,0.4375,0.2904000000000004,2511.6261794181432
133.75,0.4625,0.27149999999999974,2348.1629053444367
133.75,0.48750000000000004,0.2212000000000003,1913.1257261959138
133.75,0.5125,0.16969999999999985,1467.709926471274
133.75,0.5375000000000001,0.1203999999999999,1041.3215978028368
133.75,0.5625,0.08199999999999993,709.2057393673806
133.75,0.5875000000000001,0.04959999999999996,428.9829838124643
133.75,0.6125,0.0291000000000001,251.68154897062027
133.75,0.6375,0.018699999999999984,161.7335039776831
133.75,0.6625000000000001,0.009199999999999993,79.56942441682807
133.75,0.6875,0.0038999999999999964,33.730516872351025
133.75,0.7125000000000001,0.002999999999999997,25.946551440270014
133.75,0.7375,0.0007000000000000024,6.05419533606303
133.75,0.7625,0.00019999999999999985,1.7297700960180014
133.75,0.7875000000000001,0.0004999999999999996,4.324425240045003
133.75,0.8125,0.0,0.0
133.75,0.8375000000000001,9.999999999999992e-05,0.8648850480090007
133.75,0.8625,0.0,0.0
133.75,0.8875,0.0,0.0
133.75,0.9125000000000001,0.0,0.0
133.75,0.9375,0.0,0.0
133.75,0.9625000000000001,0.0,0.0
133.75,0.9875,0.0,0.0
133.75,1.0125000000000002,0.0004999999999999974,4.3244252400449845
133.75,1.0375,0.00040000000000000143,3.459540192036018
133.75,1.0625,0.0013000000000000045,11.243505624117057
133.75,1.0875,0.0028999999999999846,25.081666392260907
133.75,1.1125,0.00570000000000002,49.29844773651325
133.75,1.1375000000000002,0.008099999999999956,70.05568888872874
133.75,1.1625,0.013300000000000048,115.0297113851976
133.75,1.1875,0.022299999999999882,192.86936570600628
133.75,1.2125000000000001,0.03670000000000013,317.4128126193046
133.75,1.2375,0.05480000000000019,473.9570063089344
133.75,1.2625000000000002,0.0746999999999996,646.0691308627206
133.75,1.2875,0.1147000000000004,992.0231500663281
133.75,1.3125,0.14819999999999922,1281.7596411493332
133.75,1.3375000000000001,0.20140000000000075,1741.878486690135
133.75,1.3625,0.2504000000000009,2165.672160214547
133.75,1.3875000000000002,0.3158999999999983,2732.1718666604206
133.75,1.4125,0.3656000000000013,3162.01973552092
133.75,1.4375,0.4168999999999978,3605.7057651495074
133.75,1.4625000000000001,0.48190000000000166,4167.881046355392
133.75,1.4875,0.5136000000000018,4442.049606574247
133.75,1.5125000000000002,0.5361999999999971,4637.51362742424
133.75,1.5375,0.5451000000000019,4714.488396697083
133.75,1.5625,0.5444999999999971,4709.299086408987
133.75,1.5875000000000001,0.5320000000000019,4601.188455407904
133.75,1.6125,0.49400000000000177,4272.532137164482
133.75,1.6375000000000002,0.44829999999999764,3877.2796702243327
133.75,1.6625,0.40130000000000143,3470.7836976601347
133.75,1.6875,0.34799999999999814,3009.799967071309
133.75,1.7125000000000001,0.29700000000000104,2568.708592586743
133.75,1.7375,0.2520000000000009,2179.510320982691
133.75,1.7625000000000002,0.19759999999999894,1709.0128548657776
133.75,1.7875,0.15960000000000055,1380.3565366223709
133.75,1.8125,0.11919999999999936,1030.9429772267242
133.75,1.8375000000000001,0.09160000000000032,792.234703976248
133.75,1.8625,0.06680000000000023,577.7432120700149
133.75,1.8875000000000002,0.052599999999999716,454.92953525273225
133.75,1.9125,0.03850000000000014,332.9807434834667
133.75,1.9375,0.03139999999999983,271.57390507482495
133.75,1.9625000000000001,0.026000000000000092,224.87011248234114
133.75,1.9875,0.023400000000000084,202.38310123410704
133.75,2.0125,0.028400000000000102,245.62735363455727
133.75,2.0375,0.03969999999999943,343.35936405956863
133.75,2.0625,0.048500000000000175,419.46924828436715
133.75,2.0875000000000004,0.062000000000000215,536.2287297655827
133.75,2.1125,0.0816000000000003,705.7461991753477
133.75,2.1375,0.10940000000000039,946.1842425218508
133.75,2.1625,0.15319999999999784,1325.0038935497714
133.75,2.1875,0.18690000000000065,1616.4701547288291
133.75,2.2125000000000004,0.24180000000000085,2091.2920460857727
133.75,2.2375,0.3002000000000011,2596.384914123031
133.75,2.2625,0.3703000000000013,3202.6693327773432
133.75,2.2875,0.4417999999999937,3821.0621421037135
133.75,2.3125,0.5273000000000019,4560.538858151481
133.75,2.3375000000000004,0.5954000000000021,5149.525575845612
133.75,2.3625,0.6785000000000023,5868.245050741094
133.75,2.3875,0.7620999999999891,6591.288950876506
133.75,2.4125000000000005,0.8244000000000029,7130.1123357862325
133.75,2.4375,0.8911000000000031,7706.990662808238
133.75,2.4625000000000004,0.9448000000000033,8171.433933589074
133.75,2.4875,0.9584000000000034,8289.058300118299
133.75,2.5125,0.987999999999986,8545.064274328812
133.75,2.5375000000000005,0.9795000000000035,8471.549045248199
133.75,2.5625,0.9631000000000035,8329.707897374723
133.75,2.5875000000000004,0.9493000000000034,8210.353760749478
133.75,2.6125,0.8889000000000031,7687.96319175204
133.75,2.6375,0.8169999999999883,7066.11084223344
133.75,2.6625000000000005,0.7612000000000027,6583.5049854445415
133.75,2.6875,0.6743000000000025,5831.919878724718
133.75,2.7125000000000004,0.6020000000000021,5206.607989014206
133.75,2.7375,0.5347000000000018,4624.540351704146
133.75,2.7625,0.46389999999999343,4012.2017377137004
133.75,2.7875000000000005,0.3969000000000014,3432.7287555477387
133.75,2.8125,0.33280000000000115,2878.3374397739667
133.75,2.8375000000000004,0.270900000000001,2342.973595056393
133.75,2.8625,0.22540000000000082,1949.4508982122961
133.75,2.8875,0.19479999999999725,1684.7960735215108
133.75,2.9125000000000005,0.15000000000000052,1297.3275720135066
133.75,2.9375,0.12780000000000044,1105.3230913555076
133.75,2.9625000000000004,0.10950000000000039,947.0491275698598
133.75,2.9875,0.09300000000000032,804.3430946483741
133.75,3.0125,0.08739999999999876,755.9095319598564
133.75,3.0375000000000005,0.08480000000000029,733.4225207116357
133.75,3.0625,0.08410000000000031,727.3683253755729
133.75,3.0875000000000004,0.09720000000000034,840.6682666647523
133.75,3.1125,0.10720000000000038,927.1567714656527
133.75,3.1375,0.1198999999999983,1036.997172562778
133.75,3.1625000000000005,0.1408000000000005,1217.7581475966783
133.75,3.1875,0.17500000000000063,1513.5488340157578
133.75,3.2125000000000004,0.1975000000000007,1708.1479698177839
133.75,3.2375,0.2276000000000008,1968.4783692684941
133.75,3.2625,0.2641999999999962,2285.0262968397487
133.75,3.2875000000000005,0.27600000000000097,2387.082732504852
133.75,3.3125,0.31880000000000114,2757.253533052706
133.75,3.3375000000000004,0.3447000000000012,2981.258760487038
133.75,3.3625,0.3757000000000013,3249.3731253698293
133.75,3.3875,0.4002999999999943,3462.1348471799834
133.75,3.4125000000000005,0.4312000000000015,3729.3843270148272
133.75,3.4375,0.44750000000000156,3870.360589840295
133.75,3.4625000000000004,0.4672000000000016,4040.7429442980683
133.75,3.4875,0.46540000000000165,4025.1750134339068
133.75,3.5125,0.46659999999999335,4035.553634009943
133.75,3.5375000000000005,0.4726000000000017,4087.4467368905553
133.75,3.5625,0.45760000000000167,3957.7139796892047
133.75,3.5875000000000004,0.43960000000000155,3802.0346710475833
133.75,3.6125,0.4163000000000015,3600.5164548614857
133.75,3.6375,0.4002999999999943,3462.1348471799834
133.75,3.6625000000000005,0.35650000000000126,3083.3151961521007
133.75,3.6875,0.3514000000000012,3039.2060587036412
133.75,3.7125000000000004,0.3110000000000011,2689.7924993080037
133.75,3.7375,0.27300000000000096,2361.136181064582
133.75,3.7625,0.25689999999999635,2221.889688335093
133.75,3.7875000000000005,0.22710000000000083,1964.1539440284494
133.75,3.8125,0.1977000000000007,1709.8777399138019
133.75,3.8375000000000004,0.17030000000000062,1472.8992367593346
133.75,3.8625,0.1453000000000005,1256.6779747570833
133.75,3.8875,0.12119999999999828,1048.2406781868947
133.75,3.9125000000000005,0.10520000000000038,909.8590705054727
133.75,3.9375,0.08680000000000031,750.7202216718158
133.75,3.9625000000000004,0.06750000000000024,583.797407406078
133.75,3.9875,0.05170000000000018,447.1455698206553
133.75,4.0125,0.042799999999999394,370.17080054784736
133.75,4.0375,0.03470000000000074,300.11511165912987
133.75,4.0625,0.029399999999999583,254.27620411464278
133.75,4.0875,0.022599999999999676,195.46402085003152
133.75,4.112500000000001,0.01680000000000036,145.30068806551535
133.75,4.1375,0.013699999999999804,118.4892515772315
133.75,4.1625,0.008300000000000177,71.78545898474864
133.75,4.1875,0.007899999999999888,68.32591879271014
133.75,4.2125,0.006099999999999913,52.75798792854833
133.75,4.237500000000001,0.004100000000000087,35.46028696836981
133.75,4.2625,0.003099999999999956,26.811436488278662
133.75,4.2875,0.0026000000000000554,22.487011248234516
133.75,4.3125,0.001699999999999976,14.703045816152816
133.75,4.3375,0.000999999999999986,8.648850480089893
133.75,4.362500000000001,0.0007000000000000148,6.054195336063138
133.75,4.3875,0.00039999999999999433,3.4595401920359565
133.75,4.4125,0.0003000000000000064,2.5946551440270595
133.75,4.4375,9.999999999999858e-05,0.8648850480089891
133.75,4.4625,0.0,0.0
133.75,4.487500000000001,0.00010000000000000215,0.8648850480090199
133.75,4.5125,0.00019999999999999716,1.7297700960179783
133.75,4.5375,0.0,0.0
133.75,4.5625,0.0,0.0
133.75,4.5875,0.0,0.0
133.75,4.612500000000001,0.00010000000000000215,0.8648850480090199
133.75,4.6375,0.0,0.0
133.75,4.6625,0.0,0.0
133.75,4.6875,0.0,0.0
133.75,4.7125,0.0,0.0
133.75,4.737500000000001,0.0,0.0
133.75,4.7625,0.0,0.0
133.75,4.7875000000000005,0.0,0.0
133.75,4.8125,0.0,0.0
133.75,4.8375,0.0,0.0
133.75,4.862500000000001,0.0,0.0
133.75,4.8875,0.0,0.0
133.75,4.9125000000000005,0.0,0.0
133.75,4.9375,0.0,0.0
133.75,4.9625,0.0,0.0
133.75,4.987500000000001,0.0,0.0
133.75,5.0125,0.0,0.0
133.75,5.0375000000000005,0.0,0.0
133.75,5.0625,0.0,0.0
133.75,5.0875,0.0,0.0
133.75,5.112500000000001,0.0,0.0
133.75,5.1375,0.0,0.0
133.75,5.1625000000000005,0.0,0.0
133.75,5.1875,0.0,0.0
133.75,5.2125,0.0,0.0
133.75,5.237500000000001,0.0,0.0
133.75,5.2625,0.0,0.0
133.75,5.2875000000000005,0.0,0.0
133.75,5.3125,0.0,0.0
133.75,5.3375,0.0,0.0
133.75,5.362500000000001,0.0,0.0
133.75,5.3875,0.0,0.0
133.75,5.4125000000000005,0.0,0.0
133.75,5.4375,0.0,0.0
133.75,5.4625,0.0,0.0
133.75,5.487500000000001,0.0,0.0
133.75,5.5125,0.0,0.0
133.75,5.5375000000000005,0.0,0.0
133.75,5.5625,0.0,0.0
133.75,5.5875,0.0,0.0
133.75,5.612500000000001,0.0,0.0
133.75,5.6375,0.0,0.0
133.75,5.6625000000000005,0.0,0.0
133.75,5.6875,0.0,0.0
133.75,5.7125,0.0,0.0
133.75,5.737500000000001,0.0,0.0
133.75,5.7625,0.0,0.0
133.75,5.7875000000000005,0.0,0.0
133.75,5.8125,0.0,0.0
133.75,5.8375,0.0,0.0
133.75,5.862500000000001,0.0,0.0
133.75,5.8875,0.0,0.0
133.75,5.9125000000000005,0.0,0.0
133.75,5.9375,0.0,0.0
133.75,5.9625,0.0,0.0
133.75,5.987500000000001,0.0,0.0
133.75,6.0125,0.0,0.0
133.75,6.0375000000000005,0.0,0.0
133.75,6.0625,0.0,0.0
133.75,6.0875,0.0,0.0
133.75,6.112500000000001,0.0,0.0
133.75,6.1375,0.0,0.0
133.75,6.1625000000000005,0.0,0.0
133.75,6.1875,0.0,0.0
133.75,6.2125,0.0,0.0
133.75,6.237500000000001,0.0,0.0
133.75,6.2625,0.0,0.0
133.75,6.2875000000000005,0.0,0.0
133.75,6.3125,0.0,0.0
133.75,6.3375,0.0,0.0
133.75,6.362500000000001,0.0,0.0
133.75,6.3875,0.0,0.0
133.75,6.4125000000000005,0.0,0.0
133.75,6.4375,0.0,0.0
133.75,6.4625,0.0,0.0
133.75,6.487500000000001,0.0,0.0
133.75,6.5125,0.0,0.0
133.75,6.5375000000000005,0.0,0.0
133.75,6.5625,0.0,0.0
133.75,6.5875,0.0,0.0
133.75,6.612500000000001,0.0,0.0
133.75,6.6375,0.0,0.0
133.75,6.6625000000000005,0.0,0.0
133.75,6.6875,0.0,0.0
133.75,6.7125,0.0,0.0
133.75,6.737500000000001,0.0,0.0
133.75,6.7625,0.0,0.0
133.75,6.7875000000000005,0.0,0.0
133.75,6.8125,0.0,0.0
133.75,6.8375,0.0,0.0
133.75,6.862500000000001,0.0,0.0
133.75,6.8875,0.0,0.0
133.75,6.9125000000000005,0.0,0.0
133.75,6.9375,0.0,0.0
133.75,6.9625,0.0,0.0
133.75,6.987500000000001,0.0,0.0
136.25,0.0125,0.0,0.0
136.25,0.037500000000000006,0.0,0.0
136.25,0.0625,0.0,0.0
136.25,0.08750000000000001,0.0,0.0
136.25,0.1125,0.0,0.0
136.25,0.1375,0.0,0.0
136.25,0.16250000000000003,0.00010000000000000003,0.6932028561571247
136.25,0.1875,0.0005000000000000001,3.466014280785623
136.25,0.21250000000000002,0.0029000000000000007,20.102882828556613
136.25,0.2375,0.007300000000000001,50.60380849947009
136.25,0.2625,0.019899999999999984,137.94736837526764
136.25,0.28750000000000003,0.04389999999999996,304.31605385297735
136.25,0.3125,0.09160000000000013,634.9738162399269
136.25,0.3375,0.13829999999999987,958.6995500653022
136.25,0.36250000000000004,0.20300000000000026,1407.2017979989646
136.25,0.3875,0.2490999999999998,1726.7683146873956
136.25,0.41250000000000003,0.2932999999999997,2033.1639771088442
136.25,0.4375,0.2868000000000004,1988.1057914586356
136.25,0.4625,0.26669999999999977,1848.7720173710493
136.25,0.48750000000000004,0.2188000000000003,1516.7278492717903
136.25,0.5125,0.17879999999999985,1239.4467068089375
136.25,0.5375000000000001,0.13409999999999989,929.5850301067031
136.25,0.5625,0.08649999999999992,599.6204705759121
136.25,0.5875000000000001,0.056699999999999945,393.0460194410892
136.25,0.6125,0.03220000000000012,223.21131968259488
136.25,0.6375,0.02159999999999998,149.73181692993876
136.25,0.6625000000000001,0.01049999999999999,72.786299896498
136.25,0.6875,0.005299999999999995,36.73975137632756
136.25,0.7125000000000001,0.002499999999999998,17.3300714039281
136.25,0.7375,0.001100000000000004,7.625231417728396
136.25,0.7625,0.0006999999999999993,4.852419993099867
136.25,0.7875000000000001,0.00019999999999999985,1.386405712314248
136.25,0.8125,0.00019999999999999985,1.386405712314248
136.25,0.8375000000000001,0.0,0.0
136.25,0.8625,0.0,0.0
136.25,0.8875,0.0,0.0
136.25,0.9125000000000001,0.0,0.0
136.25,0.9375,0.0,0.0
136.25,0.9625000000000001,9.999999999999992e-05,0.693202856157124
136.25,0.9875,0.00010000000000000036,0.693202856157127
136.25,1.0125000000000002,0.00019999999999999895,1.3864057123142417
136.25,1.0375,0.0010000000000000037,6.93202856157127
136.25,1.0625,0.0012000000000000042,8.318434273885522
136.25,1.0875,0.003299999999999982,22.875694253184985
136.25,1.1125,0.006000000000000021,41.59217136942761
136.25,1.1375000000000002,0.009199999999999951,63.774662766455116
136.25,1.1625,0.014200000000000051,98.43480557431202
136.25,1.1875,0.02439999999999987,169.14149690233748
136.25,1.2125000000000001,0.04010000000000014,277.9743453190079
136.25,1.2375,0.05950000000000021,412.45569941349055
136.25,1.2625000000000002,0.08259999999999956,572.5855591857818
136.25,1.2875,0.11250000000000039,779.8532131767678
136.25,1.3125,0.1638999999999991,1136.1594812415208
136.25,1.3375000000000001,0.20150000000000073,1396.8037551566108
136.25,1.3625,0.26070000000000093,1807.1798460016298
136.25,1.3875000000000002,0.3085999999999983,2139.2240141008742
136.25,1.4125,0.3613000000000013,2504.5419192956997
136.25,1.4375,0.40529999999999783,2809.5511760048103
136.25,1.4625000000000001,0.46030000000000165,3190.8127468912553
136.25,1.4875,0.4960000000000017,3438.2861665393493
136.25,1.5125000000000002,0.5383999999999971,3732.204177549938
136.25,1.5375,0.5218000000000018,3617.132503427888
136.25,1.5625,0.5200999999999972,3605.348054873185
136.25,1.5875000000000001,0.5110000000000018,3542.2665949629186
136.25,1.6125,0.48660000000000175,3373.1250980605796
136.25,1.6375000000000002,0.4520999999999976,3133.9701126863433
136.25,1.6625,0.39290000000000136,2723.5940218413516
136.25,1.6875,0.34839999999999816,2415.118750851409
136.25,1.7125000000000001,0.28700000000000103,1989.4921971709543
136.25,1.7375,0.2580000000000009,1788.4633688853874
136.25,1.7625000000000002,0.20809999999999887,1442.5551436629682
136.25,1.7875,0.17060000000000058,1182.6040726040583
136.25,1.8125,0.13259999999999927,919.186987264342
136.25,1.8375000000000001,0.09750000000000035,675.8727847531987
136.25,1.8625,0.07610000000000026,527.5273735355736
136.25,1.8875000000000002,0.05709999999999969,395.81883086571594
136.25,1.9125,0.04100000000000015,284.213171024422
136.25,1.9375,0.03459999999999982,239.8481882303638
136.25,1.9625000000000001,0.027600000000000097,191.32398829936702
136.25,1.9875,0.026600000000000096,184.39195973779576
136.25,2.0125,0.028900000000000106,200.3356254294097
136.25,2.0375,0.03699999999999948,256.48505677813245
136.25,2.0625,0.04940000000000017,342.44221094162066
136.25,2.0875000000000004,0.06230000000000022,431.8653793858901
136.25,2.1125,0.0840000000000003,582.2903991719866
136.25,2.1375,0.12090000000000042,838.0822530939664
136.25,2.1625,0.1549999999999978,1074.4644270435276
136.25,2.1875,0.1985000000000007,1376.0076694718969
136.25,2.2125000000000004,0.25220000000000087,1748.2576032282739
136.25,2.2375,0.3090000000000011,2141.996825525522
136.25,2.2625,0.37050000000000133,2568.3165820621552
136.25,2.2875,0.4384999999999938,3039.694524248948
136.25,2.3125,0.5240000000000019,3632.382966263345
136.25,2.3375000000000004,0.5965000000000021,4134.955036977262
136.25,2.3625,0.6835000000000023,4738.041521833962
136.25,2.3875,0.7497999999999894,5197.635015466046
136.25,2.4125000000000005,0.8124000000000029,5631.580003420499
136.25,2.4375,0.8868000000000031,6147.322928401401
136.25,2.4625000000000004,0.9186000000000032,6367.761436659367
136.25,2.4875,0.9492000000000034,6579.881510643449
136.25,2.5125,0.9694999999999862,6720.601690443225
136.25,2.5375000000000005,0.9612000000000034,6663.065853382303
136.25,2.5625,0.9442000000000034,6545.221367835593
136.25,2.5875000000000004,0.9145000000000033,6339.340119556926
136.25,2.6125,0.8653000000000031,5998.2843143276195
136.25,2.6375,0.8212999999999883,5693.275057618382
136.25,2.6625000000000005,0.7523000000000027,5214.965086870066
136.25,2.6875,0.6954000000000026,4820.532661716661
136.25,2.7125000000000004,0.6131000000000022,4250.026711099345
136.25,2.7375,0.5342000000000019,3703.089657591372
136.25,2.7625,0.4724999999999933,3275.3834953423666
136.25,2.7875000000000005,0.40300000000000147,2793.6075103132216
136.25,2.8125,0.34400000000000125,2384.617825180517
136.25,2.8375000000000004,0.28340000000000104,1964.5368943492979
136.25,2.8625,0.24540000000000087,1701.1198090095895
136.25,2.8875,0.19939999999999716,1382.2464951772865
136.25,2.9125000000000005,0.17590000000000064,1219.3438239803863
136.25,2.9375,0.12860000000000046,891.4588730180652
136.25,2.9625000000000004,0.11840000000000042,820.7521816900382
136.25,2.9875,0.10020000000000034,694.5892618694411
136.25,3.0125,0.09749999999999862,675.8727847531868
136.25,3.0375000000000005,0.08900000000000031,616.9505419798429
136.25,3.0625,0.09030000000000032,625.9621791098856
136.25,3.0875000000000004,0.10330000000000038,716.0785504103122
136.25,3.1125,0.1116000000000004,773.6143874713537
136.25,3.1375,0.12629999999999822,875.5152073264359
136.25,3.1625000000000005,0.1418000000000005,982.961650030806
136.25,3.1875,0.17100000000000062,1185.376884028687
136.25,3.2125000000000004,0.19970000000000074,1384.3261037457826
136.25,3.2375,0.21780000000000077,1509.7958207102224
136.25,3.2625,0.24639999999999648,1708.0518375711304
136.25,3.2875000000000005,0.280900000000001,1947.2068229453694
136.25,3.3125,0.3206000000000011,2222.4083568397486
136.25,3.3375000000000004,0.3523000000000012,2442.153662241558
136.25,3.3625,0.36940000000000134,2560.691350644427
136.25,3.3875,0.39749999999999436,2755.4813532245307
136.25,3.4125000000000005,0.43060000000000154,2984.9314986125887
136.25,3.4375,0.4246000000000015,2943.339327243161
136.25,3.4625000000000004,0.4473000000000016,3100.6963755908287
136.25,3.4875,0.46540000000000165,3226.1660925552687
136.25,3.5125,0.4675999999999934,3241.4165553906682
136.25,3.5375000000000005,0.45850000000000163,3178.335095480427
136.25,3.5625,0.44660000000000155,3095.8439555977284
136.25,3.5875000000000004,0.4383000000000016,3038.3081185366873
136.25,3.6125,0.4164000000000015,2886.4966930382766
136.25,3.6375,0.3879999999999945,2689.627081889605
136.25,3.6625000000000005,0.35410000000000125,2454.6313136523863
136.25,3.6875,0.35550000000000126,2464.336153638586
136.25,3.7125000000000004,0.3139000000000011,2175.9637654772214
136.25,3.7375,0.27960000000000096,1938.1951858153266
136.25,3.7625,0.2482999999999965,1721.2226918381157
136.25,3.7875000000000005,0.2266000000000008,1570.7976720520496
136.25,3.8125,0.1978000000000007,1371.155249478797
136.25,3.8375000000000004,0.17170000000000063,1190.2293040217871
136.25,3.8625,0.14980000000000054,1038.4178785233762
136.25,3.8875,0.12289999999999826,851.9463102170939
136.25,3.9125000000000005,0.10810000000000039,749.3522875058543
136.25,3.9375,0.09140000000000033,633.587410527614
136.25,3.9625000000000004,0.07310000000000026,506.7312878508598
136.25,3.9875,0.062000000000000215,429.78577081741867
136.25,4.0125,0.048599999999999303,336.89658809235766
136.25,4.0375,0.03890000000000083,269.65591104512714
136.25,4.0625,0.03109999999999956,215.58608826486264
136.25,4.0875,0.027899999999999602,193.40359686783498
136.25,4.112500000000001,0.020000000000000427,138.64057123142786
136.25,4.1375,0.014399999999999797,99.82121128662452
136.25,4.1625,0.011000000000000235,76.25231417728533
136.25,4.1875,0.008099999999999885,56.14943134872628
136.25,4.2125,0.0073999999999998945,51.29701135562648
136.25,4.237500000000001,0.004500000000000096,31.194128527071264
136.25,4.2625,0.0036999999999999473,25.64850567781324
136.25,4.2875,0.0035000000000000747,24.262099965499875
136.25,4.3125,0.0020999999999999704,14.557259979299408
136.25,4.3375,0.0008999999999999873,6.238825705414032
136.25,4.362500000000001,0.0007000000000000148,4.852419993099974
136.25,4.3875,0.00069999999999999,4.852419993099802
136.25,4.4125,0.0006000000000000128,4.159217136942836
136.25,4.4375,0.0,0.0
136.25,4.4625,0.00039999999999999433,2.7728114246284585
136.25,4.487500000000001,0.0004000000000000086,2.7728114246285576
136.25,4.5125,0.0,0.0
136.25,4.5375,0.00010000000000000215,0.6932028561571394
136.25,4.5625,0.0,0.0
136.25,4.5875,0.0,0.0
136.25,4.612500000000001,0.0,0.0
136.25,4.6375,0.0,0.0
136.25,4.6625,0.0,0.0
136.25,4.6875,0.0,0.0
136.25,4.7125,0.0,0.0
136.25,4.737500000000001,0.0,0.0
136.25,4.7625,0.0,0.0
136.25,4.7875000000000005,0.0,0.0
136.25,4.8125,0.0,0.0
136.25,4.8375,0.0,0.0
136.25,4.862500000000001,0.0,0.0
136.25,4.8875,0.0,0.0
136.25,4.9125000000000005,0.0,0.0
136.25,4.9375,0.0,0.0
136.25,4.9625,0.0,0.0
136.25,4.987500000000001,0.0,0.0
136.25,5.0125,0.0,0.0
136.25,5.0375000000000005,0.0,0.0
136.25,5.0625,0.0,0.0
136.25,5.0875,0.0,0.0
136.25,5.112500000000001,0.0,0.0
136.25,5.1375,0.0,0.0
136.25,5.1625000000000005,0.0,0.0
136.25,5.1875,0.0,0.0
136.25,5.2125,0.0,0.0
136.25,5.237500000000001,0.0,0.0
136.25,5.2625,0.0,0.0
136.25,5.2875000000000005,0.0,0.0
136.25,5.3125,0.0,0.0
136.25,5.3375,0.0,0.0
136.25,5.362500000000001,0.0,0.0
136.25,5.3875,0.0,0.0
136.25,5.4125000000000005,0.0,0.0
136.25,5.4375,0.0,0.0
136.25,5.4625,0.0,0.0
136.25,5.487500000000001,0.0,0.0
136.25,5.5125,0.0,0.0
136.25,5.5375000000000005,0.0,0.0
136.25,5.5625,0.0,0.0
136.25,5.5875,0.0,0.0
136.25,5.612500000000001,0.0,0.0
136.25,5.6375,0.0,0.0
136.25,5.6625000000000005,0.0,0.0
136.25,5.6875,0.0,0.0
136.25,5.7125,0.0,0.0
136.25,5.737500000000001,0.0,0.0
136.25,5.7625,0.0,0.0
136.25,5.7875000000000005,0.0,0.0
136.25,5.8125,0.0,0.0
136.25,5.8375,0.0,0.0
136.25,5.862500000000001,0.0,0.0
136.25,5.8875,0.0,0.0
136.25,5.9125000000000005,0.0,0.0
136.25,5.9375,0.0,0.0
136.25,5.9625,0.0,0.0
136.25,5.987500000000001,0.0,0.0
136.25,6.0125,0.0,0.0
136.25,6.0375000000000005,0.0,0.0
136.25,6.0625,0.0,0.0
136.25,6.0875,0.0,0.0
136.25,6.112500000000001,0.0,0.0
136.25,6.1375,0.0,0.0
136.25,6.1625000000000005,0.0,0.0
136.25,6.1875,0.0,0.0
136.25,6.2125,0.0,0.0
136.25,6.237500000000001,0.0,0.0
136.25,6.2625,0.0,0.0
136.25,6.2875000000000005,0.0,0.0
136.25,6.3125,0.0,0.0
136.25,6.3375,0.0,0.0
136.25,6.362500000000001,0.0,0.0
136.25,6.3875,0.0,0.0
136.25,6.4125000000000005,0.0,0.0
136.25,6.4375,0.0,0.0
136.25,6.4625,0.0,0.0
136.25,6.487500000000001,0.0,0.0
136.25,6.5125,0.0,0.0
136.25,6.5375000000000005,0.0,0.0
136.25,6.5625,0.0,0.0
136.25,6.5875,0.0,0.0
136.25,6.612500000000001,0.0,0.0
136.25,6.6375,0.0,0.0
136.25,6.6625000000000005,0.0,0.0
136.25,6.6875,0.0,0.0
136.25,6.7125,0.0,0.0
136.25,6.737500000000001,0.0,0.0
136.25,6.7625,0.0,0.0
136.25,6.7875000000000005,0.0,0.0
136.25,6.8125,0.0,0.0
136.25,6.8375,0.0,0.0
136.25,6.862500000000001,0.0,0.0
136.25,6.8875,0.0,0.0
136.25,6.9125000000000005,0.0,0.0
136.25,6.9375,0.0,0.0
136.25,6.9625,0.0,0.0
136.25,6.987500000000001,0.0,0.0
138.75,0.0125,0.0,0.0
138.75,0.037500000000000006,0.0,0.0
138.75,0.0625,0.0,0.0
138.75,0.08750000000000001,0.0,0.0
138.75,0.1125,0.0,0.0
138.75,0.1375,0.0,0.0
138.75,0.16250000000000003,0.0003000000000000001,1.660173118530103
138.75,0.1875,0.0006000000000000002,3.320346237060206
138.75,0.21250000000000002,0.0028000000000000004,15.49494910628096
138.75,0.2375,0.007600000000000002,42.0577190027626
138.75,0.2625,0.02299999999999998,127.27993908730774
138.75,0.28750000000000003,0.04569999999999996,252.89970505608542
138.75,0.3125,0.08900000000000012,492.5180251639311
138.75,0.3375,0.14149999999999988,783.0483209066977
138.75,0.36250000000000004,0.19480000000000028,1078.005744965548
138.75,0.3875,0.2399999999999998,1328.138494824081
138.75,0.41250000000000003,0.27199999999999974,1505.2236274672914
138.75,0.4375,0.27040000000000036,1496.3693708351343
138.75,0.4625,0.27079999999999976,1498.5829349931712
138.75,0.48750000000000004,0.22010000000000027,1218.0136779615866
138.75,0.5125,0.17509999999999987,968.9877101820691
138.75,0.5375000000000001,0.1232999999999999,682.3311517158716
138.75,0.5625,0.09819999999999991,543.430000798853
138.75,0.5875000000000001,0.05879999999999994,325.3939312318998
138.75,0.6125,0.03800000000000014,210.28859501381376
138.75,0.6375,0.02279999999999998,126.17315700828767
138.75,0.6625000000000001,0.01119999999999999,61.979796425123766
138.75,0.6875,0.006899999999999994,38.18398172619232
138.75,0.7125000000000001,0.0031999999999999976,17.70851326432108
138.75,0.7375,0.0016000000000000057,8.854256632160578
138.75,0.7625,0.0008999999999999992,4.980519355590303
138.75,0.7875000000000001,0.0005999999999999995,3.3203462370602024
138.75,0.8125,0.00029999999999999976,1.6601731185301012
138.75,0.8375000000000001,9.999999999999992e-05,0.5533910395100338
138.75,0.8625,0.0,0.0
138.75,0.8875,0.0,0.0
138.75,0.9125000000000001,0.0,0.0
138.75,0.9375,0.00019999999999999985,1.1067820790200675
138.75,0.9625000000000001,0.0,0.0
138.75,0.9875,0.0,0.0
138.75,1.0125000000000002,0.0005999999999999968,3.3203462370601873
138.75,1.0375,0.0007000000000000024,3.8737372765702522
138.75,1.0625,0.0018000000000000065,9.96103871118065
138.75,1.0875,0.0028999999999999846,16.048340145790906
138.75,1.1125,0.005200000000000018,28.776334054521875
138.75,1.1375000000000002,0.008599999999999953,47.59162939786268
138.75,1.1625,0.015900000000000056,87.98917528209574
138.75,1.1875,0.024899999999999867,137.79436883799778
138.75,1.2125000000000001,0.03910000000000014,216.37589644842416
138.75,1.2375,0.060600000000000216,335.3549699430819
138.75,1.2625000000000002,0.08569999999999954,474.25612086009676
138.75,1.2875,0.1116000000000004,617.5844000932003
138.75,1.3125,0.15509999999999916,858.3095022800583
138.75,1.3375000000000001,0.1966000000000007,1087.966783676731
138.75,1.3625,0.2483000000000009,1374.06995110342
138.75,1.3875000000000002,0.3017999999999984,1670.1341572412744
138.75,1.4125,0.3558000000000013,1968.9653185767086
138.75,1.4375,0.4103999999999978,2271.116826149168
138.75,1.4625000000000001,0.45390000000000164,2511.841928336054
138.75,1.4875,0.5085000000000018,2813.993435908534
138.75,1.5125000000000002,0.5184999999999972,2869.3325398595116
138.75,1.5375,0.5222000000000019,2889.808008321409
138.75,1.5625,0.5267999999999972,2915.2639961388445
138.75,1.5875000000000001,0.5078000000000018,2810.1196986319637
138.75,1.6125,0.4833000000000017,2674.5388939520044
138.75,1.6375000000000002,0.4460999999999976,2468.6774272542493
138.75,1.6625,0.39530000000000143,2187.554779183173
138.75,1.6875,0.3521999999999981,1949.04324115433
138.75,1.7125000000000001,0.30000000000000104,1660.1731185301082
138.75,1.7375,0.2484000000000009,1374.62334214293
138.75,1.7625000000000002,0.21189999999999887,1172.6356127217562
138.75,1.7875,0.16340000000000057,904.240958559399
138.75,1.8125,0.1313999999999993,727.155825916181
138.75,1.8375000000000001,0.10100000000000035,558.9249499051365
138.75,1.8625,0.0816000000000003,451.56708824018955
138.75,1.8875000000000002,0.05979999999999968,330.92784162699866
138.75,1.9125,0.04880000000000017,270.0548272808976
138.75,1.9375,0.0371999999999998,205.86146669773163
138.75,1.9625000000000001,0.029000000000000102,160.48340145791047
138.75,1.9875,0.0292000000000001,161.59018353693054
138.75,2.0125,0.03140000000000011,173.76478640615133
138.75,2.0375,0.03759999999999947,208.0750308557699
138.75,2.0625,0.05040000000000018,278.9090839130582
138.75,2.0875000000000004,0.06740000000000024,372.98556062976434
138.75,2.1125,0.08730000000000031,483.11037749226153
138.75,2.1375,0.1138000000000004,629.759002962421
138.75,2.1625,0.1544999999999978,854.9891560429907
138.75,2.1875,0.20440000000000072,1131.1312847585139
138.75,2.2125000000000004,0.24360000000000087,1348.0605722464481
138.75,2.2375,0.3120000000000011,1726.5800432713127
138.75,2.2625,0.37920000000000137,2098.458821822057
138.75,2.2875,0.4422999999999937,2447.6485677528462
138.75,2.3125,0.5226000000000018,2892.021572479449
138.75,2.3375000000000004,0.590300000000002,3266.667306227743
138.75,2.3625,0.6802000000000024,3764.1658507472653
138.75,2.3875,0.7435999999999894,4115.015769796555
138.75,2.4125000000000005,0.7884000000000028,4362.934955497125
138.75,2.4375,0.854900000000003,4730.939996771299
138.75,2.4625000000000004,0.9112000000000033,5042.49915201545
138.75,2.4875,0.9510000000000034,5262.748785740444
138.75,2.5125,0.9679999999999862,5356.825262457054
138.75,2.5375000000000005,0.9711000000000035,5373.980384681961
138.75,2.5625,0.9582000000000034,5302.592940585166
138.75,2.5875000000000004,0.9138000000000033,5056.88731904271
138.75,2.6125,0.8738000000000031,4835.530903238696
138.75,2.6375,0.7960999999999887,4405.54606553932
138.75,2.6625000000000005,0.7416000000000027,4103.947949006429
138.75,2.6875,0.6835000000000023,3782.4277550510965
138.75,2.7125000000000004,0.6193000000000022,3427.1507076856537
138.75,2.7375,0.5368000000000019,2970.6031000898743
138.75,2.7625,0.4783999999999932,2647.422733015966
138.75,2.7875000000000005,0.4204000000000015,2326.455930100192
138.75,2.8125,0.3584000000000012,1983.3534856039691
138.75,2.8375000000000004,0.289900000000001,1604.2806235395944
138.75,2.8625,0.24710000000000087,1367.4292586292993
138.75,2.8875,0.20919999999999703,1157.694054654975
138.75,2.9125000000000005,0.17270000000000063,955.7063252338326
138.75,2.9375,0.14370000000000052,795.222923775922
138.75,2.9625000000000004,0.11770000000000042,651.3412535033125
138.75,2.9875,0.10360000000000036,573.3131169323974
138.75,3.0125,0.09289999999999868,514.1002757048144
138.75,3.0375000000000005,0.09500000000000033,525.7214875345343
138.75,3.0625,0.09950000000000035,550.6240843124859
138.75,3.0875000000000004,0.1123000000000004,621.4581373697706
138.75,3.1125,0.11030000000000038,610.3903165795698
138.75,3.1375,0.12949999999999814,716.641396165484
138.75,3.1625000000000005,0.14740000000000053,815.6983922377933
138.75,3.1875,0.1712000000000006,947.4054596411818
138.75,3.2125000000000004,0.2007000000000007,1110.6558162966426
138.75,3.2375,0.2211000000000008,1223.5475883566899
138.75,3.2625,0.26349999999999624,1458.1853891089193
138.75,3.2875000000000005,0.286100000000001,1583.2517640382134
138.75,3.3125,0.3194000000000012,1767.5309801950557
138.75,3.3375000000000004,0.34650000000000125,1917.4999519022754
138.75,3.3625,0.3777000000000013,2090.1579562294064
138.75,3.3875,0.3848999999999946,2130.0021110740913
138.75,3.4125000000000005,0.41380000000000144,2289.9321214925294
138.75,3.4375,0.4243000000000015,2348.0381806410833
138.75,3.4625000000000004,0.4413000000000016,2442.1146573577894
138.75,3.4875,0.45730000000000165,2530.6572236793954
138.75,3.5125,0.4527999999999936,2505.754626901399
138.75,3.5375000000000005,0.4451000000000016,2463.143516859171
138.75,3.5625,0.44740000000000163,2475.871510767902
138.75,3.5875000000000004,0.4291000000000015,2374.600950537565
138.75,3.6125,0.4210000000000015,2329.776276337252
138.75,3.6375,0.3898999999999944,2157.6716630495926
138.75,3.6625000000000005,0.36880000000000135,2040.9061537130135
138.75,3.6875,0.3360000000000012,1859.3938927537213
138.75,3.7125000000000004,0.31510000000000116,1743.7351654961242
138.75,3.7375,0.283200000000001,1567.2034238924223
138.75,3.7625,0.26699999999999624,1477.5540754917704
138.75,3.7875000000000005,0.22870000000000082,1265.6053073594526
138.75,3.8125,0.20510000000000073,1135.005022035084
138.75,3.8375000000000004,0.17610000000000064,974.5216205771737
138.75,3.8625,0.14620000000000052,809.0576997636729
138.75,3.8875,0.12859999999999816,711.6608768098938
138.75,3.9125000000000005,0.10860000000000039,600.9826689078993
138.75,3.9375,0.09680000000000034,535.6825262457149
138.75,3.9625000000000004,0.08090000000000029,447.69335096361925
138.75,3.9875,0.06740000000000024,372.98556062976434
138.75,4.0125,0.052499999999999256,290.5302957427638
138.75,4.0375,0.04170000000000089,230.76406347568917
138.75,4.0625,0.03239999999999954,179.29869680124852
138.75,4.0875,0.024999999999999644,138.34775987750658
138.75,4.112500000000001,0.020500000000000438,113.44516309955942
138.75,4.1375,0.017099999999999758,94.62986775621451
138.75,4.1625,0.012500000000000266,69.17387993875575
138.75,4.1875,0.010199999999999855,56.445886030022685
138.75,4.2125,0.007099999999999899,39.29076380521187
138.75,4.237500000000001,0.005200000000000111,28.77633405452239
138.75,4.2625,0.004699999999999933,26.00937885697124
138.75,4.2875,0.002300000000000049,12.727993908731056
138.75,4.3125,0.002999999999999957,16.60173118530079
138.75,4.3375,0.001999999999999972,11.067820790200528
138.75,4.362500000000001,0.0013000000000000277,7.194083513630598
138.75,4.3875,0.0005999999999999915,3.320346237060158
138.75,4.4125,0.0009000000000000193,4.980519355590414
138.75,4.4375,0.0005999999999999915,3.320346237060158
138.75,4.4625,0.00039999999999999433,2.2135641580401053
138.75,4.487500000000001,0.00010000000000000215,0.5533910395100461
138.75,4.5125,9.999999999999858e-05,0.5533910395100263
138.75,4.5375,0.0,0.0
138.75,4.5625,0.0,0.0
138.75,4.5875,9.999999999999858e-05,0.5533910395100263
138.75,4.612500000000001,0.00010000000000000215,0.5533910395100461
138.75,4.6375,0.0,0.0
138.75,4.6625,0.0,0.0
138.75,4.6875,0.0,0.0
138.75,4.7125,0.0,0.0
138.75,4.737500000000001,0.0,0.0
138.75,4.7625,0.0,0.0
138.75,4.7875000000000005,0.0,0.0
138.75,4.8125,0.0,0.0
138.75,4.8375,0.0,0.0
138.75,4.862500000000001,0.0,0.0
138.75,4.8875,0.0,0.0
138.75,4.9125000000000005,0.0,0.0
138.75,4.9375,0.0,0.0
138.75,4.9625,0.0,0.0
138.75,4.987500000000001,0.0,0.0
138.75,5.0125,0.0,0.0
138.75,5.0375000000000005,0.0,0.0
138.75,5.0625,0.0,0.0
138.75,5.0875,0.0,0.0
138.75,5.112500000000001,0.0,0.0
138.75,5.1375,0.0,0.0
138.75,5.1625000000000005,0.0,0.0
138.75,5.1875,0.0,0.0
138.75,5.2125,0.0,0.0
138.75,5.237500000000001,0.0,0.0
138.75,5.2625,0.0,0.0
138.75,5.2875000000000005,0.0,0.0
138.75,5.3125,0.0,0.0
138.75,5.3375,0.0,0.0
138.75,5.362500000000001,0.0,0.0
138.75,5.3875,0.0,0.0
138.75,5.4125000000000005,0.0,0.0
138.75,5.4375,0.0,0.0
138.75,5.4625,0.0,0.0
138.75,5.487500000000001,0.0,0.0
138.75,5.5125,0.0,0.0
138.75,5.5375000000000005,0.0,0.0
138.75,5.5625,0.0,0.0
138.75,5.5875,0.0,0.0
138.75,5.612500000000001,0.0,0.0
138.75,5.6375,0.0,0.0
138.75,5.6625000000000005,0.0,0.0
138.75,5.6875,0.0,0.0
138.75,5.7125,0.0,0.0
138.75,5.737500000000001,0.0,0.0
138.75,5.7625,0.0,0.0
138.75,5.7875000000000005,0.0,0.0
138.75,5.8125,0.0,0.0
138.75,5.8375,0.0,0.0
138.75,5.862500000000001,0.0,0.0
138.75,5.8875,0.0,0.0
138.75,5.9125000000000005,0.0,0.0
138.75,5.9375,0.0,0.0
138.75,5.9625,0.0,0.0
138.75,5.987500000000001,0.0,0.0
138.75,6.0125,0.0,0.0
138.75,6.0375000000000005,0.0,0.0
138.75,6.0625,0.0,0.0
138.75,6.0875,0.0,0.0
138.75,6.112500000000001,0.0,0.0
138.75,6.1375,0.0,0.0
138.75,6.1625000000000005,0.0,0.0
138.75,6.1875,0.0,0.0
138.75,6.2125,0.0,0.0
138.75,6.237500000000001,0.0,0.0
138.75,6.2625,0.0,0.0
138.75,6.2875000000000005,0.0,0.0
138.75,6.3125,0.0,0.0
138.75,6.3375,0.0,0.0
138.75,6.362500000000001,0.0,0.0
138.75,6.3875,0.0,0.0
138.75,6.4125000000000005,0.0,0.0
138.75,6.4375,0.0,0.0
138.75,6.4625,0.0,0.0
138.75,6.487500000000001,0.0,0.0
138.75,6.5125,0.0,0.0
138.75,6.5375000000000005,0.0,0.0
138.75,6.5625,0.0,0.0
138.75,6.5875,0.0,0.0
138.75,6.612500000000001,0.0,0.0
138.75,6.6375,0.0,0.0
138.75,6.6625000000000005,0.0,0.0
138.75,6.6875,0.0,0.0
138.75,6.7125,0.0,0.0
138.75,6.737500000000001,0.0,0.0
138.75,6.7625,0.0,0.0
138.75,6.7875000000000005,0.0,0.0
138.75,6.8125,0.0,0.0
138.75,6.8375,0.0,0.0
138.75,6.862500000000001,0.0,0.0
138.75,6.8875,0.0,0.0
138.75,6.9125000000000005,0.0,0.0
138.75,6.9375,0.0,0.0
138.75,6.9625,0.0,0.0
138.75,6.987500000000001,0.0,0.0
141.25,0.0125,0.0,0.0
141.25,0.037500000000000006,0.0,0.0
141.25,0.0625,0.0,0.0
141.25,0.08750000000000001,0.0,0.0
141.25,0.1125,0.0,0.0
141.25,0.1375,0.0,0.0
141.25,0.16250000000000003,0.0,0.0
141.25,0.1875,0.00040000000000000013,1.7582206789322217
141.25,0.21250000000000002,0.0028000000000000004,12.30754475252555
141.25,0.2375,0.008100000000000001,35.60396874837748
141.25,0.2625,0.020599999999999983,90.54836496500931
141.25,0.28750000000000003,0.048599999999999956,213.62381249026467
141.25,0.3125,0.08580000000000013,377.138335630962
141.25,0.3375,0.13469999999999988,592.0808136304249
141.25,0.36250000000000004,0.19230000000000025,845.2645913966664
141.25,0.3875,0.2410999999999998,1059.7675142263954
141.25,0.41250000000000003,0.27549999999999975,1210.9744926145663
141.25,0.4375,0.27520000000000033,1209.6558271053696
141.25,0.4625,0.25989999999999974,1142.4038861362096
141.25,0.48750000000000004,0.2343000000000003,1029.87776268455
141.25,0.5125,0.17769999999999986,781.0895366156386
141.25,0.5375000000000001,0.1289999999999999,567.0261689556409
141.25,0.5625,0.09069999999999992,398.67653894788083
141.25,0.5875000000000001,0.05889999999999995,258.89799497276937
141.25,0.6125,0.040700000000000146,178.89895408135413
141.25,0.6375,0.02299999999999998,101.09768903860262
141.25,0.6625000000000001,0.013599999999999989,59.779503083695474
141.25,0.6875,0.005899999999999995,25.933755014250238
141.25,0.7125000000000001,0.0045999999999999965,20.219537807720528
141.25,0.7375,0.0016000000000000057,7.03288271572891
141.25,0.7625,0.0007999999999999994,3.51644135786444
141.25,0.7875000000000001,0.00029999999999999976,1.3186655091991648
141.25,0.8125,0.00019999999999999985,0.87911033946611
141.25,0.8375000000000001,0.0,0.0
141.25,0.8625,0.00010000000000000036,0.43955516973305686
141.25,0.8875,0.0,0.0
141.25,0.9125000000000001,0.0,0.0
141.25,0.9375,9.999999999999992e-05,0.439555169733055
141.25,0.9625000000000001,9.999999999999992e-05,0.439555169733055
141.25,0.9875,0.0,0.0
141.25,1.0125000000000002,0.0003999999999999979,1.758220678932212
141.25,1.0375,0.0009000000000000032,3.9559965275975117
141.25,1.0625,0.0018000000000000065,7.9119930551950235
141.25,1.0875,0.00379999999999998,16.703096449856012
141.25,1.1125,0.006300000000000023,27.691975693182584
141.25,1.1375000000000002,0.007699999999999959,33.84574806944508
141.25,1.1625,0.015700000000000054,69.01016164808992
141.25,1.1875,0.026399999999999858,116.04256480952597
141.25,1.2125000000000001,0.03680000000000013,161.75630246176493
141.25,1.2375,0.060300000000000215,265.0517673490333
141.25,1.2625000000000002,0.08909999999999953,391.6436562321502
141.25,1.2875,0.11790000000000042,518.235545115274
141.25,1.3125,0.15509999999999916,681.7500682559651
141.25,1.3375000000000001,0.20090000000000072,883.0663359937113
141.25,1.3625,0.25320000000000087,1112.9536897640999
141.25,1.3875000000000002,0.2974999999999984,1307.6766299558324
141.25,1.4125,0.35800000000000126,1573.6075076443435
141.25,1.4375,0.4089999999999978,1797.7806442081865
141.25,1.4625000000000001,0.4443000000000015,1952.9436191239713
141.25,1.4875,0.4884000000000018,2146.78744897625
141.25,1.5125000000000002,0.49049999999999744,2156.018107540625
141.25,1.5375,0.5109000000000018,2245.6873621661875
141.25,1.5625,0.5088999999999972,2236.8962587715064
141.25,1.5875000000000001,0.4954000000000018,2177.556310857564
141.25,1.6125,0.46780000000000166,2056.23908401124
141.25,1.6375000000000002,0.4398999999999977,1933.6031916557001
141.25,1.6625,0.4074000000000014,1790.7477614924735
141.25,1.6875,0.35289999999999816,1551.190193987944
141.25,1.7125000000000001,0.30480000000000107,1339.7641573463573
141.25,1.7375,0.2615000000000009,1149.4367688519435
141.25,1.7625000000000002,0.2101999999999989,923.9449667788773
141.25,1.7875,0.1670000000000006,734.057133454205
141.25,1.8125,0.1341999999999993,589.8830377817571
141.25,1.8375000000000001,0.10910000000000038,479.554690178765
141.25,1.8625,0.0821000000000003,360.8747943508397
141.25,1.8875000000000002,0.06349999999999965,279.1175327804886
141.25,1.9125,0.04790000000000017,210.54692630213424
141.25,1.9375,0.0374999999999998,164.83318864989485
141.25,1.9625000000000001,0.032600000000000115,143.29498533297652
141.25,1.9875,0.027300000000000095,119.99856133712451
141.25,2.0125,0.03480000000000012,152.96519906710378
141.25,2.0375,0.04349999999999938,191.20649883387634
141.25,2.0625,0.053800000000000195,236.48068131638462
141.25,2.0875000000000004,0.07150000000000026,314.28194635913565
141.25,2.1125,0.09220000000000034,405.26986649387845
141.25,2.1375,0.12570000000000045,552.5208483544525
141.25,2.1625,0.1562999999999978,687.0247302927557
141.25,2.1875,0.20470000000000071,899.7694324435673
141.25,2.2125000000000004,0.25720000000000093,1130.5358965534224
141.25,2.2375,0.30340000000000106,1333.6103849700944
141.25,2.2625,0.3786000000000013,1664.155872609353
141.25,2.2875,0.4518999999999936,1986.3498120236486
141.25,2.3125,0.5056000000000018,2222.3909381703356
141.25,2.3375000000000004,0.5970000000000022,2624.14436330635
141.25,2.3625,0.6689000000000024,2940.1845303444175
141.25,2.3875,0.7341999999999895,3227.214056180046
141.25,2.4125000000000005,0.7918000000000028,3480.3978339463442
141.25,2.4375,0.8692000000000031,3820.61353531973
141.25,2.4625000000000004,0.9036000000000032,3971.8205137079017
141.25,2.4875,0.9202000000000033,4044.7866718835894
141.25,2.5125,0.9477999999999865,4166.103898729839
141.25,2.5375000000000005,0.9430000000000033,4145.005250582726
141.25,2.5625,0.9210000000000033,4048.3031132414535
141.25,2.5875000000000004,0.8945000000000032,3931.8209932621935
141.25,2.6125,0.8704000000000032,3825.888197356527
141.25,2.6375,0.8062999999999885,3544.133333557574
141.25,2.6625000000000005,0.7587000000000028,3334.905072764703
141.25,2.6875,0.6874000000000023,3021.5022367450324
141.25,2.7125000000000004,0.6288000000000022,2763.9229072814614
141.25,2.7375,0.5370000000000019,2360.4112614665155
141.25,2.7625,0.48409999999999315,2127.8865766776908
141.25,2.7875000000000005,0.4238000000000015,1862.834809328695
141.25,2.8125,0.3578000000000013,1572.7283973048775
141.25,2.8375000000000004,0.30100000000000104,1323.061060896501
141.25,2.8625,0.25720000000000093,1130.5358965534224
141.25,2.8875,0.21489999999999693,944.6040597563224
141.25,2.9125000000000005,0.17530000000000062,770.5402125420487
141.25,2.9375,0.15140000000000053,665.486526975848
141.25,2.9625000000000004,0.12950000000000045,569.2239448043085
141.25,2.9875,0.11520000000000041,506.3675555324815
141.25,3.0125,0.10319999999999853,453.6209351645066
141.25,3.0375000000000005,0.10140000000000035,445.7089421093196
141.25,3.0625,0.10190000000000035,447.9067179579849
141.25,3.0875000000000004,0.10910000000000038,479.554690178765
141.25,3.1125,0.11820000000000043,519.5542106244733
141.25,3.1375,0.13739999999999805,603.9488032132094
141.25,3.1625000000000005,0.15950000000000056,701.0904957242257
141.25,3.1875,0.17310000000000061,760.8699988079214
141.25,3.2125000000000004,0.1996000000000007,877.3521187871814
141.25,3.2375,0.2239000000000008,984.1640250323143
141.25,3.2625,0.2586999999999963,1137.1292240993978
141.25,3.2875000000000005,0.27070000000000094,1189.875844467385
141.25,3.3125,0.3144000000000011,1381.9614536407307
141.25,3.3375000000000004,0.3370000000000012,1481.3009220004017
141.25,3.3625,0.3741000000000013,1644.3758899713657
141.25,3.3875,0.3851999999999945,1693.1665138117048
141.25,3.4125000000000005,0.41310000000000147,1815.802406167258
141.25,3.4375,0.44120000000000154,1939.3174088622468
141.25,3.4625000000000004,0.4377000000000016,1923.93297792159
141.25,3.4875,0.4554000000000016,2001.7342429643409
141.25,3.5125,0.4416999999999937,1941.5151847108775
141.25,3.5375000000000005,0.46080000000000165,2025.470222129926
141.25,3.5625,0.4359000000000015,1916.0209848663947
141.25,3.5875000000000004,0.42410000000000153,1864.1534748378942
141.25,3.6125,0.41580000000000145,1827.6703957500504
141.25,3.6375,0.3891999999999945,1710.7487206010271
141.25,3.6625000000000005,0.3636000000000013,1598.222597149395
141.25,3.6875,0.34400000000000125,1512.0697838817157
141.25,3.7125000000000004,0.31930000000000114,1403.4996569576506
141.25,3.7375,0.284200000000001,1249.2157923813477
141.25,3.7625,0.2559999999999964,1125.2612345166058
141.25,3.7875000000000005,0.23240000000000083,1021.5262144596242
141.25,3.8125,0.2005000000000007,881.308115314779
141.25,3.8375000000000004,0.18150000000000063,797.7926330654982
141.25,3.8625,0.15800000000000058,694.4971681782299
141.25,3.8875,0.13269999999999813,583.2897102357562
141.25,3.9125000000000005,0.11710000000000041,514.7191037574096
141.25,3.9375,0.09520000000000034,418.4565215858701
141.25,3.9625000000000004,0.0824000000000003,362.1934598600389
141.25,3.9875,0.06950000000000024,305.4908429644745
141.25,4.0125,0.05469999999999922,240.43667784397783
141.25,4.0375,0.04520000000000096,198.67893671934522
141.25,4.0625,0.03619999999999948,159.11897144336373
141.25,4.0875,0.027199999999999617,119.55900616738936
141.25,4.112500000000001,0.02230000000000048,98.02080285047344
141.25,4.1375,0.019899999999999717,87.47147877687676
141.25,4.1625,0.012400000000000265,54.50484104690002
141.25,4.1875,0.009899999999999859,43.515961803571855
141.25,4.2125,0.00929999999999987,40.87863078517357
141.25,4.237500000000001,0.005900000000000126,25.933755014250814
141.25,4.2625,0.0054999999999999225,24.1755343353177
141.25,4.2875,0.003800000000000081,16.703096449856456
141.25,4.3125,0.0026999999999999615,11.867989582792324
141.25,4.3375,0.0017999999999999746,7.911993055194884
141.25,4.362500000000001,0.0011000000000000235,4.835106867063711
141.25,4.3875,0.0007999999999999887,3.5164413578643927
141.25,4.4125,0.0007000000000000148,3.076886188131452
141.25,4.4375,0.000499999999999993,2.1977758486652457
141.25,4.4625,9.999999999999858e-05,0.4395551697330491
141.25,4.487500000000001,0.0002000000000000043,0.8791103394661295
141.25,4.5125,9.999999999999858e-05,0.4395551697330491
141.25,4.5375,0.0002000000000000043,0.8791103394661295
141.25,4.5625,9.999999999999858e-05,0.4395551697330491
141.25,4.5875,0.0,0.0
141.25,4.612500000000001,0.0,0.0
141.25,4.6375,0.0,0.0
141.25,4.6625,0.0,0.0
141.25,4.6875,0.0,0.0
141.25,4.7125,0.0,0.0
141.25,4.737500000000001,0.0,0.0
141.25,4.7625,0.0,0.0
141.25,4.7875000000000005,0.0,0.0
141.25,4.8125,0.0,0.0
141.25,4.8375,0.0,0.0
141.25,4.862500000000001,0.0,0.0
141.25,4.8875,0.0,0.0
141.25,4.9125000000000005,0.0,0.0
141.25,4.9375,0.0,0.0
141.25,4.9625,0.0,0.0
141.25,4.987500000000001,0.0,0.0
141.25,5.0125,0.0,0.0
141.25,5.0375000000000005,0.0,0.0
141.25,5.0625,0.0,0.0
141.25,5.0875,0.0,0.0
141.25,5.112500000000001,0.0,0.0
141.25,5.1375,0.0,0.0
141.25,5.1625000000000005,0.0,0.0
141.25,5.1875,0.0,0.0
141.25,5.2125,0.0,0.0
141.25,5.237500000000001,0.0,0.0
141.25,5.2625,0.0,0.0
141.25,5.2875000000000005,0.0,0.0
141.25,5.3125,0.0,0.0
141.25,5.3375,0.0,0.0
141.25,5.362500000000001,0.0,0.0
141.25,5.3875,0.0,0.0
141.25,5.4125000000000005,0.0,0.0
141.25,5.4375,0.0,0.0
141.25,5.4625,0.0,0.0
141.25,5.487500000000001,0.0,0.0
141.25,5.5125,0.0,0.0
141.25,5.5375000000000005,0.0,0.0
141.25,5.5625,0.0,0.0
141.25,5.5875,0.0,0.0
141.25,5.612500000000001,0.0,0.0
141.25,5.6375,0.0,0.0
141.25,5.6625000000000005,0.0,0.0
141.25,5.6875,0.0,0.0
141.25,5.7125,0.0,0.0
141.25,5.737500000000001,0.0,0.0
141.25,5.7625,0.0,0.0
141.25,5.7875000000000005,0.0,0.0
141.25,5.8125,0.0,0.0
141.25,5.8375,0.0,0.0
141.25,5.862500000000001,0.0,0.0
141.25,5.8875,0.0,0.0
141.25,5.9125000000000005,0.0,0.0
141.25,5.9375,0.0,0.0
141.25,5.9625,0.0,0.0
141.25,5.987500000000001,0.0,0.0
141.25,6.0125,0.0,0.0
141.25,6.0375000000000005,0.0,0.0
141.25,6.0625,0.0,0.0
141.25,6.0875,0.0,0.0
141.25,6.112500000000001,0.0,0.0
141.25,6.1375,0.0,0.0
141.25,6.1625000000000005,0.0,0.0
141.25,6.1875,0.0,0.0
141.25,6.2125,0.0,0.0
141.25,6.237500000000001,0.0,0.0
141.25,6.2625,0.0,0.0
141.25,6.2875000000000005,0.0,0.0
141.25,6.3125,0.0,0.0
141.25,6.3375,0.0,0.0
141.25,6.362500000000001,0.0,0.0
141.25,6.3875,0.0,0.0
141.25,6.4125000000000005,0.0,0.0
141.25,6.4375,0.0,0.0
141.25,6.4625,0.0,0.0
141.25,6.487500000000001,0.0,0.0
141.25,6.5125,0.0,0.0
141.25,6.5375000000000005,0.0,0.0
141.25,6.5625,0.0,0.0
141.25,6.5875,0.0,0.0
141.25,6.612500000000001,0.0,0.0
141.25,6.6375,0.0,0.0
141.25,6.6625000000000005,0.0,0.0
141.25,6.6875,0.0,0.0
141.25,6.7125,0.0,0.0
141.25,6.737500000000001,0.0,0.0
141.25,6.7625,0.0,0.0
141.25,6.7875000000000005,0.0,0.0
141.25,6.8125,0.0,0.0
141.25,6.8375,0.0,0.0
141.25,6.862500000000001,0.0,0.0
141.25,6.8875,0.0,0.0
141.25,6.9125000000000005,0.0,0.0
141.25,6.9375,0.0,0.0
141.25,6.9625,0.0,0.0
141.25,6.987500000000001,0.0,0.0
143.75,0.0125,0.0,0.0
143.75,0.037500000000000006,0.0,0.0
143.75,0.0625,0.0,0.0
143.75,0.08750000000000001,0.0,0.0
143.75,0.1125,0.0,0.0
143.75,0.1375,0.0,0.0
143.75,0.16250000000000003,0.0,0.0
143.75,0.1875,0.00040000000000000013,1.3987536288272702
143.75,0.21250000000000002,0.0019000000000000004,6.644079736929532
143.75,0.2375,0.009300000000000003,32.52102187023403
143.75,0.2625,0.02289999999999998,80.07864525036112
143.75,0.28750000000000003,0.04329999999999996,151.4150803205518
143.75,0.3125,0.08690000000000012,303.87922586272475
143.75,0.3375,0.13339999999999988,466.48433521389404
143.75,0.36250000000000004,0.19830000000000028,693.4321114911199
143.75,0.3875,0.23079999999999978,807.0808438333338
143.75,0.41250000000000003,0.26489999999999975,926.3245906908585
143.75,0.4375,0.2756000000000004,963.7412502619902
143.75,0.4625,0.2519999999999998,881.2147861611792
143.75,0.48750000000000004,0.22010000000000027,769.664184262206
143.75,0.5125,0.18469999999999984,645.8744881109913
143.75,0.5375000000000001,0.13169999999999987,460.5396322913781
143.75,0.5625,0.09519999999999992,332.9033636608899
143.75,0.5875000000000001,0.06429999999999994,224.8496458339834
143.75,0.6125,0.03870000000000014,135.3294135890388
143.75,0.6375,0.023999999999999976,83.9252177296361
143.75,0.6625000000000001,0.013299999999999989,46.50855815850668
143.75,0.6875,0.009599999999999992,33.57008709185445
143.75,0.7125000000000001,0.003999999999999997,13.987536288272684
143.75,0.7375,0.0021000000000000077,7.343456551343193
143.75,0.7625,0.0009999999999999992,3.496884072068171
143.75,0.7875000000000001,0.0004999999999999996,1.7484420360340855
143.75,0.8125,0.0,0.0
143.75,0.8375000000000001,0.0,0.0
143.75,0.8625,0.00010000000000000036,0.34968840720681865
143.75,0.8875,9.999999999999992e-05,0.34968840720681715
143.75,0.9125000000000001,0.0,0.0
143.75,0.9375,0.0,0.0
143.75,0.9625000000000001,0.0,0.0
143.75,0.9875,0.00010000000000000036,0.34968840720681865
143.75,1.0125000000000002,0.0005999999999999968,2.098130443240893
143.75,1.0375,0.0008000000000000029,2.797507257654549
143.75,1.0625,0.0020000000000000074,6.993768144136374
143.75,1.0875,0.002799999999999985,9.791275401790834
143.75,1.1125,0.0059000000000000215,20.6316160252023
143.75,1.1375000000000002,0.010599999999999943,37.066971163922446
143.75,1.1625,0.018000000000000065,62.94391329722736
143.75,1.1875,0.027099999999999857,94.76555835304703
143.75,1.2125000000000001,0.03900000000000014,136.3784788106593
143.75,1.2375,0.05790000000000021,202.469587772748
143.75,1.2625000000000002,0.08439999999999954,295.1370156825523
143.75,1.2875,0.11500000000000041,402.14166828784147
143.75,1.3125,0.16009999999999916,559.8511399381117
143.75,1.3375000000000001,0.2055000000000007,718.6096768100123
143.75,1.3625,0.2466000000000009,862.331612172015
143.75,1.3875000000000002,0.30459999999999837,1065.1508883519602
143.75,1.4125,0.35650000000000126,1246.6391716923085
143.75,1.4375,0.3867999999999979,1352.5947590759624
143.75,1.4625000000000001,0.46200000000000163,1615.5604412955022
143.75,1.4875,0.47850000000000165,1673.2590284846272
143.75,1.5125000000000002,0.5008999999999973,1751.589231698939
143.75,1.5375,0.5185000000000018,1813.1343913673547
143.75,1.5625,0.5116999999999973,1789.3555796772753
143.75,1.5875000000000001,0.5042000000000018,1763.1289491367795
143.75,1.6125,0.4786000000000017,1673.608716891834
143.75,1.6375000000000002,0.4300999999999977,1504.0098393965136
143.75,1.6625,0.4051000000000014,1416.5877375948223
143.75,1.6875,0.3579999999999981,1251.8844978003997
143.75,1.7125000000000001,0.30250000000000105,1057.8074318006263
143.75,1.7375,0.2580000000000009,902.1960905935921
143.75,1.7625000000000002,0.21779999999999886,761.6213508964444
143.75,1.7875,0.18140000000000064,634.334770673169
143.75,1.8125,0.1459999999999992,510.5450745219507
143.75,1.8375000000000001,0.10790000000000037,377.31379137615727
143.75,1.8625,0.0807000000000003,282.1985446159027
143.75,1.8875000000000002,0.06819999999999964,238.4874937150482
143.75,1.9125,0.04700000000000017,164.35355138720476
143.75,1.9375,0.03919999999999979,137.0778556250717
143.75,1.9625000000000001,0.032400000000000116,113.29904393500925
143.75,1.9875,0.03470000000000013,121.34187730076609
143.75,2.0125,0.03820000000000014,133.58097155300473
143.75,2.0375,0.046499999999999334,162.60510935116778
143.75,2.0625,0.05340000000000019,186.73360944844117
143.75,2.0875000000000004,0.07230000000000027,252.82471841052993
143.75,2.1125,0.09200000000000033,321.7133346302732
143.75,2.1375,0.12500000000000044,437.1105090085233
143.75,2.1625,0.15669999999999779,547.9617340930752
143.75,2.1875,0.19250000000000067,673.1501838731259
143.75,2.2125000000000004,0.2519000000000009,880.8650977539762
143.75,2.2375,0.3105000000000011,1085.782504377172
143.75,2.2625,0.3732000000000013,1305.0371356958472
143.75,2.2875,0.44989999999999364,1573.2481440234494
143.75,2.3125,0.5329000000000018,1863.4895220051365
143.75,2.3375000000000004,0.5977000000000021,2090.087609875155
143.75,2.3625,0.6721000000000025,2350.2557848370284
143.75,2.3875,0.7264999999999897,2540.4862783574927
143.75,2.4125000000000005,0.7882000000000028,2756.2440256041446
143.75,2.4375,0.8411000000000031,2941.229193016552
143.75,2.4625000000000004,0.8893000000000031,3109.7790052902383
143.75,2.4875,0.9202000000000033,3217.8327231171456
143.75,2.5125,0.912999999999987,3192.6551577981977
143.75,2.5375000000000005,0.9387000000000033,3282.525078450407
143.75,2.5625,0.9127000000000033,3191.606092576634
143.75,2.5875000000000004,0.8838000000000031,3090.5461428938634
143.75,2.6125,0.8573000000000031,2997.8787149840564
143.75,2.6375,0.8039999999999886,2811.494793942772
143.75,2.6625000000000005,0.7460000000000027,2608.6755177628675
143.75,2.6875,0.6981000000000025,2441.174770710801
143.75,2.7125000000000004,0.6400000000000022,2238.005806123639
143.75,2.7375,0.551200000000002,1927.4825005239848
143.75,2.7625,0.49349999999999294,1725.7122895656194
143.75,2.7875000000000005,0.42700000000000154,1493.1694987731157
143.75,2.8125,0.3651000000000013,1276.712374712095
143.75,2.8375000000000004,0.3080000000000011,1077.0402941970015
143.75,2.8625,0.24860000000000088,869.3253803161512
143.75,2.8875,0.22149999999999684,774.5598219630896
143.75,2.9125000000000005,0.18750000000000067,655.665763512785
143.75,2.9375,0.14810000000000054,517.8885310732985
143.75,2.9625000000000004,0.12750000000000045,445.85271918869375
143.75,2.9875,0.10960000000000038,383.2584942986732
143.75,3.0125,0.10969999999999845,383.6081827058733
143.75,3.0375000000000005,0.10680000000000038,373.46721889688234
143.75,3.0625,0.10560000000000037,369.2709580104005
143.75,3.0875000000000004,0.11010000000000039,385.00693633470735
143.75,3.1125,0.12450000000000043,435.3620669724892
143.75,3.1375,0.1329999999999981,465.0855815850605
143.75,3.1625000000000005,0.1461000000000005,510.894762929162
143.75,3.1875,0.1631000000000006,570.3417921543213
143.75,3.2125000000000004,0.19560000000000072,683.9905244965374
143.75,3.2375,0.23250000000000082,813.0255467558534
143.75,3.2625,0.2614999999999963,914.4351848458145
143.75,3.2875000000000005,0.28750000000000103,1005.3541707196036
143.75,3.3125,0.31220000000000114,1091.727207299688
143.75,3.3375000000000004,0.3318000000000012,1160.2661351122244
143.75,3.3625,0.36610000000000126,1280.209258784163
143.75,3.3875,0.4008999999999943,1401.9008244921113
143.75,3.4125000000000005,0.39980000000000143,1398.054252012861
143.75,3.4375,0.41890000000000144,1464.8447377893633
143.75,3.4625000000000004,0.4532000000000016,1584.787861461302
143.75,3.4875,0.4411000000000016,1542.4755641892773
143.75,3.5125,0.45159999999999356,1579.192846945965
143.75,3.5375000000000005,0.4540000000000016,1587.5853687189567
143.75,3.5625,0.4422000000000016,1546.3221366685523
143.75,3.5875000000000004,0.4238000000000015,1481.9794697424975
143.75,3.6125,0.4100000000000015,1433.7224695479565
143.75,3.6375,0.39539999999999437,1382.6679620957364
143.75,3.6625000000000005,0.36880000000000135,1289.6508457787475
143.75,3.6875,0.3380000000000012,1181.946816359047
143.75,3.7125000000000004,0.3200000000000011,1119.0029030618196
143.75,3.7375,0.283900000000001,992.7653880601581
143.75,3.7625,0.2662999999999962,931.2202283917416
143.75,3.7875000000000005,0.23600000000000082,825.264641008092
143.75,3.8125,0.20870000000000075,729.7997058406305
143.75,3.8375000000000004,0.18410000000000065,643.7763576677531
143.75,3.8625,0.14950000000000052,522.7841687741939
143.75,3.8875,0.13059999999999816,456.69305981209715
143.75,3.9125000000000005,0.11440000000000042,400.04353784460056
143.75,3.9375,0.09190000000000033,321.3636462230664
143.75,3.9625000000000004,0.0838000000000003,293.0388852393141
143.75,3.9875,0.06730000000000023,235.34029805018895
143.75,4.0125,0.05869999999999917,205.26709503039893
143.75,4.0375,0.04820000000000103,168.54981227368958
143.75,4.0625,0.033799999999999525,118.19468163590263
143.75,4.0875,0.03179999999999955,111.20091349176637
143.75,4.112500000000001,0.022400000000000475,78.33020321432876
143.75,4.1375,0.01809999999999974,63.29360170443305
143.75,4.1625,0.01170000000000025,40.913543643198516
143.75,4.1875,0.011399999999999837,39.864478421576614
143.75,4.2125,0.009499999999999864,33.22039868464718
143.75,4.237500000000001,0.007200000000000154,25.177565318891393
143.75,4.2625,0.004499999999999936,15.735978324306561
143.75,4.2875,0.003900000000000083,13.63784788106617
143.75,4.3125,0.00349999999999995,12.239094252238436
143.75,4.3375,0.001199999999999983,4.19626088648175
143.75,4.362500000000001,0.0011000000000000235,3.846572479275074
143.75,4.3875,0.001699999999999976,5.944702922515813
143.75,4.4125,0.0007000000000000148,2.447818850447774
143.75,4.4375,0.0008999999999999873,3.147195664861312
143.75,4.4625,0.0005999999999999915,2.098130443240875
143.75,4.487500000000001,0.0002000000000000043,0.6993768144136498
143.75,4.5125,9.999999999999858e-05,0.34968840720681243
143.75,4.5375,0.00010000000000000215,0.3496884072068249
143.75,4.5625,9.999999999999858e-05,0.34968840720681243
143.75,4.5875,0.0,0.0
143.75,4.612500000000001,0.00010000000000000215,0.3496884072068249
143.75,4.6375,9.999999999999858e-05,0.34968840720681243
143.75,4.6625,0.0,0.0
143.75,4.6875,0.0,0.0
143.75,4.7125,0.0,0.0
143.75,4.737500000000001,0.0,0.0
143.75,4.7625,0.0,0.0
143.75,4.7875000000000005,0.0,0.0
143.75,4.8125,0.0,0.0
143.75,4.8375,0.0,0.0
143.75,4.862500000000001,0.0,0.0
143.75,4.8875,0.0,0.0
143.75,4.9125000000000005,0.0,0.0
143.75,4.9375,0.0,0.0
143.75,4.9625,0.0,0.0
143.75,4.987500000000001,0.0,0.0
143.75,5.0125,0.0,0.0
143.75,5.0375000000000005,0.0,0.0
143.75,5.0625,0.0,0.0
143.75,5.0875,0.0,0.0
143.75,5.112500000000001,0.0,0.0
143.75,5.1375,0.0,0.0
143.75,5.1625000000000005,0.0,0.0
143.75,5.1875,0.0,0.0
143.75,5.2125,0.0,0.0
143.75,5.237500000000001,0.0,0.0
143.75,5.2625,0.0,0.0
143.75,5.2875000000000005,0.0,0.0
143.75,5.3125,0.0,0.0
143.75,5.3375,0.0,0.0
143.75,5.362500000000001,0.0,0.0
143.75,5.3875,0.0,0.0
143.75,5.4125000000000005,0.0,0.0
143.75,5.4375,0.0,0.0
143.75,5.4625,0.0,0.0
143.75,5.487500000000001,0.0,0.0
143.75,5.5125,0.0,0.0
143.75,5.5375000000000005,0.0,0.0
143.75,5.5625,0.0,0.0
143.75,5.5875,0.0,0.0
143.75,5.612500000000001,0.0,0.0
143.75,5.6375,0.0,0.0
143.75,5.6625000000000005,0.0,0.0
143.75,5.6875,0.0,0.0
143.75,5.7125,0.0,0.0
143.75,5.737500000000001,0.0,0.0
143.75,5.7625,0.0,0.0
143.75,5.7875000000000005,0.0,0.0
143.75,5.8125,0.0,0.0
143.75,5.8375,0.0,0.0
143.75,5.862500000000001,0.0,0.0
143.75,5.8875,0.0,0.0
143.75,5.9125000000000005,0.0,0.0
143.75,5.9375,0.0,0.0
143.75,5.9625,0.0,0.0
143.75,5.987500000000001,0.0,0.0
143.75,6.0125,0.0,0.0
143.75,6.0375000000000005,0.0,0.0
143.75,6.0625,0.0,0.0
143.75,6.0875,0.0,0.0
143.75,6.112500000000001,0.0,0.0
143.75,6.1375,0.0,0.0
143.75,6.1625000000000005,0.0,0.0
143.75,6.1875,0.0,0.0
143.75,6.2125,0.0,0.0
143.75,6.237500000000001,0.0,0.0
143.75,6.2625,0.0,0.0
143.75,6.2875000000000005,0.0,0.0
143.75,6.3125,0.0,0.0
143.75,6.3375,0.0,0.0
143.75,6.362500000000001,0.0,0.0
143.75,6.3875,0.0,0.0
143.75,6.4125000000000005,0.0,0.0
143.75,6.4375,0.0,0.0
143.75,6.4625,0.0,0.0
143.75,6.487500000000001,0.0,0.0
143.75,6.5125,0.0,0.0
143.75,6.5375000000000005,0.0,0.0
143.75,6.5625,0.0,0.0
143.75,6.5875,0.0,0.0
143.75,6.612500000000001,0.0,0.0
143.75,6.6375,0.0,0.0
143.75,6.6625000000000005,0.0,0.0
143.75,6.6875,0.0,0.0
143.75,6.7125,0.0,0.0
143.75,6.737500000000001,0.0,0.0
143.75,6.7625,0.0,0.0
143.75,6.7875000000000005,0.0,0.0
143.75,6.8125,0.0,0.0
143.75,6.8375,0.0,0.0
143.75,6.862500000000001,0.0,0.0
143.75,6.8875,0.0,0.0
143.75,6.9125000000000005,0.0,0.0
143.75,6.9375,0.0,0.0
143.75,6.9625,0.0,0.0
143.75,6.987500000000001,0.0,0.0
146.25,0.0125,0.0,0.0
146.25,0.037500000000000006,0.0,0.0
146.25,0.0625,0.0,0.0
146.25,0.08750000000000001,0.0,0.0
146.25,0.1125,0.0,0.0
146.25,0.1375,0.0,0.0
146.25,0.16250000000000003,0.00020000000000000006,0.5556480767035856
146.25,0.1875,0.0005000000000000001,1.3891201917589642
146.25,0.21250000000000002,0.0023000000000000004,6.389952882091235
146.25,0.2375,0.007300000000000001,20.281154799680873
146.25,0.2625,0.02509999999999998,69.73383362629993
146.25,0.28750000000000003,0.04449999999999996,123.63169706654767
146.25,0.3125,0.08030000000000011,223.09270279648987
146.25,0.3375,0.13309999999999989,369.7837950462358
146.25,0.36250000000000004,0.19170000000000026,532.5886815203875
146.25,0.3875,0.2295999999999998,637.8839920557156
146.25,0.41250000000000003,0.26819999999999977,745.1240708595075
146.25,0.4375,0.26700000000000035,741.7901823992876
146.25,0.4625,0.24919999999999978,692.337503572667
146.25,0.48750000000000004,0.2206000000000003,612.8798286040557
146.25,0.5125,0.17879999999999985,496.749380573005
146.25,0.5375000000000001,0.14659999999999987,407.29004022372783
146.25,0.5625,0.09789999999999992,271.98973354640486
146.25,0.5875000000000001,0.06739999999999995,187.25340184910817
146.25,0.6125,0.04150000000000015,115.29697591599441
146.25,0.6375,0.026799999999999977,74.45684227828039
146.25,0.6625000000000001,0.015399999999999985,42.78490190617604
146.25,0.6875,0.008399999999999993,23.33721922155057
146.25,0.7125000000000001,0.004099999999999996,11.390785572423491
146.25,0.7375,0.0025000000000000087,6.945600958794843
146.25,0.7625,0.0009999999999999992,2.7782403835179252
146.25,0.7875000000000001,0.00029999999999999976,0.8334721150553775
146.25,0.8125,0.0003999999999999997,1.1112961534071701
146.25,0.8375000000000001,9.999999999999992e-05,0.27782403835179253
146.25,0.8625,0.00010000000000000036,0.27782403835179376
146.25,0.8875,0.00019999999999999985,0.5556480767035851
146.25,0.9125000000000001,0.0,0.0
146.25,0.9375,0.0,0.0
146.25,0.9625000000000001,0.0003999999999999997,1.1112961534071701
146.25,0.9875,0.00040000000000000143,1.111296153407175
146.25,1.0125000000000002,0.00019999999999999895,0.5556480767035826
146.25,1.0375,0.00020000000000000071,0.5556480767035875
146.25,1.0625,0.0017000000000000062,4.723008651980494
146.25,1.0875,0.002399999999999987,6.66777692044299
146.25,1.1125,0.007200000000000026,20.00333076132915
146.25,1.1375000000000002,0.010699999999999942,29.727172103641664
146.25,1.1625,0.016200000000000058,45.007494212990586
146.25,1.1875,0.02879999999999985,80.0133230453159
146.25,1.2125000000000001,0.03930000000000014,109.18484707225494
146.25,1.2375,0.06070000000000021,168.63919127953878
146.25,1.2625000000000002,0.08659999999999952,240.5956172126512
146.25,1.2875,0.1168000000000004,324.49847679489505
146.25,1.3125,0.15999999999999914,444.51846136286605
146.25,1.3375000000000001,0.20500000000000074,569.5392786211772
146.25,1.3625,0.24510000000000087,680.9467180002465
146.25,1.3875000000000002,0.2988999999999984,830.416050633504
146.25,1.4125,0.3624000000000013,1006.8343149869005
146.25,1.4375,0.39589999999999786,1099.9053678347416
146.25,1.4625000000000001,0.44490000000000157,1236.0391466271303
146.25,1.4875,0.4790000000000017,1330.777143705092
146.25,1.5125000000000002,0.49379999999999735,1371.8951013811452
146.25,1.5375,0.5049000000000018,1402.7335696382065
146.25,1.5625,0.5183999999999972,1440.2398148156858
146.25,1.5875000000000001,0.4943000000000018,1373.2842215729165
146.25,1.6125,0.4768000000000017,1324.6650148613526
146.25,1.6375000000000002,0.4369999999999977,1214.091047597328
146.25,1.6625,0.40670000000000145,1129.9103639767452
146.25,1.6875,0.3496999999999981,971.5506621162141
146.25,1.7125000000000001,0.31510000000000116,875.4235448465022
146.25,1.7375,0.2609000000000009,724.8429160598298
146.25,1.7625000000000002,0.2215999999999988,615.6580689875694
146.25,1.7875,0.18500000000000064,513.9744709508184
146.25,1.8125,0.14429999999999923,400.9000873416348
146.25,1.8375000000000001,0.11610000000000041,322.5537085264325
146.25,1.8625,0.0849000000000003,235.87260856067286
146.25,1.8875000000000002,0.06649999999999964,184.75298550394118
146.25,1.9125,0.05720000000000021,158.91534993722604
146.25,1.9375,0.04289999999999978,119.18651245291848
146.25,1.9625000000000001,0.03640000000000013,101.12794996005292
146.25,1.9875,0.03480000000000012,96.68276534642422
146.25,2.0125,0.03750000000000013,104.18401438192265
146.25,2.0375,0.04429999999999937,123.07604898984243
146.25,2.0625,0.056000000000000195,155.5814614770045
146.25,2.0875000000000004,0.07830000000000029,217.5362220294545
146.25,2.1125,0.09480000000000034,263.3771883575005
146.25,2.1375,0.12950000000000045,359.7821296655729
146.25,2.1625,0.16159999999999772,448.96364597649074
146.25,2.1875,0.20730000000000073,575.9292315032684
146.25,2.2125000000000004,0.26050000000000095,723.7316199064228
146.25,2.2375,0.3050000000000011,847.363316972971
146.25,2.2625,0.3754000000000013,1042.9514399726336
146.25,2.2875,0.4457999999999937,1238.5395629722746
146.25,2.3125,0.5044000000000017,1401.3444494464475
146.25,2.3375000000000004,0.576100000000002,1600.5442849446838
146.25,2.3625,0.6648000000000024,1846.9742069627248
146.25,2.3875,0.7383999999999895,2051.4526991896087
146.25,2.4125000000000005,0.7957000000000028,2210.645873165223
146.25,2.4375,0.847300000000003,2354.0030769547484
146.25,2.4625000000000004,0.8727000000000031,2424.570382696104
146.25,2.4875,0.9082000000000032,2523.197916310991
146.25,2.5125,0.9241999999999869,2567.649762447232
146.25,2.5375000000000005,0.9168000000000033,2547.090783609245
146.25,2.5625,0.9106000000000033,2529.865693231434
146.25,2.5875000000000004,0.8862000000000032,2462.0766278735964
146.25,2.6125,0.856000000000003,2378.173768291354
146.25,2.6375,0.8159999999999885,2267.044152950597
146.25,2.6625000000000005,0.7581000000000028,2106.1840347449483
146.25,2.6875,0.7083000000000026,1967.8276636457554
146.25,2.7125000000000004,0.6162000000000022,1711.951724323753
146.25,2.7375,0.550100000000002,1528.3100349732176
146.25,2.7625,0.490299999999993,1362.1712600388205
146.25,2.7875000000000005,0.4298000000000015,1194.0877168360093
146.25,2.8125,0.36790000000000134,1022.1146370962492
146.25,2.8375000000000004,0.3139000000000011,872.0896563862806
146.25,2.8625,0.2603000000000009,723.1759718297191
146.25,2.8875,0.22319999999999682,620.1032536011926
146.25,2.9125000000000005,0.19490000000000068,541.4790507476459
146.25,2.9375,0.16100000000000056,447.2967017463879
146.25,2.9625000000000004,0.1388000000000005,385.61976523228975
146.25,2.9875,0.1151000000000004,319.7754681429146
146.25,3.0125,0.11359999999999838,315.6081075676321
146.25,3.0375000000000005,0.10340000000000037,287.27005565575473
146.25,3.0625,0.10740000000000037,298.38301718982643
146.25,3.0875000000000004,0.11090000000000039,308.10685853213926
146.25,3.1125,0.12130000000000044,337.0005585207258
146.25,3.1375,0.13269999999999813,368.6724988928238
146.25,3.1625000000000005,0.14910000000000054,414.2356411825245
146.25,3.1875,0.1724000000000006,478.96864211849237
146.25,3.2125000000000004,0.1930000000000007,536.2003940189619
146.25,3.2375,0.22270000000000081,618.7141334094447
146.25,3.2625,0.2559999999999964,711.2295381805794
146.25,3.2875000000000005,0.284300000000001,789.8537410341496
146.25,3.3125,0.3040000000000011,844.585076589453
146.25,3.3375000000000004,0.34060000000000124,946.2686746262095
146.25,3.3625,0.3647000000000013,1013.2242678689918
146.25,3.3875,0.3789999999999946,1052.9531053532796
146.25,3.4125000000000005,0.4017000000000014,1116.0191620591554
146.25,3.4375,0.4154000000000015,1154.0810553133513
146.25,3.4625000000000004,0.4352000000000016,1209.0902149070064
146.25,3.4875,0.45220000000000166,1256.3203014268115
146.25,3.5125,0.4613999999999934,1281.8801129551534
146.25,3.5375000000000005,0.45200000000000157,1255.7646533501077
146.25,3.5625,0.43620000000000153,1211.8684552905243
146.25,3.5875000000000004,0.4246000000000015,1179.6408668417162
146.25,3.6125,0.4031000000000014,1119.9086985960805
146.25,3.6375,0.39209999999999445,1089.348054377364
146.25,3.6625000000000005,0.3611000000000013,1003.2226024883273
146.25,3.6875,0.3324000000000012,923.4871034813624
146.25,3.7125000000000004,0.3190000000000011,886.258682342222
146.25,3.7375,0.28600000000000103,794.5767496861301
146.25,3.7625,0.2640999999999962,733.7332852870742
146.25,3.7875000000000005,0.23330000000000084,648.1634814747348
146.25,3.8125,0.1992000000000007,553.4254843967732
146.25,3.8375000000000004,0.18380000000000066,510.6405824905969
146.25,3.8625,0.15690000000000054,435.90591617396433
146.25,3.8875,0.13939999999999803,387.2867094623936
146.25,3.9125000000000005,0.11270000000000041,313.10769122247154
146.25,3.9375,0.09560000000000035,265.59978066431484
146.25,3.9625000000000004,0.08230000000000029,228.64918356352624
146.25,3.9875,0.06930000000000025,192.53205857779307
146.25,4.0125,0.055799999999999204,155.02581340029815
146.25,4.0375,0.048100000000001024,133.63336244721515
146.25,4.0625,0.03769999999999946,104.73966245862438
146.25,4.0875,0.027099999999999617,75.29031439333477
146.25,4.112500000000001,0.02480000000000053,68.90036151124607
146.25,4.1375,0.01839999999999974,51.11962305672914
146.25,4.1625,0.013100000000000278,36.394949024085626
146.25,4.1875,0.011499999999999837,31.949764410455714
146.25,4.2125,0.00909999999999987,25.28198749001278
146.25,4.237500000000001,0.007300000000000155,20.281154799681303
146.25,4.2625,0.006199999999999912,17.225090377810908
146.25,4.2875,0.0034000000000000727,9.446017303961156
146.25,4.3125,0.00349999999999995,9.723841342312609
146.25,4.3375,0.002199999999999969,6.112128843739354
146.25,4.362500000000001,0.001500000000000032,4.16736057527698
146.25,4.3875,0.0014999999999999786,4.167360575276832
146.25,4.4125,0.0006000000000000128,1.6669442301107922
146.25,4.4375,0.0005999999999999915,1.666944230110733
146.25,4.4625,0.00019999999999999716,0.5556480767035776
146.25,4.487500000000001,0.0004000000000000086,1.1112961534071948
146.25,4.5125,0.00029999999999999575,0.8334721150553664
146.25,4.5375,0.0,0.0
146.25,4.5625,9.999999999999858e-05,0.2778240383517888
146.25,4.5875,0.0,0.0
146.25,4.612500000000001,0.0,0.0
146.25,4.6375,0.0,0.0
146.25,4.6625,0.0,0.0
146.25,4.6875,0.0,0.0
146.25,4.7125,0.0,0.0
146.25,4.737500000000001,0.0,0.0
146.25,4.7625,0.0,0.0
146.25,4.7875000000000005,0.0,0.0
146.25,4.8125,0.0,0.0
146.25,4.8375,0.0,0.0
146.25,4.862500000000001,0.0,0.0
146.25,4.8875,0.0,0.0
146.25,4.9125000000000005,0.0,0.0
146.25,4.9375,0.0,0.0
146.25,4.9625,0.0,0.0
146.25,4.987500000000001,0.0,0.0
146.25,5.0125,0.0,0.0
146.25,5.0375000000000005,0.0,0.0
146.25,5.0625,0.0,0.0
146.25,5.0875,0.0,0.0
146.25,5.112500000000001,0.0,0.0
146.25,5.1375,0.0,0.0
146.25,5.1625000000000005,0.0,0.0
146.25,5.1875,0.0,0.0
146.25,5.2125,0.0,0.0
146.25,5.237500000000001,0.0,0.0
146.25,5.2625,0.0,0.0
146.25,5.2875000000000005,0.0,0.0
146.25,5.3125,0.0,0.0
146.25,5.3375,0.0,0.0
146.25,5.362500000000001,0.0,0.0
146.25,5.3875,0.0,0.0
146.25,5.4125000000000005,0.0,0.0
146.25,5.4375,0.0,0.0
146.25,5.4625,0.0,0.0
146.25,5.487500000000001,0.0,0.0
146.25,5.5125,0.0,0.0
146.25,5.5375000000000005,0.0,0.0
146.25,5.5625,0.0,0.0
146.25,5.5875,0.0,0.0
146.25,5.612500000000001,0.0,0.0
146.25,5.6375,0.0,0.0
146.25,5.6625000000000005,0.0,0.0
146.25,5.6875,0.0,0.0
146.25,5.7125,0.0,0.0
146.25,5.737500000000001,0.0,0.0
146.25,5.7625,0.0,0.0
146.25,5.7875000000000005,0.0,0.0
146.25,5.8125,0.0,0.0
146.25,5.8375,0.0,0.0
146.25,5.862500000000001,0.0,0.0
146.25,5.8875,0.0,0.0
146.25,5.9125000000000005,0.0,0.0
146.25,5.9375,0.0,0.0
146.25,5.9625,0.0,0.0
146.25,5.987500000000001,0.0,0.0
146.25,6.0125,0.0,0.0
146.25,6.0375000000000005,0.0,0.0
146.25,6.0625,0.0,0.0
146.25,6.0875,0.0,0.0
146.25,6.112500000000001,0.0,0.0
146.25,6.1375,0.0,0.0
146.25,6.1625000000000005,0.0,0.0
146.25,6.1875,0.0,0.0
146.25,6.2125,0.0,0.0
146.25,6.237500000000001,0.0,0.0
146.25,6.2625,0.0,0.0
146.25,6.2875000000000005,0.0,0.0
146.25,6.3125,0.0,0.0
146.25,6.3375,0.0,0.0
146.25,6.362500000000001,0.0,0.0
146.25,6.3875,0.0,0.0
146.25,6.4125000000000005,0.0,0.0
146.25,6.4375,0.0,0.0
146.25,6.4625,0.0,0.0
146.25,6.487500000000001,0.0,0.0
146.25,6.5125,0.0,0.0
146.25,6.5375000000000005,0.0,0.0
146.25,6.5625,0.0,0.0
146.25,6.5875,0.0,0.0
146.25,6.612500000000001,0.0,0.0
146.25,6.6375,0.0,0.0
146.25,6.6625000000000005,0.0,0.0
146.25,6.6875,0.0,0.0
146.25,6.7125,0.0,0.0
146.25,6.737500000000001,0.0,0.0
146.25,6.7625,0.0,0.0
146.25,6.7875000000000005,0.0,0.0
146.25,6.8125,0.0,0.0
146.25,6.8375,0.0,0.0
146.25,6.862500000000001,0.0,0.0
146.25,6.8875,0.0,0.0
146.25,6.9125000000000005,0.0,0.0
146.25,6.9375,0.0,0.0
146.25,6.9625,0.0,0.0
146.25,6.987500000000001,0.0,0.0
148.75,0.0125,0.0,0.0
148.75,0.037500000000000006,0.0,0.0
148.75,0.0625,0.0,0.0
148.75,0.08750000000000001,0.0,0.0
148.75,0.1125,0.0,0.0
148.75,0.1375,0.00019999999999999985,0.44072243432804464
148.75,0.16250000000000003,0.00010000000000000003,0.22036121716402257
148.75,0.1875,0.0010000000000000002,2.2036121716402253
148.75,0.21250000000000002,0.003600000000000001,7.933003817904813
148.75,0.2375,0.009000000000000001,19.832509544762026
148.75,0.2625,0.019999999999999983,44.07224343280446
148.75,0.28750000000000003,0.048799999999999955,107.53627397604288
148.75,0.3125,0.0783000000000001,172.54283303942984
148.75,0.3375,0.1241999999999999,273.6886317177157
148.75,0.36250000000000004,0.18200000000000024,401.05741523852146
148.75,0.3875,0.22359999999999983,492.7276815787539
148.75,0.41250000000000003,0.26679999999999976,587.9237273936114
148.75,0.4375,0.27590000000000037,607.9765981555389
148.75,0.4625,0.2567999999999998,565.8876056772093
148.75,0.48750000000000004,0.21900000000000028,482.59106558920985
148.75,0.5125,0.17379999999999984,382.98779543107077
148.75,0.5375000000000001,0.14069999999999985,310.0482325497793
148.75,0.5625,0.0963999999999999,212.42821334611747
148.75,0.5875000000000001,0.06529999999999994,143.89587480810656
148.75,0.6125,0.04500000000000016,99.16254772381046
148.75,0.6375,0.026199999999999977,57.73463889697384
148.75,0.6625000000000001,0.014399999999999987,31.73201527161921
148.75,0.6875,0.009299999999999992,20.493593196254075
148.75,0.7125000000000001,0.006499999999999994,14.323479115661447
148.75,0.7375,0.002300000000000008,5.068307994772535
148.75,0.7625,0.0009999999999999992,2.203612171640223
148.75,0.7875000000000001,0.001099999999999999,2.423973388804245
148.75,0.8125,0.00029999999999999976,0.6610836514920669
148.75,0.8375000000000001,0.00019999999999999985,0.44072243432804464
148.75,0.8625,0.00010000000000000036,0.22036121716402327
148.75,0.8875,0.0,0.0
148.75,0.9125000000000001,9.999999999999992e-05,0.22036121716402232
148.75,0.9375,0.0,0.0
148.75,0.9625000000000001,0.00029999999999999976,0.6610836514920669
148.75,0.9875,0.0006000000000000021,1.3221673029841396
148.75,1.0125000000000002,0.0009999999999999948,2.2036121716402133
148.75,1.0375,0.001100000000000004,2.423973388804256
148.75,1.0625,0.001900000000000007,4.186863126116442
148.75,1.0875,0.0030999999999999834,6.831197732084661
148.75,1.1125,0.006900000000000024,15.204923984317606
148.75,1.1375000000000002,0.011899999999999937,26.222984842518535
148.75,1.1625,0.01910000000000007,42.08899247832845
148.75,1.1875,0.026299999999999858,57.955000114137604
148.75,1.2125000000000001,0.038100000000000134,83.95762373949286
148.75,1.2375,0.055000000000000195,121.1986694402128
148.75,1.2625000000000002,0.08159999999999958,179.8147532058414
148.75,1.2875,0.12020000000000042,264.87418303115595
148.75,1.3125,0.15949999999999914,351.476141376614
148.75,1.3375000000000001,0.20140000000000075,443.80749136834294
148.75,1.3625,0.24390000000000084,537.4610086630527
148.75,1.3875000000000002,0.3052999999999984,672.7627960017571
148.75,1.4125,0.3385000000000012,745.9227201002187
148.75,1.4375,0.39489999999999786,870.2064465807201
148.75,1.4625000000000001,0.43560000000000154,959.8934619664853
148.75,1.4875,0.48610000000000175,1071.175876634317
148.75,1.5125000000000002,0.49599999999999733,1092.9916371335457
148.75,1.5375,0.5019000000000018,1105.992948946233
148.75,1.5625,0.5077999999999973,1118.9942607589
148.75,1.5875000000000001,0.4935000000000017,1087.4826067044548
148.75,1.6125,0.4775000000000017,1052.2248119582111
148.75,1.6375000000000002,0.4404999999999976,970.6911616075138
148.75,1.6625,0.3984000000000014,877.9190891814687
148.75,1.6875,0.3628999999999981,799.6908570882334
148.75,1.7125000000000001,0.31220000000000114,687.9677199860807
148.75,1.7375,0.2693000000000009,593.4327578227146
148.75,1.7625000000000002,0.22239999999999882,490.08334697278343
148.75,1.7875,0.18750000000000067,413.17728218254365
148.75,1.8125,0.14169999999999924,312.2518447214182
148.75,1.8375000000000001,0.1142000000000004,251.65251000131457
148.75,1.8625,0.08890000000000033,195.90112205881672
148.75,1.8875000000000002,0.06979999999999963,153.81212958048687
148.75,1.9125,0.04940000000000017,108.85844127902749
148.75,1.9375,0.04069999999999978,89.68701538575667
148.75,1.9625000000000001,0.03380000000000012,74.48209140143987
148.75,1.9875,0.04030000000000014,88.80557051710137
148.75,2.0125,0.04190000000000015,92.33134999172576
148.75,2.0375,0.04399999999999938,96.95893555216853
148.75,2.0625,0.0582000000000002,128.25022838946154
148.75,2.0875000000000004,0.07510000000000026,165.49127409018146
148.75,2.1125,0.09310000000000034,205.15629317970567
148.75,2.1375,0.13260000000000047,292.1989739594949
148.75,2.1625,0.16079999999999772,354.34083719974313
148.75,2.1875,0.20190000000000072,444.909297454163
148.75,2.2125000000000004,0.24610000000000087,542.3089554406613
148.75,2.2375,0.3134000000000011,690.6120545920489
148.75,2.2625,0.3633000000000013,800.5723019568966
148.75,2.2875,0.4508999999999936,993.6087281925633
148.75,2.3125,0.5100000000000018,1123.8422075365186
148.75,2.3375000000000004,0.586200000000002,1291.7574550155043
148.75,2.3625,0.6512000000000023,1434.9922461721196
148.75,2.3875,0.7238999999999897,1595.194851050336
148.75,2.4125000000000005,0.7889000000000028,1738.4296422069797
148.75,2.4375,0.835100000000003,1840.2365245367582
148.75,2.4625000000000004,0.8854000000000031,1951.0782167702619
148.75,2.4875,0.9029000000000031,1989.641429773966
148.75,2.5125,0.9171999999999869,2021.1530838283854
148.75,2.5375000000000005,0.9079000000000031,2000.659490632167
148.75,2.5625,0.9198000000000033,2026.882475474686
148.75,2.5875000000000004,0.8972000000000031,1977.0808403956166
148.75,2.6125,0.860700000000003,1896.6489961307482
148.75,2.6375,0.7905999999999889,1742.1757828987372
148.75,2.6625000000000005,0.7594000000000026,1673.4230831435925
148.75,2.6875,0.6881000000000024,1516.305535305644
148.75,2.7125000000000004,0.6301000000000022,1388.4960293505105
148.75,2.7375,0.557600000000002,1228.7341469065939
148.75,2.7625,0.49089999999999306,1081.7532150581712
148.75,2.7875000000000005,0.4386000000000016,966.5042984814062
148.75,2.8125,0.37550000000000133,827.4563704509073
148.75,2.8375000000000004,0.3165000000000011,697.4432523241336
148.75,2.8625,0.26620000000000094,586.60156009063
148.75,2.8875,0.22289999999999685,491.1851530585992
148.75,2.9125000000000005,0.19190000000000068,422.8731757377607
148.75,2.9375,0.1657000000000006,365.13853684078657
148.75,2.9625000000000004,0.1395000000000005,307.4038979438125
148.75,2.9875,0.12290000000000044,270.8239358945846
148.75,3.0125,0.11069999999999842,243.93986740056943
148.75,3.0375000000000005,0.10690000000000038,235.56614114834088
148.75,3.0625,0.10640000000000038,234.46433506252077
148.75,3.0875000000000004,0.10900000000000039,240.19372670878536
148.75,3.1125,0.13000000000000045,286.4695823132302
148.75,3.1375,0.14239999999999797,313.79437324156356
148.75,3.1625000000000005,0.16020000000000056,353.0186698967653
148.75,3.1875,0.18680000000000066,411.6347536623955
148.75,3.2125000000000004,0.1988000000000007,438.07809972207826
148.75,3.2375,0.23050000000000084,507.9326055630737
148.75,3.2625,0.25079999999999647,552.6659326473606
148.75,3.2875000000000005,0.268800000000001,592.3309517368946
148.75,3.3125,0.3002000000000011,661.5243739263979
148.75,3.3375000000000004,0.3399000000000012,749.0077771405151
148.75,3.3625,0.36990000000000134,815.1161422897221
148.75,3.3875,0.38369999999999455,845.5259902583423
148.75,3.4125000000000005,0.3985000000000014,878.1394503986328
148.75,3.4375,0.4271000000000015,941.1627585075433
148.75,3.4625000000000004,0.4292000000000015,945.7903440679879
148.75,3.4875,0.44040000000000157,970.4708003903585
148.75,3.5125,0.4362999999999938,961.4359904866164
148.75,3.5375000000000005,0.4413000000000016,972.4540513448347
148.75,3.5625,0.4368000000000015,962.5377965724535
148.75,3.5875000000000004,0.40910000000000146,901.4977394180193
148.75,3.6125,0.41310000000000147,910.3121881045802
148.75,3.6375,0.3938999999999944,868.0028344090723
148.75,3.6625000000000005,0.3651000000000013,804.538803865849
148.75,3.6875,0.3413000000000012,752.0928341808115
148.75,3.7125000000000004,0.3190000000000011,702.9522827532342
148.75,3.7375,0.285300000000001,628.6905525689583
148.75,3.7625,0.25789999999999635,568.311579066006
148.75,3.7875000000000005,0.23170000000000082,510.5769401690419
148.75,3.8125,0.21140000000000075,465.8436130847452
148.75,3.8375000000000004,0.18700000000000067,412.07547609672355
148.75,3.8625,0.17170000000000063,378.360209870628
148.75,3.8875,0.14259999999999798,314.2350956758916
148.75,3.9125000000000005,0.12520000000000045,275.89224388935713
148.75,3.9375,0.09990000000000036,220.14085594685926
148.75,3.9625000000000004,0.09090000000000033,200.30834640209716
148.75,3.9875,0.07010000000000025,154.4732132319803
148.75,4.0125,0.06049999999999914,133.31853638423172
148.75,4.0375,0.04490000000000096,98.94218650664821
148.75,4.0625,0.03779999999999946,83.2965400879993
148.75,4.0875,0.03469999999999951,76.46534235591473
148.75,4.112500000000001,0.021300000000000454,46.936939255937794
148.75,4.1375,0.019199999999999728,42.309353695491716
148.75,4.1625,0.01640000000000035,36.139239614900454
148.75,4.1875,0.013099999999999813,28.867319448486533
148.75,4.2125,0.008699999999999876,19.171425893269685
148.75,4.237500000000001,0.004800000000000103,10.577338423873305
148.75,4.2625,0.005799999999999917,12.780950595513122
148.75,4.2875,0.004300000000000092,9.475532338053169
148.75,4.3125,0.002199999999999969,4.847946777608426
148.75,4.3375,0.003399999999999952,7.4922813835766595
148.75,4.362500000000001,0.0016000000000000343,3.5257794746244357
148.75,4.3875,0.000999999999999986,2.2036121716401937
148.75,4.4125,0.0011000000000000235,2.423973388804299
148.75,4.4375,0.0007999999999999887,1.762889737312155
148.75,4.4625,0.00019999999999999716,0.44072243432803876
148.75,4.487500000000001,0.0002000000000000043,0.44072243432805447
148.75,4.5125,0.00029999999999999575,0.661083651492058
148.75,4.5375,0.0002000000000000043,0.44072243432805447
148.75,4.5625,0.00019999999999999716,0.44072243432803876
148.75,4.5875,9.999999999999858e-05,0.22036121716401938
148.75,4.612500000000001,0.0002000000000000043,0.44072243432805447
148.75,4.6375,0.0,0.0
148.75,4.6625,0.0,0.0
148.75,4.6875,9.999999999999858e-05,0.22036121716401938
148.75,4.7125,0.0,0.0
148.75,4.737500000000001,0.0,0.0
148.75,4.7625,0.0,0.0
148.75,4.7875000000000005,0.0,0.0
148.75,4.8125,0.0,0.0
148.75,4.8375,0.0,0.0
148.75,4.862500000000001,0.0,0.0
148.75,4.8875,0.0,0.0
148.75,4.9125000000000005,0.0,0.0
148.75,4.9375,0.0,0.0
148.75,4.9625,0.0,0.0
148.75,4.987500000000001,0.0,0.0
148.75,5.0125,0.0,0.0
148.75,5.0375000000000005,0.0,0.0
148.75,5.0625,0.0,0.0
148.75,5.0875,0.0,0.0
148.75,5.112500000000001,0.0,0.0
148.75,5.1375,0.0,0.0
148.75,5.1625000000000005,0.0,0.0
148.75,5.1875,0.0,0.0
148.75,5.2125,0.0,0.0
148.75,5.237500000000001,0.0,0.0
148.75,5.2625,0.0,0.0
148.75,5.2875000000000005,0.0,0.0
148.75,5.3125,0.0,0.0
148.75,5.3375,0.0,0.0
148.75,5.362500000000001,0.0,0.0
148.75,5.3875,0.0,0.0
148.75,5.4125000000000005,0.0,0.0
148.75,5.4375,0.0,0.0
148.75,5.4625,0.0,0.0
148.75,5.487500000000001,0.0,0.0
148.75,5.5125,0.0,0.0
148.75,5.5375000000000005,0.0,0.0
148.75,5.5625,0.0,0.0
148.75,5.5875,0.0,0.0
148.75,5.612500000000001,0.0,0.0
148.75,5.6375,0.0,0.0
148.75,5.6625000000000005,0.0,0.0
148.75,5.6875,0.0,0.0
148.75,5.7125,0.0,0.0
148.75,5.737500000000001,0.0,0.0
148.75,5.7625,0.0,0.0
148.75,5.7875000000000005,0.0,0.0
148.75,5.8125,0.0,0.0
148.75,5.8375,0.0,0.0
148.75,5.862500000000001,0.0,0.0
148.75,5.8875,0.0,0.0
148.75,5.9125000000000005,0.0,0.0
148.75,5.9375,0.0,0.0
148.75,5.9625,0.0,0.0
148.75,5.987500000000001,0.0,0.0
148.75,6.0125,0.0,0.0
148.75,6.0375000000000005,0.0,0.0
148.75,6.0625,0.0,0.0
148.75,6.0875,0.0,0.0
148.75,6.112500000000001,0.0,0.0
148.75,6.1375,0.0,0.0
148.75,6.1625000000000005,0.0,0.0
148.75,6.1875,0.0,0.0
148.75,6.2125,0.0,0.0
148.75,6.237500000000001,0.0,0.0
148.75,6.2625,0.0,0.0
148.75,6.2875000000000005,0.0,0.0
148.75,6.3125,0.0,0.0
148.75,6.3375,0.0,0.0
148.75,6.362500000000001,0.0,0.0
148.75,6.3875,0.0,0.0
148.75,6.4125000000000005,0.0,0.0
148.75,6.4375,0.0,0.0
148.75,6.4625,0.0,0.0
148.75,6.487500000000001,0.0,0.0
148.75,6.5125,0.0,0.0
148.75,6.5375000000000005,0.0,0.0
148.75,6.5625,0.0,0.0
148.75,6.5875,0.0,0.0
148.75,6.612500000000001,0.0,0.0
148.75,6.6375,0.0,0.0
148.75,6.6625000000000005,0.0,0.0
148.75,6.6875,0.0,0.0
148.75,6.7125,0.0,0.0
148.75,6.737500000000001,0.0,0.0
148.75,6.7625,0.0,0.0
148.75,6.7875000000000005,0.0,0.0
148.75,6.8125,0.0,0.0
148.75,6.8375,0.0,0.0
148.75,6.862500000000001,0.0,0.0
148.75,6.8875,0.0,0.0
148.75,6.9125000000000005,0.0,0.0
148.75,6.9375,0.0,0.0
148.75,6.9625,0.0,0.0
148.75,6.987500000000001,0.0,0.0
151.25,0.0125,0.0,0.0
151.25,0.037500000000000006,0.0,0.0
151.25,0.0625,0.0,0.0
151.25,0.08750000000000001,0.0,0.0
151.25,0.1125,0.0,0.0
151.25,0.1375,0.0,0.0
151.25,0.16250000000000003,0.0,0.0
151.25,0.1875,0.0003000000000000001,0.52251006788895
151.25,0.21250000000000002,0.0019000000000000004,3.30923042996335
151.25,0.2375,0.007400000000000001,12.8885816745941
151.25,0.2625,0.02109999999999998,36.74987477485611
151.25,0.28750000000000003,0.04309999999999996,75.06727975337907
151.25,0.3125,0.08600000000000012,149.78621946149917
151.25,0.3375,0.1270999999999999,221.37009876228495
151.25,0.36250000000000004,0.18650000000000025,324.8270922042976
151.25,0.3875,0.22359999999999983,389.44417059989706
151.25,0.41250000000000003,0.2543999999999998,443.08853756982916
151.25,0.4375,0.2693000000000004,469.039870941648
151.25,0.4625,0.2604999999999998,453.7129089502378
151.25,0.48750000000000004,0.22430000000000028,390.6633607583054
151.25,0.5125,0.17909999999999984,311.93851052970285
151.25,0.5375000000000001,0.13979999999999987,243.48969163625043
151.25,0.5625,0.10189999999999991,177.47925305961317
151.25,0.5875000000000001,0.07459999999999993,129.93083688171876
151.25,0.6125,0.04330000000000015,75.4156197986387
151.25,0.6375,0.02699999999999998,47.02590611000546
151.25,0.6625000000000001,0.014499999999999987,25.254653281299223
151.25,0.6875,0.009199999999999993,16.023642081927786
151.25,0.7125000000000001,0.004399999999999996,7.6634809957045915
151.25,0.7375,0.002200000000000008,3.831740497852313
151.25,0.7625,0.0007999999999999994,1.3933601810371987
151.25,0.7875000000000001,0.0005999999999999995,1.045020135777899
151.25,0.8125,0.00019999999999999985,0.3483400452592997
151.25,0.8375000000000001,0.0,0.0
151.25,0.8625,0.00010000000000000036,0.1741700226296506
151.25,0.8875,0.0,0.0
151.25,0.9125000000000001,0.0,0.0
151.25,0.9375,0.0,0.0
151.25,0.9625000000000001,9.999999999999992e-05,0.17417002262964984
151.25,0.9875,0.00040000000000000143,0.6966800905186024
151.25,1.0125000000000002,0.0007999999999999958,1.3933601810371925
151.25,1.0375,0.0009000000000000032,1.5675302036668555
151.25,1.0625,0.0018000000000000065,3.135060407333711
151.25,1.0875,0.0030999999999999834,5.399270701519121
151.25,1.1125,0.006700000000000024,11.66939151618659
151.25,1.1375000000000002,0.012199999999999935,21.248742760817183
151.25,1.1625,0.01720000000000006,29.9572438922999
151.25,1.1875,0.025399999999999867,44.23918574793086
151.25,1.2125000000000001,0.04410000000000015,76.80897997967591
151.25,1.2375,0.06410000000000023,111.64298450560602
151.25,1.2625000000000002,0.08639999999999955,150.4828995520168
151.25,1.2875,0.1151000000000004,200.46969604672782
151.25,1.3125,0.16119999999999912,280.76207647899423
151.25,1.3375000000000001,0.1992000000000007,346.946685078264
151.25,1.3625,0.24470000000000086,426.194045374755
151.25,1.3875000000000002,0.2924999999999985,509.44731619172353
151.25,1.4125,0.34670000000000123,603.8474684569986
151.25,1.4375,0.39239999999999786,683.4431687987428
151.25,1.4625000000000001,0.43700000000000155,761.122998891573
151.25,1.4875,0.4546000000000016,791.7769228743916
151.25,1.5125000000000002,0.4870999999999974,848.3821802290205
151.25,1.5375,0.5068000000000018,882.6936746870692
151.25,1.5625,0.5012999999999973,873.1143234424306
151.25,1.5875000000000001,0.4955000000000017,863.0124621299186
151.25,1.6125,0.4582000000000016,798.047043689059
151.25,1.6375000000000002,0.4366999999999977,760.6004888236774
151.25,1.6625,0.3961000000000014,689.887459636046
151.25,1.6875,0.3532999999999981,615.34268995055
151.25,1.7125000000000001,0.3133000000000011,545.6746808986952
151.25,1.7375,0.26390000000000097,459.63468971964795
151.25,1.7625000000000002,0.2254999999999988,392.75340102985865
151.25,1.7875,0.18970000000000067,330.40053292844715
151.25,1.8125,0.1497999999999992,260.9066938992143
151.25,1.8375000000000001,0.11530000000000042,200.81803609198715
151.25,1.8625,0.09150000000000033,159.3655707061303
151.25,1.8875000000000002,0.07379999999999962,128.53747670068103
151.25,1.9125,0.05990000000000021,104.3278435551607
151.25,1.9375,0.04259999999999977,74.19642964023049
151.25,1.9625000000000001,0.04130000000000015,71.9322193460457
151.25,1.9875,0.03990000000000014,69.49383902923057
151.25,2.0125,0.03870000000000014,67.40379875767478
151.25,2.0375,0.04499999999999936,78.37651018334138
151.25,2.0625,0.054300000000000195,94.57432228790027
151.25,2.0875000000000004,0.07450000000000026,129.75666685908968
151.25,2.1125,0.09570000000000034,166.68071165657562
151.25,2.1375,0.13160000000000047,229.2077497806202
151.25,2.1625,0.16009999999999772,278.8462062300656
151.25,2.1875,0.19910000000000072,346.77251505563436
151.25,2.2125000000000004,0.2536000000000009,441.69517738879387
151.25,2.2375,0.3170000000000011,552.1189717359923
151.25,2.2625,0.3822000000000013,665.6778264905245
151.25,2.2875,0.4350999999999938,757.8137684615963
151.25,2.3125,0.5166000000000018,899.762336904775
151.25,2.3375000000000004,0.585500000000002,1019.7654824966041
151.25,2.3625,0.6519000000000023,1135.4143775226921
151.25,2.3875,0.7243999999999897,1261.6876439291666
151.25,2.4125000000000005,0.7803000000000028,1359.0486865791636
151.25,2.4375,0.833600000000003,1451.8813086407674
151.25,2.4625000000000004,0.8831000000000031,1538.0954698424443
151.25,2.4875,0.9171000000000032,1597.3132775365257
151.25,2.5125,0.9252999999999869,1611.5952193921285
151.25,2.5375000000000005,0.9357000000000033,1629.7089017456406
151.25,2.5625,0.9194000000000032,1601.3191880570075
151.25,2.5875000000000004,0.8888000000000031,1548.0231611323345
151.25,2.6125,0.855700000000003,1490.37288364192
151.25,2.6375,0.8044999999999886,1401.197832055514
151.25,2.6625000000000005,0.7698000000000028,1340.7608342030503
151.25,2.6875,0.7004000000000026,1219.8868384980728
151.25,2.7125000000000004,0.6335000000000023,1103.3670933588367
151.25,2.7375,0.565300000000002,984.5831379254148
151.25,2.7625,0.5017999999999929,873.9851735555712
151.25,2.7875000000000005,0.44100000000000156,768.089799796759
151.25,2.8125,0.38090000000000135,663.4136161963391
151.25,2.8375000000000004,0.32160000000000116,560.1307927769564
151.25,2.8625,0.27410000000000095,477.40003202787227
151.25,2.8875,0.2317999999999967,403.7261124555229
151.25,2.9125000000000005,0.18890000000000068,329.00717274741
151.25,2.9375,0.1680000000000006,292.60563801781296
151.25,2.9625000000000004,0.14120000000000052,245.92807195306668
151.25,2.9875,0.12380000000000044,215.62248801550743
151.25,3.0125,0.10909999999999845,190.01949468894543
151.25,3.0375000000000005,0.10890000000000039,189.6711546436895
151.25,3.0625,0.10770000000000038,187.58111437213367
151.25,3.0875000000000004,0.11480000000000042,199.9471859788389
151.25,3.1125,0.11440000000000042,199.2505058883203
151.25,3.1375,0.14329999999999798,249.5856424282849
151.25,3.1625000000000005,0.15980000000000058,278.32369616218165
151.25,3.1875,0.17450000000000063,303.9266894887403
151.25,3.2125000000000004,0.1988000000000007,346.25000498774534
151.25,3.2375,0.2268000000000008,395.01761132404755
151.25,3.2625,0.2603999999999963,453.5387389276021
151.25,3.2875000000000005,0.2673000000000009,465.556470489056
151.25,3.3125,0.2986000000000011,520.0716875721367
151.25,3.3375000000000004,0.3275000000000012,570.4068241121057
151.25,3.3625,0.35100000000000126,611.3367794300736
151.25,3.3875,0.3884999999999945,676.6505379161806
151.25,3.4125000000000005,0.3990000000000014,694.9383902923058
151.25,3.4375,0.4109000000000015,715.6646229852344
151.25,3.4625000000000004,0.42750000000000155,744.5768467417563
151.25,3.4875,0.4338000000000016,755.5495581674244
151.25,3.5125,0.4478999999999937,780.1075313581913
151.25,3.5375000000000005,0.43090000000000156,750.4986275111645
151.25,3.5625,0.42140000000000144,733.9524753613475
151.25,3.5875000000000004,0.42120000000000146,733.6041353160882
151.25,3.6125,0.40430000000000144,704.1694014916774
151.25,3.6375,0.3833999999999945,667.7678667620685
151.25,3.6625000000000005,0.37390000000000134,651.2217146122636
151.25,3.6875,0.33280000000000115,579.6378353114771
151.25,3.7125000000000004,0.30940000000000106,538.8820500161389
151.25,3.7375,0.277600000000001,483.49598281991007
151.25,3.7625,0.2610999999999963,454.7579290860096
151.25,3.7875000000000005,0.23550000000000085,410.1704032928272
151.25,3.8125,0.21470000000000075,373.9430385858598
151.25,3.8375000000000004,0.17860000000000065,311.067660416556
151.25,3.8625,0.16720000000000057,291.21227783677574
151.25,3.8875,0.1472999999999979,256.55244333347076
151.25,3.9125000000000005,0.12140000000000042,211.44240747239581
151.25,3.9375,0.09970000000000036,173.64751256176166
151.25,3.9625000000000004,0.0887000000000003,154.48881007250006
151.25,3.9875,0.07460000000000026,129.93083688171933
151.25,4.0125,0.05739999999999919,99.97359298941767
151.25,4.0375,0.05020000000000107,87.43335136008615
151.25,4.0625,0.03719999999999948,64.79124841822888
151.25,4.0875,0.028499999999999595,49.638456449449535
151.25,4.112500000000001,0.02480000000000053,43.194165612154116
151.25,4.1375,0.01969999999999972,34.311494458040556
151.25,4.1625,0.01740000000000037,30.30558393755974
151.25,4.1875,0.011999999999999829,20.9004027155577
151.25,4.2125,0.00849999999999988,14.804451923520038
151.25,4.237500000000001,0.006400000000000137,11.146881448297838
151.25,4.2625,0.006199999999999912,10.798541403038145
151.25,4.2875,0.0037000000000000787,6.444290837297186
151.25,4.3125,0.002999999999999957,5.225100678889425
151.25,4.3375,0.0024999999999999645,4.354250565741188
151.25,4.362500000000001,0.0012000000000000257,2.0900402715558446
151.25,4.3875,0.001199999999999983,2.09004027155577
151.25,4.4125,0.0010000000000000213,1.7417002262965369
151.25,4.4375,0.000999999999999986,1.7417002262964751
151.25,4.4625,0.0005999999999999915,1.045020135777885
151.25,4.487500000000001,0.0004000000000000086,0.6966800905186149
151.25,4.5125,0.00019999999999999716,0.348340045259295
151.25,4.5375,0.00010000000000000215,0.17417002262965373
151.25,4.5625,0.0,0.0
151.25,4.5875,9.999999999999858e-05,0.1741700226296475
151.25,4.612500000000001,0.0002000000000000043,0.34834004525930745
151.25,4.6375,0.0,0.0
151.25,4.6625,0.00010000000000000215,0.17417002262965373
151.25,4.6875,0.0,0.0
151.25,4.7125,0.0,0.0
151.25,4.737500000000001,0.0,0.0
151.25,4.7625,0.0,0.0
151.25,4.7875000000000005,0.0,0.0
151.25,4.8125,0.0,0.0
151.25,4.8375,0.0,0.0
151.25,4.862500000000001,0.0,0.0
151.25,4.8875,0.0,0.0
151.25,4.9125000000000005,0.0,0.0
151.25,4.9375,0.0,0.0
151.25,4.9625,0.0,0.0
151.25,4.987500000000001,0.0,0.0
151.25,5.0125,0.0,0.0
151.25,5.0375000000000005,0.0,0.0
151.25,5.0625,0.0,0.0
151.25,5.0875,0.0,0.0
151.25,5.112500000000001,0.0,0.0
151.25,5.1375,0.0,0.0
151.25,5.1625000000000005,0.0,0.0
151.25,5.1875,0.0,0.0
151.25,5.2125,0.0,0.0
151.25,5.237500000000001,0.0,0.0
151.25,5.2625,0.0,0.0
151.25,5.2875000000000005,0.0,0.0
151.25,5.3125,0.0,0.0
151.25,5.3375,0.0,0.0
151.25,5.362500000000001,0.0,0.0
151.25,5.3875,0.0,0.0
151.25,5.4125000000000005,0.0,0.0
151.25,5.4375,0.0,0.0
151.25,5.4625,0.0,0.0
151.25,5.487500000000001,0.0,0.0
151.25,5.5125,0.0,0.0
151.25,5.5375000000000005,0.0,0.0
151.25,5.5625,0.0,0.0
151.25,5.5875,0.0,0.0
151.25,5.612500000000001,0.0,0.0
151.25,5.6375,0.0,0.0
151.25,5.6625000000000005,0.0,0.0
151.25,5.6875,0.0,0.0
151.25,5.7125,0.0,0.0
151.25,5.737500000000001,0.0,0.0
151.25,5.7625,0.0,0.0
151.25,5.7875000000000005,0.0,0.0
151.25,5.8125,0.0,0.0
151.25,5.8375,0.0,0.0
151.25,5.862500000000001,0.0,0.0
151.25,5.8875,0.0,0.0
151.25,5.9125000000000005,0.0,0.0
151.25,5.9375,0.0,0.0
151.25,5.9625,0.0,0.0
151.25,5.987500000000001,0.0,0.0
151.25,6.0125,0.0,0.0
151.25,6.0375000000000005,0.0,0.0
151.25,6.0625,0.0,0.0
151.25,6.0875,0.0,0.0
151.25,6.112500000000001,0.0,0.0
151.25,6.1375,0.0,0.0
151.25,6.1625000000000005,0.0,0.0
151.25,6.1875,0.0,0.0
151.25,6.2125,0.0,0.0
151.25,6.237500000000001,0.0,0.0
151.25,6.2625,0.0,0.0
151.25,6.2875000000000005,0.0,0.0
151.25,6.3125,0.0,0.0
151.25,6.3375,0.0,0.0
151.25,6.362500000000001,0.0,0.0
151.25,6.3875,0.0,0.0
151.25,6.4125000000000005,0.0,0.0
151.25,6.4375,0.0,0.0
151.25,6.4625,0.0,0.0
151.25,6.487500000000001,0.0,0.0
151.25,6.5125,0.0,0.0
151.25,6.5375000000000005,0.0,0.0
151.25,6.5625,0.0,0.0
151.25,6.5875,0.0,0.0
151.25,6.612500000000001,0.0,0.0
151.25,6.6375,0.0,0.0
151.25,6.6625000000000005,0.0,0.0
151.25,6.6875,0.0,0.0
151.25,6.7125,0.0,0.0
151.25,6.737500000000001,0.0,0.0
151.25,6.7625,0.0,0.0
151.25,6.7875000000000005,0.0,0.0
151.25,6.8125,0.0,0.0
151.25,6.8375,0.0,0.0
151.25,6.862500000000001,0.0,0.0
151.25,6.8875,0.0,0.0
151.25,6.9125000000000005,0.0,0.0
151.25,6.9375,0.0,0.0
151.25,6.9625,0.0,0.0
151.25,6.987500000000001,0.0,0.0
153.75,0.0125,0.0,0.0
153.75,0.037500000000000006,0.0,0.0
153.75,0.0625,0.0,0.0
153.75,0.08750000000000001,0.0,0.0
153.75,0.1125,0.0,0.0
153.75,0.1375,0.0,0.0
153.75,0.16250000000000003,0.0,0.0
153.75,0.1875,0.0007000000000000001,0.9619109220373576
153.75,0.21250000000000002,0.0029000000000000007,3.9850595341547677
153.75,0.2375,0.008100000000000001,11.130683526432282
153.75,0.2625,0.02319999999999998,31.88047627323811
153.75,0.28750000000000003,0.04479999999999996,61.562299010390824
153.75,0.3125,0.0828000000000001,113.780320492419
153.75,0.3375,0.1283999999999999,176.4419462708523
153.75,0.36250000000000004,0.18240000000000023,250.6465031137346
153.75,0.3875,0.22219999999999981,305.3380098238581
153.75,0.41250000000000003,0.2592999999999998,356.31928869183804
153.75,0.4375,0.2757000000000004,378.85548743671404
153.75,0.4625,0.2528999999999998,347.52467454749643
153.75,0.48750000000000004,0.2284000000000003,313.8577922761896
153.75,0.5125,0.18379999999999985,252.57032495780882
153.75,0.5375000000000001,0.14459999999999987,198.70331332371683
153.75,0.5625,0.10129999999999992,139.20225200340604
153.75,0.5875000000000001,0.07369999999999993,101.27547850593312
153.75,0.6125,0.04640000000000016,63.760952546476496
153.75,0.6375,0.029599999999999974,40.67509041757965
153.75,0.6625000000000001,0.01979999999999998,27.20833750905666
153.75,0.6875,0.010199999999999992,14.016416292544342
153.75,0.7125000000000001,0.005099999999999996,7.008208146272171
153.75,0.7375,0.0018000000000000065,2.473485228096071
153.75,0.7625,0.0013999999999999987,1.9238218440747132
153.75,0.7875000000000001,0.0015999999999999988,2.198653536085387
153.75,0.8125,0.00019999999999999985,0.27483169201067337
153.75,0.8375000000000001,9.999999999999992e-05,0.13741584600533668
153.75,0.8625,0.00020000000000000071,0.27483169201067453
153.75,0.8875,0.0,0.0
153.75,0.9125000000000001,0.0,0.0
153.75,0.9375,0.0,0.0
153.75,0.9625000000000001,0.00019999999999999985,0.27483169201067337
153.75,0.9875,0.00040000000000000143,0.5496633840213491
153.75,1.0125000000000002,0.0006999999999999962,0.9619109220373523
153.75,1.0375,0.0008000000000000029,1.0993267680426981
153.75,1.0625,0.0018000000000000065,2.473485228096071
153.75,1.0875,0.0028999999999999846,3.985059534154746
153.75,1.1125,0.00550000000000002,7.55787153029355
153.75,1.1375000000000002,0.009999999999999946,13.741584600533605
153.75,1.1625,0.018200000000000063,25.009683972971384
153.75,1.1875,0.02659999999999986,36.55261503741939
153.75,1.2125000000000001,0.04310000000000015,59.226229628300366
153.75,1.2375,0.06420000000000023,88.22097313542653
153.75,1.2625000000000002,0.08539999999999955,117.353132488557
153.75,1.2875,0.1168000000000004,160.50170813423392
153.75,1.3125,0.1534999999999992,210.93332361819085
153.75,1.3375000000000001,0.1941000000000007,266.72415709635965
153.75,1.3625,0.23760000000000084,326.50005010868136
153.75,1.3875000000000002,0.3009999999999984,413.6216964760615
153.75,1.4125,0.34660000000000124,476.283322254499
153.75,1.4375,0.38249999999999795,525.6156109704104
153.75,1.4625000000000001,0.41760000000000147,573.8485729182885
153.75,1.4875,0.4731000000000017,650.1143674512507
153.75,1.5125000000000002,0.49939999999999735,686.2547349506483
153.75,1.5375,0.5083000000000019,698.4847452451295
153.75,1.5625,0.49799999999999733,684.3309131065736
153.75,1.5875000000000001,0.48860000000000176,671.413823582078
153.75,1.6125,0.45990000000000164,631.9754757785462
153.75,1.6375000000000002,0.4398999999999977,604.4923065774733
153.75,1.6625,0.40020000000000144,549.9382157133598
153.75,1.6875,0.3603999999999981,495.2467090032312
153.75,1.7125000000000001,0.31820000000000115,437.25722198898325
153.75,1.7375,0.26740000000000097,367.4499722182719
153.75,1.7625000000000002,0.22209999999999883,305.2005939778514
153.75,1.7875,0.17830000000000062,245.01245342751636
153.75,1.8125,0.14769999999999922,202.96320454988137
153.75,1.8375000000000001,0.11960000000000043,164.3493518223834
153.75,1.8625,0.09620000000000034,132.19404385713446
153.75,1.8875000000000002,0.07419999999999961,101.96255773595936
153.75,1.9125,0.06040000000000022,82.99917098722372
153.75,1.9375,0.04689999999999975,64.4480317765026
153.75,1.9625000000000001,0.039500000000000146,54.27925917210823
153.75,1.9875,0.040200000000000145,55.24117009414559
153.75,2.0125,0.042500000000000156,58.40173455226835
153.75,2.0375,0.04729999999999933,64.99769516052338
153.75,2.0625,0.05850000000000021,80.38826991312231
153.75,2.0875000000000004,0.07520000000000027,103.33671619601363
153.75,2.1125,0.10120000000000036,139.06483615740132
153.75,2.1375,0.12790000000000046,175.75486704082638
153.75,2.1625,0.15989999999999774,219.72793776253042
153.75,2.1875,0.21150000000000074,290.63451430128833
153.75,2.2125000000000004,0.2514000000000009,345.46343685741795
153.75,2.2375,0.3102000000000011,426.2639543085562
153.75,2.2625,0.37330000000000135,512.973353137924
153.75,2.2875,0.4438999999999937,609.9889404176813
153.75,2.3125,0.5177000000000018,711.401834769631
153.75,2.3375000000000004,0.5838000000000021,802.233708979159
153.75,2.3625,0.6507000000000024,894.1649099567297
153.75,2.3875,0.7028999999999901,965.8959815714986
153.75,2.4125000000000005,0.7680000000000027,1055.3536973209902
153.75,2.4375,0.817900000000003,1123.9242044776536
153.75,2.4625000000000004,0.8641000000000031,1187.4103253321193
153.75,2.4875,0.8995000000000032,1236.0555348180087
153.75,2.5125,0.918499999999987,1262.1645455590005
153.75,2.5375000000000005,0.9201000000000032,1264.3631990951083
153.75,2.5625,0.9232000000000032,1268.6230903212736
153.75,2.5875000000000004,0.8740000000000031,1201.0144940866478
153.75,2.6125,0.842900000000003,1158.278165978988
153.75,2.6375,0.8146999999999884,1119.526897405463
153.75,2.6625000000000005,0.7399000000000027,1016.7398445934906
153.75,2.6875,0.6833000000000025,938.9624757544697
153.75,2.7125000000000004,0.6428000000000024,883.3090581223081
153.75,2.7375,0.567600000000002,779.9723419262943
153.75,2.7625,0.4961999999999929,681.8574278784714
153.75,2.7875000000000005,0.4458000000000016,612.5998414917935
153.75,2.8125,0.3822000000000013,525.203363432399
153.75,2.8375000000000004,0.32520000000000115,446.8763312093568
153.75,2.8625,0.29000000000000103,398.50595341547813
153.75,2.8875,0.22999999999999673,316.0564458122701
153.75,2.9125000000000005,0.2020000000000007,277.5800089307813
153.75,2.9375,0.1645000000000006,226.04906667877984
153.75,2.9625000000000004,0.14940000000000053,205.2992739319739
153.75,2.9875,0.12450000000000043,171.0827282766449
153.75,3.0125,0.1188999999999983,163.3874409003431
153.75,3.0375000000000005,0.11220000000000041,154.18057921798845
153.75,3.0625,0.1114000000000004,153.08125244994574
153.75,3.0875000000000004,0.11300000000000039,155.2799059860311
153.75,3.1125,0.12140000000000042,166.82283705047945
153.75,3.1375,0.14189999999999797,194.99308548157012
153.75,3.1625000000000005,0.15300000000000052,210.24624438816602
153.75,3.1875,0.18120000000000064,248.99751296167113
153.75,3.2125000000000004,0.19540000000000068,268.510563094429
153.75,3.2375,0.2319000000000008,318.6673468863771
153.75,3.2625,0.24919999999999648,342.4402882452944
153.75,3.2875000000000005,0.28100000000000097,386.1385272749977
153.75,3.3125,0.3121000000000011,428.87485538265764
153.75,3.3375000000000004,0.32710000000000117,449.48723228345824
153.75,3.3625,0.34370000000000117,472.29826272034416
153.75,3.3875,0.3855999999999945,529.8755021965711
153.75,3.4125000000000005,0.3990000000000014,548.2892255612958
153.75,3.4375,0.41110000000000146,564.9165429279416
153.75,3.4625000000000004,0.4283000000000015,588.5520684408596
153.75,3.4875,0.44520000000000154,611.7753464157615
153.75,3.5125,0.43439999999999385,596.9344350471746
153.75,3.5375000000000005,0.4277000000000015,587.7275733648275
153.75,3.5625,0.4235000000000015,581.9561078326034
153.75,3.5875000000000004,0.41510000000000147,570.413176768155
153.75,3.6125,0.41260000000000147,566.9777806180216
153.75,3.6375,0.3865999999999945,531.2496606566244
153.75,3.6625000000000005,0.36040000000000133,495.2467090032356
153.75,3.6875,0.3325000000000012,456.9076879677464
153.75,3.7125000000000004,0.3159000000000011,434.09665753086045
153.75,3.7375,0.29580000000000106,406.4760724837877
153.75,3.7625,0.26659999999999623,366.3506454502227
153.75,3.7875000000000005,0.24500000000000088,336.66882271307634
153.75,3.8125,0.20810000000000073,285.9623755371069
153.75,3.8375000000000004,0.19240000000000068,264.3880877142689
153.75,3.8625,0.16060000000000058,220.68984868457167
153.75,3.8875,0.14339999999999797,197.05432317165017
153.75,3.9125000000000005,0.12600000000000044,173.14396596672498
153.75,3.9375,0.10890000000000039,149.6458562998123
153.75,3.9625000000000004,0.08480000000000029,116.528637412526
153.75,3.9875,0.07290000000000026,100.17615173789088
153.75,4.0125,0.06119999999999912,84.09849775526492
153.75,4.0375,0.051300000000001095,70.49432900073927
153.75,4.0625,0.04099999999999942,56.34049686218729
153.75,4.0875,0.03109999999999956,42.73632810765913
153.75,4.112500000000001,0.02710000000000058,37.239694267447064
153.75,4.1375,0.019999999999999716,27.483169201066968
153.75,4.1625,0.01680000000000036,23.085862128897077
153.75,4.1875,0.013299999999999812,18.276307518709533
153.75,4.2125,0.009399999999999867,12.917089524501476
153.75,4.237500000000001,0.00800000000000017,10.993267680427177
153.75,4.2625,0.0050999999999999275,7.008208146272077
153.75,4.2875,0.004300000000000092,5.908881378229609
153.75,4.3125,0.003099999999999956,4.25989122616538
153.75,4.3375,0.001999999999999972,2.748316920106697
153.75,4.362500000000001,0.0017000000000000363,2.336069382090775
153.75,4.3875,0.001199999999999983,1.648990152064018
153.75,4.4125,0.0012000000000000257,1.6489901520640768
153.75,4.4375,0.00069999999999999,0.9619109220373439
153.75,4.4625,0.00019999999999999716,0.2748316920106697
153.75,4.487500000000001,0.0003000000000000064,0.4122475380160192
153.75,4.5125,0.000499999999999993,0.6870792300266743
153.75,4.5375,0.0004000000000000086,0.549663384021359
153.75,4.5625,9.999999999999858e-05,0.13741584600533485
153.75,4.5875,9.999999999999858e-05,0.13741584600533485
153.75,4.612500000000001,0.0002000000000000043,0.2748316920106795
153.75,4.6375,0.0,0.0
153.75,4.6625,0.0,0.0
153.75,4.6875,0.0,0.0
153.75,4.7125,9.999999999999858e-05,0.13741584600533485
153.75,4.737500000000001,0.0,0.0
153.75,4.7625,0.0,0.0
153.75,4.7875000000000005,0.0,0.0
153.75,4.8125,0.0,0.0
153.75,4.8375,0.0,0.0
153.75,4.862500000000001,0.0,0.0
153.75,4.8875,0.0,0.0
153.75,4.9125000000000005,0.0,0.0
153.75,4.9375,0.0,0.0
153.75,4.9625,0.0,0.0
153.75,4.987500000000001,0.0,0.0
153.75,5.0125,0.0,0.0
153.75,5.0375000000000005,0.0,0.0
153.75,5.0625,0.0,0.0
153.75,5.0875,0.0,0.0
153.75,5.112500000000001,0.0,0.0
153.75,5.1375,0.0,0.0
153.75,5.1625000000000005,0.0,0.0
153.75,5.1875,0.0,0.0
153.75,5.2125,0.0,0.0
153.75,5.237500000000001,0.0,0.0
153.75,5.2625,0.0,0.0
153.75,5.2875000000000005,0.0,0.0
153.75,5.3125,0.0,0.0
153.75,5.3375,0.0,0.0
153.75,5.362500000000001,0.0,0.0
153.75,5.3875,0.0,0.0
153.75,5.4125000000000005,0.0,0.0
153.75,5.4375,0.0,0.0
153.75,5.4625,0.0,0.0
153.75,5.487500000000001,0.0,0.0
153.75,5.5125,0.0,0.0
153.75,5.5375000000000005,0.0,0.0
153.75,5.5625,0.0,0.0
153.75,5.5875,0.0,0.0
153.75,5.612500000000001,0.0,0.0
153.75,5.6375,0.0,0.0
153.75,5.6625000000000005,0.0,0.0
153.75,5.6875,0.0,0.0
153.75,5.7125,0.0,0.0
153.75,5.737500000000001,0.0,0.0
153.75,5.7625,0.0,0.0
153.75,5.7875000000000005,0.0,0.0
153.75,5.8125,0.0,0.0
153.75,5.8375,0.0,0.0
153.75,5.862500000000001,0.0,0.0
153.75,5.8875,0.0,0.0
153.75,5.9125000000000005,0.0,0.0
153.75,5.9375,0.0,0.0
153.75,5.9625,0.0,0.0
153.75,5.987500000000001,0.0,0.0
153.75,6.0125,0.0,0.0
153.75,6.0375000000000005,0.0,0.0
153.75,6.0625,0.0,0.0
153.75,6.0875,0.0,0.0
153.75,6.112500000000001,0.0,0.0
153.75,6.1375,0.0,0.0
153.75,6.1625000000000005,0.0,0.0
153.75,6.1875,0.0,0.0
153.75,6.2125,0.0,0.0
153.75,6.237500000000001,0.0,0.0
153.75,6.2625,0.0,0.0
153.75,6.2875000000000005,0.0,0.0
153.75,6.3125,0.0,0.0
153.75,6.3375,0.0,0.0
153.75,6.362500000000001,0.0,0.0
153.75,6.3875,0.0,0.0
153.75,6.4125000000000005,0.0,0.0
153.75,6.4375,0.0,0.0
153.75,6.4625,0.0,0.0
153.75,6.487500000000001,0.0,0.0
153.75,6.5125,0.0,0.0
153.75,6.5375000000000005,0.0,0.0
153.75,6.5625,0.0,0.0
153.75,6.5875,0.0,0.0
153.75,6.612500000000001,0.0,0.0
153.75,6.6375,0.0,0.0
153.75,6.6625000000000005,0.0,0.0
153.75,6.6875,0.0,0.0
153.75,6.7125,0.0,0.0
153.75,6.737500000000001,0.0,0.0
153.75,6.7625,0.0,0.0
153.75,6.7875000000000005,0.0,0.0
153.75,6.8125,0.0,0.0
153.75,6.8375,0.0,0.0
153.75,6.862500000000001,0.0,0.0
153.75,6.8875,0.0,0.0
153.75,6.9125000000000005,0.0,0.0
153.75,6.9375,0.0,0.0
153.75,6.9625,0.0,0.0
153.75,6.987500000000001,0.0,0.0
156.25,0.0125,0.0,0.0
156.25,0.037500000000000006,0.0,0.0
156.25,0.0625,0.0,0.0
156.25,0.08750000000000001,0.0,0.0
156.25,0.1125,0.0,0.0
156.25,0.1375,0.0,0.0
156.25,0.16250000000000003,0.00020000000000000006,0.21469730233899853
156.25,0.1875,0.00040000000000000013,0.42939460467799706
156.25,0.21250000000000002,0.0026000000000000003,2.7910649304069803
156.25,0.2375,0.0075000000000000015,8.051148837712443
156.25,0.2625,0.020599999999999983,22.113822140916824
156.25,0.28750000000000003,0.04429999999999996,47.55545246808811
156.25,0.3125,0.08520000000000011,91.46105079641346
156.25,0.3375,0.1281999999999999,137.6209707992979
156.25,0.36250000000000004,0.17560000000000023,188.5042314536409
156.25,0.3875,0.2225999999999998,238.95809750330505
156.25,0.41250000000000003,0.25839999999999974,277.38891462198575
156.25,0.4375,0.26700000000000035,286.6208986225633
156.25,0.4625,0.26139999999999974,280.6093741570707
156.25,0.48750000000000004,0.2212000000000003,237.45521638693262
156.25,0.5125,0.18599999999999983,199.66849117526837
156.25,0.5375000000000001,0.14399999999999988,154.58205768407876
156.25,0.5625,0.1112999999999999,119.47904875165253
156.25,0.5875000000000001,0.07199999999999994,77.29102884203938
156.25,0.6125,0.04660000000000017,50.02447144498682
156.25,0.6375,0.028999999999999974,31.13110883915475
156.25,0.6625000000000001,0.018099999999999984,19.430105861679344
156.25,0.6875,0.01059999999999999,11.378957023966906
156.25,0.7125000000000001,0.005099999999999996,5.474781209644457
156.25,0.7375,0.00290000000000001,3.1131108839154886
156.25,0.7625,0.0013999999999999987,1.5028811163729878
156.25,0.7875000000000001,0.0003999999999999997,0.42939460467799656
156.25,0.8125,0.0005999999999999995,0.6440919070169948
156.25,0.8375000000000001,0.00019999999999999985,0.21469730233899828
156.25,0.8625,0.0,0.0
156.25,0.8875,0.0,0.0
156.25,0.9125000000000001,0.0,0.0
156.25,0.9375,0.00019999999999999985,0.21469730233899828
156.25,0.9625000000000001,0.0,0.0
156.25,0.9875,0.00020000000000000071,0.21469730233899922
156.25,1.0125000000000002,0.0003999999999999979,0.4293946046779947
156.25,1.0375,0.0012000000000000042,1.2881838140339952
156.25,1.0625,0.0018000000000000065,1.932275721050993
156.25,1.0875,0.0034999999999999814,3.757202790932453
156.25,1.1125,0.006900000000000024,7.4070569306954726
156.25,1.1375000000000002,0.010999999999999942,11.808351628644854
156.25,1.1625,0.01710000000000006,18.35661934998443
156.25,1.1875,0.028599999999999848,30.701714234476615
156.25,1.2125000000000001,0.04480000000000015,48.092195723935816
156.25,1.2375,0.06510000000000023,69.88397191134423
156.25,1.2625000000000002,0.08139999999999956,87.38180205197189
156.25,1.2875,0.11620000000000041,124.73913265895854
156.25,1.3125,0.15239999999999918,163.59934438231593
156.25,1.3375000000000001,0.1992000000000007,213.83851312964322
156.25,1.3625,0.24090000000000086,258.60290066732455
156.25,1.3875000000000002,0.29369999999999846,315.28298848481757
156.25,1.4125,0.34230000000000116,367.4544329531971
156.25,1.4375,0.37949999999999795,407.38813118824737
156.25,1.4625000000000001,0.4164000000000015,446.9997834697964
156.25,1.4875,0.4646000000000017,498.7418333334952
156.25,1.5125000000000002,0.47819999999999746,513.3412498925426
156.25,1.5375,0.49620000000000175,532.6640071030571
156.25,1.5625,0.5098999999999972,547.3707723132736
156.25,1.5875000000000001,0.4856000000000017,521.2850500790901
156.25,1.6125,0.4671000000000017,501.4255496127327
156.25,1.6375000000000002,0.4283999999999977,459.88162161013224
156.25,1.6625,0.3995000000000014,428.8578614221509
156.25,1.6875,0.35399999999999815,380.01422514002525
156.25,1.7125000000000001,0.31480000000000113,337.93355388158477
156.25,1.7375,0.26810000000000095,287.80173378542844
156.25,1.7625000000000002,0.23259999999999875,249.69296262025387
156.25,1.7875,0.18440000000000067,197.9509127565573
156.25,1.8125,0.15129999999999919,162.41850921945147
156.25,1.8375000000000001,0.11890000000000042,127.63754624053503
156.25,1.8625,0.09330000000000033,100.15629154114313
156.25,1.8875000000000002,0.0748999999999996,80.4041397259545
156.25,1.9125,0.06010000000000021,64.51653935286926
156.25,1.9375,0.04789999999999974,51.42000391018985
156.25,1.9625000000000001,0.04400000000000016,47.233406514579826
156.25,1.9875,0.037900000000000135,40.68513879324035
156.25,2.0125,0.03970000000000014,42.61741451429134
156.25,2.0375,0.0494999999999993,53.13758232890137
156.25,2.0625,0.06000000000000021,64.40919070169977
156.25,2.0875000000000004,0.07360000000000026,79.00860726075172
156.25,2.1125,0.10080000000000036,108.20744037885561
156.25,2.1375,0.12810000000000046,137.513622148129
156.25,2.1625,0.16359999999999766,175.62239331329823
156.25,2.1875,0.20520000000000074,220.27943219981321
156.25,2.2125000000000004,0.24600000000000088,264.07768187696905
156.25,2.2375,0.3065000000000011,329.0236158345163
156.25,2.2625,0.3709000000000013,398.156147187674
156.25,2.2875,0.4453999999999937,478.1308923089428
156.25,2.3125,0.5040000000000018,541.037201894278
156.25,2.3375000000000004,0.558400000000002,599.4348681304858
156.25,2.3625,0.6384000000000022,685.3137890660854
156.25,2.3875,0.7342999999999895,788.2611455376216
156.25,2.4125000000000005,0.7831000000000028,840.6472873083515
156.25,2.4375,0.828700000000003,889.5982722416433
156.25,2.4625000000000004,0.8713000000000031,935.3287976398501
156.25,2.4875,0.9025000000000032,968.8215768047339
156.25,2.5125,0.9054999999999872,972.0420363398017
156.25,2.5375000000000005,0.9234000000000033,991.2574448991594
156.25,2.5625,0.8975000000000032,963.4541442462589
156.25,2.5875000000000004,0.8904000000000031,955.8323900132244
156.25,2.6125,0.839800000000003,901.5139725214577
156.25,2.6375,0.8168999999999884,876.9311314036268
156.25,2.6625000000000005,0.7596000000000027,815.420354283519
156.25,2.6875,0.7036000000000026,755.3051096285993
156.25,2.7125000000000004,0.6279000000000022,674.0421806932881
156.25,2.7375,0.5760000000000021,618.3282307363178
156.25,2.7625,0.4976999999999929,534.27423687059
156.25,2.7875000000000005,0.4481000000000016,481.0293058905278
156.25,2.8125,0.3841000000000014,412.326169142048
156.25,2.8375000000000004,0.32560000000000117,349.52720820789074
156.25,2.8625,0.26850000000000096,288.23112839010645
156.25,2.8875,0.23639999999999664,253.77221136469257
156.25,2.9125000000000005,0.20540000000000072,220.4941295021522
156.25,2.9375,0.17200000000000062,184.63968001153933
156.25,2.9625000000000004,0.15040000000000053,161.45237135892742
156.25,2.9875,0.13150000000000048,141.163476287892
156.25,3.0125,0.11739999999999834,126.02731647299031
156.25,3.0375000000000005,0.11090000000000039,119.04965414697506
156.25,3.0625,0.10990000000000039,117.97616763528006
156.25,3.0875000000000004,0.12160000000000044,130.53595982211152
156.25,3.1125,0.12250000000000044,131.50209768263701
156.25,3.1375,0.14259999999999798,153.0791765677037
156.25,3.1625000000000005,0.16290000000000057,174.87095275511484
156.25,3.1875,0.1764000000000006,189.3630206629973
156.25,3.2125000000000004,0.1947000000000007,209.00782382701576
156.25,3.2375,0.2239000000000008,240.3536299685096
156.25,3.2625,0.24529999999999652,263.3262413187779
156.25,3.2875000000000005,0.277600000000001,297.99985564653093
156.25,3.3125,0.3032000000000011,325.4811103459228
156.25,3.3375000000000004,0.3336000000000012,358.1151003014507
156.25,3.3625,0.3684000000000013,395.47243090843654
156.25,3.3875,0.3757999999999947,403.4162310949724
156.25,3.4125000000000005,0.39600000000000146,425.1006586312185
156.25,3.4375,0.41460000000000147,445.06750774874536
156.25,3.4625000000000004,0.4145000000000015,444.96015909757585
156.25,3.4875,0.4348000000000015,466.75193528498426
156.25,3.5125,0.4256999999999939,456.9832080285517
156.25,3.5375000000000005,0.4316000000000015,463.31677844756024
156.25,3.5625,0.4267000000000015,458.05669454025485
156.25,3.5875000000000004,0.41260000000000147,442.92053472535537
156.25,3.6125,0.40660000000000146,436.4796156551854
156.25,3.6375,0.38509999999999456,413.3996556537357
156.25,3.6625000000000005,0.3667000000000013,393.64750383855505
156.25,3.6875,0.34500000000000125,370.3528465347737
156.25,3.7125000000000004,0.3152000000000011,338.3629484862627
156.25,3.7375,0.294700000000001,316.3564749965153
156.25,3.7625,0.27189999999999614,291.88098252986424
156.25,3.7875000000000005,0.23980000000000087,257.4220655044601
156.25,3.8125,0.20870000000000075,224.03663499074568
156.25,3.8375000000000004,0.19020000000000067,204.17713452438826
156.25,3.8625,0.16640000000000058,178.62815554604734
156.25,3.8875,0.1472999999999979,158.12456317267012
156.25,3.9125000000000005,0.13050000000000048,140.089989776197
156.25,3.9375,0.09850000000000034,105.7384214019571
156.25,3.9625000000000004,0.09270000000000034,99.51219963412615
156.25,3.9875,0.07860000000000028,84.37603981922669
156.25,4.0125,0.0628999999999991,67.52230158561404
156.25,4.0375,0.05050000000000107,54.21106884059826
156.25,4.0625,0.04159999999999941,44.657038886511046
156.25,4.0875,0.0350999999999995,37.679376560493694
156.25,4.112500000000001,0.02780000000000059,29.84292502512142
156.25,4.1375,0.022299999999999685,23.93874921079799
156.25,4.1625,0.014800000000000315,15.887600373086224
156.25,4.1875,0.012799999999999818,13.740627349695705
156.25,4.2125,0.01269999999999982,13.63327869852621
156.25,4.237500000000001,0.00800000000000017,8.587892093560122
156.25,4.2625,0.006099999999999913,6.548267721339359
156.25,4.2875,0.0034000000000000727,3.6498541397630517
156.25,4.3125,0.002999999999999957,3.2204595350849305
156.25,4.3375,0.002599999999999963,2.7910649304069404
156.25,4.362500000000001,0.0014000000000000297,1.5028811163730211
156.25,4.3875,0.0017999999999999746,1.9322757210509587
156.25,4.4125,0.0013000000000000277,1.3955324652035197
156.25,4.4375,0.0008999999999999873,0.9661378605254793
156.25,4.4625,0.0005999999999999915,0.6440919070169863
156.25,4.487500000000001,0.0002000000000000043,0.21469730233900305
156.25,4.5125,9.999999999999858e-05,0.1073486511694977
156.25,4.5375,0.0003000000000000064,0.32204595350850457
156.25,4.5625,9.999999999999858e-05,0.1073486511694977
156.25,4.5875,0.00019999999999999716,0.2146973023389954
156.25,4.612500000000001,0.00010000000000000215,0.10734865116950153
156.25,4.6375,9.999999999999858e-05,0.1073486511694977
156.25,4.6625,0.0,0.0
156.25,4.6875,0.0,0.0
156.25,4.7125,0.0,0.0
156.25,4.737500000000001,0.0,0.0
156.25,4.7625,0.0,0.0
156.25,4.7875000000000005,0.0,0.0
156.25,4.8125,0.0,0.0
156.25,4.8375,0.0,0.0
156.25,4.862500000000001,0.0,0.0
156.25,4.8875,0.0,0.0
156.25,4.9125000000000005,0.0,0.0
156.25,4.9375,0.0,0.0
156.25,4.9625,0.0,0.0
156.25,4.987500000000001,0.0,0.0
156.25,5.0125,0.0,0.0
156.25,5.0375000000000005,0.0,0.0
156.25,5.0625,0.0,0.0
156.25,5.0875,0.0,0.0
156.25,5.112500000000001,0.0,0.0
156.25,5.1375,0.0,0.0
156.25,5.1625000000000005,0.0,0.0
156.25,5.1875,0.0,0.0
156.25,5.2125,0.0,0.0
156.25,5.237500000000001,0.0,0.0
156.25,5.2625,0.0,0.0
156.25,5.2875000000000005,0.0,0.0
156.25,5.3125,0.0,0.0
156.25,5.3375,0.0,0.0
156.25,5.362500000000001,0.0,0.0
156.25,5.3875,0.0,0.0
156.25,5.4125000000000005,0.0,0.0
156.25,5.4375,0.0,0.0
156.25,5.4625,0.0,0.0
156.25,5.487500000000001,0.0,0.0
156.25,5.5125,0.0,0.0
156.25,5.5375000000000005,0.0,0.0
156.25,5.5625,0.0,0.0
156.25,5.5875,0.0,0.0
156.25,5.612500000000001,0.0,0.0
156.25,5.6375,0.0,0.0
156.25,5.6625000000000005,0.0,0.0
156.25,5.6875,0.0,0.0
156.25,5.7125,0.0,0.0
156.25,5.737500000000001,0.0,0.0
156.25,5.7625,0.0,0.0
156.25,5.7875000000000005,0.0,0.0
156.25,5.8125,0.0,0.0
156.25,5.8375,0.0,0.0
156.25,5.862500000000001,0.0,0.0
156.25,5.8875,0.0,0.0
156.25,5.9125000000000005,0.0,0.0
156.25,5.9375,0.0,0.0
156.25,5.9625,0.0,0.0
156.25,5.987500000000001,0.0,0.0
156.25,6.0125,0.0,0.0
156.25,6.0375000000000005,0.0,0.0
156.25,6.0625,0.0,0.0
156.25,6.0875,0.0,0.0
156.25,6.112500000000001,0.0,0.0
156.25,6.1375,0.0,0.0
156.25,6.1625000000000005,0.0,0.0
156.25,6.1875,0.0,0.0
156.25,6.2125,0.0,0.0
156.25,6.237500000000001,0.0,0.0
156.25,6.2625,0.0,0.0
156.25,6.2875000000000005,0.0,0.0
156.25,6.3125,0.0,0.0
156.25,6.3375,0.0,0.0
156.25,6.362500000000001,0.0,0.0
156.25,6.3875,0.0,0.0
156.25,6.4125000000000005,0.0,0.0
156.25,6.4375,0.0,0.0
156.25,6.4625,0.0,0.0
156.25,6.487500000000001,0.0,0.0
156.25,6.5125,0.0,0.0
156.25,6.5375000000000005,0.0,0.0
156.25,6.5625,0.0,0.0
156.25,6.5875,0.0,0.0
156.25,6.612500000000001,0.0,0.0
156.25,6.6375,0.0,0.0
156.25,6.6625000000000005,0.0,0.0
156.25,6.6875,0.0,0.0
156.25,6.7125,0.0,0.0
156.25,6.737500000000001,0.0,0.0
156.25,6.7625,0.0,0.0
156.25,6.7875000000000005,0.0,0.0
156.25,6.8125,0.0,0.0
156.25,6.8375,0.0,0.0
156.25,6.862500000000001,0.0,0.0
156.25,6.8875,0.0,0.0
156.25,6.9125000000000005,0.0,0.0
156.25,6.9375,0.0,0.0
156.25,6.9625,0.0,0.0
156.25,6.987500000000001,0.0,0.0
158.75,0.0125,0.0,0.0
158.75,0.037500000000000006,0.0,0.0
158.75,0.0625,0.0,0.0
158.75,0.08750000000000001,0.0,0.0
158.75,0.1125,0.0,0.0
158.75,0.1375,0.0,0.0
158.75,0.16250000000000003,0.00020000000000000006,0.1663281734997756
158.75,0.1875,0.0008000000000000003,0.6653126939991024
158.75,0.21250000000000002,0.0019000000000000004,1.580117648247868
158.75,0.2375,0.009400000000000002,7.817424154489452
158.75,0.2625,0.019999999999999983,16.63281734997754
158.75,0.28750000000000003,0.04419999999999996,36.75852634345036
158.75,0.3125,0.07840000000000011,65.2006440119121
158.75,0.3375,0.12459999999999989,103.62245209036007
158.75,0.36250000000000004,0.17270000000000024,143.62437781705637
158.75,0.3875,0.2232999999999998,185.7054057124992
158.75,0.41250000000000003,0.25889999999999974,215.3118205954592
158.75,0.4375,0.26510000000000034,220.46799397395276
158.75,0.4625,0.25889999999999974,215.3118205954592
158.75,0.48750000000000004,0.23530000000000031,195.6850961224862
158.75,0.5125,0.18149999999999983,150.94281745104615
158.75,0.5375000000000001,0.14699999999999985,122.2512075223349
158.75,0.5625,0.1074999999999999,89.40139325612927
158.75,0.5875000000000001,0.07619999999999993,63.371034103414424
158.75,0.6125,0.04840000000000017,40.251417986945825
158.75,0.6375,0.02939999999999997,24.45024150446698
158.75,0.6625000000000001,0.016799999999999985,13.971566573981132
158.75,0.6875,0.009599999999999992,7.98375232798922
158.75,0.7125000000000001,0.006599999999999994,5.488829725492588
158.75,0.7375,0.0034000000000000124,2.8275789494961945
158.75,0.7625,0.0018999999999999985,1.5801176482478663
158.75,0.7875000000000001,0.0006999999999999993,0.5821486072492138
158.75,0.8125,0.00019999999999999985,0.1663281734997754
158.75,0.8375000000000001,9.999999999999992e-05,0.0831640867498877
158.75,0.8625,0.00020000000000000071,0.16632817349977613
158.75,0.8875,0.0,0.0
158.75,0.9125000000000001,0.0,0.0
158.75,0.9375,9.999999999999992e-05,0.0831640867498877
158.75,0.9625000000000001,9.999999999999992e-05,0.0831640867498877
158.75,0.9875,0.00020000000000000071,0.16632817349977613
158.75,1.0125000000000002,0.0005999999999999968,0.49898452049932396
158.75,1.0375,0.0012000000000000042,0.9979690409986568
158.75,1.0625,0.002300000000000008,1.9127739952474254
158.75,1.0875,0.0035999999999999813,2.993907122995944
158.75,1.1125,0.004700000000000017,3.908712077244739
158.75,1.1375000000000002,0.009199999999999951,7.651095980989634
158.75,1.1625,0.01910000000000007,15.884340569228621
158.75,1.1875,0.02999999999999984,24.949226024966197
158.75,1.2125000000000001,0.043700000000000155,36.34270590970108
158.75,1.2375,0.06330000000000022,52.64286691267914
158.75,1.2625000000000002,0.08719999999999954,72.51908364590176
158.75,1.2875,0.1142000000000004,94.97338706837216
158.75,1.3125,0.15459999999999918,128.57167811532582
158.75,1.3375000000000001,0.20140000000000075,167.4924707142746
158.75,1.3625,0.24590000000000087,204.50048931797474
158.75,1.3875000000000002,0.28149999999999853,234.10690420093286
158.75,1.4125,0.3374000000000012,280.59562869412235
158.75,1.4375,0.37429999999999797,311.28317670482824
158.75,1.4625000000000001,0.4288000000000015,356.60760398352
158.75,1.4875,0.4606000000000016,383.05378356998443
158.75,1.5125000000000002,0.4899999999999974,407.5040250744479
158.75,1.5375,0.48770000000000174,405.5912510792041
158.75,1.5625,0.4820999999999975,400.93406222120683
158.75,1.5875000000000001,0.48380000000000173,402.34785169595847
158.75,1.6125,0.46840000000000165,389.54058233647567
158.75,1.6375000000000002,0.43849999999999767,364.67452039825594
158.75,1.6625,0.3965000000000014,329.74560396330617
158.75,1.6875,0.367499999999998,305.6280188058359
158.75,1.7125000000000001,0.32210000000000116,267.8715234213895
158.75,1.7375,0.272300000000001,226.45580821994523
158.75,1.7625000000000002,0.2256999999999988,187.7013437944957
158.75,1.7875,0.19010000000000066,158.0949289115372
158.75,1.8125,0.15579999999999916,129.56964715632444
158.75,1.8375000000000001,0.12350000000000044,102.70764713611176
158.75,1.8625,0.09900000000000037,82.3324458823892
158.75,1.8875000000000002,0.07159999999999962,59.54548611291933
158.75,1.9125,0.06450000000000022,53.6408359536778
158.75,1.9375,0.049599999999999735,41.24938702794411
158.75,1.9625000000000001,0.03980000000000014,33.09930652645545
158.75,1.9875,0.03970000000000014,33.01614243970556
158.75,2.0125,0.043700000000000155,36.34270590970108
158.75,2.0375,0.046199999999999346,38.421808078447604
158.75,2.0625,0.058000000000000204,48.235170314935075
158.75,2.0875000000000004,0.07770000000000028,64.61849540466304
158.75,2.1125,0.09540000000000033,79.3385387593932
158.75,2.1375,0.12770000000000045,106.20053877960706
158.75,2.1625,0.1687999999999976,140.38097843380856
158.75,2.1875,0.1996000000000007,165.99551715277656
158.75,2.2125000000000004,0.25720000000000093,213.89803112071212
158.75,2.2375,0.29900000000000104,248.6606193821653
158.75,2.2625,0.37390000000000134,310.95052035783146
158.75,2.2875,0.42629999999999396,354.5285018147665
158.75,2.3125,0.5141000000000018,427.5465699811745
158.75,2.3375000000000004,0.569400000000002,473.53630995386266
158.75,2.3625,0.6370000000000023,529.7552325967871
158.75,2.3875,0.7104999999999899,590.8808363579442
158.75,2.4125000000000005,0.7677000000000028,638.4506939788907
158.75,2.4375,0.835800000000003,695.0854370555645
158.75,2.4625000000000004,0.858100000000003,713.6310284007894
158.75,2.4875,0.8834000000000032,734.6715423485113
158.75,2.5125,0.9080999999999871,755.2130717757201
158.75,2.5375000000000005,0.9095000000000033,756.377368990232
158.75,2.5625,0.8970000000000032,745.9818581464959
158.75,2.5875000000000004,0.8970000000000032,745.9818581464959
158.75,2.6125,0.8423000000000029,700.4911026943071
158.75,2.6375,0.8033999999999886,668.1402729485889
158.75,2.6625000000000005,0.7554000000000026,628.2215113086544
158.75,2.6875,0.6904000000000025,574.1648549212272
158.75,2.7125000000000004,0.6314000000000023,525.0980437387933
158.75,2.7375,0.575200000000002,478.35982698535616
158.75,2.7625,0.5086999999999927,423.055709296673
158.75,2.7875000000000005,0.4465000000000016,371.32764733825024
158.75,2.8125,0.3771000000000013,313.61177113382786
158.75,2.8375000000000004,0.33470000000000116,278.35019835187535
158.75,2.8625,0.283900000000001,236.1028422829322
158.75,2.8875,0.24069999999999658,200.175956806977
158.75,2.9125000000000005,0.19940000000000072,165.8291889792768
158.75,2.9375,0.1732000000000006,144.04019825080613
158.75,2.9625000000000004,0.15200000000000055,126.40941185982987
158.75,2.9875,0.13290000000000046,110.52507129060123
158.75,3.0125,0.12209999999999827,101.54334992161152
158.75,3.0375000000000005,0.11650000000000042,96.8861610636196
158.75,3.0625,0.11850000000000041,98.54944279861735
158.75,3.0875000000000004,0.11880000000000042,98.79893505886702
158.75,3.1125,0.13170000000000046,109.52710224960258
158.75,3.1375,0.14129999999999798,117.51085457758974
158.75,3.1625000000000005,0.16010000000000058,133.1457028865708
158.75,3.1875,0.17180000000000062,142.8759010363077
158.75,3.2125000000000004,0.1941000000000007,161.42149238153274
158.75,3.2375,0.2266000000000008,188.44982057524635
158.75,3.2625,0.24799999999999647,206.24693513971874
158.75,3.2875000000000005,0.273400000000001,227.37061317419398
158.75,3.3125,0.3012000000000011,250.49022929066285
158.75,3.3375000000000004,0.3285000000000011,273.1940249733823
158.75,3.3625,0.3548000000000012,295.0661797886028
158.75,3.3875,0.37139999999999473,308.8714181890788
158.75,3.4125000000000005,0.3954000000000014,328.83079900905744
158.75,3.4375,0.4269000000000015,355.02748633527216
158.75,3.4625000000000004,0.4258000000000015,354.1126813810234
158.75,3.4875,0.43460000000000154,361.4311210150135
158.75,3.5125,0.43759999999999377,363.9260436175037
158.75,3.5375000000000005,0.4221000000000015,351.0356101712775
158.75,3.5625,0.4302000000000016,357.7719011980185
158.75,3.5875000000000004,0.42680000000000157,354.9443222485223
158.75,3.6125,0.41220000000000145,342.8023655830386
158.75,3.6375,0.39109999999999445,325.2547432788065
158.75,3.6625000000000005,0.36630000000000135,304.63004976484
158.75,3.6875,0.3385000000000012,281.5104336483711
158.75,3.7125000000000004,0.3054000000000011,253.98312093415817
158.75,3.7375,0.29430000000000106,244.7519073049206
158.75,3.7625,0.2675999999999962,222.5470961426965
158.75,3.7875000000000005,0.24500000000000088,203.75201253722577
158.75,3.8125,0.21050000000000074,175.06040260851438
158.75,3.8375000000000004,0.19110000000000066,158.92656977903607
158.75,3.8625,0.15910000000000057,132.3140620190719
158.75,3.8875,0.14829999999999788,123.3323406500818
158.75,3.9125000000000005,0.12290000000000044,102.20866261561244
158.75,3.9375,0.1133000000000004,94.22491028762317
158.75,3.9625000000000004,0.08920000000000032,74.18236538090015
158.75,3.9875,0.07890000000000028,65.61646444566168
158.75,4.0125,0.06259999999999911,52.060718305429006
158.75,4.0375,0.061600000000001306,51.229077437931956
158.75,4.0625,0.0422999999999994,35.17840869520203
158.75,4.0875,0.0351999999999995,29.27375853596008
158.75,4.112500000000001,0.027600000000000586,22.95328794296951
158.75,4.1375,0.023299999999999668,19.377232212723573
158.75,4.1625,0.01930000000000041,16.050668742728682
158.75,4.1875,0.011599999999999834,9.647034062986844
158.75,4.2125,0.00909999999999987,7.567931894239679
158.75,4.237500000000001,0.0065000000000001385,5.40566563874282
158.75,4.2625,0.006499999999999908,5.4056656387426285
158.75,4.2875,0.004400000000000094,3.65921981699514
158.75,4.3125,0.00349999999999995,2.9107430362460307
158.75,4.3375,0.003299999999999953,2.7444148627462575
158.75,4.362500000000001,0.002200000000000047,1.82960990849757
158.75,4.3875,0.001699999999999976,1.4137894747480722
158.75,4.4125,0.0012000000000000257,0.9979690409986746
158.75,4.4375,0.00069999999999999,0.5821486072492061
158.75,4.4625,0.000499999999999993,0.415820433749433
158.75,4.487500000000001,0.0003000000000000064,0.24949226024966864
158.75,4.5125,0.00029999999999999575,0.24949226024965976
158.75,4.5375,0.0002000000000000043,0.1663281734997791
158.75,4.5625,9.999999999999858e-05,0.0831640867498866
158.75,4.5875,9.999999999999858e-05,0.0831640867498866
158.75,4.612500000000001,0.00010000000000000215,0.08316408674988955
158.75,4.6375,9.999999999999858e-05,0.0831640867498866
158.75,4.6625,0.00010000000000000215,0.08316408674988955
158.75,4.6875,0.0,0.0
158.75,4.7125,0.0,0.0
158.75,4.737500000000001,0.0,0.0
158.75,4.7625,0.0,0.0
158.75,4.7875000000000005,0.0,0.0
158.75,4.8125,0.0,0.0
158.75,4.8375,0.0,0.0
158.75,4.862500000000001,0.0,0.0
158.75,4.8875,0.0,0.0
158.75,4.9125000000000005,0.0,0.0
158.75,4.9375,0.0,0.0
158.75,4.9625,0.0,0.0
158.75,4.987500000000001,0.0,0.0
158.75,5.0125,0.0,0.0
158.75,5.0375000000000005,0.0,0.0
158.75,5.0625,0.0,0.0
158.75,5.0875,0.0,0.0
158.75,5.112500000000001,0.0,0.0
158.75,5.1375,0.0,0.0
158.75,5.1625000000000005,0.0,0.0
158.75,5.1875,0.0,0.0
158.75,5.2125,0.0,0.0
158.75,5.237500000000001,0.0,0.0
158.75,5.2625,0.0,0.0
158.75,5.2875000000000005,0.0,0.0
158.75,5.3125,0.0,0.0
158.75,5.3375,0.0,0.0
158.75,5.362500000000001,0.0,0.0
158.75,5.3875,0.0,0.0
158.75,5.4125000000000005,0.0,0.0
158.75,5.4375,0.0,0.0
158.75,5.4625,0.0,0.0
158.75,5.487500000000001,0.0,0.0
158.75,5.5125,0.0,0.0
158.75,5.5375000000000005,0.0,0.0
158.75,5.5625,0.0,0.0
158.75,5.5875,0.0,0.0
158.75,5.612500000000001,0.0,0.0
158.75,5.6375,0.0,0.0
158.75,5.6625000000000005,0.0,0.0
158.75,5.6875,0.0,0.0
158.75,5.7125,0.0,0.0
158.75,5.737500000000001,0.0,0.0
158.75,5.7625,0.0,0.0
158.75,5.7875000000000005,0.0,0.0
158.75,5.8125,0.0,0.0
158.75,5.8375,0.0,0.0
158.75,5.862500000000001,0.0,0.0
158.75,5.8875,0.0,0.0
158.75,5.9125000000000005,0.0,0.0
158.75,5.9375,0.0,0.0
158.75,5.9625,0.0,0.0
158.75,5.987500000000001,0.0,0.0
158.75,6.0125,0.0,0.0
158.75,6.0375000000000005,0.0,0.0
158.75,6.0625,0.0,0.0
158.75,6.0875,0.0,0.0
158.75,6.112500000000001,0.0,0.0
158.75,6.1375,0.0,0.0
158.75,6.1625000000000005,0.0,0.0
158.75,6.1875,0.0,0.0
158.75,6.2125,0.0,0.0
158.75,6.237500000000001,0.0,0.0
158.75,6.2625,0.0,0.0
158.75,6.2875000000000005,0.0,0.0
158.75,6.3125,0.0,0.0
158.75,6.3375,0.0,0.0
158.75,6.362500000000001,0.0,0.0
158.75,6.3875,0.0,0.0
158.75,6.4125000000000005,0.0,0.0
158.75,6.4375,0.0,0.0
158.75,6.4625,0.0,0.0
158.75,6.487500000000001,0.0,0.0
158.75,6.5125,0.0,0.0
158.75,6.5375000000000005,0.0,0.0
158.75,6.5625,0.0,0.0
158.75,6.5875,0.0,0.0
158.75,6.612500000000001,0.0,0.0
158.75,6.6375,0.0,0.0
158.75,6.6625000000000005,0.0,0.0
158.75,6.6875,0.0,0.0
158.75,6.7125,0.0,0.0
158.75,6.737500000000001,0.0,0.0
158.75,6.7625,0.0,0.0
158.75,6.7875000000000005,0.0,0.0
158.75,6.8125,0.0,0.0
158.75,6.8375,0.0,0.0
158.75,6.862500000000001,0.0,0.0
158.75,6.8875,0.0,0.0
158.75,6.9125000000000005,0.0,0.0
158.75,6.9375,0.0,0.0
158.75,6.9625,0.0,0.0
158.75,6.987500000000001,0.0,0.0
161.25,0.0125,0.0,0.0
161.25,0.037500000000000006,0.0,0.0
161.25,0.0625,0.0,0.0
161.25,0.08750000000000001,0.0,0.0
161.25,0.1125,0.0,0.0
161.25,0.1375,0.0,0.0
161.25,0.16250000000000003,0.0,0.0
161.25,0.1875,0.00040000000000000013,0.2558491848333533
161.25,0.21250000000000002,0.003400000000000001,2.1747180710835026
161.25,0.2375,0.0085,5.436795177708755
161.25,0.2625,0.02199999999999998,14.071705165834413
161.25,0.28750000000000003,0.04099999999999997,26.22454144541868
161.25,0.3125,0.08240000000000011,52.704932075670825
161.25,0.3375,0.12459999999999989,79.69702107558945
161.25,0.36250000000000004,0.18200000000000024,116.41137909917586
161.25,0.3875,0.2220999999999998,142.06025987871922
161.25,0.41250000000000003,0.25489999999999974,163.03989303505415
161.25,0.4375,0.2647000000000004,169.3081980634717
161.25,0.4625,0.25119999999999976,160.67328807534565
161.25,0.48750000000000004,0.2242000000000003,143.40346809909465
161.25,0.5125,0.18409999999999982,117.75458731955068
161.25,0.5375000000000001,0.15379999999999985,98.37401156842421
161.25,0.5625,0.11179999999999991,71.50984716092216
161.25,0.5875000000000001,0.07289999999999994,46.62851393587858
161.25,0.6125,0.052200000000000184,33.388318620752706
161.25,0.6375,0.03199999999999997,20.467934786668238
161.25,0.6625000000000001,0.020499999999999984,13.11227072270934
161.25,0.6875,0.013699999999999986,8.762834580542338
161.25,0.7125000000000001,0.005499999999999995,3.517926291458603
161.25,0.7375,0.0032000000000000114,2.046793478666833
161.25,0.7625,0.001099999999999999,0.7035852582917206
161.25,0.7875000000000001,0.0009999999999999992,0.6396229620833824
161.25,0.8125,0.0004999999999999996,0.3198114810416912
161.25,0.8375000000000001,9.999999999999992e-05,0.06396229620833825
161.25,0.8625,0.0,0.0
161.25,0.8875,0.0,0.0
161.25,0.9125000000000001,9.999999999999992e-05,0.06396229620833825
161.25,0.9375,0.0,0.0
161.25,0.9625000000000001,0.0,0.0
161.25,0.9875,0.00010000000000000036,0.06396229620833853
161.25,1.0125000000000002,0.0004999999999999974,0.3198114810416898
161.25,1.0375,0.0008000000000000029,0.5116983696667082
161.25,1.0625,0.0017000000000000062,1.087359035541755
161.25,1.0875,0.0030999999999999834,1.9828311824584766
161.25,1.1125,0.007700000000000027,4.925096808042066
161.25,1.1375000000000002,0.011999999999999934,7.675475545000554
161.25,1.1625,0.016400000000000057,10.489816578167517
161.25,1.1875,0.02769999999999985,17.71755604970961
161.25,1.2125000000000001,0.03910000000000014,25.009257817460366
161.25,1.2375,0.05790000000000021,37.034169504628004
161.25,1.2625000000000002,0.08299999999999956,53.088705852920505
161.25,1.2875,0.11270000000000041,72.08550782679752
161.25,1.3125,0.15259999999999918,97.60646401392371
161.25,1.3375000000000001,0.1895000000000007,121.20855131480151
161.25,1.3625,0.24610000000000087,157.4112109687211
161.25,1.3875000000000002,0.2975999999999984,190.35179351601377
161.25,1.4125,0.35260000000000125,225.53105643060164
161.25,1.4375,0.3812999999999979,243.88823544239258
161.25,1.4625000000000001,0.42930000000000157,274.5901376223973
161.25,1.4875,0.45740000000000164,292.5635428569404
161.25,1.5125000000000002,0.48039999999999744,307.2748709848555
161.25,1.5375,0.5093000000000019,325.7599745890681
161.25,1.5625,0.4991999999999973,319.29978267202307
161.25,1.5875000000000001,0.4901000000000017,313.47921371706707
161.25,1.6125,0.4735000000000017,302.8614725464829
161.25,1.6375000000000002,0.44419999999999765,284.1205197574372
161.25,1.6625,0.39930000000000143,255.40144875989574
161.25,1.6875,0.376399999999998,240.75408292818406
161.25,1.7125000000000001,0.31620000000000115,202.24878061076643
161.25,1.7375,0.27610000000000096,176.59989983122264
161.25,1.7625000000000002,0.23179999999999876,148.26460261092737
161.25,1.7875,0.19890000000000072,127.22100715838533
161.25,1.8125,0.15879999999999914,101.57212637884066
161.25,1.8375000000000001,0.12230000000000044,78.22588826279801
161.25,1.8625,0.09580000000000034,61.27587976758831
161.25,1.8875000000000002,0.07669999999999959,49.05908119179521
161.25,1.9125,0.0566000000000002,36.2026596539196
161.25,1.9375,0.05179999999999972,33.132469435919056
161.25,1.9625000000000001,0.03850000000000014,24.62548404021033
161.25,1.9875,0.03930000000000014,25.137182409877042
161.25,2.0125,0.04360000000000016,27.887561146835598
161.25,2.0375,0.05079999999999928,32.49284647383539
161.25,2.0625,0.059600000000000215,38.12152854016976
161.25,2.0875000000000004,0.07830000000000029,50.08247793112907
161.25,2.1125,0.09580000000000034,61.27587976758831
161.25,2.1375,0.13210000000000047,84.49419329121518
161.25,2.1625,0.1702999999999976,108.92779044279858
161.25,2.1875,0.20820000000000075,133.1695007057608
161.25,2.2125000000000004,0.24530000000000088,156.8995125990544
161.25,2.2375,0.3136000000000011,200.5857609093496
161.25,2.2625,0.3676000000000013,235.12540086185243
161.25,2.2875,0.41959999999999403,268.38579489018366
161.25,2.3125,0.5153000000000019,329.5977123615684
161.25,2.3375000000000004,0.5560000000000019,355.63036691836214
161.25,2.3625,0.6298000000000021,402.834541520116
161.25,2.3875,0.6925999999999902,443.0028635389448
161.25,2.4125000000000005,0.7731000000000028,494.49251198666514
161.25,2.4375,0.8206000000000029,524.8746026856259
161.25,2.4625000000000004,0.8374000000000029,535.6202684486268
161.25,2.4875,0.8914000000000032,570.1599084011297
161.25,2.5125,0.8963999999999872,573.3580232115363
161.25,2.5375000000000005,0.9043000000000032,578.4110446120053
161.25,2.5625,0.8973000000000032,573.9336838774216
161.25,2.5875000000000004,0.8776000000000032,561.3331115243789
161.25,2.6125,0.839800000000003,537.155363557627
161.25,2.6375,0.8061999999999885,515.664032031616
161.25,2.6625000000000005,0.7578000000000027,484.7062806667893
161.25,2.6875,0.6880000000000025,440.06059791336907
161.25,2.7125000000000004,0.6239000000000022,399.06076604382406
161.25,2.7375,0.555800000000002,355.5024423259455
161.25,2.7625,0.5076999999999928,324.7365778497289
161.25,2.7875000000000005,0.44630000000000164,285.46372797781487
161.25,2.8125,0.3858000000000014,246.76653877177006
161.25,2.8375000000000004,0.3370000000000012,215.5529382221008
161.25,2.8625,0.283300000000001,181.20518515822303
161.25,2.8875,0.24569999999999653,157.15536178388498
161.25,2.9125000000000005,0.20970000000000075,134.1289351488859
161.25,2.9375,0.18050000000000063,115.45194465605103
161.25,2.9625000000000004,0.15560000000000054,99.52533290017473
161.25,2.9875,0.1359000000000005,86.92476054713205
161.25,3.0125,0.11479999999999838,73.42871604717132
161.25,3.0375000000000005,0.11810000000000041,75.53947182204779
161.25,3.0625,0.11850000000000041,75.79532100688114
161.25,3.0875000000000004,0.11560000000000042,73.94041441683935
161.25,3.1125,0.13000000000000045,83.15098507084006
161.25,3.1375,0.14279999999999796,91.33815898550579
161.25,3.1625000000000005,0.15030000000000054,96.1353312011328
161.25,3.1875,0.1684000000000006,107.71250681484207
161.25,3.2125000000000004,0.1964000000000007,125.62194975317686
161.25,3.2375,0.22870000000000082,146.2817714284702
161.25,3.2625,0.24579999999999652,157.21932408009332
161.25,3.2875000000000005,0.27750000000000097,177.4953719781394
161.25,3.3125,0.29530000000000106,188.88066070322367
161.25,3.3375000000000004,0.3350000000000012,214.27369229793405
161.25,3.3625,0.3523000000000012,225.3391695419766
161.25,3.3875,0.3741999999999947,239.3469124115985
161.25,3.4125000000000005,0.3896000000000014,249.19710602768689
161.25,3.4375,0.4182000000000015,267.49032274327175
161.25,3.4625000000000004,0.4253000000000015,272.03164577406375
161.25,3.4875,0.4296000000000015,274.78202451102226
161.25,3.5125,0.4389999999999938,280.79448035460115
161.25,3.5375000000000005,0.45440000000000164,290.64467397069023
161.25,3.5625,0.42500000000000154,271.83975888543875
161.25,3.5875000000000004,0.43060000000000154,275.4216474731057
161.25,3.6125,0.3994000000000015,255.4654110561041
161.25,3.6375,0.3813999999999946,243.95219773859878
161.25,3.6625000000000005,0.3623000000000013,231.73539916281047
161.25,3.6875,0.35000000000000125,223.86803672918484
161.25,3.7125000000000004,0.31820000000000115,203.5280265349332
161.25,3.7375,0.29030000000000106,185.68254589280676
161.25,3.7625,0.27069999999999617,173.1459358359693
161.25,3.7875000000000005,0.24360000000000087,155.81215356351265
161.25,3.8125,0.21970000000000078,140.52516476971974
161.25,3.8375000000000004,0.18430000000000063,117.88251191196788
161.25,3.8625,0.1625000000000006,103.93873133855011
161.25,3.8875,0.1472999999999979,94.21646231488097
161.25,3.9125000000000005,0.12240000000000043,78.28985055900634
161.25,3.9375,0.10680000000000038,68.31173235050554
161.25,3.9625000000000004,0.09480000000000034,60.63625680550492
161.25,3.9875,0.07220000000000025,46.180777862420406
161.25,4.0125,0.06869999999999903,43.94209749512778
161.25,4.0375,0.051700000000001106,33.068507139711606
161.25,4.0625,0.04379999999999938,28.015485739251776
161.25,4.0875,0.03619999999999948,23.154351227418132
161.25,4.112500000000001,0.02910000000000062,18.61302819662684
161.25,4.1375,0.02059999999999971,13.176233018917502
161.25,4.1625,0.017300000000000367,11.06547724404276
161.25,4.1875,0.01339999999999981,8.57094769191721
161.25,4.2125,0.01119999999999984,7.163777175333787
161.25,4.237500000000001,0.008800000000000188,5.62868206633389
161.25,4.2625,0.006199999999999912,3.965662364916918
161.25,4.2875,0.0047000000000001,3.0062279217919636
161.25,4.3125,0.004099999999999941,2.6224541445418326
161.25,4.3375,0.001999999999999972,1.279245924166748
161.25,4.362500000000001,0.0019000000000000405,1.2152836279584536
161.25,4.3875,0.0012999999999999815,0.831509850708386
161.25,4.4125,0.0010000000000000213,0.6396229620833965
161.25,4.4375,0.00069999999999999,0.4477360734583617
161.25,4.4625,0.00069999999999999,0.4477360734583617
161.25,4.487500000000001,0.0005000000000000106,0.31981148104169826
161.25,4.5125,9.999999999999858e-05,0.06396229620833739
161.25,4.5375,0.00010000000000000215,0.06396229620833967
161.25,4.5625,0.00039999999999999433,0.25584918483334956
161.25,4.5875,9.999999999999858e-05,0.06396229620833739
161.25,4.612500000000001,0.0002000000000000043,0.12792459241667933
161.25,4.6375,0.0,0.0
161.25,4.6625,0.00010000000000000215,0.06396229620833967
161.25,4.6875,0.0,0.0
161.25,4.7125,0.0,0.0
161.25,4.737500000000001,0.0,0.0
161.25,4.7625,0.0,0.0
161.25,4.7875000000000005,0.0,0.0
161.25,4.8125,0.0,0.0
161.25,4.8375,0.0,0.0
161.25,4.862500000000001,0.0,0.0
161.25,4.8875,0.0,0.0
161.25,4.9125000000000005,0.0,0.0
161.25,4.9375,0.0,0.0
161.25,4.9625,0.0,0.0
161.25,4.987500000000001,0.0,0.0
161.25,5.0125,0.0,0.0
161.25,5.0375000000000005,0.0,0.0
161.25,5.0625,0.0,0.0
161.25,5.0875,0.0,0.0
161.25,5.112500000000001,0.0,0.0
161.25,5.1375,0.0,0.0
161.25,5.1625000000000005,0.0,0.0
161.25,5.1875,0.0,0.0
161.25,5.2125,0.0,0.0
161.25,5.237500000000001,0.0,0.0
161.25,5.2625,0.0,0.0
161.25,5.2875000000000005,0.0,0.0
161.25,5.3125,0.0,0.0
161.25,5.3375,0.0,0.0
161.25,5.362500000000001,0.0,0.0
161.25,5.3875,0.0,0.0
161.25,5.4125000000000005,0.0,0.0
161.25,5.4375,0.0,0.0
161.25,5.4625,0.0,0.0
161.25,5.487500000000001,0.0,0.0
161.25,5.5125,0.0,0.0
161.25,5.5375000000000005,0.0,0.0
161.25,5.5625,0.0,0.0
161.25,5.5875,0.0,0.0
161.25,5.612500000000001,0.0,0.0
161.25,5.6375,0.0,0.0
161.25,5.6625000000000005,0.0,0.0
161.25,5.6875,0.0,0.0
161.25,5.7125,0.0,0.0
161.25,5.737500000000001,0.0,0.0
161.25,5.7625,0.0,0.0
161.25,5.7875000000000005,0.0,0.0
161.25,5.8125,0.0,0.0
161.25,5.8375,0.0,0.0
161.25,5.862500000000001,0.0,0.0
161.25,5.8875,0.0,0.0
161.25,5.9125000000000005,0.0,0.0
161.25,5.9375,0.0,0.0
161.25,5.9625,0.0,0.0
161.25,5.987500000000001,0.0,0.0
161.25,6.0125,0.0,0.0
161.25,6.0375000000000005,0.0,0.0
161.25,6.0625,0.0,0.0
161.25,6.0875,0.0,0.0
161.25,6.112500000000001,0.0,0.0
161.25,6.1375,0.0,0.0
161.25,6.1625000000000005,0.0,0.0
161.25,6.1875,0.0,0.0
161.25,6.2125,0.0,0.0
161.25,6.237500000000001,0.0,0.0
161.25,6.2625,0.0,0.0
161.25,6.2875000000000005,0.0,0.0
161.25,6.3125,0.0,0.0
161.25,6.3375,0.0,0.0
161.25,6.362500000000001,0.0,0.0
161.25,6.3875,0.0,0.0
161.25,6.4125000000000005,0.0,0.0
161.25,6.4375,0.0,0.0
161.25,6.4625,0.0,0.0
161.25,6.487500000000001,0.0,0.0
161.25,6.5125,0.0,0.0
161.25,6.5375000000000005,0.0,0.0
161.25,6.5625,0.0,0.0
161.25,6.5875,0.0,0.0
161.25,6.612500000000001,0.0,0.0
161.25,6.6375,0.0,0.0
161.25,6.6625000000000005,0.0,0.0
161.25,6.6875,0.0,0.0
161.25,6.7125,0.0,0.0
161.25,6.737500000000001,0.0,0.0
161.25,6.7625,0.0,0.0
161.25,6.7875000000000005,0.0,0.0
161.25,6.8125,0.0,0.0
161.25,6.8375,0.0,0.0
161.25,6.862500000000001,0.0,0.0
161.25,6.8875,0.0,0.0
161.25,6.9125000000000005,0.0,0.0
161.25,6.9375,0.0,0.0
161.25,6.9625,0.0,0.0
161.25,6.987500000000001,0.0,0.0
163.75,0.0125,0.0,0.0
163.75,0.037500000000000006,0.0,0.0
163.75,0.0625,0.0,0.0
163.75,0.08750000000000001,0.0,0.0
163.75,0.1125,0.0,0.0
163.75,0.1375,0.0,0.0
163.75,0.16250000000000003,0.00010000000000000003,0.04893366755393628
163.75,0.1875,0.0007000000000000001,0.3425356728775539
163.75,0.21250000000000002,0.0026000000000000003,1.272275356402343
163.75,0.2375,0.008600000000000002,4.208295409638519
163.75,0.2625,0.020299999999999985,9.933534513449054
163.75,0.28750000000000003,0.04179999999999996,20.454273037545338
163.75,0.3125,0.0760000000000001,37.18958734099161
163.75,0.3375,0.12219999999999989,59.79694175091006
163.75,0.36250000000000004,0.1740000000000002,85.1445815438492
163.75,0.3875,0.2198999999999998,107.60513495110574
163.75,0.41250000000000003,0.2554999999999998,125.02552060030703
163.75,0.4375,0.25620000000000037,125.36805627318488
163.75,0.4625,0.2473999999999998,121.0618935284382
163.75,0.48750000000000004,0.22950000000000031,112.30276703628387
163.75,0.5125,0.18619999999999984,91.11448898542923
163.75,0.5375000000000001,0.14459999999999987,70.75808328299176
163.75,0.5625,0.1056999999999999,51.72288660451058
163.75,0.5875000000000001,0.07609999999999993,37.23852100854546
163.75,0.6125,0.051300000000000186,25.102971455169392
163.75,0.6375,0.03219999999999997,15.756640952367462
163.75,0.6625000000000001,0.019899999999999984,9.737799843233308
163.75,0.6875,0.011999999999999988,5.872040106472346
163.75,0.7125000000000001,0.006299999999999995,3.082821055897982
163.75,0.7375,0.0034000000000000124,1.663744696833839
163.75,0.7625,0.0015999999999999988,0.7829386808629796
163.75,0.7875000000000001,0.0008999999999999992,0.440403007985426
163.75,0.8125,0.0003999999999999997,0.1957346702157449
163.75,0.8375000000000001,9.999999999999992e-05,0.04893366755393622
163.75,0.8625,0.0,0.0
163.75,0.8875,0.0,0.0
163.75,0.9125000000000001,0.00019999999999999985,0.09786733510787245
163.75,0.9375,0.0,0.0
163.75,0.9625000000000001,9.999999999999992e-05,0.04893366755393622
163.75,0.9875,0.00030000000000000106,0.1468010026618093
163.75,1.0125000000000002,0.0004999999999999974,0.24466833776968003
163.75,1.0375,0.001100000000000004,0.5382703430933008
163.75,1.0625,0.0017000000000000062,0.8318723484169195
163.75,1.0875,0.003999999999999979,1.9573467021574402
163.75,1.1125,0.00550000000000002,2.691351715466504
163.75,1.1375000000000002,0.009099999999999952,4.452963747408176
163.75,1.1625,0.017800000000000062,8.710192824600686
163.75,1.1875,0.029299999999999844,14.337564593303247
163.75,1.2125000000000001,0.04030000000000014,19.720268024236383
163.75,1.2375,0.06440000000000023,31.513281904735067
163.75,1.2625000000000002,0.08689999999999953,42.52335710437038
163.75,1.2875,0.1149000000000004,56.22478401947296
163.75,1.3125,0.1480999999999992,72.4707616473792
163.75,1.3375000000000001,0.19250000000000067,94.19731004132763
163.75,1.3625,0.23510000000000084,115.04305241930456
163.75,1.3875000000000002,0.28479999999999844,139.36308519360972
163.75,1.4125,0.3325000000000012,162.70444461683866
163.75,1.4375,0.3862999999999979,189.03075776085475
163.75,1.4625000000000001,0.4292000000000015,210.02330114149518
163.75,1.4875,0.43890000000000157,214.76986689422702
163.75,1.5125000000000002,0.4826999999999974,236.20281328284906
163.75,1.5375,0.4889000000000018,239.23670067119525
163.75,1.5625,0.4945999999999973,242.02591972176742
163.75,1.5875000000000001,0.4833000000000017,236.49641528817477
163.75,1.6125,0.46450000000000163,227.29688578803473
163.75,1.6375000000000002,0.4574999999999976,223.8715290592572
163.75,1.6625,0.3972000000000014,194.3645275242355
163.75,1.6875,0.35889999999999805,175.62293285107629
163.75,1.7125000000000001,0.3118000000000011,152.5751754331738
163.75,1.7375,0.26850000000000096,131.38689738231932
163.75,1.7625000000000002,0.22929999999999875,112.20489970117524
163.75,1.7875,0.17820000000000064,87.19979558111473
163.75,1.8125,0.16139999999999916,78.97893943205271
163.75,1.8375000000000001,0.12520000000000045,61.26495177752842
163.75,1.8625,0.10070000000000037,49.276203226814
163.75,1.8875000000000002,0.08329999999999957,40.761745072428695
163.75,1.9125,0.06640000000000024,32.49195525581379
163.75,1.9375,0.049399999999999736,24.17323177164438
163.75,1.9625000000000001,0.03970000000000014,19.426666018912762
163.75,1.9875,0.03910000000000014,19.13306401358915
163.75,2.0125,0.04430000000000016,21.67761472639384
163.75,2.0375,0.04789999999999932,23.439226758335135
163.75,2.0625,0.061300000000000215,29.99633821056303
163.75,2.0875000000000004,0.07330000000000025,35.8683783170354
163.75,2.1125,0.09980000000000035,48.83580021882856
163.75,2.1375,0.12520000000000045,61.26495177752842
163.75,2.1625,0.16379999999999767,80.15334745334646
163.75,2.1875,0.2022000000000007,98.94387579405947
163.75,2.2125000000000004,0.2545000000000009,124.53618392476822
163.75,2.2375,0.30480000000000107,149.14981870439826
163.75,2.2625,0.3690000000000013,180.56523327402545
163.75,2.2875,0.43679999999999375,213.74225987559052
163.75,2.3125,0.5087000000000018,248.92556684687466
163.75,2.3375000000000004,0.5837000000000021,285.625817512327
163.75,2.3625,0.6389000000000022,312.63720200209985
163.75,2.3875,0.6918999999999902,338.5720458056802
163.75,2.4125000000000005,0.7564000000000026,370.1342613779752
163.75,2.4375,0.8265000000000029,404.4367623332846
163.75,2.4625000000000004,0.855700000000003,418.72539325903404
163.75,2.4875,0.9030000000000032,441.871018012046
163.75,2.5125,0.8932999999999873,437.1244522593064
163.75,2.5375000000000005,0.8976000000000033,439.2285999641335
163.75,2.5625,0.9000000000000031,440.40300798542785
163.75,2.5875000000000004,0.877500000000003,429.3929327857922
163.75,2.6125,0.8637000000000031,422.640086663349
163.75,2.6375,0.7957999999999886,389.4141263942192
163.75,2.6625000000000005,0.7537000000000027,368.8130523540189
163.75,2.6875,0.7075000000000025,346.2056979441002
163.75,2.7125000000000004,0.6519000000000023,318.9985787841116
163.75,2.7375,0.5707000000000021,279.26444073031524
163.75,2.7625,0.5179999999999926,253.4763979293862
163.75,2.7875000000000005,0.46250000000000163,226.318212436956
163.75,2.8125,0.3967000000000014,194.11985918646582
163.75,2.8375000000000004,0.3321000000000012,162.50870994662293
163.75,2.8625,0.28790000000000104,140.880028887783
163.75,2.8875,0.24419999999999653,119.49601616671065
163.75,2.9125000000000005,0.20940000000000075,102.4670998579429
163.75,2.9375,0.17510000000000064,85.6828518869427
163.75,2.9625000000000004,0.15230000000000055,74.52597568464519
163.75,2.9875,0.1394000000000005,68.21353257018738
163.75,3.0125,0.1188999999999983,58.18213072162938
163.75,3.0375000000000005,0.10940000000000039,53.53343230400646
163.75,3.0625,0.11530000000000042,56.42051868968871
163.75,3.0875000000000004,0.11480000000000042,56.17585035191903
163.75,3.1125,0.12910000000000046,63.173364812131936
163.75,3.1375,0.14339999999999797,70.17087927234361
163.75,3.1625000000000005,0.15740000000000057,77.02159272989596
163.75,3.1875,0.1774000000000006,86.80832624068323
163.75,3.2125000000000004,0.1968000000000007,96.3014577461469
163.75,3.2375,0.21970000000000078,107.50726761599834
163.75,3.2625,0.24449999999999653,119.64281716937245
163.75,3.2875000000000005,0.2683000000000009,131.28903004721144
163.75,3.3125,0.3002000000000011,146.89886999691717
163.75,3.3375000000000004,0.3265000000000011,159.76842456360245
163.75,3.3625,0.3581000000000013,175.2314635106464
163.75,3.3875,0.3746999999999947,183.35445232459656
163.75,3.4125000000000005,0.39680000000000143,194.16879285401978
163.75,3.4375,0.4173000000000015,204.20019470257674
163.75,3.4625000000000004,0.4213000000000015,206.1575414047342
163.75,3.4875,0.4305000000000015,210.65943881969633
163.75,3.5125,0.44459999999999367,217.55908594479752
163.75,3.5375000000000005,0.4303000000000015,210.56157148458846
163.75,3.5625,0.43560000000000154,213.15505586494712
163.75,3.5875000000000004,0.4125000000000015,201.8513786599878
163.75,3.6125,0.4105000000000015,200.87270530890908
163.75,3.6375,0.39669999999999433,194.11985918646238
163.75,3.6625000000000005,0.3664000000000013,179.29295791762308
163.75,3.6875,0.34650000000000125,169.55515807438977
163.75,3.7125000000000004,0.3077000000000011,150.5688950634624
163.75,3.7375,0.3002000000000011,146.89886999691717
163.75,3.7625,0.26219999999999627,128.30407632641905
163.75,3.7875000000000005,0.23880000000000084,116.8535981188002
163.75,3.8125,0.21540000000000076,105.40311991117908
163.75,3.8375000000000004,0.19320000000000068,94.53984571420519
163.75,3.8625,0.17630000000000062,86.27005589758993
163.75,3.8875,0.140599999999998,68.8007365808334
163.75,3.9125000000000005,0.12780000000000044,62.537227133930756
163.75,3.9375,0.10890000000000039,53.28876396623678
163.75,3.9625000000000004,0.09160000000000032,44.82323947940577
163.75,3.9875,0.07630000000000027,37.336388343653496
163.75,4.0125,0.0635999999999991,31.12181256430302
163.75,4.0375,0.05140000000000109,25.15190512272377
163.75,4.0625,0.04389999999999938,21.48188005617771
163.75,4.0875,0.036499999999999484,17.860788657186482
163.75,4.112500000000001,0.028500000000000608,13.946095252872132
163.75,4.1375,0.022099999999999686,10.81434052941976
163.75,4.1625,0.01600000000000034,7.829386808629968
163.75,4.1875,0.013199999999999813,6.4592441171194945
163.75,4.2125,0.010899999999999846,5.333769763378977
163.75,4.237500000000001,0.00840000000000018,4.110428074530734
163.75,4.2625,0.006599999999999906,3.2296220585597473
163.75,4.2875,0.005900000000000126,2.887086385682301
163.75,4.3125,0.003599999999999949,1.7616120319416806
163.75,4.3375,0.0022999999999999674,1.125474353740518
163.75,4.362500000000001,0.0020000000000000425,0.978673351078746
163.75,4.3875,0.0012999999999999815,0.6361376782011623
163.75,4.4125,0.0012000000000000257,0.5872040106472477
163.75,4.4375,0.0010999999999999845,0.5382703430932912
163.75,4.4625,0.0010999999999999845,0.5382703430932912
163.75,4.487500000000001,0.0002000000000000043,0.09786733510787463
163.75,4.5125,0.00039999999999999433,0.19573467021574226
163.75,4.5375,0.00010000000000000215,0.04893366755393731
163.75,4.5625,9.999999999999858e-05,0.048933667553935564
163.75,4.5875,0.00029999999999999575,0.1468010026618067
163.75,4.612500000000001,0.0,0.0
163.75,4.6375,9.999999999999858e-05,0.048933667553935564
163.75,4.6625,0.00010000000000000215,0.04893366755393731
163.75,4.6875,0.0,0.0
163.75,4.7125,0.0,0.0
163.75,4.737500000000001,0.0,0.0
163.75,4.7625,0.0,0.0
163.75,4.7875000000000005,0.0,0.0
163.75,4.8125,0.0,0.0
163.75,4.8375,0.0,0.0
163.75,4.862500000000001,0.0,0.0
163.75,4.8875,0.0,0.0
163.75,4.9125000000000005,0.0,0.0
163.75,4.9375,0.0,0.0
163.75,4.9625,0.0,0.0
163.75,4.987500000000001,0.0,0.0
163.75,5.0125,0.0,0.0
163.75,5.0375000000000005,0.0,0.0
163.75,5.0625,0.0,0.0
163.75,5.0875,0.0,0.0
163.75,5.112500000000001,0.0,0.0
163.75,5.1375,0.0,0.0
163.75,5.1625000000000005,0.0,0.0
163.75,5.1875,0.0,0.0
163.75,5.2125,0.0,0.0
163.75,5.237500000000001,0.0,0.0
163.75,5.2625,0.0,0.0
163.75,5.2875000000000005,0.0,0.0
163.75,5.3125,0.0,0.0
163.75,5.3375,0.0,0.0
163.75,5.362500000000001,0.0,0.0
163.75,5.3875,0.0,0.0
163.75,5.4125000000000005,0.0,0.0
163.75,5.4375,0.0,0.0
163.75,5.4625,0.0,0.0
163.75,5.487500000000001,0.0,0.0
163.75,5.5125,0.0,0.0
163.75,5.5375000000000005,0.0,0.0
163.75,5.5625,0.0,0.0
163.75,5.5875,0.0,0.0
163.75,5.612500000000001,0.0,0.0
163.75,5.6375,0.0,0.0
163.75,5.6625000000000005,0.0,0.0
163.75,5.6875,0.0,0.0
163.75,5.7125,0.0,0.0
163.75,5.737500000000001,0.0,0.0
163.75,5.7625,0.0,0.0
163.75,5.7875000000000005,0.0,0.0
163.75,5.8125,0.0,0.0
163.75,5.8375,0.0,0.0
163.75,5.862500000000001,0.0,0.0
163.75,5.8875,0.0,0.0
163.75,5.9125000000000005,0.0,0.0
163.75,5.9375,0.0,0.0
163.75,5.9625,0.0,0.0
163.75,5.987500000000001,0.0,0.0
163.75,6.0125,0.0,0.0
163.75,6.0375000000000005,0.0,0.0
163.75,6.0625,0.0,0.0
163.75,6.0875,0.0,0.0
163.75,6.112500000000001,0.0,0.0
163.75,6.1375,0.0,0.0
163.75,6.1625000000000005,0.0,0.0
163.75,6.1875,0.0,0.0
163.75,6.2125,0.0,0.0
163.75,6.237500000000001,0.0,0.0
163.75,6.2625,0.0,0.0
163.75,6.2875000000000005,0.0,0.0
163.75,6.3125,0.0,0.0
163.75,6.3375,0.0,0.0
163.75,6.362500000000001,0.0,0.0
163.75,6.3875,0.0,0.0
163.75,6.4125000000000005,0.0,0.0
163.75,6.4375,0.0,0.0
163.75,6.4625,0.0,0.0
163.75,6.487500000000001,0.0,0.0
163.75,6.5125,0.0,0.0
163.75,6.5375000000000005,0.0,0.0
163.75,6.5625,0.0,0.0
163.75,6.5875,0.0,0.0
163.75,6.612500000000001,0.0,0.0
163.75,6.6375,0.0,0.0
163.75,6.6625000000000005,0.0,0.0
163.75,6.6875,0.0,0.0
163.75,6.7125,0.0,0.0
163.75,6.737500000000001,0.0,0.0
163.75,6.7625,0.0,0.0
163.75,6.7875000000000005,0.0,0.0
163.75,6.8125,0.0,0.0
163.75,6.8375,0.0,0.0
163.75,6.862500000000001,0.0,0.0
163.75,6.8875,0.0,0.0
163.75,6.9125000000000005,0.0,0.0
163.75,6.9375,0.0,0.0
163.75,6.9625,0.0,0.0
163.75,6.987500000000001,0.0,0.0
166.25,0.0125,0.0,0.0
166.25,0.037500000000000006,0.0,0.0
166.25,0.0625,0.0,0.0
166.25,0.08750000000000001,0.0,0.0
166.25,0.1125,0.0,0.0
166.25,0.1375,9.999999999999992e-05,0.03739553991584392
166.25,0.16250000000000003,0.00010000000000000003,0.03739553991584396
166.25,0.1875,0.0008000000000000003,0.2991643193267517
166.25,0.21250000000000002,0.0017000000000000006,0.6357241785693474
166.25,0.2375,0.007700000000000001,2.8794565735199846
166.25,0.2625,0.018899999999999983,7.0677570440945
166.25,0.28750000000000003,0.04109999999999996,15.36956690541185
166.25,0.3125,0.0773000000000001,28.90675235494741
166.25,0.3375,0.12229999999999988,45.734745317077106
166.25,0.36250000000000004,0.17060000000000022,63.796791096429864
166.25,0.3875,0.2128999999999998,79.6151044808317
166.25,0.41250000000000003,0.25459999999999977,95.20904462573861
166.25,0.4375,0.26060000000000033,97.45277702068945
166.25,0.4625,0.25889999999999974,96.81705284211989
166.25,0.48750000000000004,0.2242000000000003,83.84080049132224
166.25,0.5125,0.18809999999999982,70.3410105817024
166.25,0.5375000000000001,0.14929999999999988,55.83154109435497
166.25,0.5625,0.10819999999999991,40.46197418894312
166.25,0.5875000000000001,0.07629999999999992,28.532796955788903
166.25,0.6125,0.05310000000000018,19.857031695313204
166.25,0.6375,0.03599999999999997,13.46239436970381
166.25,0.6625000000000001,0.020499999999999984,7.666085682748004
166.25,0.6875,0.01239999999999999,4.637046949564645
166.25,0.7125000000000001,0.0048999999999999955,1.8323814558763518
166.25,0.7375,0.004200000000000015,1.5706126764654516
166.25,0.7625,0.0018999999999999985,0.7105152584010345
166.25,0.7875000000000001,0.0006999999999999993,0.26176877941090737
166.25,0.8125,0.0003999999999999997,0.14958215966337568
166.25,0.8375000000000001,0.00019999999999999985,0.07479107983168784
166.25,0.8625,0.00010000000000000036,0.03739553991584408
166.25,0.8875,9.999999999999992e-05,0.03739553991584392
166.25,0.9125000000000001,9.999999999999992e-05,0.03739553991584392
166.25,0.9375,9.999999999999992e-05,0.03739553991584392
166.25,0.9625000000000001,9.999999999999992e-05,0.03739553991584392
166.25,0.9875,0.00020000000000000071,0.07479107983168816
166.25,1.0125000000000002,0.0003999999999999979,0.14958215966337501
166.25,1.0375,0.0006000000000000021,0.2243732394950645
166.25,1.0625,0.002600000000000009,0.9722840378119461
166.25,1.0875,0.004199999999999978,1.5706126764654376
166.25,1.1125,0.006100000000000021,2.281127934866489
166.25,1.1375000000000002,0.011999999999999934,4.487464789901249
166.25,1.1625,0.01700000000000006,6.3572417856934935
166.25,1.1875,0.02969999999999984,11.106475355005593
166.25,1.2125000000000001,0.04430000000000016,16.56622418271893
166.25,1.2375,0.05920000000000021,22.138159630179697
166.25,1.2625000000000002,0.08499999999999955,31.786208928467186
166.25,1.2875,0.11040000000000039,41.284676067091866
166.25,1.3125,0.1524999999999992,57.02819837166172
166.25,1.3375000000000001,0.19540000000000068,73.07088499555934
166.25,1.3625,0.23570000000000085,88.1412875816445
166.25,1.3875000000000002,0.2831999999999985,105.9041690416695
166.25,1.4125,0.3363000000000012,125.76120073698365
166.25,1.4375,0.38499999999999795,143.97282867599844
166.25,1.4625000000000001,0.4254000000000015,159.08062680200072
166.25,1.4875,0.4535000000000016,169.58877351835292
166.25,1.5125000000000002,0.4913999999999974,183.7616831464562
166.25,1.5375,0.48720000000000174,182.19107046999238
166.25,1.5625,0.4960999999999974,185.51927352250084
166.25,1.5875000000000001,0.4929000000000018,184.3226162451955
166.25,1.6125,0.4752000000000017,177.70360568009107
166.25,1.6375000000000002,0.4333999999999977,162.0722699952668
166.25,1.6625,0.40780000000000144,152.49901177681215
166.25,1.6875,0.3570999999999981,133.53947303947803
166.25,1.7125000000000001,0.3273000000000012,122.3956021445577
166.25,1.7375,0.276600000000001,103.43606340722474
166.25,1.7625000000000002,0.23139999999999877,86.53327936526244
166.25,1.7875,0.19450000000000067,72.73432513631673
166.25,1.8125,0.16359999999999914,61.17910330232038
166.25,1.8375000000000001,0.12710000000000046,47.52973123303783
166.25,1.8625,0.10010000000000036,37.432935455759925
166.25,1.8875000000000002,0.08139999999999956,30.439969491496807
166.25,1.9125,0.06320000000000023,23.63398122681346
166.25,1.9375,0.05109999999999973,19.109120896996156
166.25,1.9625000000000001,0.046700000000000165,17.463717140699185
166.25,1.9875,0.04180000000000014,15.631335684822824
166.25,2.0125,0.043900000000000154,16.41664202305555
166.25,2.0375,0.053999999999999236,20.193591554555447
166.25,2.0625,0.05780000000000021,21.614622071357882
166.25,2.0875000000000004,0.07450000000000026,27.85967723730384
166.25,2.1125,0.09940000000000035,37.17116667634902
166.25,2.1375,0.12120000000000043,45.32339437800303
166.25,2.1625,0.16499999999999768,61.702640861141646
166.25,2.1875,0.20180000000000073,75.46419955017336
166.25,2.2125000000000004,0.25120000000000087,93.93759626860033
166.25,2.2375,0.30330000000000107,113.4206725647551
166.25,2.2625,0.3681000000000013,137.65298243022207
166.25,2.2875,0.4338999999999938,162.25924769484456
166.25,2.3125,0.49780000000000174,186.15499770107184
166.25,2.3375000000000004,0.5670000000000021,212.03271132283595
166.25,2.3625,0.6363000000000023,237.94782048451592
166.25,2.3875,0.6976999999999901,260.90868199283955
166.25,2.4125000000000005,0.7602000000000028,284.28089444024675
166.25,2.4375,0.7944000000000028,297.07016909146535
166.25,2.4625000000000004,0.855700000000003,319.9936350598778
166.25,2.4875,0.8669000000000031,324.18193553045234
166.25,2.5125,0.913299999999987,341.5334660513979
166.25,2.5375000000000005,0.9110000000000033,340.6733686333396
166.25,2.5625,0.9020000000000032,337.3077700409136
166.25,2.5875000000000004,0.8733000000000032,326.5752500850664
166.25,2.6125,0.841800000000003,314.7956550115755
166.25,2.6375,0.8064999999999886,301.59502942127716
166.25,2.6625000000000005,0.7488000000000027,280.0178028898405
166.25,2.6875,0.6966000000000024,260.49733105376987
166.25,2.7125000000000004,0.6436000000000023,240.67769489837252
166.25,2.7375,0.5750000000000021,215.02435451610347
166.25,2.7625,0.5008999999999929,187.3142594384597
166.25,2.7875000000000005,0.4647000000000016,173.77707398892744
166.25,2.8125,0.39490000000000136,147.67498712766826
166.25,2.8375000000000004,0.34760000000000124,129.98689674747402
166.25,2.8625,0.29130000000000106,108.93320777485381
166.25,2.8875,0.24569999999999653,91.88084157322729
166.25,2.9125000000000005,0.20570000000000074,76.92262560689129
166.25,2.9375,0.18120000000000064,67.76071832750948
166.25,2.9625000000000004,0.15410000000000054,57.626527010315726
166.25,2.9875,0.13420000000000049,50.18481456706276
166.25,3.0125,0.12099999999999828,45.248603298170536
166.25,3.0375000000000005,0.1159000000000004,43.34143076246329
166.25,3.0625,0.11720000000000041,43.82757278136926
166.25,3.0875000000000004,0.12420000000000045,46.44526057547835
166.25,3.1125,0.12650000000000045,47.30535799354276
166.25,3.1375,0.14279999999999796,53.40083099982439
166.25,3.1625000000000005,0.15540000000000057,58.112669029221706
166.25,3.1875,0.17180000000000062,64.24553757542013
166.25,3.2125000000000004,0.1955000000000007,73.10828053547519
166.25,3.2375,0.2224000000000008,83.16768077283724
166.25,3.2625,0.24879999999999647,93.04010331061842
166.25,3.2875000000000005,0.27460000000000095,102.68815260890784
166.25,3.3125,0.3100000000000011,115.92617373911666
166.25,3.3375000000000004,0.32220000000000115,120.48842960884963
166.25,3.3625,0.34660000000000124,129.6129413483156
166.25,3.3875,0.3734999999999947,139.67234158567518
166.25,3.4125000000000005,0.38790000000000135,145.05729933355917
166.25,3.4375,0.4104000000000015,153.4712958146241
166.25,3.4625000000000004,0.40910000000000146,152.98515379571813
166.25,3.4875,0.4319000000000015,161.51133689653057
166.25,3.5125,0.4490999999999936,167.94336976205278
166.25,3.5375000000000005,0.42860000000000154,160.27728407930775
166.25,3.5625,0.4296000000000015,160.65123947846615
166.25,3.5875000000000004,0.4232000000000015,158.25792492385216
166.25,3.6125,0.4014000000000014,150.10569722219813
166.25,3.6375,0.3795999999999946,141.9534695205416
166.25,3.6625000000000005,0.3620000000000013,135.3718544953556
166.25,3.6875,0.35160000000000124,131.48271834410778
166.25,3.7125000000000004,0.32270000000000115,120.67540730842886
166.25,3.7375,0.294600000000001,110.16726059207666
166.25,3.7625,0.276999999999996,103.58564556688626
166.25,3.7875000000000005,0.23660000000000084,88.4778474408871
166.25,3.8125,0.22090000000000076,82.60674767409957
166.25,3.8375000000000004,0.19450000000000067,72.73432513631673
166.25,3.8625,0.16430000000000058,61.440872081731825
166.25,3.8875,0.14269999999999797,53.36343545990856
166.25,3.9125000000000005,0.12640000000000046,47.26796245362692
166.25,3.9375,0.1134000000000004,42.406542264567186
166.25,3.9625000000000004,0.09110000000000032,34.067336863333956
166.25,3.9875,0.08100000000000028,30.290387331833703
166.25,4.0125,0.0638999999999991,23.895750006223945
166.25,4.0375,0.051600000000001096,19.296098596575888
166.25,4.0625,0.04599999999999935,17.201948361287972
166.25,4.0875,0.037099999999999474,13.873745308777908
166.25,4.112500000000001,0.027400000000000584,10.24637793694146
166.25,4.1375,0.023999999999999657,8.974929579802419
166.25,4.1625,0.0188000000000004,7.030361504178812
166.25,4.1875,0.013799999999999804,5.160584508386392
166.25,4.2125,0.010199999999999855,3.8143450714160285
166.25,4.237500000000001,0.007800000000000166,2.91685211343589
166.25,4.2625,0.0052999999999999246,1.9819636155397011
166.25,4.2875,0.006000000000000128,2.2437323949506847
166.25,4.3125,0.0028999999999999586,1.0844706575594592
166.25,4.3375,0.0031999999999999546,1.1966572773069895
166.25,4.362500000000001,0.0024000000000000514,0.897492957980274
166.25,4.3875,0.0012999999999999815,0.4861420189059644
166.25,4.4125,0.0014000000000000297,0.5235375588218264
166.25,4.4375,0.0007999999999999887,0.29916431932674736
166.25,4.4625,0.00069999999999999,0.26176877941090393
166.25,4.487500000000001,0.0007000000000000148,0.2617687794109132
166.25,4.5125,0.00029999999999999575,0.11218661974753026
166.25,4.5375,0.0003000000000000064,0.11218661974753424
166.25,4.5625,0.00039999999999999433,0.14958215966337368
166.25,4.5875,0.00029999999999999575,0.11218661974753026
166.25,4.612500000000001,0.0,0.0
166.25,4.6375,0.0,0.0
166.25,4.6625,0.0,0.0
166.25,4.6875,0.0,0.0
166.25,4.7125,0.0,0.0
166.25,4.737500000000001,0.0,0.0
166.25,4.7625,0.0,0.0
166.25,4.7875000000000005,0.0,0.0
166.25,4.8125,0.0,0.0
166.25,4.8375,0.0,0.0
166.25,4.862500000000001,0.0,0.0
166.25,4.8875,0.0,0.0
166.25,4.9125000000000005,0.0,0.0
166.25,4.9375,0.0,0.0
166.25,4.9625,0.0,0.0
166.25,4.987500000000001,0.0,0.0
166.25,5.0125,0.0,0.0
166.25,5.0375000000000005,0.0,0.0
166.25,5.0625,0.0,0.0
166.25,5.0875,0.0,0.0
166.25,5.112500000000001,0.0,0.0
166.25,5.1375,0.0,0.0
166.25,5.1625000000000005,0.0,0.0
166.25,5.1875,0.0,0.0
166.25,5.2125,0.0,0.0
166.25,5.237500000000001,0.0,0.0
166.25,5.2625,0.0,0.0
166.25,5.2875000000000005,0.0,0.0
166.25,5.3125,0.0,0.0
166.25,5.3375,0.0,0.0
166.25,5.362500000000001,0.0,0.0
166.25,5.3875,0.0,0.0
166.25,5.4125000000000005,0.0,0.0
166.25,5.4375,0.0,0.0
166.25,5.4625,0.0,0.0
166.25,5.487500000000001,0.0,0.0
166.25,5.5125,0.0,0.0
166.25,5.5375000000000005,0.0,0.0
166.25,5.5625,0.0,0.0
166.25,5.5875,0.0,0.0
166.25,5.612500000000001,0.0,0.0
166.25,5.6375,0.0,0.0
166.25,5.6625000000000005,0.0,0.0
166.25,5.6875,0.0,0.0
166.25,5.7125,0.0,0.0
166.25,5.737500000000001,0.0,0.0
166.25,5.7625,0.0,0.0
166.25,5.7875000000000005,0.0,0.0
166.25,5.8125,0.0,0.0
166.25,5.8375,0.0,0.0
166.25,5.862500000000001,0.0,0.0
166.25,5.8875,0.0,0.0
166.25,5.9125000000000005,0.0,0.0
166.25,5.9375,0.0,0.0
166.25,5.9625,0.0,0.0
166.25,5.987500000000001,0.0,0.0
166.25,6.0125,0.0,0.0
166.25,6.0375000000000005,0.0,0.0
166.25,6.0625,0.0,0.0
166.25,6.0875,0.0,0.0
166.25,6.112500000000001,0.0,0.0
166.25,6.1375,0.0,0.0
166.25,6.1625000000000005,0.0,0.0
166.25,6.1875,0.0,0.0
166.25,6.2125,0.0,0.0
166.25,6.237500000000001,0.0,0.0
166.25,6.2625,0.0,0.0
166.25,6.2875000000000005,0.0,0.0
166.25,6.3125,0.0,0.0
166.25,6.3375,0.0,0.0
166.25,6.362500000000001,0.0,0.0
166.25,6.3875,0.0,0.0
166.25,6.4125000000000005,0.0,0.0
166.25,6.4375,0.0,0.0
166.25,6.4625,0.0,0.0
166.25,6.487500000000001,0.0,0.0
166.25,6.5125,0.0,0.0
166.25,6.5375000000000005,0.0,0.0
166.25,6.5625,0.0,0.0
166.25,6.5875,0.0,0.0
166.25,6.612500000000001,0.0,0.0
166.25,6.6375,0.0,0.0
166.25,6.6625000000000005,0.0,0.0
166.25,6.6875,0.0,0.0
166.25,6.7125,0.0,0.0
166.25,6.737500000000001,0.0,0.0
166.25,6.7625,0.0,0.0
166.25,6.7875000000000005,0.0,0.0
166.25,6.8125,0.0,0.0
166.25,6.8375,0.0,0.0
166.25,6.862500000000001,0.0,0.0
166.25,6.8875,0.0,0.0
166.25,6.9125000000000005,0.0,0.0
166.25,6.9375,0.0,0.0
166.25,6.9625,0.0,0.0
166.25,6.987500000000001,0.0,0.0
168.75,0.0125,0.0,0.0
168.75,0.037500000000000006,0.0,0.0
168.75,0.0625,0.0,0.0
168.75,0.08750000000000001,0.0,0.0
168.75,0.1125,0.0,0.0
168.75,0.1375,0.0,0.0
168.75,0.16250000000000003,0.0003000000000000001,0.08597627171771524
168.75,0.1875,0.0005000000000000001,0.14329378619619207
168.75,0.21250000000000002,0.0019000000000000004,0.5445163875455299
168.75,0.2375,0.008900000000000002,2.5506293942922187
168.75,0.2625,0.018399999999999986,5.273211332019863
168.75,0.28750000000000003,0.04269999999999997,12.23728934115479
168.75,0.3125,0.0734000000000001,21.03552781360102
168.75,0.3375,0.12809999999999988,36.71186802346436
168.75,0.36250000000000004,0.17240000000000022,49.40769748044708
168.75,0.3875,0.2201999999999998,63.106583440802915
168.75,0.41250000000000003,0.2514999999999998,72.07677445668453
168.75,0.4375,0.2632000000000003,75.42984905367558
168.75,0.4625,0.2519999999999998,72.22006824288071
168.75,0.48750000000000004,0.2283000000000003,65.42794277718137
168.75,0.5125,0.19649999999999984,56.31445797510342
168.75,0.5375000000000001,0.15539999999999987,44.53570874977645
168.75,0.5625,0.1118999999999999,32.06914935070775
168.75,0.5875000000000001,0.08219999999999993,23.55749845065395
168.75,0.6125,0.04990000000000017,14.300719862380014
168.75,0.6375,0.03419999999999997,9.801294975819525
168.75,0.6625000000000001,0.020599999999999983,5.903703991283106
168.75,0.6875,0.012499999999999989,3.5823446549047975
168.75,0.7125000000000001,0.0070999999999999935,2.034771763985925
168.75,0.7375,0.0032000000000000114,0.9170802316556322
168.75,0.7625,0.0022999999999999982,0.6591514165024829
168.75,0.7875000000000001,0.0013999999999999987,0.4012226013493373
168.75,0.8125,0.0007999999999999994,0.22927005791390706
168.75,0.8375000000000001,0.00029999999999999976,0.08597627171771514
168.75,0.8625,0.0005000000000000019,0.14329378619619257
168.75,0.8875,0.0,0.0
168.75,0.9125000000000001,0.0,0.0
168.75,0.9375,9.999999999999992e-05,0.028658757239238383
168.75,0.9625000000000001,0.0,0.0
168.75,0.9875,0.00010000000000000036,0.028658757239238507
168.75,1.0125000000000002,0.0007999999999999958,0.22927005791390606
168.75,1.0375,0.0008000000000000029,0.22927005791390806
168.75,1.0625,0.002200000000000008,0.6304926592632472
168.75,1.0875,0.004499999999999976,1.2896440757657215
168.75,1.1125,0.006200000000000022,1.7768429488327875
168.75,1.1375000000000002,0.010599999999999943,3.0378282673592545
168.75,1.1625,0.017500000000000064,5.01528251686674
168.75,1.1875,0.029299999999999844,8.397015871096809
168.75,1.2125000000000001,0.03910000000000014,11.205574080542258
168.75,1.2375,0.06070000000000021,17.395865644217775
168.75,1.2625000000000002,0.08429999999999956,24.15933235267785
168.75,1.2875,0.1097000000000004,31.438656691444645
168.75,1.3125,0.1491999999999992,42.75886580094347
168.75,1.3375000000000001,0.1938000000000007,55.54067152964423
168.75,1.3625,0.2318000000000008,66.43099928055486
168.75,1.3875000000000002,0.2844999999999985,81.53416434563283
168.75,1.4125,0.32470000000000115,93.05498475580744
168.75,1.4375,0.38449999999999795,110.19292158487109
168.75,1.4625000000000001,0.4277000000000015,122.5735047122231
168.75,1.4875,0.45690000000000164,130.94186182608075
168.75,1.5125000000000002,0.48449999999999743,138.85167882410934
168.75,1.5375,0.5001000000000018,143.32244495343178
168.75,1.5625,0.5039999999999973,144.4401364857608
168.75,1.5875000000000001,0.5051000000000018,144.7553828153937
168.75,1.6125,0.47650000000000164,136.55897824497148
168.75,1.6375000000000002,0.43049999999999766,123.37594991492067
168.75,1.6625,0.4132000000000015,118.41798491253353
168.75,1.6875,0.3712999999999981,106.40996562929165
168.75,1.7125000000000001,0.3095000000000011,88.69885365544319
168.75,1.7375,0.271300000000001,77.75120839005407
168.75,1.7625000000000002,0.23729999999999873,68.00723092871237
168.75,1.7875,0.1915000000000007,54.88152011314175
168.75,1.8125,0.15449999999999917,44.2777799346231
168.75,1.8375000000000001,0.13040000000000046,37.371019439967014
168.75,1.8625,0.10620000000000036,30.43560018807129
168.75,1.8875000000000002,0.08579999999999956,24.589213711266424
168.75,1.9125,0.06510000000000023,18.65685096274427
168.75,1.9375,0.05129999999999973,14.701942463729225
168.75,1.9625000000000001,0.04310000000000015,12.351924370111796
168.75,1.9875,0.04230000000000015,12.12265431219789
168.75,2.0125,0.04010000000000014,11.49216165293464
168.75,2.0375,0.0492999999999993,14.128767318944334
168.75,2.0625,0.0584000000000002,16.736714227715286
168.75,2.0875000000000004,0.07810000000000028,22.382489403845277
168.75,2.1125,0.09390000000000034,26.910573047644963
168.75,2.1375,0.12110000000000043,34.70575501671783
168.75,2.1625,0.16379999999999767,46.94304435787184
168.75,2.1875,0.2011000000000007,57.632760808108635
168.75,2.2125000000000004,0.2500000000000009,71.64689309809627
168.75,2.2375,0.3030000000000011,86.83603443489268
168.75,2.2625,0.3720000000000013,106.61057692996724
168.75,2.2875,0.4141999999999941,118.70457248492377
168.75,2.3125,0.4870000000000017,139.56814775509153
168.75,2.3375000000000004,0.560200000000002,160.54635805421412
168.75,2.3625,0.6253000000000023,179.20320901695843
168.75,2.3875,0.69989999999999,200.58264191742674
168.75,2.4125000000000005,0.7736000000000027,221.7041460027491
168.75,2.4375,0.8095000000000028,231.9926398516357
168.75,2.4625000000000004,0.8512000000000031,243.9433416203982
168.75,2.4875,0.8975000000000032,257.2123462221656
168.75,2.5125,0.9036999999999872,258.9891891709938
168.75,2.5375000000000005,0.8906000000000032,255.23489197265815
168.75,2.5625,0.9005000000000033,258.0721089393428
168.75,2.5875000000000004,0.8919000000000032,255.60745581676827
168.75,2.6125,0.838100000000003,240.18904442205792
168.75,2.6375,0.8130999999999884,233.02435511224417
168.75,2.6625000000000005,0.7622000000000027,218.4370476774759
168.75,2.6875,0.7151000000000026,204.9387730177946
168.75,2.7125000000000004,0.6296000000000023,180.43553557824566
168.75,2.7375,0.566400000000002,162.3232010030469
168.75,2.7625,0.5157999999999927,147.8218698399896
168.75,2.7875000000000005,0.44940000000000163,128.79245503313786
168.75,2.8125,0.39960000000000145,114.52039392799709
168.75,2.8375000000000004,0.3463000000000012,99.24527631948295
168.75,2.8625,0.28830000000000106,82.62319712072463
168.75,2.8875,0.2512999999999964,72.01945694220508
168.75,2.9125000000000005,0.20400000000000074,58.46386476804656
168.75,2.9375,0.18420000000000064,52.789430834677326
168.75,2.9625000000000004,0.15220000000000053,43.61862851812101
168.75,2.9875,0.1349000000000005,38.66066351573275
168.75,3.0125,0.12329999999999826,35.33624767598045
168.75,3.0375000000000005,0.11060000000000039,31.69658550659779
168.75,3.0625,0.12180000000000044,34.906366317392504
168.75,3.0875000000000004,0.11270000000000041,32.298419408621804
168.75,3.1125,0.13160000000000047,37.714924526837876
168.75,3.1375,0.1338999999999981,38.37407594333968
168.75,3.1625000000000005,0.15610000000000057,44.73632005045132
168.75,3.1875,0.1699000000000006,48.691228549466224
168.75,3.2125000000000004,0.19690000000000069,56.42909300406062
168.75,3.2375,0.21480000000000074,61.559010549884306
168.75,3.2625,0.25729999999999636,73.73898237655938
168.75,3.2875000000000005,0.272900000000001,78.20974850588189
168.75,3.3125,0.290100000000001,83.13905475103091
168.75,3.3375000000000004,0.3070000000000011,87.98238472446222
168.75,3.3625,0.3508000000000012,100.53492039524868
168.75,3.3875,0.3711999999999947,106.38130687205144
168.75,3.4125000000000005,0.3939000000000014,112.8868447653605
168.75,3.4375,0.40470000000000145,115.98199054719825
168.75,3.4625000000000004,0.43010000000000154,123.26131488596482
168.75,3.4875,0.4298000000000015,123.17533861424711
168.75,3.5125,0.43999999999999373,126.09853185264718
168.75,3.5375000000000005,0.4489000000000016,128.64916124694165
168.75,3.5625,0.42950000000000155,123.0893623425294
168.75,3.5875000000000004,0.41870000000000146,119.99421656069163
168.75,3.6125,0.4001000000000014,114.66368771419326
168.75,3.6375,0.3771999999999946,108.10083230640572
168.75,3.6625000000000005,0.3619000000000013,103.71604244880416
168.75,3.6875,0.3438000000000012,98.52880738850199
168.75,3.7125000000000004,0.3158000000000011,90.5043553615152
168.75,3.7375,0.286300000000001,82.05002197593984
168.75,3.7625,0.2733999999999961,78.35304229207668
168.75,3.7875000000000005,0.24000000000000085,68.78101737417242
168.75,3.8125,0.20980000000000074,60.12607268792239
168.75,3.8375000000000004,0.1977000000000007,56.65836306197453
168.75,3.8625,0.1747000000000006,50.06684889694967
168.75,3.8875,0.1472999999999979,42.21434941339757
168.75,3.9125000000000005,0.12520000000000045,35.88076406352661
168.75,3.9375,0.10890000000000039,31.209386633530734
168.75,3.9625000000000004,0.09240000000000033,26.480691689056382
168.75,3.9875,0.07840000000000028,22.46846567556299
168.75,4.0125,0.06699999999999905,19.20136735028946
168.75,4.0375,0.05420000000000116,15.533046423667548
168.75,4.0625,0.0421999999999994,12.093995554958434
168.75,4.0875,0.03429999999999951,9.829953733058634
168.75,4.112500000000001,0.03260000000000069,9.342754859991919
168.75,4.1375,0.02239999999999968,6.419561621589311
168.75,4.1625,0.016100000000000343,4.6140599155174815
168.75,4.1875,0.014799999999999789,4.241496071407224
168.75,4.2125,0.010799999999999846,3.095145781837704
168.75,4.237500000000001,0.009300000000000199,2.6652644232492286
168.75,4.2625,0.005999999999999914,1.7195254343542798
168.75,4.2875,0.005500000000000118,1.576231648158146
168.75,4.3125,0.004399999999999938,1.260985318526472
168.75,4.3375,0.0038999999999999443,1.1176915323302818
168.75,4.362500000000001,0.0028000000000000594,0.8024452026986924
168.75,4.3875,0.0017999999999999746,0.5158576303062841
168.75,4.4125,0.0007000000000000148,0.2006113006746731
168.75,4.4375,0.000499999999999993,0.14329378619619002
168.75,4.4625,0.0005999999999999915,0.17195254343542798
168.75,4.487500000000001,0.0006000000000000128,0.17195254343543412
168.75,4.5125,9.999999999999858e-05,0.028658757239238
168.75,4.5375,0.0002000000000000043,0.05731751447847804
168.75,4.5625,9.999999999999858e-05,0.028658757239238
168.75,4.5875,9.999999999999858e-05,0.028658757239238
168.75,4.612500000000001,0.0,0.0
168.75,4.6375,0.0,0.0
168.75,4.6625,0.0,0.0
168.75,4.6875,9.999999999999858e-05,0.028658757239238
168.75,4.7125,0.0,0.0
168.75,4.737500000000001,0.0,0.0
168.75,4.7625,0.0,0.0
168.75,4.7875000000000005,0.0,0.0
168.75,4.8125,0.0,0.0
168.75,4.8375,0.0,0.0
168.75,4.862500000000001,0.0,0.0
168.75,4.8875,0.0,0.0
168.75,4.9125000000000005,0.0,0.0
168.75,4.9375,0.0,0.0
168.75,4.9625,0.0,0.0
168.75,4.987500000000001,0.0,0.0
168.75,5.0125,0.0,0.0
168.75,5.0375000000000005,0.0,0.0
168.75,5.0625,0.0,0.0
168.75,5.0875,0.0,0.0
168.75,5.112500000000001,0.0,0.0
168.75,5.1375,0.0,0.0
168.75,5.1625000000000005,0.0,0.0
168.75,5.1875,0.0,0.0
168.75,5.2125,0.0,0.0
168.75,5.237500000000001,0.0,0.0
168.75,5.2625,0.0,0.0
168.75,5.2875000000000005,0.0,0.0
168.75,5.3125,0.0,0.0
168.75,5.3375,0.0,0.0
168.75,5.362500000000001,0.0,0.0
168.75,5.3875,0.0,0.0
168.75,5.4125000000000005,0.0,0.0
168.75,5.4375,0.0,0.0
168.75,5.4625,0.0,0.0
168.75,5.487500000000001,0.0,0.0
168.75,5.5125,0.0,0.0
168.75,5.5375000000000005,0.0,0.0
168.75,5.5625,0.0,0.0
168.75,5.5875,0.0,0.0
168.75,5.612500000000001,0.0,0.0
168.75,5.6375,0.0,0.0
168.75,5.6625000000000005,0.0,0.0
168.75,5.6875,0.0,0.0
168.75,5.7125,0.0,0.0
168.75,5.737500000000001,0.0,0.0
168.75,5.7625,0.0,0.0
168.75,5.7875000000000005,0.0,0.0
168.75,5.8125,0.0,0.0
168.75,5.8375,0.0,0.0
168.75,5.862500000000001,0.0,0.0
168.75,5.8875,0.0,0.0
168.75,5.9125000000000005,0.0,0.0
168.75,5.9375,0.0,0.0
168.75,5.9625,0.0,0.0
168.75,5.987500000000001,0.0,0.0
168.75,6.0125,0.0,0.0
168.75,6.0375000000000005,0.0,0.0
168.75,6.0625,0.0,0.0
168.75,6.0875,0.0,0.0
168.75,6.112500000000001,0.0,0.0
168.75,6.1375,0.0,0.0
168.75,6.1625000000000005,0.0,0.0
168.75,6.1875,0.0,0.0
168.75,6.2125,0.0,0.0
168.75,6.237500000000001,0.0,0.0
168.75,6.2625,0.0,0.0
168.75,6.2875000000000005,0.0,0.0
168.75,6.3125,0.0,0.0
168.75,6.3375,0.0,0.0
168.75,6.362500000000001,0.0,0.0
168.75,6.3875,0.0,0.0
168.75,6.4125000000000005,0.0,0.0
168.75,6.4375,0.0,0.0
168.75,6.4625,0.0,0.0
168.75,6.487500000000001,0.0,0.0
168.75,6.5125,0.0,0.0
168.75,6.5375000000000005,0.0,0.0
168.75,6.5625,0.0,0.0
168.75,6.5875,0.0,0.0
168.75,6.612500000000001,0.0,0.0
168.75,6.6375,0.0,0.0
168.75,6.6625000000000005,0.0,0.0
168.75,6.6875,0.0,0.0
168.75,6.7125,0.0,0.0
168.75,6.737500000000001,0.0,0.0
168.75,6.7625,0.0,0.0
168.75,6.7875000000000005,0.0,0.0
168.75,6.8125,0.0,0.0
168.75,6.8375,0.0,0.0
168.75,6.862500000000001,0.0,0.0
168.75,6.8875,0.0,0.0
168.75,6.9125000000000005,0.0,0.0
168.75,6.9375,0.0,0.0
168.75,6.9625,0.0,0.0
168.75,6.987500000000001,0.0,0.0
171.25,0.0125,0.0,0.0
171.25,0.037500000000000006,0.0,0.0
171.25,0.0625,0.0,0.0
171.25,0.08750000000000001,0.0,0.0
171.25,0.1125,0.0,0.0
171.25,0.1375,0.0,0.0
171.25,0.16250000000000003,0.00020000000000000006,0.04417504797132148
171.25,0.1875,0.0007000000000000001,0.15461266789962516
171.25,0.21250000000000002,0.0020000000000000005,0.44175047971321474
171.25,0.2375,0.007700000000000001,1.7007393468958767
171.25,0.2625,0.018799999999999983,4.152454509304214
171.25,0.28750000000000003,0.045199999999999955,9.98356084151864
171.25,0.3125,0.0794000000000001,17.537494044614643
171.25,0.3375,0.1203999999999999,26.5933788787355
171.25,0.36250000000000004,0.16260000000000022,35.9143140006844
171.25,0.3875,0.2137999999999998,47.2231262813426
171.25,0.41250000000000003,0.24489999999999978,54.09234624088309
171.25,0.4375,0.25200000000000033,55.66056044386512
171.25,0.4625,0.24779999999999977,54.732884436467245
171.25,0.48750000000000004,0.22370000000000032,49.40979115592313
171.25,0.5125,0.18139999999999984,40.066768509988535
171.25,0.5375000000000001,0.15439999999999987,34.10313703386014
171.25,0.5625,0.1232999999999999,27.23391707431966
171.25,0.5875000000000001,0.08069999999999994,17.824631856428198
171.25,0.6125,0.05330000000000019,11.772650284357212
171.25,0.6375,0.03529999999999997,7.796895966938232
171.25,0.6625000000000001,0.020199999999999982,4.461679845103464
171.25,0.6875,0.014299999999999988,3.1585159299494823
171.25,0.7125000000000001,0.006899999999999994,1.5240391550105892
171.25,0.7375,0.0033000000000000117,0.7288882915268068
171.25,0.7625,0.002499999999999998,0.5521880996415178
171.25,0.7875000000000001,0.001099999999999999,0.24296276384226784
171.25,0.8125,0.0004999999999999996,0.11043761992830357
171.25,0.8375000000000001,0.0,0.0
171.25,0.8625,0.0005000000000000019,0.11043761992830407
171.25,0.8875,0.00019999999999999985,0.04417504797132143
171.25,0.9125000000000001,0.0,0.0
171.25,0.9375,0.0,0.0
171.25,0.9625000000000001,9.999999999999992e-05,0.022087523985660714
171.25,0.9875,0.00020000000000000071,0.04417504797132162
171.25,1.0125000000000002,0.0003999999999999979,0.08835009594264247
171.25,1.0375,0.0014000000000000048,0.3092253357992513
171.25,1.0625,0.0015000000000000052,0.33131285978491215
171.25,1.0875,0.0035999999999999813,0.7951508634837822
171.25,1.1125,0.00580000000000002,1.281076391168327
171.25,1.1375000000000002,0.011499999999999939,2.5400652583509706
171.25,1.1625,0.017300000000000062,3.8211416495193204
171.25,1.1875,0.024999999999999866,5.521880996415153
171.25,1.2125000000000001,0.04010000000000014,8.857097118249985
171.25,1.2375,0.056800000000000204,12.545713623855342
171.25,1.2625000000000002,0.08519999999999954,18.818570435782842
171.25,1.2875,0.1128000000000004,24.914727055825395
171.25,1.3125,0.14429999999999923,31.872297111308267
171.25,1.3375000000000001,0.1936000000000007,42.76144643623933
171.25,1.3625,0.2276000000000008,50.271204591364004
171.25,1.3875000000000002,0.2775999999999985,61.31496658419386
171.25,1.4125,0.33060000000000117,73.02135429659464
171.25,1.4375,0.375499999999998,82.93865256615561
171.25,1.4625000000000001,0.4230000000000015,93.43022645934522
171.25,1.4875,0.44410000000000155,98.09069402031966
171.25,1.5125000000000002,0.4777999999999975,105.53418960348642
171.25,1.5375,0.49370000000000175,109.04610591720743
171.25,1.5625,0.5037999999999974,111.27694583975818
171.25,1.5875000000000001,0.4914000000000018,108.53809286553724
171.25,1.6125,0.4672000000000016,103.19291206100729
171.25,1.6375000000000002,0.4352999999999977,96.14699190958066
171.25,1.6625,0.3995000000000014,88.23965832271493
171.25,1.6875,0.36179999999999807,79.9126617801201
171.25,1.7125000000000001,0.32470000000000115,71.71819038144065
171.25,1.7375,0.27860000000000096,61.53584182405101
171.25,1.7625000000000002,0.23409999999999875,51.706893650431496
171.25,1.7875,0.19800000000000073,43.73329749160841
171.25,1.8125,0.16349999999999912,36.1131017165551
171.25,1.8375000000000001,0.13140000000000046,29.023006517158304
171.25,1.8625,0.10030000000000036,22.153786557617796
171.25,1.8875000000000002,0.07939999999999957,17.537494044614526
171.25,1.9125,0.05760000000000021,12.722413815740627
171.25,1.9375,0.054899999999999706,12.126050668127677
171.25,1.9625000000000001,0.04330000000000015,9.56389788579113
171.25,1.9875,0.04170000000000015,9.210497502020559
171.25,2.0125,0.046700000000000165,10.314873701303599
171.25,2.0375,0.04719999999999933,10.425311321231717
171.25,2.0625,0.06250000000000022,13.804702491038007
171.25,2.0875000000000004,0.07300000000000026,16.123892509532393
171.25,2.1125,0.09760000000000034,21.55742341000495
171.25,2.1375,0.12130000000000044,26.792166594606563
171.25,2.1625,0.1609999999999977,35.56091361691327
171.25,2.1875,0.20750000000000074,45.83161227024618
171.25,2.2125000000000004,0.25070000000000087,55.37342263205165
171.25,2.2375,0.3047000000000011,67.3006855843085
171.25,2.2625,0.37190000000000134,82.14350170267257
171.25,2.2875,0.4350999999999938,96.10281686160849
171.25,2.3125,0.4915000000000017,108.56018038952288
171.25,2.3375000000000004,0.560700000000002,123.84474698760016
171.25,2.3625,0.6292000000000023,138.97470091777785
171.25,2.3875,0.6892999999999903,152.2493028331573
171.25,2.4125000000000005,0.7573000000000027,167.26881914340933
171.25,2.4375,0.8177000000000029,180.60968363074844
171.25,2.4625000000000004,0.850900000000003,187.94274159398782
171.25,2.4875,0.9023000000000032,199.29572892261749
171.25,2.5125,0.8942999999999872,197.5287270037611
171.25,2.5375000000000005,0.9111000000000032,201.23943103335566
171.25,2.5625,0.9100000000000033,200.99646826951337
171.25,2.5875000000000004,0.8943000000000031,197.5287270037646
171.25,2.6125,0.8536000000000031,188.5391047416007
171.25,2.6375,0.7993999999999886,176.56766674136938
171.25,2.6625000000000005,0.7640000000000027,168.74868325044858
171.25,2.6875,0.6946000000000024,153.41994160439998
171.25,2.7125000000000004,0.6419000000000022,141.77981646395673
171.25,2.7375,0.5827000000000021,128.70400226444556
171.25,2.7625,0.5123999999999928,113.176472902524
171.25,2.7875000000000005,0.4527000000000016,99.99022108308648
171.25,2.8125,0.4009000000000014,88.54888365851419
171.25,2.8375000000000004,0.3563000000000013,78.69784796090947
171.25,2.8625,0.3019000000000011,66.68223491271
171.25,2.8875,0.2588999999999963,57.18459959887482
171.25,2.9125000000000005,0.22010000000000077,48.61464029243944
171.25,2.9375,0.18250000000000063,40.30973127383098
171.25,2.9625000000000004,0.15290000000000054,33.77182417407538
171.25,2.9875,0.13410000000000047,29.619369664771146
171.25,3.0125,0.1265999999999982,27.962805365846087
171.25,3.0375000000000005,0.12210000000000044,26.96886678649185
171.25,3.0625,0.11740000000000042,25.930753159165793
171.25,3.0875000000000004,0.11650000000000042,25.731965443294847
171.25,3.1125,0.13330000000000047,29.44266947288586
171.25,3.1375,0.13599999999999807,30.03903262049817
171.25,3.1625000000000005,0.14920000000000053,32.95458578660593
171.25,3.1875,0.18030000000000065,39.82380574614645
171.25,3.2125000000000004,0.1933000000000007,42.69518386428235
171.25,3.2375,0.2236000000000008,49.387703631937576
171.25,3.2625,0.25419999999999643,56.14648597154879
171.25,3.2875000000000005,0.27200000000000096,60.078065240997404
171.25,3.3125,0.30590000000000106,67.56573587213641
171.25,3.3375000000000004,0.32230000000000114,71.1880898057848
171.25,3.3625,0.3405000000000012,75.20801917117505
171.25,3.3875,0.36469999999999486,80.55319997570355
171.25,3.4125000000000005,0.3802000000000013,83.97676619348239
171.25,3.4375,0.40190000000000137,88.76975889837078
171.25,3.4625000000000004,0.4152000000000015,91.7073995884637
171.25,3.4875,0.4343000000000016,95.9261166697249
171.25,3.5125,0.43119999999999387,95.24140342616772
171.25,3.5375000000000005,0.43320000000000153,95.68315390588263
171.25,3.5625,0.4198000000000015,92.72342569180408
171.25,3.5875000000000004,0.4118000000000015,90.95642377295123
171.25,3.6125,0.3984000000000014,87.99669555887267
171.25,3.6375,0.37629999999999464,83.11535275804015
171.25,3.6625000000000005,0.3633000000000013,80.24397463990573
171.25,3.6875,0.33750000000000124,74.54539345160525
171.25,3.7125000000000004,0.3147000000000011,69.50943798287456
171.25,3.7375,0.290600000000001,64.18634470233032
171.25,3.7625,0.280499999999996,61.95550477977746
171.25,3.7875000000000005,0.24430000000000088,53.959821096969364
171.25,3.8125,0.2234000000000008,49.343528583966254
171.25,3.8375000000000004,0.20330000000000073,44.90393626284843
171.25,3.8625,0.17450000000000063,38.542729354978114
171.25,3.8875,0.14559999999999793,32.159434923121566
171.25,3.9125000000000005,0.13350000000000048,29.486844520857183
171.25,3.9375,0.10080000000000036,22.264224177546097
171.25,3.9625000000000004,0.09220000000000034,20.36469711477927
171.25,3.9875,0.08150000000000028,18.001332048313557
171.25,4.0125,0.06779999999999903,14.975341262277762
171.25,4.0375,0.05450000000000116,12.037700572185354
171.25,4.0625,0.04409999999999937,9.740598077676243
171.25,4.0875,0.03589999999999949,7.92942111085209
171.25,4.112500000000001,0.03370000000000072,7.4434955831678264
171.25,4.1375,0.022099999999999686,4.881342800830953
171.25,4.1625,0.02010000000000043,4.439592321117902
171.25,4.1875,0.015999999999999775,3.5340038377056673
171.25,4.2125,0.012299999999999825,2.7167654502362315
171.25,4.237500000000001,0.010200000000000218,2.2529274465374427
171.25,4.2625,0.006599999999999906,1.4577765830535876
171.25,4.2875,0.005400000000000115,1.192726295225705
171.25,4.3125,0.003299999999999953,0.7288882915267938
171.25,4.3375,0.0031999999999999546,0.7068007675411334
171.25,4.362500000000001,0.0025000000000000534,0.5521880996415302
171.25,4.3875,0.0020999999999999704,0.46383800369886885
171.25,4.4125,0.0016000000000000343,0.3534003837705793
171.25,4.4375,0.000999999999999986,0.2208752398566042
171.25,4.4625,0.000499999999999993,0.1104376199283021
171.25,4.487500000000001,0.0006000000000000128,0.13252514391396722
171.25,4.5125,9.999999999999858e-05,0.02208752398566042
171.25,4.5375,0.0004000000000000086,0.08835009594264483
171.25,4.5625,9.999999999999858e-05,0.02208752398566042
171.25,4.5875,0.0,0.0
171.25,4.612500000000001,0.0,0.0
171.25,4.6375,0.0,0.0
171.25,4.6625,0.00010000000000000215,0.022087523985661207
171.25,4.6875,0.0,0.0
171.25,4.7125,0.0,0.0
171.25,4.737500000000001,0.00010000000000000215,0.022087523985661207
171.25,4.7625,0.0,0.0
171.25,4.7875000000000005,0.0,0.0
171.25,4.8125,0.0,0.0
171.25,4.8375,0.0,0.0
171.25,4.862500000000001,0.0,0.0
171.25,4.8875,0.0,0.0
171.25,4.9125000000000005,0.0,0.0
171.25,4.9375,0.0,0.0
171.25,4.9625,0.0,0.0
171.25,4.987500000000001,0.0,0.0
171.25,5.0125,0.0,0.0
171.25,5.0375000000000005,0.0,0.0
171.25,5.0625,0.0,0.0
171.25,5.0875,0.0,0.0
171.25,5.112500000000001,0.0,0.0
171.25,5.1375,0.0,0.0
171.25,5.1625000000000005,0.0,0.0
171.25,5.1875,0.0,0.0
171.25,5.2125,0.0,0.0
171.25,5.237500000000001,0.0,0.0
171.25,5.2625,0.0,0.0
171.25,5.2875000000000005,0.0,0.0
171.25,5.3125,0.0,0.0
171.25,5.3375,0.0,0.0
171.25,5.362500000000001,0.0,0.0
171.25,5.3875,0.0,0.0
171.25,5.4125000000000005,0.0,0.0
171.25,5.4375,0.0,0.0
171.25,5.4625,0.0,0.0
171.25,5.487500000000001,0.0,0.0
171.25,5.5125,0.0,0.0
171.25,5.5375000000000005,0.0,0.0
171.25,5.5625,0.0,0.0
171.25,5.5875,0.0,0.0
171.25,5.612500000000001,0.0,0.0
171.25,5.6375,0.0,0.0
171.25,5.6625000000000005,0.0,0.0
171.25,5.6875,0.0,0.0
171.25,5.7125,0.0,0.0
171.25,5.737500000000001,0.0,0.0
171.25,5.7625,0.0,0.0
171.25,5.7875000000000005,0.0,0.0
171.25,5.8125,0.0,0.0
171.25,5.8375,0.0,0.0
171.25,5.862500000000001,0.0,0.0
171.25,5.8875,0.0,0.0
171.25,5.9125000000000005,0.0,0.0
171.25,5.9375,0.0,0.0
171.25,5.9625,0.0,0.0
171.25,5.987500000000001,0.0,0.0
171.25,6.0125,0.0,0.0
171.25,6.0375000000000005,0.0,0.0
171.25,6.0625,0.0,0.0
171.25,6.0875,0.0,0.0
171.25,6.112500000000001,0.0,0.0
171.25,6.1375,0.0,0.0
171.25,6.1625000000000005,0.0,0.0
171.25,6.1875,0.0,0.0
171.25,6.2125,0.0,0.0
171.25,6.237500000000001,0.0,0.0
171.25,6.2625,0.0,0.0
171.25,6.2875000000000005,0.0,0.0
171.25,6.3125,0.0,0.0
171.25,6.3375,0.0,0.0
171.25,6.362500000000001,0.0,0.0
171.25,6.3875,0.0,0.0
171.25,6.4125000000000005,0.0,0.0
171.25,6.4375,0.0,0.0
171.25,6.4625,0.0,0.0
171.25,6.487500000000001,0.0,0.0
171.25,6.5125,0.0,0.0
171.25,6.5375000000000005,0.0,0.0
171.25,6.5625,0.0,0.0
171.25,6.5875,0.0,0.0
171.25,6.612500000000001,0.0,0.0
171.25,6.6375,0.0,0.0
171.25,6.6625000000000005,0.0,0.0
171.25,6.6875,0.0,0.0
171.25,6.7125,0.0,0.0
171.25,6.737500000000001,0.0,0.0
171.25,6.7625,0.0,0.0
171.25,6.7875000000000005,0.0,0.0
171.25,6.8125,0.0,0.0
171.25,6.8375,0.0,0.0
171.25,6.862500000000001,0.0,0.0
171.25,6.8875,0.0,0.0
171.25,6.9125000000000005,0.0,0.0
171.25,6.9375,0.0,0.0
171.25,6.9625,0.0,0.0
171.25,6.987500000000001,0.0,0.0
173.75,0.0125,0.0,0.0
173.75,0.037500000000000006,0.0,0.0
173.75,0.0625,0.0,0.0
173.75,0.08750000000000001,0.0,0.0
173.75,0.1125,0.0,0.0
173.75,0.1375,0.0,0.0
173.75,0.16250000000000003,0.00020000000000000006,0.03430243704733611
173.75,0.1875,0.00040000000000000013,0.06860487409467222
173.75,0.21250000000000002,0.0031000000000000008,0.5316877742337096
173.75,0.2375,0.008300000000000002,1.4235511374644485
173.75,0.2625,0.019899999999999984,3.413092486209939
173.75,0.28750000000000003,0.03989999999999996,6.843336190943545
173.75,0.3125,0.08120000000000012,13.926789441218476
173.75,0.3375,0.1212999999999999,20.804428069209326
173.75,0.36250000000000004,0.16350000000000023,28.0422422861973
173.75,0.3875,0.2162999999999998,37.098085666693954
173.75,0.41250000000000003,0.2575999999999998,44.181538916968854
173.75,0.4375,0.2612000000000004,44.79898278382101
173.75,0.4625,0.2534999999999998,43.478338957498465
173.75,0.48750000000000004,0.23680000000000032,40.61408546404599
173.75,0.5125,0.1927999999999998,33.067549313631964
173.75,0.5375000000000001,0.15169999999999986,26.01839850040441
173.75,0.5625,0.1195999999999999,20.51285735430697
173.75,0.5875000000000001,0.07869999999999994,13.498008978126744
173.75,0.6125,0.059100000000000215,10.136370147487854
173.75,0.6375,0.03649999999999997,6.260194761138833
173.75,0.6625000000000001,0.02289999999999998,3.92762904191998
173.75,0.6875,0.013799999999999988,2.3668681562661886
173.75,0.7125000000000001,0.0076999999999999924,1.3206438263224385
173.75,0.7375,0.0050000000000000175,0.8575609261834055
173.75,0.7625,0.002099999999999998,0.36017558899702873
173.75,0.7875000000000001,0.0007999999999999994,0.13720974818934428
173.75,0.8125,0.0008999999999999992,0.1543609667130123
173.75,0.8375000000000001,0.0003999999999999997,0.06860487409467214
173.75,0.8625,0.00010000000000000036,0.01715121852366811
173.75,0.8875,0.0,0.0
173.75,0.9125000000000001,9.999999999999992e-05,0.017151218523668035
173.75,0.9375,0.0,0.0
173.75,0.9625000000000001,9.999999999999992e-05,0.017151218523668035
173.75,0.9875,0.00040000000000000143,0.06860487409467245
173.75,1.0125000000000002,0.0002999999999999984,0.05145365557100388
173.75,1.0375,0.0006000000000000021,0.10290731114200866
173.75,1.0625,0.0021000000000000077,0.36017558899703034
173.75,1.0875,0.003399999999999982,0.5831414298047106
173.75,1.1125,0.006200000000000022,1.063375548467423
173.75,1.1375000000000002,0.010199999999999947,1.7494242894141319
173.75,1.1625,0.01650000000000006,2.8299510564052386
173.75,1.1875,0.02809999999999985,4.819492405150696
173.75,1.2125000000000001,0.043000000000000156,7.375023965177288
173.75,1.2375,0.0566000000000002,9.70758968439615
173.75,1.2625000000000002,0.08529999999999954,14.629989400688768
173.75,1.2875,0.10650000000000037,18.266047727706535
173.75,1.3125,0.1502999999999992,25.77828144107294
173.75,1.3375000000000001,0.18670000000000064,32.02132498368836
173.75,1.3625,0.23660000000000084,40.57978302699875
173.75,1.3875000000000002,0.28859999999999847,49.498416659305725
173.75,1.4125,0.3140000000000011,53.85482616431786
173.75,1.4375,0.36939999999999806,63.35660122642944
173.75,1.4625000000000001,0.41530000000000145,71.22901052879365
173.75,1.4875,0.4540000000000016,77.86653209745322
173.75,1.5125000000000002,0.4569999999999975,78.38106865316256
173.75,1.5375,0.4984000000000018,85.48167312196186
173.75,1.5625,0.5003999999999973,85.82469749243445
173.75,1.5875000000000001,0.49070000000000175,84.16102929563942
173.75,1.6125,0.4700000000000017,80.61072706124013
173.75,1.6375000000000002,0.44339999999999763,76.04850293394372
173.75,1.6625,0.40160000000000146,68.87929359105114
173.75,1.6875,0.36249999999999805,62.17316714829634
173.75,1.7125000000000001,0.3190000000000011,54.71238709050127
173.75,1.7375,0.2648000000000009,45.41642665067315
173.75,1.7625000000000002,0.2403999999999987,41.231529330897764
173.75,1.7875,0.2003000000000007,34.35389070290722
173.75,1.8125,0.16029999999999914,27.493403293439734
173.75,1.8375000000000001,0.12740000000000046,21.850652399153173
173.75,1.8625,0.10510000000000037,18.025930668375185
173.75,1.8875000000000002,0.0768999999999996,13.189287044700661
173.75,1.9125,0.06770000000000025,11.611374940523312
173.75,1.9375,0.0551999999999997,9.467472625064712
173.75,1.9625000000000001,0.04560000000000016,7.820955646792658
173.75,1.9875,0.04000000000000014,6.860487409467244
173.75,2.0125,0.040200000000000145,6.8947898465145805
173.75,2.0375,0.04869999999999931,8.352643421026222
173.75,2.0625,0.0562000000000002,9.638984810301478
173.75,2.0875000000000004,0.07750000000000028,13.292194355842787
173.75,2.1125,0.09990000000000036,17.134067305144445
173.75,2.1375,0.12230000000000044,20.975940254446098
173.75,2.1625,0.1619999999999977,27.784974008341845
173.75,2.1875,0.20150000000000073,34.559705325191246
173.75,2.2125000000000004,0.24510000000000087,42.03763660151054
173.75,2.2375,0.3071000000000011,52.67139208618477
173.75,2.2625,0.3644000000000013,62.49904030024659
173.75,2.2875,0.41289999999999416,70.81738128422437
173.75,2.3125,0.49450000000000177,84.81277559953881
173.75,2.3375000000000004,0.550500000000002,94.41745797279296
173.75,2.3625,0.6288000000000022,107.84686207682508
173.75,2.3875,0.6931999999999903,118.89224680606524
173.75,2.4125000000000005,0.7623000000000028,130.74373880592202
173.75,2.4375,0.7935000000000029,136.09491898530646
173.75,2.4625000000000004,0.8550000000000031,146.64291837736235
173.75,2.4875,0.8794000000000032,150.82781569713737
173.75,2.5125,0.8885999999999873,152.4057278013121
173.75,2.5375000000000005,0.9183000000000032,157.49963970284426
173.75,2.5625,0.8861000000000031,151.9769473382231
173.75,2.5875000000000004,0.8928000000000031,153.1260789793089
173.75,2.6125,0.8463000000000029,145.15076236580322
173.75,2.6375,0.7971999999999887,136.72951407067976
173.75,2.6625000000000005,0.7627000000000027,130.81234368001668
173.75,2.6875,0.7157000000000024,122.75127097389264
173.75,2.7125000000000004,0.6293000000000022,107.93261816944342
173.75,2.7375,0.573600000000002,98.37938945176028
173.75,2.7625,0.5206999999999926,89.30639485273826
173.75,2.7875000000000005,0.4606000000000016,78.99851252001531
173.75,2.8125,0.3909000000000014,67.04411320901865
173.75,2.8375000000000004,0.3556000000000013,60.98973307016381
173.75,2.8625,0.29440000000000105,50.49318733367892
173.75,2.8875,0.2560999999999964,43.92427063911325
173.75,2.9125000000000005,0.21450000000000077,36.7893637332681
173.75,2.9375,0.18680000000000066,32.03847620221203
173.75,2.9625000000000004,0.1624000000000006,27.853578882437017
173.75,2.9875,0.1374000000000005,23.565774251519986
173.75,3.0125,0.12199999999999828,20.924486598874726
173.75,3.0375000000000005,0.1159000000000004,19.878262268931337
173.75,3.0625,0.11410000000000041,19.569540335505316
173.75,3.0875000000000004,0.11550000000000041,19.809657394836666
173.75,3.1125,0.12630000000000047,21.661988995392825
173.75,3.1375,0.13589999999999808,23.30850597366455
173.75,3.1625000000000005,0.14800000000000052,25.3838034150288
173.75,3.1875,0.1723000000000006,29.55154951628015
173.75,3.2125000000000004,0.20770000000000075,35.623080873658665
173.75,3.2375,0.22600000000000078,38.76175386348993
173.75,3.2625,0.24299999999999652,41.677461012512765
173.75,3.2875000000000005,0.26660000000000095,45.72514858409918
173.75,3.3125,0.29730000000000106,50.99057267086529
173.75,3.3375000000000004,0.3235000000000011,55.48419192406633
173.75,3.3625,0.3473000000000012,59.566181932699344
173.75,3.3875,0.37129999999999475,63.682474378378565
173.75,3.4125000000000005,0.39260000000000145,67.33568392392101
173.75,3.4375,0.4209000000000015,72.18947876611908
173.75,3.4625000000000004,0.4177000000000015,71.6406397733617
173.75,3.4875,0.4283000000000015,73.45866893687051
173.75,3.5125,0.42979999999999385,73.71593721472422
173.75,3.5375000000000005,0.4333000000000015,74.31622986305392
173.75,3.5625,0.4314000000000015,73.99035671110423
173.75,3.5875000000000004,0.42680000000000157,73.2014006590155
173.75,3.6125,0.41330000000000144,70.88598615832029
173.75,3.6375,0.39099999999999446,67.06126442754112
173.75,3.6625000000000005,0.3698000000000013,63.42520610052467
173.75,3.6875,0.3471000000000012,59.531879495652
173.75,3.7125000000000004,0.3150000000000011,54.02633834955455
173.75,3.7375,0.30480000000000107,52.2769140601404
173.75,3.7625,0.2742999999999961,47.04579241042079
173.75,3.7875000000000005,0.24190000000000086,41.48879760875316
173.75,3.8125,0.22090000000000076,37.887041718782854
173.75,3.8375000000000004,0.20530000000000073,35.21145162909063
173.75,3.8625,0.17270000000000063,29.62015439037483
173.75,3.8875,0.15209999999999782,26.087003374498728
173.75,3.9125000000000005,0.12390000000000044,21.25035975082479
173.75,3.9375,0.10920000000000038,18.729130627845574
173.75,3.9625000000000004,0.09230000000000033,15.830574697345666
173.75,3.9875,0.07690000000000027,13.189287044700777
173.75,4.0125,0.06479999999999908,11.113989603336739
173.75,4.0375,0.051300000000001095,8.798575102641896
173.75,4.0625,0.042799999999999394,7.340721528129821
173.75,4.0875,0.032899999999999534,5.642750894286708
173.75,4.112500000000001,0.031200000000000665,5.351180179384546
173.75,4.1375,0.025299999999999642,4.339258286487955
173.75,4.1625,0.01910000000000041,3.2758827380206674
173.75,4.1875,0.01819999999999974,3.1215217713075405
173.75,4.2125,0.012399999999999824,2.126751096934808
173.75,4.237500000000001,0.009200000000000196,1.5779121041774942
173.75,4.2625,0.006399999999999909,1.0976779855147396
173.75,4.2875,0.0066000000000001405,1.1319804225621153
173.75,4.3125,0.004499999999999936,0.7718048335650513
173.75,4.3375,0.003299999999999953,0.5659902112810375
173.75,4.362500000000001,0.0013000000000000277,0.22296584080768939
173.75,4.3875,0.0024999999999999645,0.42878046309169515
173.75,4.4125,0.0008000000000000172,0.13720974818934734
173.75,4.4375,0.00019999999999999716,0.03430243704733561
173.75,4.4625,0.00039999999999999433,0.06860487409467123
173.75,4.487500000000001,0.0006000000000000128,0.1029073111420105
173.75,4.5125,0.00029999999999999575,0.05145365557100342
173.75,4.5375,0.0,0.0
173.75,4.5625,9.999999999999858e-05,0.017151218523667806
173.75,4.5875,0.00029999999999999575,0.05145365557100342
173.75,4.612500000000001,0.0,0.0
173.75,4.6375,0.00019999999999999716,0.03430243704733561
173.75,4.6625,0.0,0.0
173.75,4.6875,0.0,0.0
173.75,4.7125,0.0,0.0
173.75,4.737500000000001,0.0,0.0
173.75,4.7625,0.0,0.0
173.75,4.7875000000000005,0.0,0.0
173.75,4.8125,0.0,0.0
173.75,4.8375,0.0,0.0
173.75,4.862500000000001,0.0,0.0
173.75,4.8875,0.0,0.0
173.75,4.9125000000000005,0.0,0.0
173.75,4.9375,0.0,0.0
173.75,4.9625,0.0,0.0
173.75,4.987500000000001,0.0,0.0
173.75,5.0125,0.0,0.0
173.75,5.0375000000000005,0.0,0.0
173.75,5.0625,0.0,0.0
173.75,5.0875,0.0,0.0
173.75,5.112500000000001,0.0,0.0
173.75,5.1375,0.0,0.0
173.75,5.1625000000000005,0.0,0.0
173.75,5.1875,0.0,0.0
173.75,5.2125,0.0,0.0
173.75,5.237500000000001,0.0,0.0
173.75,5.2625,0.0,0.0
173.75,5.2875000000000005,0.0,0.0
173.75,5.3125,0.0,0.0
173.75,5.3375,0.0,0.0
173.75,5.362500000000001,0.0,0.0
173.75,5.3875,0.0,0.0
173.75,5.4125000000000005,0.0,0.0
173.75,5.4375,0.0,0.0
173.75,5.4625,0.0,0.0
173.75,5.487500000000001,0.0,0.0
173.75,5.5125,0.0,0.0
173.75,5.5375000000000005,0.0,0.0
173.75,5.5625,0.0,0.0
173.75,5.5875,0.0,0.0
173.75,5.612500000000001,0.0,0.0
173.75,5.6375,0.0,0.0
173.75,5.6625000000000005,0.0,0.0
173.75,5.6875,0.0,0.0
173.75,5.7125,0.0,0.0
173.75,5.737500000000001,0.0,0.0
173.75,5.7625,0.0,0.0
173.75,5.7875000000000005,0.0,0.0
173.75,5.8125,0.0,0.0
173.75,5.8375,0.0,0.0
173.75,5.862500000000001,0.0,0.0
173.75,5.8875,0.0,0.0
173.75,5.9125000000000005,0.0,0.0
173.75,5.9375,0.0,0.0
173.75,5.9625,0.0,0.0
173.75,5.987500000000001,0.0,0.0
173.75,6.0125,0.0,0.0
173.75,6.0375000000000005,0.0,0.0
173.75,6.0625,0.0,0.0
173.75,6.0875,0.0,0.0
173.75,6.112500000000001,0.0,0.0
173.75,6.1375,0.0,0.0
173.75,6.1625000000000005,0.0,0.0
173.75,6.1875,0.0,0.0
173.75,6.2125,0.0,0.0
173.75,6.237500000000001,0.0,0.0
173.75,6.2625,0.0,0.0
173.75,6.2875000000000005,0.0,0.0
173.75,6.3125,0.0,0.0
173.75,6.3375,0.0,0.0
173.75,6.362500000000001,0.0,0.0
173.75,6.3875,0.0,0.0
173.75,6.4125000000000005,0.0,0.0
173.75,6.4375,0.0,0.0
173.75,6.4625,0.0,0.0
173.75,6.487500000000001,0.0,0.0
173.75,6.5125,0.0,0.0
173.75,6.5375000000000005,0.0,0.0
173.75,6.5625,0.0,0.0
173.75,6.5875,0.0,0.0
173.75,6.612500000000001,0.0,0.0
173.75,6.6375,0.0,0.0
173.75,6.6625000000000005,0.0,0.0
173.75,6.6875,0.0,0.0
173.75,6.7125,0.0,0.0
173.75,6.737500000000001,0.0,0.0
173.75,6.7625,0.0,0.0
173.75,6.7875000000000005,0.0,0.0
173.75,6.8125,0.0,0.0
173.75,6.8375,0.0,0.0
173.75,6.862500000000001,0.0,0.0
173.75,6.8875,0.0,0.0
173.75,6.9125000000000005,0.0,0.0
173.75,6.9375,0.0,0.0
173.75,6.9625,0.0,0.0
173.75,6.987500000000001,0.0,0.0
176.25,0.0125,0.0,0.0
176.25,0.037500000000000006,0.0,0.0
176.25,0.0625,0.0,0.0
176.25,0.08750000000000001,0.0,0.0
176.25,0.1125,0.0,0.0
176.25,0.1375,0.0,0.0
176.25,0.16250000000000003,0.00010000000000000003,0.013429773310457254
176.25,0.1875,0.0006000000000000002,0.08057863986274352
176.25,0.21250000000000002,0.0025000000000000005,0.33574433276143134
176.25,0.2375,0.007400000000000001,0.9938032249738367
176.25,0.2625,0.019499999999999983,2.6188057955391613
176.25,0.28750000000000003,0.04329999999999996,5.815091843427983
176.25,0.3125,0.07390000000000009,9.92460247642792
176.25,0.3375,0.12119999999999989,16.276885252274173
176.25,0.36250000000000004,0.16860000000000022,22.642597801430952
176.25,0.3875,0.2072999999999998,27.83992007257785
176.25,0.41250000000000003,0.24729999999999977,33.21182939676075
176.25,0.4375,0.26080000000000036,35.024848793672554
176.25,0.4625,0.25069999999999976,33.668441689316296
176.25,0.48750000000000004,0.22870000000000032,30.713891561015775
176.25,0.5125,0.18959999999999985,25.462850196626928
176.25,0.5375000000000001,0.15759999999999985,21.165322737280608
176.25,0.5625,0.1140999999999999,15.323371347231708
176.25,0.5875000000000001,0.07979999999999993,10.716959101744875
176.25,0.6125,0.0556000000000002,7.466953960614258
176.25,0.6375,0.03669999999999997,4.928726804937806
176.25,0.6625000000000001,0.026099999999999977,3.505170834029339
176.25,0.6875,0.013699999999999986,1.8398789435326415
176.25,0.7125000000000001,0.008199999999999992,1.1012414114574933
176.25,0.7375,0.005300000000000018,0.7117779854542367
176.25,0.7625,0.0022999999999999982,0.3088847861405165
176.25,0.7875000000000001,0.0007999999999999994,0.10743818648365792
176.25,0.8125,0.0007999999999999994,0.10743818648365792
176.25,0.8375000000000001,9.999999999999992e-05,0.01342977331045724
176.25,0.8625,0.0,0.0
176.25,0.8875,0.0,0.0
176.25,0.9125000000000001,0.0,0.0
176.25,0.9375,0.00029999999999999976,0.04028931993137172
176.25,0.9625000000000001,0.0,0.0
176.25,0.9875,0.00040000000000000143,0.05371909324182919
176.25,1.0125000000000002,0.0004999999999999974,0.0671488665522859
176.25,1.0375,0.0013000000000000045,0.17458705303594485
176.25,1.0625,0.002600000000000009,0.3491741060718897
176.25,1.0875,0.002299999999999988,0.3088847861405151
176.25,1.1125,0.006100000000000021,0.8192161719378951
176.25,1.1375000000000002,0.009999999999999946,1.3429773310457178
176.25,1.1625,0.018700000000000067,2.511367609055515
176.25,1.1875,0.02839999999999985,3.814055620169839
176.25,1.2125000000000001,0.04000000000000014,5.371909324182919
176.25,1.2375,0.05920000000000021,7.95042579979072
176.25,1.2625000000000002,0.08469999999999955,11.375017993957231
176.25,1.2875,0.10610000000000037,14.248989482395192
176.25,1.3125,0.15469999999999917,20.775859311277255
176.25,1.3375000000000001,0.18200000000000066,24.442187425032284
176.25,1.3625,0.2255000000000008,30.284138815081207
176.25,1.3875000000000002,0.27689999999999854,37.18704229665593
176.25,1.4125,0.3284000000000012,44.10337555154177
176.25,1.4375,0.375499999999998,50.428798780766705
176.25,1.4625000000000001,0.40700000000000147,54.65917737356121
176.25,1.4875,0.45490000000000164,61.09203878927025
176.25,1.5125000000000002,0.4821999999999974,64.75836690302451
176.25,1.5375,0.4870000000000017,65.40299602192704
176.25,1.5625,0.5043999999999973,67.739776577946
176.25,1.5875000000000001,0.4876000000000017,65.48357466178977
176.25,1.6125,0.4616000000000016,61.99183360107089
176.25,1.6375000000000002,0.43569999999999764,58.51352231366192
176.25,1.6625,0.4053000000000014,54.43087122728342
176.25,1.6875,0.376399999999998,50.54966674056082
176.25,1.7125000000000001,0.3197000000000011,42.93498527353198
176.25,1.7375,0.281300000000001,37.77795232231638
176.25,1.7625000000000002,0.23769999999999872,31.92257115895671
176.25,1.7875,0.1933000000000007,25.959751809113957
176.25,1.8125,0.1654999999999991,22.226274828806627
176.25,1.8375000000000001,0.13300000000000048,17.86159850290821
176.25,1.8625,0.10220000000000036,13.725228323287357
176.25,1.8875000000000002,0.08599999999999954,11.549605046993173
176.25,1.9125,0.06630000000000023,8.903939704833189
176.25,1.9375,0.05469999999999971,7.346086000820076
176.25,1.9625000000000001,0.04840000000000017,6.500010282261332
176.25,1.9875,0.040400000000000144,5.425628417424749
176.25,2.0125,0.04840000000000017,6.500010282261332
176.25,2.0375,0.04839999999999931,6.500010282261217
176.25,2.0625,0.06070000000000021,8.15187239944758
176.25,2.0875000000000004,0.07590000000000027,10.19319794263709
176.25,2.1125,0.09580000000000034,12.865722831418092
176.25,2.1375,0.12650000000000045,16.98866323772848
176.25,2.1625,0.15949999999999773,21.42048843017901
176.25,2.1875,0.1951000000000007,26.201487728702187
176.25,2.2125000000000004,0.2543000000000009,34.15191352849291
176.25,2.2375,0.3021000000000011,40.5713451708915
176.25,2.2625,0.3536000000000013,47.48767842577701
176.25,2.2875,0.420299999999994,56.44533722385102
176.25,2.3125,0.48970000000000175,65.76559990130939
176.25,2.3375000000000004,0.561600000000002,75.42160691152819
176.25,2.3625,0.6171000000000022,82.87513109883199
176.25,2.3875,0.6782999999999904,91.09415236483024
176.25,2.4125000000000005,0.7553000000000026,101.43507781388396
176.25,2.4375,0.8182000000000029,109.88240522616161
176.25,2.4625000000000004,0.848300000000003,113.92476699260926
176.25,2.4875,0.9061000000000031,121.68717596605356
176.25,2.5125,0.8973999999999872,120.51878568804165
176.25,2.5375000000000005,0.8974000000000032,120.51878568804379
176.25,2.5625,0.8998000000000033,120.84110024749478
176.25,2.5875000000000004,0.8916000000000032,119.73985883603727
176.25,2.6125,0.843300000000003,113.2532783270864
176.25,2.6375,0.8073999999999886,108.4319897086303
176.25,2.6625000000000005,0.7699000000000028,103.39582471721074
176.25,2.6875,0.7012000000000025,94.16957045292658
176.25,2.7125000000000004,0.6464000000000023,86.81005467879598
176.25,2.7375,0.5851000000000021,78.57760363948564
176.25,2.7625,0.5094999999999927,68.42469501677871
176.25,2.7875000000000005,0.4626000000000017,62.12613133417546
176.25,2.8125,0.3939000000000014,52.899877069891296
176.25,2.8375000000000004,0.3383000000000012,45.43292310927704
176.25,2.8625,0.29890000000000105,40.14159242495686
176.25,2.8875,0.2561999999999964,34.40707922139099
176.25,2.9125000000000005,0.21500000000000075,28.87401261748319
176.25,2.9375,0.18920000000000067,25.409131103385207
176.25,2.9625000000000004,0.16210000000000055,21.769662536251275
176.25,2.9875,0.1382000000000005,18.559946715051986
176.25,3.0125,0.1250999999999982,16.80064641138178
176.25,3.0375000000000005,0.11970000000000042,16.075438652617386
176.25,3.0625,0.11710000000000041,15.726264546545496
176.25,3.0875000000000004,0.11840000000000042,15.90085159958144
176.25,3.1125,0.12820000000000045,17.216969384006255
176.25,3.1375,0.14229999999999798,19.110567420780395
176.25,3.1625000000000005,0.15840000000000057,21.27276092376436
176.25,3.1875,0.16720000000000057,22.4545809750846
176.25,3.2125000000000004,0.1986000000000007,26.67152979456819
176.25,3.2375,0.21330000000000074,28.645706471205415
176.25,3.2625,0.24329999999999655,32.674638464342024
176.25,3.2875000000000005,0.27450000000000097,36.86472773720528
176.25,3.3125,0.29800000000000104,40.02072446516274
176.25,3.3375000000000004,0.3134000000000011,42.08890955497317
176.25,3.3625,0.33870000000000117,45.486642202518865
176.25,3.3875,0.3755999999999947,50.44222855407672
176.25,3.4125000000000005,0.38530000000000136,51.744916565191964
176.25,3.4375,0.40970000000000145,55.02178125294355
176.25,3.4625000000000004,0.4194000000000015,56.32446926405791
176.25,3.4875,0.43550000000000155,58.48666276704153
176.25,3.5125,0.43489999999999385,58.406084127177756
176.25,3.5375000000000005,0.43660000000000154,58.63439027345656
176.25,3.5625,0.42570000000000147,57.17054498261671
176.25,3.5875000000000004,0.42200000000000154,56.6736433701298
176.25,3.6125,0.40480000000000144,54.36372236073114
176.25,3.6375,0.3854999999999945,51.77177611181196
176.25,3.6625000000000005,0.36990000000000134,49.67673147538155
176.25,3.6875,0.3488000000000013,46.84304930687506
176.25,3.7125000000000004,0.3189000000000011,42.82754708704832
176.25,3.7375,0.293300000000001,39.389525119571246
176.25,3.7625,0.2689999999999962,36.12609020512949
176.25,3.7875000000000005,0.2518000000000009,33.816169195731476
176.25,3.8125,0.21440000000000076,28.793433977620445
176.25,3.8375000000000004,0.18960000000000068,25.462850196627038
176.25,3.8625,0.17510000000000064,23.515533066610733
176.25,3.8875,0.1465999999999979,19.688047673130047
176.25,3.9125000000000005,0.12700000000000045,17.05581210428077
176.25,3.9375,0.11580000000000042,15.551677493509551
176.25,3.9625000000000004,0.09800000000000035,13.161177844248153
176.25,3.9875,0.08090000000000029,10.864686608159955
176.25,4.0125,0.06439999999999908,8.648774011934346
176.25,4.0375,0.052900000000001134,7.104350081232037
176.25,4.0625,0.04589999999999935,6.16426594949979
176.25,4.0875,0.03819999999999946,5.130173404594596
176.25,4.112500000000001,0.029300000000000624,3.934923579964058
176.25,4.1375,0.02469999999999965,3.317154007682894
176.25,4.1625,0.015300000000000325,2.0547553165000028
176.25,4.1875,0.014599999999999792,1.9607469033267306
176.25,4.2125,0.011699999999999834,1.5712834773234758
176.25,4.237500000000001,0.010400000000000222,1.3966964242875837
176.25,4.2625,0.006799999999999904,0.9132245851110802
176.25,4.2875,0.004600000000000098,0.6177695722810467
176.25,4.3125,0.003099999999999956,0.41632297262416884
176.25,4.3375,0.004099999999999941,0.5506207057287393
176.25,4.362500000000001,0.002300000000000049,0.30888478614052334
176.25,4.3875,0.001999999999999972,0.2685954662091412
176.25,4.4125,0.0012000000000000257,0.16115727972549046
176.25,4.4375,0.00069999999999999,0.09400841317319941
176.25,4.4625,0.00069999999999999,0.09400841317319941
176.25,4.487500000000001,0.0007000000000000148,0.09400841317320274
176.25,4.5125,0.00019999999999999716,0.02685954662091412
176.25,4.5375,0.00010000000000000215,0.013429773310457539
176.25,4.5625,9.999999999999858e-05,0.01342977331045706
176.25,4.5875,0.0,0.0
176.25,4.612500000000001,0.0002000000000000043,0.026859546620915078
176.25,4.6375,0.0,0.0
176.25,4.6625,0.0,0.0
176.25,4.6875,9.999999999999858e-05,0.01342977331045706
176.25,4.7125,0.0,0.0
176.25,4.737500000000001,0.0,0.0
176.25,4.7625,0.0,0.0
176.25,4.7875000000000005,0.0,0.0
176.25,4.8125,0.0,0.0
176.25,4.8375,0.0,0.0
176.25,4.862500000000001,0.0,0.0
176.25,4.8875,0.0,0.0
176.25,4.9125000000000005,0.0,0.0
176.25,4.9375,0.0,0.0
176.25,4.9625,0.0,0.0
176.25,4.987500000000001,0.0,0.0
176.25,5.0125,0.0,0.0
176.25,5.0375000000000005,0.0,0.0
176.25,5.0625,0.0,0.0
176.25,5.0875,0.0,0.0
176.25,5.112500000000001,0.0,0.0
176.25,5.1375,0.0,0.0
176.25,5.1625000000000005,0.0,0.0
176.25,5.1875,0.0,0.0
176.25,5.2125,0.0,0.0
176.25,5.237500000000001,0.0,0.0
176.25,5.2625,0.0,0.0
176.25,5.2875000000000005,0.0,0.0
176.25,5.3125,0.0,0.0
176.25,5.3375,0.0,0.0
176.25,5.362500000000001,0.0,0.0
176.25,5.3875,0.0,0.0
176.25,5.4125000000000005,0.0,0.0
176.25,5.4375,0.0,0.0
176.25,5.4625,0.0,0.0
176.25,5.487500000000001,0.0,0.0
176.25,5.5125,0.0,0.0
176.25,5.5375000000000005,0.0,0.0
176.25,5.5625,0.0,0.0
176.25,5.5875,0.0,0.0
176.25,5.612500000000001,0.0,0.0
176.25,5.6375,0.0,0.0
176.25,5.6625000000000005,0.0,0.0
176.25,5.6875,0.0,0.0
176.25,5.7125,0.0,0.0
176.25,5.737500000000001,0.0,0.0
176.25,5.7625,0.0,0.0
176.25,5.7875000000000005,0.0,0.0
176.25,5.8125,0.0,0.0
176.25,5.8375,0.0,0.0
176.25,5.862500000000001,0.0,0.0
176.25,5.8875,0.0,0.0
176.25,5.9125000000000005,0.0,0.0
176.25,5.9375,0.0,0.0
176.25,5.9625,0.0,0.0
176.25,5.987500000000001,0.0,0.0
176.25,6.0125,0.0,0.0
176.25,6.0375000000000005,0.0,0.0
176.25,6.0625,0.0,0.0
176.25,6.0875,0.0,0.0
176.25,6.112500000000001,0.0,0.0
176.25,6.1375,0.0,0.0
176.25,6.1625000000000005,0.0,0.0
176.25,6.1875,0.0,0.0
176.25,6.2125,0.0,0.0
176.25,6.237500000000001,0.0,0.0
176.25,6.2625,0.0,0.0
176.25,6.2875000000000005,0.0,0.0
176.25,6.3125,0.0,0.0
176.25,6.3375,0.0,0.0
176.25,6.362500000000001,0.0,0.0
176.25,6.3875,0.0,0.0
176.25,6.4125000000000005,0.0,0.0
176.25,6.4375,0.0,0.0
176.25,6.4625,0.0,0.0
176.25,6.487500000000001,0.0,0.0
176.25,6.5125,0.0,0.0
176.25,6.5375000000000005,0.0,0.0
176.25,6.5625,0.0,0.0
176.25,6.5875,0.0,0.0
176.25,6.612500000000001,0.0,0.0
176.25,6.6375,0.0,0.0
176.25,6.6625000000000005,0.0,0.0
176.25,6.6875,0.0,0.0
176.25,6.7125,0.0,0.0
176.25,6.737500000000001,0.0,0.0
176.25,6.7625,0.0,0.0
176.25,6.7875000000000005,0.0,0.0
176.25,6.8125,0.0,0.0
176.25,6.8375,0.0,0.0
176.25,6.862500000000001,0.0,0.0
176.25,6.8875,0.0,0.0
176.25,6.9125000000000005,0.0,0.0
176.25,6.9375,0.0,0.0
176.25,6.9625,0.0,0.0
176.25,6.987500000000001,0.0,0.0
178.75,0.0125,0.0,0.0
178.75,0.037500000000000006,0.0,0.0
178.75,0.0625,0.0,0.0
178.75,0.08750000000000001,0.0,0.0
178.75,0.1125,0.0,0.0
178.75,0.1375,0.0,0.0
178.75,0.16250000000000003,0.00010000000000000003,0.010605571532532936
178.75,0.1875,0.0008000000000000003,0.08484457226026348
178.75,0.21250000000000002,0.003300000000000001,0.3499838605735868
178.75,0.2375,0.008100000000000001,0.8590512941351676
178.75,0.2625,0.018299999999999983,1.9408195904535246
178.75,0.28750000000000003,0.040199999999999965,4.263439756078235
178.75,0.3125,0.07860000000000011,8.335979224570897
178.75,0.3375,0.1138999999999999,12.079745975555
178.75,0.36250000000000004,0.16070000000000023,17.043153452780444
178.75,0.3875,0.20819999999999983,22.080799930733544
178.75,0.41250000000000003,0.24619999999999978,26.110917113096054
178.75,0.4375,0.26460000000000033,28.062342275082173
178.75,0.4625,0.2478999999999998,26.291211829149116
178.75,0.48750000000000004,0.2335000000000003,24.764009528464427
178.75,0.5125,0.19139999999999985,20.299063913268014
178.75,0.5375000000000001,0.14789999999999986,15.685640296616192
178.75,0.5625,0.11219999999999991,11.899451259501939
178.75,0.5875000000000001,0.08369999999999993,8.876863372730057
178.75,0.6125,0.05720000000000021,6.066386916608859
178.75,0.6375,0.038999999999999965,4.13617289768784
178.75,0.6625000000000001,0.021299999999999982,2.2589867364295126
178.75,0.6875,0.013599999999999989,1.4423577284244775
178.75,0.7125000000000001,0.008099999999999993,0.8590512941351667
178.75,0.7375,0.005200000000000018,0.5514897196917143
178.75,0.7625,0.0030999999999999973,0.3287727175085206
178.75,0.7875000000000001,0.0014999999999999985,0.1590835729879938
178.75,0.8125,0.0013999999999999987,0.14847800145546092
178.75,0.8375000000000001,9.999999999999992e-05,0.010605571532532923
178.75,0.8625,0.00010000000000000036,0.01060557153253297
178.75,0.8875,0.00029999999999999976,0.03181671459759877
178.75,0.9125000000000001,9.999999999999992e-05,0.010605571532532923
178.75,0.9375,0.0,0.0
178.75,0.9625000000000001,9.999999999999992e-05,0.010605571532532923
178.75,0.9875,0.00020000000000000071,0.02121114306506594
178.75,1.0125000000000002,0.0003999999999999979,0.042422286130131506
178.75,1.0375,0.0017000000000000062,0.1802947160530605
178.75,1.0625,0.0021000000000000077,0.22271700218319238
178.75,1.0875,0.004499999999999976,0.4772507189639794
178.75,1.1125,0.007800000000000027,0.8272345795375716
178.75,1.1375000000000002,0.010499999999999943,1.1135850109159517
178.75,1.1625,0.018300000000000066,1.9408195904535335
178.75,1.1875,0.02619999999999986,2.778659741523613
178.75,1.2125000000000001,0.040700000000000146,4.316467613740919
178.75,1.2375,0.06080000000000022,6.448187491780046
178.75,1.2625000000000002,0.08139999999999956,8.63293522748176
178.75,1.2875,0.10890000000000039,11.549467398928403
178.75,1.3125,0.14569999999999922,15.452317722900398
178.75,1.3375000000000001,0.1960000000000007,20.78692020376462
178.75,1.3625,0.24190000000000086,25.654877537197255
178.75,1.3875000000000002,0.2764999999999985,29.3244052874534
178.75,1.4125,0.3318000000000012,35.18928634494439
178.75,1.4375,0.36919999999999803,39.155770098111375
178.75,1.4625000000000001,0.41380000000000144,43.88585500162142
178.75,1.4875,0.44990000000000163,47.71446632486583
178.75,1.5125000000000002,0.4689999999999975,49.74013048757918
178.75,1.5375,0.4949000000000017,52.486973514505664
178.75,1.5625,0.5004999999999973,53.08088552032704
178.75,1.5875000000000001,0.4884000000000018,51.797611364891026
178.75,1.6125,0.4746000000000017,50.33404249340147
178.75,1.6375000000000002,0.43649999999999767,46.293319739505996
178.75,1.6625,0.3984000000000014,42.25259698561135
178.75,1.6875,0.370799999999998,39.3254592426319
178.75,1.7125000000000001,0.33120000000000116,35.12565291574919
178.75,1.7375,0.289600000000001,30.713735158215478
178.75,1.7625000000000002,0.24149999999999872,25.612455251066894
178.75,1.7875,0.20410000000000073,21.64597149789979
178.75,1.8125,0.16289999999999913,17.276476026496052
178.75,1.8375000000000001,0.13290000000000046,14.094804566736315
178.75,1.8625,0.10370000000000038,10.99797767923669
178.75,1.8875000000000002,0.08529999999999954,9.046552517250543
178.75,1.9125,0.06650000000000024,7.052705069134425
178.75,1.9375,0.053499999999999714,5.673980769905088
178.75,1.9625000000000001,0.04700000000000017,4.984618620290496
178.75,1.9875,0.04100000000000015,4.348284328338518
178.75,2.0125,0.043000000000000156,4.560395758989177
178.75,2.0375,0.04739999999999933,5.027040906420539
178.75,2.0625,0.05860000000000021,6.21486491806432
178.75,2.0875000000000004,0.07650000000000026,8.113262222387721
178.75,2.1125,0.09300000000000032,9.86318152525566
178.75,2.1375,0.12510000000000046,13.267569987198746
178.75,2.1625,0.1563999999999978,16.587113876881272
178.75,2.1875,0.19060000000000069,20.21421934100784
178.75,2.2125000000000004,0.24230000000000088,25.697299823327388
178.75,2.2375,0.3027000000000011,32.1030650289773
178.75,2.2625,0.3608000000000013,38.26490208937896
178.75,2.2875,0.41079999999999417,43.567687855644664
178.75,2.3125,0.4766000000000017,50.546153924052135
178.75,2.3375000000000004,0.5569000000000021,59.06242786467612
178.75,2.3625,0.6167000000000022,65.40455964113083
178.75,2.3875,0.6955999999999901,73.77235558029803
178.75,2.4125000000000005,0.7569000000000026,80.27357092974204
178.75,2.4375,0.8015000000000029,85.00365583325176
178.75,2.4625000000000004,0.8573000000000031,90.92156474840515
178.75,2.4875,0.8679000000000031,92.04575533085364
178.75,2.5125,0.9055999999999872,96.04405579861687
178.75,2.5375000000000005,0.9048000000000033,95.9592112263583
178.75,2.5625,0.8874000000000032,94.11384177969758
178.75,2.5875000000000004,0.8809000000000031,93.42447963008293
178.75,2.6125,0.848600000000003,89.99888002507478
178.75,2.6375,0.8270999999999883,87.71868214557864
178.75,2.6625000000000005,0.7620000000000028,80.81445507790123
178.75,2.6875,0.7032000000000025,74.57837901677183
178.75,2.7125000000000004,0.6460000000000024,68.51199210016298
178.75,2.7375,0.581200000000002,61.639581747081614
178.75,2.7625,0.5122999999999927,54.33234296116543
178.75,2.7875000000000005,0.44950000000000156,47.67204403873569
178.75,2.8125,0.40820000000000145,43.29194299579958
178.75,2.8375000000000004,0.35150000000000126,37.27858393685339
178.75,2.8625,0.292200000000001,30.989480018061332
178.75,2.8875,0.26169999999999627,27.754780700638285
178.75,2.9125000000000005,0.20860000000000073,22.123222216863773
178.75,2.9375,0.18240000000000064,19.344562475340137
178.75,2.9625000000000004,0.15560000000000054,16.5022693046213
178.75,2.9875,0.13380000000000047,14.190254710529112
178.75,3.0125,0.13489999999999808,14.30691599738672
178.75,3.0375000000000005,0.11500000000000041,12.196407262412915
178.75,3.0625,0.1110000000000004,11.772184401111597
178.75,3.0875000000000004,0.11730000000000043,12.440335407661175
178.75,3.1125,0.12410000000000043,13.161514271873415
178.75,3.1375,0.14189999999999797,15.049306004664015
178.75,3.1625000000000005,0.14980000000000054,15.887146155734388
178.75,3.1875,0.18070000000000064,19.164267759287075
178.75,3.2125000000000004,0.2013000000000007,21.349015494988866
178.75,3.2375,0.2239000000000008,23.74587466134132
178.75,3.2625,0.24339999999999654,25.81396111018479
178.75,3.2875000000000005,0.2694000000000009,28.571409708643817
178.75,3.3125,0.3016000000000011,31.98640374211944
178.75,3.3375000000000004,0.31930000000000114,33.86358990337777
178.75,3.3625,0.3374000000000012,35.78319835076624
178.75,3.3875,0.3779999999999946,40.08906039297391
178.75,3.4125000000000005,0.3901000000000014,41.37233454841111
178.75,3.4375,0.4014000000000014,42.57076413158734
178.75,3.4625000000000004,0.41810000000000147,44.34189457752034
178.75,3.4875,0.43320000000000153,45.94333587893282
178.75,3.5125,0.42579999999999396,45.158523585524584
178.75,3.5375000000000005,0.44100000000000156,46.770570458470395
178.75,3.5625,0.42370000000000146,44.935806583342185
178.75,3.5875000000000004,0.4184000000000015,44.373711292117946
178.75,3.6125,0.4145000000000015,43.96009400234916
178.75,3.6375,0.3846999999999945,40.7996336856536
178.75,3.6625000000000005,0.36830000000000135,39.06031995431893
178.75,3.6875,0.3407000000000012,36.13318221133983
178.75,3.7125000000000004,0.3161000000000011,33.524211614336714
178.75,3.7375,0.30090000000000106,31.912164741391702
178.75,3.7625,0.2728999999999961,28.942604712281955
178.75,3.7875000000000005,0.24860000000000088,26.365450829876963
178.75,3.8125,0.2281000000000008,24.1913086657077
178.75,3.8375000000000004,0.1939000000000007,20.56420320158143
178.75,3.8625,0.17980000000000063,19.06881761549428
178.75,3.8875,0.1551999999999978,16.459847018490876
178.75,3.9125000000000005,0.13560000000000047,14.381154998114706
178.75,3.9375,0.1149000000000004,12.185801690880382
178.75,3.9625000000000004,0.09520000000000034,10.096504098971387
178.75,3.9875,0.08040000000000029,8.526879512156508
178.75,4.0125,0.06579999999999907,6.97846606840657
178.75,4.0375,0.0512000000000011,5.430052624656978
178.75,4.0625,0.04749999999999932,5.0376464779530705
178.75,4.0875,0.03999999999999943,4.242228613013112
178.75,4.112500000000001,0.03000000000000064,3.1816714597599476
178.75,4.1375,0.023699999999999666,2.5135204532102695
178.75,4.1625,0.019900000000000424,2.1105087349740983
178.75,4.1875,0.013499999999999809,1.4317521568919256
178.75,4.2125,0.009499999999999864,1.007529295590614
178.75,4.237500000000001,0.009500000000000203,1.00752929559065
178.75,4.2625,0.0069999999999999,0.7423900072772947
178.75,4.2875,0.005800000000000124,0.6151231488869231
178.75,4.3125,0.003599999999999949,0.38180057517118016
178.75,4.3375,0.0036999999999999473,0.3924061467037129
178.75,4.362500000000001,0.002300000000000049,0.24392814524826262
178.75,4.3875,0.001699999999999976,0.1802947160530573
178.75,4.4125,0.0012000000000000257,0.12726685839039792
178.75,4.4375,0.0005999999999999915,0.06363342919519668
178.75,4.4625,0.00069999999999999,0.07423900072772946
178.75,4.487500000000001,0.0002000000000000043,0.02121114306506632
178.75,4.5125,0.000499999999999993,0.053027857662663914
178.75,4.5375,0.0004000000000000086,0.04242228613013264
178.75,4.5625,0.00019999999999999716,0.021211143065065562
178.75,4.5875,9.999999999999858e-05,0.010605571532532781
178.75,4.612500000000001,0.00010000000000000215,0.01060557153253316
178.75,4.6375,0.0,0.0
178.75,4.6625,0.0002000000000000043,0.02121114306506632
178.75,4.6875,9.999999999999858e-05,0.010605571532532781
178.75,4.7125,0.0,0.0
178.75,4.737500000000001,0.0,0.0
178.75,4.7625,0.0,0.0
178.75,4.7875000000000005,0.0,0.0
178.75,4.8125,0.0,0.0
178.75,4.8375,0.0,0.0
178.75,4.862500000000001,0.0,0.0
178.75,4.8875,0.0,0.0
178.75,4.9125000000000005,0.0,0.0
178.75,4.9375,0.0,0.0
178.75,4.9625,0.0,0.0
178.75,4.987500000000001,0.0,0.0
178.75,5.0125,0.0,0.0
178.75,5.0375000000000005,0.0,0.0
178.75,5.0625,0.0,0.0
178.75,5.0875,0.0,0.0
178.75,5.112500000000001,0.0,0.0
178.75,5.1375,0.0,0.0
178.75,5.1625000000000005,0.0,0.0
178.75,5.1875,0.0,0.0
178.75,5.2125,0.0,0.0
178.75,5.237500000000001,0.0,0.0
178.75,5.2625,0.0,0.0
178.75,5.2875000000000005,0.0,0.0
178.75,5.3125,0.0,0.0
178.75,5.3375,0.0,0.0
178.75,5.362500000000001,0.0,0.0
178.75,5.3875,0.0,0.0
178.75,5.4125000000000005,0.0,0.0
178.75,5.4375,0.0,0.0
178.75,5.4625,0.0,0.0
178.75,5.487500000000001,0.0,0.0
178.75,5.5125,0.0,0.0
178.75,5.5375000000000005,0.0,0.0
178.75,5.5625,0.0,0.0
178.75,5.5875,0.0,0.0
178.75,5.612500000000001,0.0,0.0
178.75,5.6375,0.0,0.0
178.75,5.6625000000000005,0.0,0.0
178.75,5.6875,0.0,0.0
178.75,5.7125,0.0,0.0
178.75,5.737500000000001,0.0,0.0
178.75,5.7625,0.0,0.0
178.75,5.7875000000000005,0.0,0.0
178.75,5.8125,0.0,0.0
178.75,5.8375,0.0,0.0
178.75,5.862500000000001,0.0,0.0
178.75,5.8875,0.0,0.0
178.75,5.9125000000000005,0.0,0.0
178.75,5.9375,0.0,0.0
178.75,5.9625,0.0,0.0
178.75,5.987500000000001,0.0,0.0
178.75,6.0125,0.0,0.0
178.75,6.0375000000000005,0.0,0.0
178.75,6.0625,0.0,0.0
178.75,6.0875,0.0,0.0
178.75,6.112500000000001,0.0,0.0
178.75,6.1375,0.0,0.0
178.75,6.1625000000000005,0.0,0.0
178.75,6.1875,0.0,0.0
178.75,6.2125,0.0,0.0
178.75,6.237500000000001,0.0,0.0
178.75,6.2625,0.0,0.0
178.75,6.2875000000000005,0.0,0.0
178.75,6.3125,0.0,0.0
178.75,6.3375,0.0,0.0
178.75,6.362500000000001,0.0,0.0
178.75,6.3875,0.0,0.0
178.75,6.4125000000000005,0.0,0.0
178.75,6.4375,0.0,0.0
178.75,6.4625,0.0,0.0
178.75,6.487500000000001,0.0,0.0
178.75,6.5125,0.0,0.0
178.75,6.5375000000000005,0.0,0.0
178.75,6.5625,0.0,0.0
178.75,6.5875,0.0,0.0
178.75,6.612500000000001,0.0,0.0
178.75,6.6375,0.0,0.0
178.75,6.6625000000000005,0.0,0.0
178.75,6.6875,0.0,0.0
178.75,6.7125,0.0,0.0
178.75,6.737500000000001,0.0,0.0
178.75,6.7625,0.0,0.0
178.75,6.7875000000000005,0.0,0.0
178.75,6.8125,0.0,0.0
178.75,6.8375,0.0,0.0
178.75,6.862500000000001,0.0,0.0
178.75,6.8875,0.0,0.0
178.75,6.9125000000000005,0.0,0.0
178.75,6.9375,0.0,0.0
178.75,6.9625,0.0,0.0
178.75,6.987500000000001,0.0,0.0
181.25,0.0125,0.0,0.0
181.25,0.037500000000000006,0.0,0.0
181.25,0.0625,0.0,0.0
181.25,0.08750000000000001,0.0,0.0
181.25,0.1125,0.0,0.0
181.25,0.1375,0.0,0.0
181.25,0.16250000000000003,0.0,0.0
181.25,0.1875,0.0005000000000000001,0.04196662223491913
181.25,0.21250000000000002,0.0024000000000000007,0.2014397867276118
181.25,0.2375,0.004700000000000001,0.39448624900823975
181.25,0.2625,0.014699999999999986,1.2338186937066207
181.25,0.28750000000000003,0.03359999999999997,2.820157014186562
181.25,0.3125,0.06280000000000008,5.271007752705847
181.25,0.3375,0.1091999999999999,9.165510296106326
181.25,0.36250000000000004,0.1588000000000002,13.328599221810327
181.25,0.3875,0.2097999999999998,17.609194689772043
181.25,0.41250000000000003,0.24269999999999978,20.37059843282972
181.25,0.4375,0.27260000000000034,22.88020244247793
181.25,0.4625,0.25319999999999976,21.251897499763018
181.25,0.48750000000000004,0.23680000000000032,19.875392290457718
181.25,0.5125,0.20929999999999982,17.567228067537126
181.25,0.5375000000000001,0.16159999999999985,13.563612306325846
181.25,0.5625,0.11179999999999991,9.383736731727907
181.25,0.5875000000000001,0.08319999999999991,6.9832459398905335
181.25,0.6125,0.05810000000000021,4.876521503697618
181.25,0.6375,0.035599999999999965,2.988023503126238
181.25,0.6625000000000001,0.02169999999999998,1.821351404995488
181.25,0.6875,0.01169999999999999,0.9820189602971064
181.25,0.7125000000000001,0.006499999999999994,0.545566089053948
181.25,0.7375,0.0033000000000000117,0.2769797067504671
181.25,0.7625,0.0025999999999999973,0.21822643562157917
181.25,0.7875000000000001,0.0009999999999999992,0.08393324446983816
181.25,0.8125,0.0008999999999999992,0.07553992002285434
181.25,0.8375000000000001,0.0005999999999999995,0.0503599466819029
181.25,0.8625,0.00020000000000000071,0.016786648893967707
181.25,0.8875,9.999999999999992e-05,0.008393324446983817
181.25,0.9125000000000001,0.0,0.0
181.25,0.9375,0.0,0.0
181.25,0.9625000000000001,0.0,0.0
181.25,0.9875,0.00010000000000000036,0.008393324446983853
181.25,1.0125000000000002,0.0005999999999999968,0.05035994668190267
181.25,1.0375,0.0010000000000000037,0.08393324446983853
181.25,1.0625,0.001100000000000004,0.09232656891682238
181.25,1.0875,0.00189999999999999,0.1594731644926918
181.25,1.1125,0.004400000000000016,0.3693062756672895
181.25,1.1375000000000002,0.006499999999999965,0.5455660890539455
181.25,1.1625,0.012600000000000045,1.0575588803199656
181.25,1.1875,0.02069999999999989,1.737418160525642
181.25,1.2125000000000001,0.030700000000000106,2.5767506052240425
181.25,1.2375,0.05180000000000018,4.347742063537635
181.25,1.2625000000000002,0.06989999999999963,5.866933788441661
181.25,1.2875,0.10410000000000037,8.737450749310192
181.25,1.3125,0.1294999999999993,10.869355158843993
181.25,1.3375000000000001,0.1732000000000006,14.537237942176032
181.25,1.3625,0.21120000000000075,17.726701232029896
181.25,1.3875000000000002,0.2698999999999986,22.65358268240922
181.25,1.4125,0.32970000000000116,27.67279070170576
181.25,1.4375,0.36639999999999806,30.753140773748566
181.25,1.4625000000000001,0.4221000000000015,35.42822249071884
181.25,1.4875,0.45940000000000164,38.55893250944382
181.25,1.5125000000000002,0.49169999999999736,41.269976305819235
181.25,1.5375,0.5181000000000019,43.485813959823346
181.25,1.5625,0.5263999999999972,44.18245988892261
181.25,1.5875000000000001,0.5180000000000018,43.477420635376355
181.25,1.6125,0.4930000000000017,41.37908952363039
181.25,1.6375000000000002,0.4530999999999976,38.0301530692835
181.25,1.6625,0.4174000000000015,35.0337362417106
181.25,1.6875,0.373399999999998,31.340673485037428
181.25,1.7125000000000001,0.34430000000000127,28.898216070965407
181.25,1.7375,0.284200000000001,23.85382807832811
181.25,1.7625000000000002,0.23769999999999872,19.95093221048044
181.25,1.7875,0.1939000000000007,16.27465610270169
181.25,1.8125,0.16399999999999915,13.765052093053399
181.25,1.8375000000000001,0.12650000000000045,10.617555425434574
181.25,1.8625,0.09370000000000032,7.864545006823869
181.25,1.8875000000000002,0.08159999999999958,6.848952748738764
181.25,1.9125,0.0571000000000002,4.79258825922778
181.25,1.9375,0.04949999999999974,4.154695601256971
181.25,1.9625000000000001,0.03800000000000014,3.1894632898538644
181.25,1.9875,0.03500000000000013,2.937663556444349
181.25,2.0125,0.0291000000000001,2.442457414072301
181.25,2.0375,0.03449999999999951,2.895696934209378
181.25,2.0625,0.047800000000000176,4.012009085658282
181.25,2.0875000000000004,0.0584000000000002,4.90170147703857
181.25,2.1125,0.0824000000000003,6.916099344314696
181.25,2.1375,0.10550000000000039,8.854957291567965
181.25,2.1625,0.14129999999999798,11.859767443587973
181.25,2.1875,0.17760000000000065,14.906544217843324
181.25,2.2125000000000004,0.2224000000000008,18.666753570092087
181.25,2.2375,0.271400000000001,22.779482549114178
181.25,2.2625,0.34160000000000124,28.67159631089684
181.25,2.2875,0.40309999999999424,33.83349084579131
181.25,2.3125,0.46390000000000164,38.93663210955809
181.25,2.3375000000000004,0.5439000000000019,45.65129166714517
181.25,2.3625,0.6239000000000022,52.36595122473226
181.25,2.3875,0.70149999999999,58.87917099559068
181.25,2.4125000000000005,0.7667000000000027,64.3516185350252
181.25,2.4375,0.8237000000000029,69.135813469806
181.25,2.4625000000000004,0.8697000000000031,72.99674271541858
181.25,2.4875,0.8974000000000032,75.3216935872331
181.25,2.5125,0.9302999999999868,78.08309733028939
181.25,2.5375000000000005,0.9663000000000034,81.10469413120497
181.25,2.5625,0.9285000000000033,77.93201749024507
181.25,2.5875000000000004,0.9163000000000033,76.90803190771305
181.25,2.6125,0.8862000000000032,74.38164124917091
181.25,2.6375,0.8525999999999879,71.56148423498306
181.25,2.6625000000000005,0.7882000000000028,66.15618329112672
181.25,2.6875,0.7265000000000026,60.97750210733769
181.25,2.7125000000000004,0.6683000000000023,56.09258727919308
181.25,2.7375,0.5939000000000021,49.8479538906371
181.25,2.7625,0.5216999999999926,43.787973639913986
181.25,2.7875000000000005,0.46520000000000167,39.045745327368884
181.25,2.8125,0.3858000000000014,32.38144571646371
181.25,2.8375000000000004,0.3419000000000012,28.696776284237792
181.25,2.8625,0.293100000000001,24.60083395410967
181.25,2.8875,0.24459999999999651,20.530071597322138
181.25,2.9125000000000005,0.20320000000000074,17.05523527627119
181.25,2.9375,0.17620000000000063,14.789037675585549
181.25,2.9625000000000004,0.14820000000000053,12.438906830430069
181.25,2.9875,0.12670000000000045,10.634342074328542
181.25,3.0125,0.11379999999999837,9.551603220667454
181.25,3.0375000000000005,0.10560000000000037,8.863350616014948
181.25,3.0625,0.09740000000000035,8.175098011362273
181.25,3.0875000000000004,0.10270000000000036,8.619944207052416
181.25,3.1125,0.1147000000000004,9.627143140690478
181.25,3.1375,0.12349999999999825,10.365755692024875
181.25,3.1625000000000005,0.13550000000000048,11.37295462566312
181.25,3.1875,0.15830000000000058,13.28663259957544
181.25,3.2125000000000004,0.17770000000000064,14.914937542290307
181.25,3.2375,0.2055000000000007,17.248281738551814
181.25,3.2625,0.22869999999999677,19.195533010251733
181.25,3.2875000000000005,0.2550000000000009,21.402977339808825
181.25,3.3125,0.29000000000000103,24.340640896253174
181.25,3.3375000000000004,0.3210000000000011,26.942571474818166
181.25,3.3625,0.35110000000000124,29.468962133360307
181.25,3.3875,0.37789999999999463,31.718373085151416
181.25,3.4125000000000005,0.39880000000000143,33.47257789457161
181.25,3.4375,0.4100000000000015,34.412630232633795
181.25,3.4625000000000004,0.4334000000000015,36.37666815322802
181.25,3.4875,0.4422000000000016,37.1152807045626
181.25,3.5125,0.4478999999999937,37.59370019804001
181.25,3.5375000000000005,0.4559000000000016,38.265166153799385
181.25,3.5625,0.4438000000000016,37.24957389571434
181.25,3.5875000000000004,0.43130000000000157,36.20040833984136
181.25,3.6125,0.41440000000000143,34.78193650830108
181.25,3.6375,0.4004999999999943,33.615264410169736
181.25,3.6625000000000005,0.37980000000000136,31.877846249644673
181.25,3.6875,0.3573000000000012,29.989348249073302
181.25,3.7125000000000004,0.3372000000000012,28.302290035229554
181.25,3.7375,0.30100000000000104,25.263906585421395
181.25,3.7625,0.27629999999999605,23.19075544701597
181.25,3.7875000000000005,0.24860000000000088,20.865804575201857
181.25,3.8125,0.21280000000000077,17.86099442318164
181.25,3.8375000000000004,0.18720000000000067,15.712303364753772
181.25,3.8625,0.1670000000000006,14.016851826463034
181.25,3.8875,0.14999999999999786,12.589986670475554
181.25,3.9125000000000005,0.12240000000000043,10.273429123108235
181.25,3.9375,0.10330000000000038,8.670304153734321
181.25,3.9625000000000004,0.09100000000000033,7.637925246755307
181.25,3.9875,0.07690000000000027,6.454466499730583
181.25,4.0125,0.06569999999999906,5.514414161668293
181.25,4.0375,0.05020000000000107,4.213448872385969
181.25,4.0625,0.04069999999999942,3.416083049922367
181.25,4.0875,0.03309999999999953,2.778190391951606
181.25,4.112500000000001,0.025700000000000545,2.1570843828748885
181.25,4.1375,0.020099999999999715,1.6870582138437245
181.25,4.1625,0.017300000000000367,1.4520451293282322
181.25,4.1875,0.0139999999999998,1.1750654225777184
181.25,4.2125,0.010599999999999849,0.8896923913802726
181.25,4.237500000000001,0.007400000000000157,0.6211060090768161
181.25,4.2625,0.007499999999999894,0.6294993335237778
181.25,4.2875,0.005500000000000118,0.46163284458412013
181.25,4.3125,0.003099999999999956,0.2601930578564948
181.25,4.3375,0.002599999999999963,0.2182264356215763
181.25,4.362500000000001,0.002200000000000047,0.18465313783364803
181.25,4.3875,0.000999999999999986,0.08393324446983705
181.25,4.4125,0.0014000000000000297,0.11750654225777601
181.25,4.4375,0.0007999999999999887,0.06714659557586963
181.25,4.4625,0.00019999999999999716,0.01678664889396741
181.25,4.487500000000001,0.0002000000000000043,0.016786648893968005
181.25,4.5125,9.999999999999858e-05,0.008393324446983704
181.25,4.5375,0.00010000000000000215,0.008393324446984003
181.25,4.5625,0.00019999999999999716,0.01678664889396741
181.25,4.5875,0.0,0.0
181.25,4.612500000000001,0.0,0.0
181.25,4.6375,0.0,0.0
181.25,4.6625,0.0,0.0
181.25,4.6875,0.0,0.0
181.25,4.7125,0.0,0.0
181.25,4.737500000000001,0.0,0.0
181.25,4.7625,0.0,0.0
181.25,4.7875000000000005,0.0,0.0
181.25,4.8125,0.0,0.0
181.25,4.8375,0.0,0.0
181.25,4.862500000000001,0.0,0.0
181.25,4.8875,0.0,0.0
181.25,4.9125000000000005,0.0,0.0
181.25,4.9375,0.0,0.0
181.25,4.9625,0.0,0.0
181.25,4.987500000000001,0.0,0.0
181.25,5.0125,0.0,0.0
181.25,5.0375000000000005,0.0,0.0
181.25,5.0625,0.0,0.0
181.25,5.0875,0.0,0.0
181.25,5.112500000000001,0.0,0.0
181.25,5.1375,0.0,0.0
181.25,5.1625000000000005,0.0,0.0
181.25,5.1875,0.0,0.0
181.25,5.2125,0.0,0.0
181.25,5.237500000000001,0.0,0.0
181.25,5.2625,0.0,0.0
181.25,5.2875000000000005,0.0,0.0
181.25,5.3125,0.0,0.0
181.25,5.3375,0.0,0.0
181.25,5.362500000000001,0.0,0.0
181.25,5.3875,0.0,0.0
181.25,5.4125000000000005,0.0,0.0
181.25,5.4375,0.0,0.0
181.25,5.4625,0.0,0.0
181.25,5.487500000000001,0.0,0.0
181.25,5.5125,0.0,0.0
181.25,5.5375000000000005,0.0,0.0
181.25,5.5625,0.0,0.0
181.25,5.5875,0.0,0.0
181.25,5.612500000000001,0.0,0.0
181.25,5.6375,0.0,0.0
181.25,5.6625000000000005,0.0,0.0
181.25,5.6875,0.0,0.0
181.25,5.7125,0.0,0.0
181.25,5.737500000000001,0.0,0.0
181.25,5.7625,0.0,0.0
181.25,5.7875000000000005,0.0,0.0
181.25,5.8125,0.0,0.0
181.25,5.8375,0.0,0.0
181.25,5.862500000000001,0.0,0.0
181.25,5.8875,0.0,0.0
181.25,5.9125000000000005,0.0,0.0
181.25,5.9375,0.0,0.0
181.25,5.9625,0.0,0.0
181.25,5.987500000000001,0.0,0.0
181.25,6.0125,0.0,0.0
181.25,6.0375000000000005,0.0,0.0
181.25,6.0625,0.0,0.0
181.25,6.0875,0.0,0.0
181.25,6.112500000000001,0.0,0.0
181.25,6.1375,0.0,0.0
181.25,6.1625000000000005,0.0,0.0
181.25,6.1875,0.0,0.0
181.25,6.2125,0.0,0.0
181.25,6.237500000000001,0.0,0.0
181.25,6.2625,0.0,0.0
181.25,6.2875000000000005,0.0,0.0
181.25,6.3125,0.0,0.0
181.25,6.3375,0.0,0.0
181.25,6.362500000000001,0.0,0.0
181.25,6.3875,0.0,0.0
181.25,6.4125000000000005,0.0,0.0
181.25,6.4375,0.0,0.0
181.25,6.4625,0.0,0.0
181.25,6.487500000000001,0.0,0.0
181.25,6.5125,0.0,0.0
181.25,6.5375000000000005,0.0,0.0
181.25,6.5625,0.0,0.0
181.25,6.5875,0.0,0.0
181.25,6.612500000000001,0.0,0.0
181.25,6.6375,0.0,0.0
181.25,6.6625000000000005,0.0,0.0
181.25,6.6875,0.0,0.0
181.25,6.7125,0.0,0.0
181.25,6.737500000000001,0.0,0.0
181.25,6.7625,0.0,0.0
181.25,6.7875000000000005,0.0,0.0
181.25,6.8125,0.0,0.0
181.25,6.8375,0.0,0.0
181.25,6.862500000000001,0.0,0.0
181.25,6.8875,0.0,0.0
181.25,6.9125000000000005,0.0,0.0
181.25,6.9375,0.0,0.0
181.25,6.9625,0.0,0.0
181.25,6.987500000000001,0.0,0.0
183.75,0.0125,0.0,0.0
183.75,0.037500000000000006,0.0,0.0
183.75,0.0625,0.0,0.0
183.75,0.08750000000000001,0.0,0.0
183.75,0.1125,0.0,0.0
183.75,0.1375,0.0,0.0
183.75,0.16250000000000003,0.00010000000000000003,0.00662674244779049
183.75,0.1875,0.00010000000000000003,0.00662674244779049
183.75,0.21250000000000002,0.0018000000000000006,0.11928136406022882
183.75,0.2375,0.007100000000000002,0.4704987137931248
183.75,0.2625,0.017899999999999982,1.1861868981544963
183.75,0.28750000000000003,0.03529999999999997,2.3392400840700405
183.75,0.3125,0.06400000000000008,4.241115166585918
183.75,0.3375,0.10239999999999992,6.785784266537455
183.75,0.36250000000000004,0.1505000000000002,9.973247383924697
183.75,0.3875,0.1909999999999998,12.65707807527982
183.75,0.41250000000000003,0.22869999999999982,15.155359978096834
183.75,0.4375,0.2541000000000003,16.83855255983565
183.75,0.4625,0.24819999999999975,16.447574755415975
183.75,0.48750000000000004,0.23040000000000033,15.268014599709307
183.75,0.5125,0.19909999999999983,13.19384421355085
183.75,0.5375000000000001,0.16559999999999983,10.973885493541037
183.75,0.5625,0.12909999999999988,8.555124500097513
183.75,0.5875000000000001,0.09409999999999992,6.235764643370844
183.75,0.6125,0.07120000000000025,4.718240622826844
183.75,0.6375,0.049799999999999955,3.3001177389996603
183.75,0.6625000000000001,0.030199999999999973,2.0012762192327256
183.75,0.6875,0.018699999999999984,1.2392008377368202
183.75,0.7125000000000001,0.012299999999999988,0.8150893210782293
183.75,0.7375,0.006900000000000024,0.45724522889754526
183.75,0.7625,0.0045999999999999965,0.3048301525983622
183.75,0.7875000000000001,0.0018999999999999985,0.12590810650801917
183.75,0.8125,0.0008999999999999992,0.05964068203011434
183.75,0.8375000000000001,0.0004999999999999996,0.033133712238952416
183.75,0.8625,0.0,0.0
183.75,0.8875,0.0,0.0
183.75,0.9125000000000001,9.999999999999992e-05,0.006626742447790483
183.75,0.9375,9.999999999999992e-05,0.006626742447790483
183.75,0.9625000000000001,9.999999999999992e-05,0.006626742447790483
183.75,0.9875,0.00030000000000000106,0.019880227343371536
183.75,1.0125000000000002,0.0003999999999999979,0.026506969791161815
183.75,1.0375,0.0009000000000000032,0.059640682030114606
183.75,1.0625,0.001900000000000007,0.12590810650801973
183.75,1.0875,0.002299999999999988,0.1524150762991804
183.75,1.1125,0.00570000000000002,0.37772431952405916
183.75,1.1375000000000002,0.00939999999999995,0.6229137900923026
183.75,1.1625,0.015000000000000053,0.9940113671685767
183.75,1.1875,0.023599999999999875,1.5639112176785468
183.75,1.2125000000000001,0.03470000000000013,2.299479629383308
183.75,1.2375,0.04840000000000017,3.207343344730608
183.75,1.2625000000000002,0.06969999999999962,4.6188394861099455
183.75,1.2875,0.09540000000000033,6.321912295192147
183.75,1.3125,0.13769999999999927,9.125024350607454
183.75,1.3375000000000001,0.17170000000000063,11.37811678285631
183.75,1.3625,0.21250000000000077,14.081827701554838
183.75,1.3875000000000002,0.2653999999999986,17.58737445643586
183.75,1.4125,0.3103000000000011,20.562781815493956
183.75,1.4375,0.3610999999999981,23.929166978971327
183.75,1.4625000000000001,0.39930000000000143,26.460582594027514
183.75,1.4875,0.44540000000000163,29.515510862458942
183.75,1.5125000000000002,0.47579999999999745,31.530040566586973
183.75,1.5375,0.4954000000000018,32.8288820863542
183.75,1.5625,0.4884999999999974,32.37163685745636
183.75,1.5875000000000001,0.49220000000000175,32.6168263280249
183.75,1.6125,0.4745000000000017,31.44389291476598
183.75,1.6375000000000002,0.4502999999999976,29.840221242400407
183.75,1.6625,0.4327000000000016,28.67391457158955
183.75,1.6875,0.385099999999998,25.519585166441036
183.75,1.7125000000000001,0.3439000000000012,22.78936727795157
183.75,1.7375,0.29240000000000105,19.376594917339457
183.75,1.7625000000000002,0.25509999999999866,16.90481998431345
183.75,1.7875,0.22430000000000078,14.863783310394117
183.75,1.8125,0.17939999999999906,11.888375951336073
183.75,1.8375000000000001,0.1423000000000005,9.429854503205899
183.75,1.8625,0.1168000000000004,7.740035179019317
183.75,1.8875000000000002,0.09189999999999951,6.089976309519426
183.75,1.9125,0.07300000000000026,4.837521986887073
183.75,1.9375,0.06289999999999966,4.168220999660194
183.75,1.9625000000000001,0.04730000000000017,3.134449177804912
183.75,1.9875,0.040700000000000146,2.6970841762507383
183.75,2.0125,0.04180000000000014,2.7699783431764335
183.75,2.0375,0.04429999999999937,2.9356469043711444
183.75,2.0625,0.052000000000000185,3.445906072851066
183.75,2.0875000000000004,0.06390000000000022,4.234488424138137
183.75,2.1125,0.08100000000000028,5.367661382710314
183.75,2.1375,0.1116000000000004,7.3954445717342105
183.75,2.1625,0.13989999999999803,9.270812684458763
183.75,2.1875,0.17970000000000064,11.908256178679549
183.75,2.2125000000000004,0.21500000000000075,14.2474962627496
183.75,2.2375,0.28050000000000097,18.588012566052384
183.75,2.2625,0.32460000000000117,21.510405985528003
183.75,2.2875,0.3940999999999944,26.115991986741943
183.75,2.3125,0.46090000000000164,30.542655941866467
183.75,2.3375000000000004,0.5150000000000018,34.12772360612113
183.75,2.3625,0.6106000000000023,40.46288938620887
183.75,2.3875,0.6577999999999907,43.590711821565215
183.75,2.4125000000000005,0.7303000000000026,48.39510009621411
183.75,2.4375,0.7942000000000029,52.62958852035225
183.75,2.4625000000000004,0.840900000000003,55.72427724347041
183.75,2.4875,0.8763000000000031,58.07014406998825
183.75,2.5125,0.8931999999999872,59.1900635436638
183.75,2.5375000000000005,0.9020000000000032,59.77321687907042
183.75,2.5625,0.9167000000000033,60.74734801889562
183.75,2.5875000000000004,0.8788000000000031,58.235812631183016
183.75,2.6125,0.8791000000000031,58.25569285852639
183.75,2.6375,0.840399999999988,55.69114353123047
183.75,2.6625000000000005,0.7900000000000028,52.351265337545044
183.75,2.6875,0.7252000000000026,48.057136231376795
183.75,2.7125000000000004,0.6595000000000023,43.703366443178425
183.75,2.7375,0.6037000000000021,40.005644157311316
183.75,2.7625,0.5434999999999923,36.0163452037408
183.75,2.7875000000000005,0.4793000000000017,31.761976552259924
183.75,2.8125,0.4317000000000015,28.60764714711164
183.75,2.8375000000000004,0.36050000000000126,23.889406524284794
183.75,2.8625,0.3027000000000011,20.05914938946188
183.75,2.8875,0.2704999999999962,17.925338321273017
183.75,2.9125000000000005,0.2259000000000008,14.969811189558765
183.75,2.9375,0.1974000000000007,13.081189591938472
183.75,2.9625000000000004,0.1676000000000006,11.106420342496898
183.75,2.9875,0.14450000000000052,9.57564283705729
183.75,3.0125,0.12529999999999822,8.303308287081364
183.75,3.0375000000000005,0.11620000000000041,7.700274724332575
183.75,3.0625,0.1121000000000004,7.428578283973163
183.75,3.0875000000000004,0.11610000000000041,7.6936479818847845
183.75,3.1125,0.12640000000000046,8.376202454007208
183.75,3.1375,0.12969999999999815,8.59488495478414
183.75,3.1625000000000005,0.14790000000000053,9.800952080282167
183.75,3.1875,0.1690000000000006,11.199194736765964
183.75,3.2125000000000004,0.19440000000000068,12.882387318504755
183.75,3.2375,0.21150000000000074,14.015560277076931
183.75,3.2625,0.23429999999999668,15.526457555172893
183.75,3.2875000000000005,0.2513000000000009,16.653003771297556
183.75,3.3125,0.293300000000001,19.436235599369567
183.75,3.3375000000000004,0.3066000000000011,20.31759234492571
183.75,3.3625,0.32630000000000114,21.623060607140438
183.75,3.3875,0.3577999999999949,23.71048447819403
183.75,3.4125000000000005,0.3815000000000014,25.281022438320804
183.75,3.4375,0.40270000000000145,26.68589183725239
183.75,3.4625000000000004,0.4183000000000015,27.719663659107713
183.75,3.4875,0.43290000000000156,28.687168056485127
183.75,3.5125,0.4315999999999938,28.601020404663338
183.75,3.5375000000000005,0.43600000000000155,28.89259707236663
183.75,3.5625,0.4285000000000015,28.39559138878234
183.75,3.5875000000000004,0.4208000000000015,27.885332220302473
183.75,3.6125,0.4104000000000015,27.19615100573226
183.75,3.6375,0.39129999999999443,25.93044319820381
183.75,3.6625000000000005,0.38380000000000136,25.433437514619985
183.75,3.6875,0.35000000000000125,23.193598567266793
183.75,3.7125000000000004,0.32810000000000117,21.74234197120067
183.75,3.7375,0.3085000000000011,20.443500451433728
183.75,3.7625,0.281299999999996,18.64102650563438
183.75,3.7875000000000005,0.2564000000000009,16.990967636134872
183.75,3.8125,0.23690000000000083,15.698752858815721
183.75,3.8375000000000004,0.20560000000000073,13.624582472657291
183.75,3.8625,0.18080000000000063,11.981150345605244
183.75,3.8875,0.15699999999999775,10.403985643030918
183.75,3.9125000000000005,0.14450000000000052,9.57564283705729
183.75,3.9375,0.12200000000000044,8.084625786304425
183.75,3.9625000000000004,0.10920000000000038,7.236402752987238
183.75,3.9875,0.08190000000000028,5.427302064740428
183.75,4.0125,0.07489999999999894,4.963430093395005
183.75,4.0375,0.06000000000000128,3.976045468674378
183.75,4.0625,0.049899999999999285,3.306744481447406
183.75,4.0875,0.036299999999999485,2.405507508547913
183.75,4.112500000000001,0.03150000000000067,2.0874238710540483
183.75,4.1375,0.026599999999999624,1.7627134911122448
183.75,4.1625,0.020400000000000435,1.3518554593492884
183.75,4.1875,0.014899999999999788,0.9873846247207687
183.75,4.2125,0.012599999999999821,0.8349695484215897
183.75,4.237500000000001,0.00800000000000017,0.5301393958232503
183.75,4.2625,0.0069999999999999,0.4638719713453276
183.75,4.2875,0.005600000000000119,0.3710975770762752
183.75,4.3125,0.004099999999999941,0.27169644035940616
183.75,4.3375,0.003099999999999956,0.20542901588150222
183.75,4.362500000000001,0.002300000000000049,0.15241507629918447
183.75,4.3875,0.00139999999999998,0.09277439426906552
183.75,4.4125,0.0013000000000000277,0.08614765182127818
183.75,4.4375,0.000999999999999986,0.06626742447790394
183.75,4.4625,0.00019999999999999716,0.013253484895580788
183.75,4.487500000000001,0.0006000000000000128,0.03976045468674378
183.75,4.5125,9.999999999999858e-05,0.006626742447790394
183.75,4.5375,0.0005000000000000106,0.033133712238953145
183.75,4.5625,0.0,0.0
183.75,4.5875,0.0,0.0
183.75,4.612500000000001,0.0002000000000000043,0.013253484895581261
183.75,4.6375,0.0,0.0
183.75,4.6625,0.0002000000000000043,0.013253484895581261
183.75,4.6875,0.0,0.0
183.75,4.7125,0.0,0.0
183.75,4.737500000000001,0.0,0.0
183.75,4.7625,9.999999999999858e-05,0.006626742447790394
183.75,4.7875000000000005,0.0,0.0
183.75,4.8125,0.0,0.0
183.75,4.8375,0.0,0.0
183.75,4.862500000000001,0.0,0.0
183.75,4.8875,0.0,0.0
183.75,4.9125000000000005,0.0,0.0
183.75,4.9375,0.0,0.0
183.75,4.9625,0.0,0.0
183.75,4.987500000000001,0.0,0.0
183.75,5.0125,0.0,0.0
183.75,5.0375000000000005,0.0,0.0
183.75,5.0625,0.0,0.0
183.75,5.0875,0.0,0.0
183.75,5.112500000000001,0.0,0.0
183.75,5.1375,0.0,0.0
183.75,5.1625000000000005,0.0,0.0
183.75,5.1875,0.0,0.0
183.75,5.2125,0.0,0.0
183.75,5.237500000000001,0.0,0.0
183.75,5.2625,0.0,0.0
183.75,5.2875000000000005,0.0,0.0
183.75,5.3125,0.0,0.0
183.75,5.3375,0.0,0.0
183.75,5.362500000000001,0.0,0.0
183.75,5.3875,0.0,0.0
183.75,5.4125000000000005,0.0,0.0
183.75,5.4375,0.0,0.0
183.75,5.4625,0.0,0.0
183.75,5.487500000000001,0.0,0.0
183.75,5.5125,0.0,0.0
183.75,5.5375000000000005,0.0,0.0
183.75,5.5625,0.0,0.0
183.75,5.5875,0.0,0.0
183.75,5.612500000000001,0.0,0.0
183.75,5.6375,0.0,0.0
183.75,5.6625000000000005,0.0,0.0
183.75,5.6875,0.0,0.0
183.75,5.7125,0.0,0.0
183.75,5.737500000000001,0.0,0.0
183.75,5.7625,0.0,0.0
183.75,5.7875000000000005,0.0,0.0
183.75,5.8125,0.0,0.0
183.75,5.8375,0.0,0.0
183.75,5.862500000000001,0.0,0.0
183.75,5.8875,0.0,0.0
183.75,5.9125000000000005,0.0,0.0
183.75,5.9375,0.0,0.0
183.75,5.9625,0.0,0.0
183.75,5.987500000000001,0.0,0.0
183.75,6.0125,0.0,0.0
183.75,6.0375000000000005,0.0,0.0
183.75,6.0625,0.0,0.0
183.75,6.0875,0.0,0.0
183.75,6.112500000000001,0.0,0.0
183.75,6.1375,0.0,0.0
183.75,6.1625000000000005,0.0,0.0
183.75,6.1875,0.0,0.0
183.75,6.2125,0.0,0.0
183.75,6.237500000000001,0.0,0.0
183.75,6.2625,0.0,0.0
183.75,6.2875000000000005,0.0,0.0
183.75,6.3125,0.0,0.0
183.75,6.3375,0.0,0.0
183.75,6.362500000000001,0.0,0.0
183.75,6.3875,0.0,0.0
183.75,6.4125000000000005,0.0,0.0
183.75,6.4375,0.0,0.0
183.75,6.4625,0.0,0.0
183.75,6.487500000000001,0.0,0.0
183.75,6.5125,0.0,0.0
183.75,6.5375000000000005,0.0,0.0
183.75,6.5625,0.0,0.0
183.75,6.5875,0.0,0.0
183.75,6.612500000000001,0.0,0.0
183.75,6.6375,0.0,0.0
183.75,6.6625000000000005,0.0,0.0
183.75,6.6875,0.0,0.0
183.75,6.7125,0.0,0.0
183.75,6.737500000000001,0.0,0.0
183.75,6.7625,0.0,0.0
183.75,6.7875000000000005,0.0,0.0
183.75,6.8125,0.0,0.0
183.75,6.8375,0.0,0.0
183.75,6.862500000000001,0.0,0.0
183.75,6.8875,0.0,0.0
183.75,6.9125000000000005,0.0,0.0
183.75,6.9375,0.0,0.0
183.75,6.9625,0.0,0.0
183.75,6.987500000000001,0.0,0.0
186.25,0.0125,0.0,0.0
186.25,0.037500000000000006,0.0,0.0
186.25,0.0625,0.0,0.0
186.25,0.08750000000000001,0.0,0.0
186.25,0.1125,0.0,0.0
186.25,0.1375,0.0,0.0
186.25,0.16250000000000003,0.0,0.0
186.25,0.1875,0.00010000000000000003,0.005266693832612047
186.25,0.21250000000000002,0.0020000000000000005,0.10533387665224095
186.25,0.2375,0.007400000000000001,0.38973534361329143
186.25,0.2625,0.014199999999999987,0.7478705242309098
186.25,0.28750000000000003,0.03399999999999997,1.7906759030880939
186.25,0.3125,0.05750000000000008,3.0283489537519306
186.25,0.3375,0.10189999999999991,5.36676101543167
186.25,0.36250000000000004,0.13880000000000017,7.310171039665529
186.25,0.3875,0.17309999999999984,9.116647024251442
186.25,0.41250000000000003,0.21639999999999981,11.397125453772457
186.25,0.4375,0.2288000000000003,12.050195489016378
186.25,0.4625,0.22439999999999982,11.818460960381422
186.25,0.48750000000000004,0.2232000000000003,11.755260634390101
186.25,0.5125,0.19649999999999984,10.349053381082662
186.25,0.5375000000000001,0.17109999999999986,9.011313147599203
186.25,0.5625,0.13069999999999987,6.883568839223937
186.25,0.5875000000000001,0.10249999999999991,5.398361178427343
186.25,0.6125,0.08060000000000028,4.244955229085324
186.25,0.6375,0.05189999999999995,2.7334140991256493
186.25,0.6625000000000001,0.038799999999999966,2.043477207053472
186.25,0.6875,0.025399999999999978,1.3377402334834585
186.25,0.7125000000000001,0.014699999999999986,0.77420399339397
186.25,0.7375,0.010100000000000036,0.5319360770938185
186.25,0.7625,0.005499999999999995,0.28966816079366225
186.25,0.7875000000000001,0.004399999999999996,0.2317345286349298
186.25,0.8125,0.001199999999999999,0.0632003259913445
186.25,0.8375000000000001,0.0006999999999999993,0.036866856828284285
186.25,0.8625,0.0013000000000000045,0.06846701982395684
186.25,0.8875,0.0004999999999999996,0.026333469163060206
186.25,0.9125000000000001,0.0004999999999999996,0.026333469163060206
186.25,0.9375,0.00019999999999999985,0.010533387665224084
186.25,0.9625000000000001,0.00019999999999999985,0.010533387665224084
186.25,0.9875,0.00030000000000000106,0.015800081497836193
186.25,1.0125000000000002,0.0006999999999999962,0.03686685682828412
186.25,1.0375,0.0010000000000000037,0.052666938326120655
186.25,1.0625,0.0014000000000000048,0.07373371365656889
186.25,1.0875,0.0035999999999999813,0.18960097797403266
186.25,1.1125,0.006900000000000024,0.3634018744502324
186.25,1.1375000000000002,0.009899999999999947,0.5214026894285898
186.25,1.1625,0.014900000000000054,0.7847373810591977
186.25,1.1875,0.020899999999999887,1.1007390110159117
186.25,1.2125000000000001,0.034600000000000124,1.8222760660837745
186.25,1.2375,0.053500000000000186,2.8176812004474545
186.25,1.2625000000000002,0.0738999999999996,3.892086742300281
186.25,1.2875,0.09950000000000035,5.240360363449004
186.25,1.3125,0.1323999999999993,6.973102634378312
186.25,1.3375000000000001,0.16810000000000058,8.85331233262088
186.25,1.3625,0.21360000000000076,11.24965802645937
186.25,1.3875000000000002,0.25149999999999867,13.245734989019224
186.25,1.4125,0.292600000000001,15.4103461542229
186.25,1.4375,0.34599999999999814,18.22276066083758
186.25,1.4625000000000001,0.3900000000000014,20.54010594718705
186.25,1.4875,0.42360000000000153,22.309715074944705
186.25,1.5125000000000002,0.4525999999999976,23.837056286401992
186.25,1.5375,0.4560000000000016,24.016123876711013
186.25,1.5625,0.4672999999999975,24.611260279795957
186.25,1.5875000000000001,0.4817000000000017,25.369664191692312
186.25,1.6125,0.46300000000000163,24.38479244499386
186.25,1.6375000000000002,0.44489999999999763,23.431520861290867
186.25,1.6625,0.4145000000000015,21.830445936177007
186.25,1.6875,0.380699999999998,20.050303420753952
186.25,1.7125000000000001,0.3489000000000012,18.37549478198349
186.25,1.7375,0.30690000000000106,16.163483372286425
186.25,1.7625000000000002,0.2699999999999986,14.220073348052448
186.25,1.7875,0.23350000000000082,12.29773009914917
186.25,1.8125,0.19619999999999893,10.333253299584777
186.25,1.8375000000000001,0.16560000000000058,8.721644986805579
186.25,1.8625,0.12980000000000047,6.83616859473046
186.25,1.8875000000000002,0.10839999999999943,5.709096114551428
186.25,1.9125,0.08860000000000032,4.6662907356942895
186.25,1.9375,0.07249999999999962,3.8183530286437133
186.25,1.9625000000000001,0.0562000000000002,2.9598819339279805
186.25,1.9875,0.051500000000000185,2.712347323795213
186.25,2.0125,0.04960000000000018,2.6122801409755843
186.25,2.0375,0.050599999999999284,2.6649470793016574
186.25,2.0625,0.062000000000000215,3.2653501762194796
186.25,2.0875000000000004,0.07580000000000027,3.992153925119945
186.25,2.1125,0.09420000000000033,4.961225590320565
186.25,2.1375,0.1112000000000004,5.856563541864616
186.25,2.1625,0.15279999999999783,8.047508176231092
186.25,2.1875,0.17880000000000063,9.416848572710371
186.25,2.2125000000000004,0.22720000000000082,11.96592838769461
186.25,2.2375,0.27460000000000095,14.462341264352728
186.25,2.2625,0.3338000000000012,17.580224013259073
186.25,2.2875,0.3937999999999944,20.74024031282594
186.25,2.3125,0.4433000000000016,23.347253759969284
186.25,2.3375000000000004,0.5303000000000019,27.929277394341778
186.25,2.3625,0.575100000000002,30.288756231351982
186.25,2.3875,0.636099999999991,33.50143946924475
186.25,2.4125000000000005,0.7074000000000025,37.25659217189774
186.25,2.4375,0.7347000000000026,38.69439958820084
186.25,2.4625000000000004,0.7898000000000027,41.59634788997008
186.25,2.4875,0.833600000000003,43.90315978865417
186.25,2.5125,0.8612999999999877,45.3620339802869
186.25,2.5375000000000005,0.8789000000000031,46.288972094827436
186.25,2.5625,0.8631000000000031,45.45683446927473
186.25,2.5875000000000004,0.875700000000003,46.120437892183844
186.25,2.6125,0.844200000000003,44.461429334911045
186.25,2.6375,0.8025999999999885,42.270484700543676
186.25,2.6625000000000005,0.7676000000000027,40.42714185913021
186.25,2.6875,0.7168000000000024,37.75166139216327
186.25,2.7125000000000004,0.6836000000000024,36.00311903973607
186.25,2.7375,0.6339000000000022,33.385572204927875
186.25,2.7625,0.5599999999999921,29.49348546262704
186.25,2.7875000000000005,0.5006000000000018,26.365069326056
186.25,2.8125,0.4465000000000016,23.51578796261287
186.25,2.8375000000000004,0.3871000000000014,20.387371826041303
186.25,2.8625,0.3533000000000013,18.607229310618425
186.25,2.8875,0.2962999999999958,15.60521382602927
186.25,2.9125000000000005,0.2555000000000009,13.456402742323824
186.25,2.9375,0.20960000000000073,11.038990273154887
186.25,2.9625000000000004,0.18940000000000065,9.975118118967249
186.25,2.9875,0.17360000000000061,9.142980493414544
186.25,3.0125,0.14509999999999795,7.641972751119971
186.25,3.0375000000000005,0.1401000000000005,7.378638059489503
186.25,3.0625,0.13170000000000046,6.936235777550088
186.25,3.0875000000000004,0.13260000000000047,6.983636022043598
186.25,3.1125,0.1366000000000005,7.1943037753480805
186.25,3.1375,0.140399999999998,7.394438140987207
186.25,3.1625000000000005,0.15100000000000055,7.952707687244218
186.25,3.1875,0.17620000000000063,9.279914533062458
186.25,3.2125000000000004,0.18750000000000067,9.875050936147622
186.25,3.2375,0.21270000000000075,11.20225778196586
186.25,3.2625,0.23889999999999662,12.58213156611
186.25,3.2875000000000005,0.2545000000000009,13.403735803997703
186.25,3.3125,0.282900000000001,14.89947685245953
186.25,3.3375000000000004,0.3131000000000011,16.490018389908375
186.25,3.3625,0.3346000000000012,17.622357563919966
186.25,3.3875,0.34739999999999505,18.296494374493985
186.25,3.4125000000000005,0.3737000000000013,19.681634852471284
186.25,3.4375,0.38530000000000136,20.292571337054284
186.25,3.4625000000000004,0.3984000000000014,20.982508229126466
186.25,3.4875,0.4140000000000015,21.804112467013947
186.25,3.5125,0.41689999999999405,21.956846588159305
186.25,3.5375000000000005,0.4219000000000015,22.2201812797903
186.25,3.5625,0.41370000000000146,21.78831238551611
186.25,3.5875000000000004,0.4120000000000015,21.698778590361705
186.25,3.6125,0.40050000000000147,21.093108799611322
186.25,3.6375,0.3879999999999945,20.43477207053445
186.25,3.6625000000000005,0.38050000000000134,20.039770033088907
186.25,3.6875,0.3556000000000013,18.728363268768504
186.25,3.7125000000000004,0.32490000000000113,17.1114882621566
186.25,3.7375,0.3194000000000012,16.82182010136294
186.25,3.7625,0.29219999999999585,15.38927937889218
186.25,3.7875000000000005,0.274900000000001,14.478141345850565
186.25,3.8125,0.24150000000000088,12.719065605758137
186.25,3.8375000000000004,0.2228000000000008,11.73419385905968
186.25,3.8625,0.1950000000000007,10.270052973593526
186.25,3.8875,0.17019999999999758,8.963912903105575
186.25,3.9125000000000005,0.15000000000000052,7.900040748918096
186.25,3.9375,0.13160000000000047,6.930969083717477
186.25,3.9625000000000004,0.11440000000000042,6.025097744508202
186.25,3.9875,0.09500000000000033,5.003359140981461
186.25,4.0125,0.08409999999999881,4.429289513226668
186.25,4.0375,0.07230000000000154,3.8078196409785905
186.25,4.0625,0.054399999999999234,2.8650814449409125
186.25,4.0875,0.04639999999999934,2.443745938331954
186.25,4.112500000000001,0.0376000000000008,1.9802768810621714
186.25,4.1375,0.03109999999999956,1.637941781942323
186.25,4.1625,0.024300000000000516,1.2798066013247542
186.25,4.1875,0.020699999999999705,1.090205623350678
186.25,4.2125,0.014899999999999788,0.7847373810591837
186.25,4.237500000000001,0.012800000000000275,0.6741368105743564
186.25,4.2625,0.010599999999999849,0.5582695462568689
186.25,4.2875,0.007400000000000157,0.3897353436132997
186.25,4.3125,0.006199999999999912,0.3265350176219422
186.25,4.3375,0.0038999999999999443,0.20540105947186685
186.25,4.362500000000001,0.0034000000000000727,0.1790675903088134
186.25,4.3875,0.0031999999999999546,0.16853420264358307
186.25,4.4125,0.0018000000000000385,0.09480048898701886
186.25,4.4375,0.0022999999999999674,0.12113395815007534
186.25,4.4625,0.0012999999999999815,0.06846701982395562
186.25,4.487500000000001,0.0010000000000000213,0.05266693832612158
186.25,4.5125,0.00069999999999999,0.03686685682828379
186.25,4.5375,0.0005000000000000106,0.02633346916306079
186.25,4.5625,0.00029999999999999575,0.015800081497835912
186.25,4.5875,0.00039999999999999433,0.021066775330447884
186.25,4.612500000000001,0.0,0.0
186.25,4.6375,0.0,0.0
186.25,4.6625,0.00010000000000000215,0.005266693832612159
186.25,4.6875,0.0,0.0
186.25,4.7125,0.0,0.0
186.25,4.737500000000001,0.0,0.0
186.25,4.7625,0.0,0.0
186.25,4.7875000000000005,0.0,0.0
186.25,4.8125,0.0,0.0
186.25,4.8375,0.0,0.0
186.25,4.862500000000001,0.0,0.0
186.25,4.8875,0.0,0.0
186.25,4.9125000000000005,0.0,0.0
186.25,4.9375,0.0,0.0
186.25,4.9625,0.0,0.0
186.25,4.987500000000001,0.0,0.0
186.25,5.0125,0.0,0.0
186.25,5.0375000000000005,0.0,0.0
186.25,5.0625,0.0,0.0
186.25,5.0875,0.0,0.0
186.25,5.112500000000001,0.0,0.0
186.25,5.1375,0.0,0.0
186.25,5.1625000000000005,0.0,0.0
186.25,5.1875,0.0,0.0
186.25,5.2125,0.0,0.0
186.25,5.237500000000001,0.0,0.0
186.25,5.2625,0.0,0.0
186.25,5.2875000000000005,0.0,0.0
186.25,5.3125,0.0,0.0
186.25,5.3375,0.0,0.0
186.25,5.362500000000001,0.0,0.0
186.25,5.3875,0.0,0.0
186.25,5.4125000000000005,0.0,0.0
186.25,5.4375,0.0,0.0
186.25,5.4625,0.0,0.0
186.25,5.487500000000001,0.0,0.0
186.25,5.5125,0.0,0.0
186.25,5.5375000000000005,0.0,0.0
186.25,5.5625,0.0,0.0
186.25,5.5875,0.0,0.0
186.25,5.612500000000001,0.0,0.0
186.25,5.6375,0.0,0.0
186.25,5.6625000000000005,0.0,0.0
186.25,5.6875,0.0,0.0
186.25,5.7125,0.0,0.0
186.25,5.737500000000001,0.0,0.0
186.25,5.7625,0.0,0.0
186.25,5.7875000000000005,0.0,0.0
186.25,5.8125,0.0,0.0
186.25,5.8375,0.0,0.0
186.25,5.862500000000001,0.0,0.0
186.25,5.8875,0.0,0.0
186.25,5.9125000000000005,0.0,0.0
186.25,5.9375,0.0,0.0
186.25,5.9625,0.0,0.0
186.25,5.987500000000001,0.0,0.0
186.25,6.0125,0.0,0.0
186.25,6.0375000000000005,0.0,0.0
186.25,6.0625,0.0,0.0
186.25,6.0875,0.0,0.0
186.25,6.112500000000001,0.0,0.0
186.25,6.1375,0.0,0.0
186.25,6.1625000000000005,0.0,0.0
186.25,6.1875,0.0,0.0
186.25,6.2125,0.0,0.0
186.25,6.237500000000001,0.0,0.0
186.25,6.2625,0.0,0.0
186.25,6.2875000000000005,0.0,0.0
186.25,6.3125,0.0,0.0
186.25,6.3375,0.0,0.0
186.25,6.362500000000001,0.0,0.0
186.25,6.3875,0.0,0.0
186.25,6.4125000000000005,0.0,0.0
186.25,6.4375,0.0,0.0
186.25,6.4625,0.0,0.0
186.25,6.487500000000001,0.0,0.0
186.25,6.5125,0.0,0.0
186.25,6.5375000000000005,0.0,0.0
186.25,6.5625,0.0,0.0
186.25,6.5875,0.0,0.0
186.25,6.612500000000001,0.0,0.0
186.25,6.6375,0.0,0.0
186.25,6.6625000000000005,0.0,0.0
186.25,6.6875,0.0,0.0
186.25,6.7125,0.0,0.0
186.25,6.737500000000001,0.0,0.0
186.25,6.7625,0.0,0.0
186.25,6.7875000000000005,0.0,0.0
186.25,6.8125,0.0,0.0
186.25,6.8375,0.0,0.0
186.25,6.862500000000001,0.0,0.0
186.25,6.8875,0.0,0.0
186.25,6.9125000000000005,0.0,0.0
186.25,6.9375,0.0,0.0
186.25,6.9625,0.0,0.0
186.25,6.987500000000001,0.0,0.0
188.75,0.0125,0.0,0.0
188.75,0.037500000000000006,0.0,0.0
188.75,0.0625,0.0,0.0
188.75,0.08750000000000001,0.0,0.0
188.75,0.1125,0.0,0.0
188.75,0.1375,0.0,0.0
188.75,0.16250000000000003,0.00020000000000000006,0.008431646688979845
188.75,0.1875,0.0006000000000000002,0.025294940066939532
188.75,0.21250000000000002,0.0023000000000000004,0.0969639369232682
188.75,0.2375,0.005400000000000001,0.22765446060245578
188.75,0.2625,0.016799999999999985,0.7082583218743062
188.75,0.28750000000000003,0.032499999999999966,1.370142586959223
188.75,0.3125,0.05900000000000008,2.4873357732490566
188.75,0.3375,0.09159999999999992,3.861694183552764
188.75,0.36250000000000004,0.12940000000000018,5.455275407769966
188.75,0.3875,0.16789999999999985,7.078367395398571
188.75,0.41250000000000003,0.20599999999999982,8.68459608964923
188.75,0.4375,0.2236000000000003,9.426580998279476
188.75,0.4625,0.23509999999999978,9.911400682895795
188.75,0.48750000000000004,0.2151000000000003,9.068236013997833
188.75,0.5125,0.1995999999999998,8.414783395601875
188.75,0.5375000000000001,0.17719999999999983,7.470438966436133
188.75,0.5625,0.14679999999999988,6.1888286697111985
188.75,0.5875000000000001,0.1148999999999999,4.843981022818915
188.75,0.6125,0.08810000000000032,3.714140366495634
188.75,0.6375,0.06049999999999994,2.5505731234163997
188.75,0.6625000000000001,0.04149999999999996,1.7495666879633156
188.75,0.6875,0.03059999999999997,1.2900419434139145
188.75,0.7125000000000001,0.02279999999999998,0.9612077225437011
188.75,0.7375,0.013200000000000047,0.5564886814726715
188.75,0.7625,0.008899999999999991,0.3752082776596026
188.75,0.7875000000000001,0.005399999999999995,0.22765446060245553
188.75,0.8125,0.003399999999999997,0.1433379937126572
188.75,0.8375000000000001,0.0028999999999999976,0.12225887699020761
188.75,0.8625,0.0012000000000000042,0.05058988013387923
188.75,0.8875,0.0003999999999999997,0.016863293377959672
188.75,0.9125000000000001,0.0006999999999999993,0.02951076341142942
188.75,0.9375,0.0003999999999999997,0.016863293377959672
188.75,0.9625000000000001,0.0009999999999999992,0.042158233444899176
188.75,0.9875,0.00030000000000000106,0.012647470033469808
188.75,1.0125000000000002,0.0006999999999999962,0.029510763411429285
188.75,1.0375,0.0014000000000000048,0.05902152682285909
188.75,1.0625,0.0020000000000000074,0.08431646688979873
188.75,1.0875,0.004599999999999976,0.19392787384653534
188.75,1.1125,0.005300000000000018,0.2234386372579666
188.75,1.1375000000000002,0.011999999999999934,0.5058988013387877
188.75,1.1625,0.018500000000000065,0.7799273187306381
188.75,1.1875,0.02669999999999986,1.125624832978803
188.75,1.2125000000000001,0.03860000000000014,1.6273078109731154
188.75,1.2375,0.0563000000000002,2.373508542947834
188.75,1.2625000000000002,0.0742999999999996,3.1323567449559944
188.75,1.2875,0.09390000000000034,3.9586581204760503
188.75,1.3125,0.1310999999999993,5.526944404626257
188.75,1.3375000000000001,0.16580000000000059,6.989835105164314
188.75,1.3625,0.20520000000000074,8.650869502893348
188.75,1.3875000000000002,0.24379999999999868,10.278177313866372
188.75,1.4125,0.29240000000000105,12.327067459288573
188.75,1.4375,0.32219999999999827,13.583382815946452
188.75,1.4625000000000001,0.3631000000000013,15.307654563842958
188.75,1.4875,0.39240000000000136,16.54289080377851
188.75,1.5125000000000002,0.4290999999999977,18.090097971206156
188.75,1.5375,0.4443000000000015,18.730903119568783
188.75,1.5625,0.4475999999999976,18.870025289936784
188.75,1.5875000000000001,0.46230000000000165,19.489751321576975
188.75,1.6125,0.4590000000000017,19.350629151208807
188.75,1.6375000000000002,0.4327999999999977,18.24608343495228
188.75,1.6625,0.40380000000000144,17.02349466505036
188.75,1.6875,0.377399999999998,15.910517302104878
188.75,1.7125000000000001,0.34990000000000127,14.751165882370287
188.75,1.7375,0.3119000000000011,13.149153011464112
188.75,1.7625000000000002,0.2762999999999985,11.648319900825587
188.75,1.7875,0.24590000000000087,10.366709604100752
188.75,1.8125,0.20769999999999889,8.756265086505518
188.75,1.8375000000000001,0.16610000000000058,7.002482575197783
188.75,1.8625,0.14740000000000053,6.214123609778166
188.75,1.8875000000000002,0.11829999999999938,4.987319016531551
188.75,1.9125,0.09710000000000034,4.093564467499728
188.75,1.9375,0.08489999999999955,3.5792340194719237
188.75,1.9625000000000001,0.07110000000000025,2.997450397932344
188.75,1.9875,0.060600000000000216,2.554788946760901
188.75,2.0125,0.06240000000000022,2.6306737669617197
188.75,2.0375,0.061699999999999124,2.601163003550244
188.75,2.0625,0.07390000000000026,3.1154934515780623
188.75,2.0875000000000004,0.07980000000000027,3.3642270289029685
188.75,2.1125,0.10030000000000036,4.228470814523406
188.75,2.1375,0.13090000000000046,5.518512757937326
188.75,2.1625,0.15409999999999782,6.496583773858877
188.75,2.1875,0.18940000000000065,7.984769414463938
188.75,2.2125000000000004,0.23300000000000085,9.822868392661551
188.75,2.2375,0.280600000000001,11.829600304638761
188.75,2.2625,0.3324000000000012,14.013396797084548
188.75,2.2875,0.3828999999999945,16.142387586051676
188.75,2.3125,0.4433000000000016,18.688744886123885
188.75,2.3375000000000004,0.5020000000000018,21.16343318933948
188.75,2.3625,0.5542000000000019,23.364092975163224
188.75,2.3875,0.6007999999999915,25.328666653695084
188.75,2.4125000000000005,0.6869000000000024,28.958490553301367
188.75,2.4375,0.7309000000000027,30.813452824876943
188.75,2.4625000000000004,0.7896000000000029,33.28814112809253
188.75,2.4875,0.8023000000000028,33.82355069284275
188.75,2.5125,0.836299999999988,35.25693062996871
188.75,2.5375000000000005,0.8422000000000031,35.505664207294245
188.75,2.5625,0.8622000000000031,36.34882887619223
188.75,2.5875000000000004,0.849100000000003,35.796556018064045
188.75,2.6125,0.834600000000003,35.18526163311301
188.75,2.6375,0.7888999999999888,33.25863036468051
188.75,2.6625000000000005,0.7620000000000028,32.12457388501331
188.75,2.6875,0.7258000000000027,30.59844583430796
188.75,2.7125000000000004,0.6667000000000023,28.1068942377144
188.75,2.7375,0.6350000000000022,26.770478237511092
188.75,2.7625,0.5662999999999919,23.87420759984608
188.75,2.7875000000000005,0.5044000000000017,21.264612949607233
188.75,2.8125,0.4752000000000017,20.033592533016176
188.75,2.8375000000000004,0.4064000000000015,17.133106072007102
188.75,2.8625,0.3813000000000013,16.074934412540124
188.75,2.8875,0.32639999999999536,13.760447396414907
188.75,2.9125000000000005,0.278800000000001,11.753715484437942
188.75,2.9375,0.24100000000000085,10.160134260220746
188.75,2.9625000000000004,0.21770000000000078,9.17784742095459
188.75,2.9875,0.19010000000000066,8.014280177875367
188.75,3.0125,0.17139999999999755,7.225921212455622
188.75,3.0375000000000005,0.15790000000000054,6.656785060949608
188.75,3.0625,0.14720000000000052,6.205691963089186
188.75,3.0875000000000004,0.1415000000000005,5.965390032453259
188.75,3.1125,0.14770000000000053,6.226771079811636
188.75,3.1375,0.14929999999999788,6.294224253323363
188.75,3.1625000000000005,0.15280000000000055,6.4417780703806224
188.75,3.1875,0.17280000000000062,7.28494273927861
188.75,3.2125000000000004,0.18390000000000065,7.752899130516992
188.75,3.2375,0.21340000000000078,8.996567017141524
188.75,3.2625,0.22939999999999672,9.67109875225974
188.75,3.2875000000000005,0.2558000000000009,10.784076115205256
188.75,3.3125,0.274900000000001,11.589298374002833
188.75,3.3375000000000004,0.29650000000000104,12.49991621641266
188.75,3.3625,0.3214000000000012,13.549656229190656
188.75,3.3875,0.3385999999999952,14.274777844442669
188.75,3.4125000000000005,0.3657000000000013,15.417265970799695
188.75,3.4375,0.37440000000000134,15.78404260177032
188.75,3.4625000000000004,0.3837000000000014,16.176114172807885
188.75,3.4875,0.38790000000000135,16.35317875327646
188.75,3.5125,0.40989999999999416,17.28065988906394
188.75,3.5375000000000005,0.39380000000000137,16.601912330601365
188.75,3.5625,0.41370000000000146,17.440861176154865
188.75,3.5875000000000004,0.4001000000000014,16.867509201304234
188.75,3.6125,0.38990000000000136,16.43749522016626
188.75,3.6375,0.3828999999999945,16.142387586051676
188.75,3.6625000000000005,0.37420000000000136,15.775610955081342
188.75,3.6875,0.3559000000000012,15.00411528303968
188.75,3.7125000000000004,0.33170000000000116,13.983886033673118
188.75,3.7375,0.3141000000000011,13.241901125042888
188.75,3.7625,0.29669999999999574,12.508347863101417
188.75,3.7875000000000005,0.26470000000000093,11.15928439286486
188.75,3.8125,0.24060000000000087,10.143270966842787
188.75,3.8375000000000004,0.2221000000000008,9.363343648112147
188.75,3.8625,0.19840000000000071,8.364193515468033
188.75,3.8875,0.17939999999999745,7.563187080014811
188.75,3.9125000000000005,0.15390000000000054,6.488152127170011
188.75,3.9375,0.13750000000000048,5.796757098673662
188.75,3.9625000000000004,0.12390000000000044,5.223405123823031
188.75,3.9875,0.11030000000000038,4.650053148972399
188.75,4.0125,0.08699999999999876,3.667766309706179
188.75,4.0375,0.07290000000000155,3.0733352181332174
188.75,4.0625,0.0627999999999991,2.6475370603396327
188.75,4.0875,0.05449999999999922,2.297623722746974
188.75,4.112500000000001,0.04360000000000093,1.8380989781976447
188.75,4.1375,0.040499999999999425,1.7074084545183938
188.75,4.1625,0.02890000000000062,1.2183729465576132
188.75,4.1875,0.024299999999999652,1.0244450727110361
188.75,4.2125,0.01899999999999973,0.8010064354530736
188.75,4.237500000000001,0.017300000000000367,0.7293374385967718
188.75,4.2625,0.012899999999999816,0.5438412114391921
188.75,4.2875,0.01130000000000024,0.4763880379273712
188.75,4.3125,0.007899999999999888,0.333050044214699
188.75,4.3375,0.005899999999999917,0.2487335773249018
188.75,4.362500000000001,0.003800000000000081,0.16020128709062043
188.75,4.3875,0.004099999999999941,0.1728487571240843
188.75,4.4125,0.0035000000000000747,0.14755381705715037
188.75,4.4375,0.00349999999999995,0.14755381705714513
188.75,4.4625,0.0014999999999999786,0.06323735016734791
188.75,4.487500000000001,0.0010000000000000213,0.042158233444900106
188.75,4.5125,0.0007999999999999887,0.03372658675591889
188.75,4.5375,0.0008000000000000172,0.03372658675592009
188.75,4.5625,0.00039999999999999433,0.016863293377959446
188.75,4.5875,0.00029999999999999575,0.012647470033469584
188.75,4.612500000000001,0.0003000000000000064,0.012647470033470033
188.75,4.6375,9.999999999999858e-05,0.004215823344489862
188.75,4.6625,0.00010000000000000215,0.004215823344490012
188.75,4.6875,0.0,0.0
188.75,4.7125,0.0,0.0
188.75,4.737500000000001,0.0002000000000000043,0.008431646688980023
188.75,4.7625,0.0,0.0
188.75,4.7875000000000005,0.0,0.0
188.75,4.8125,0.0,0.0
188.75,4.8375,0.0,0.0
188.75,4.862500000000001,0.0,0.0
188.75,4.8875,0.0,0.0
188.75,4.9125000000000005,0.0,0.0
188.75,4.9375,0.0,0.0
188.75,4.9625,0.0,0.0
188.75,4.987500000000001,0.0,0.0
188.75,5.0125,0.0,0.0
188.75,5.0375000000000005,0.0,0.0
188.75,5.0625,0.0,0.0
188.75,5.0875,0.0,0.0
188.75,5.112500000000001,0.0,0.0
188.75,5.1375,0.0,0.0
188.75,5.1625000000000005,0.0,0.0
188.75,5.1875,0.0,0.0
188.75,5.2125,0.0,0.0
188.75,5.237500000000001,0.0,0.0
188.75,5.2625,0.0,0.0
188.75,5.2875000000000005,0.0,0.0
188.75,5.3125,0.0,0.0
188.75,5.3375,0.0,0.0
188.75,5.362500000000001,0.0,0.0
188.75,5.3875,0.0,0.0
188.75,5.4125000000000005,0.0,0.0
188.75,5.4375,0.0,0.0
188.75,5.4625,0.0,0.0
188.75,5.487500000000001,0.0,0.0
188.75,5.5125,0.0,0.0
188.75,5.5375000000000005,0.0,0.0
188.75,5.5625,0.0,0.0
188.75,5.5875,0.0,0.0
188.75,5.612500000000001,0.0,0.0
188.75,5.6375,0.0,0.0
188.75,5.6625000000000005,0.0,0.0
188.75,5.6875,0.0,0.0
188.75,5.7125,0.0,0.0
188.75,5.737500000000001,0.0,0.0
188.75,5.7625,0.0,0.0
188.75,5.7875000000000005,0.0,0.0
188.75,5.8125,0.0,0.0
188.75,5.8375,0.0,0.0
188.75,5.862500000000001,0.0,0.0
188.75,5.8875,0.0,0.0
188.75,5.9125000000000005,0.0,0.0
188.75,5.9375,0.0,0.0
188.75,5.9625,0.0,0.0
188.75,5.987500000000001,0.0,0.0
188.75,6.0125,0.0,0.0
188.75,6.0375000000000005,0.0,0.0
188.75,6.0625,0.0,0.0
188.75,6.0875,0.0,0.0
188.75,6.112500000000001,0.0,0.0
188.75,6.1375,0.0,0.0
188.75,6.1625000000000005,0.0,0.0
188.75,6.1875,0.0,0.0
188.75,6.2125,0.0,0.0
188.75,6.237500000000001,0.0,0.0
188.75,6.2625,0.0,0.0
188.75,6.2875000000000005,0.0,0.0
188.75,6.3125,0.0,0.0
188.75,6.3375,0.0,0.0
188.75,6.362500000000001,0.0,0.0
188.75,6.3875,0.0,0.0
188.75,6.4125000000000005,0.0,0.0
188.75,6.4375,0.0,0.0
188.75,6.4625,0.0,0.0
188.75,6.487500000000001,0.0,0.0
188.75,6.5125,0.0,0.0
188.75,6.5375000000000005,0.0,0.0
188.75,6.5625,0.0,0.0
188.75,6.5875,0.0,0.0
188.75,6.612500000000001,0.0,0.0
188.75,6.6375,0.0,0.0
188.75,6.6625000000000005,0.0,0.0
188.75,6.6875,0.0,0.0
188.75,6.7125,0.0,0.0
188.75,6.737500000000001,0.0,0.0
188.75,6.7625,0.0,0.0
188.75,6.7875000000000005,0.0,0.0
188.75,6.8125,0.0,0.0
188.75,6.8375,0.0,0.0
188.75,6.862500000000001,0.0,0.0
188.75,6.8875,0.0,0.0
188.75,6.9125000000000005,0.0,0.0
188.75,6.9375,0.0,0.0
188.75,6.9625,0.0,0.0
188.75,6.987500000000001,0.0,0.0
191.25,0.0125,0.0,0.0
191.25,0.037500000000000006,0.0,0.0
191.25,0.0625,0.0,0.0
191.25,0.08750000000000001,0.0,0.0
191.25,0.1125,0.0,0.0
191.25,0.1375,0.0,0.0
191.25,0.16250000000000003,0.0,0.0
191.25,0.1875,0.0008000000000000003,0.02719713603500897
191.25,0.21250000000000002,0.0022000000000000006,0.07479212409627467
191.25,0.2375,0.007700000000000001,0.2617724343369613
191.25,0.2625,0.017699999999999987,0.6017366347745728
191.25,0.28750000000000003,0.03539999999999997,1.2034732695491457
191.25,0.3125,0.06170000000000008,2.0975791167000692
191.25,0.3375,0.09149999999999991,3.1106724340041474
191.25,0.36250000000000004,0.12290000000000018,4.178160023378258
191.25,0.3875,0.15899999999999986,5.405430786958027
191.25,0.41250000000000003,0.19759999999999983,6.717692600647208
191.25,0.4375,0.2257000000000003,7.672992003876914
191.25,0.4625,0.22679999999999978,7.7103880659250335
191.25,0.48750000000000004,0.2108000000000003,7.166445345224872
191.25,0.5125,0.19459999999999986,6.615703340515926
191.25,0.5375000000000001,0.17459999999999984,5.935774939640701
191.25,0.5625,0.14979999999999988,5.092663722555424
191.25,0.5875000000000001,0.12509999999999988,4.252952147474523
191.25,0.6125,0.09700000000000035,3.2976527442448487
191.25,0.6375,0.07049999999999994,2.396747613085163
191.25,0.6625000000000001,0.05469999999999995,1.8596041763937363
191.25,0.6875,0.03809999999999997,1.2952636036673009
191.25,0.7125000000000001,0.02559999999999998,0.8703083531202862
191.25,0.7375,0.017800000000000062,0.6051362767789515
191.25,0.7625,0.013299999999999989,0.45215238658202367
191.25,0.7875000000000001,0.006899999999999994,0.23457529830195212
191.25,0.8125,0.005399999999999995,0.18358066823631033
191.25,0.8375000000000001,0.0030999999999999973,0.10538890213565964
191.25,0.8625,0.0028000000000000095,0.0951899761225317
191.25,0.8875,0.0009999999999999992,0.033996420043761175
191.25,0.9125000000000001,0.0008999999999999992,0.03059677803938506
191.25,0.9375,0.0006999999999999993,0.02379749403063282
191.25,0.9625000000000001,0.0006999999999999993,0.02379749403063282
191.25,0.9875,0.0009000000000000032,0.030596778039385195
191.25,1.0125000000000002,0.0011999999999999936,0.04079570405251323
191.25,1.0375,0.0016000000000000057,0.054394272070018124
191.25,1.0625,0.002600000000000009,0.08839069211377944
191.25,1.0875,0.005899999999999969,0.20057887825819004
191.25,1.1125,0.007900000000000029,0.26857171834571447
191.25,1.1375000000000002,0.014099999999999925,0.47934952261703045
191.25,1.1625,0.01900000000000007,0.6459319808314652
191.25,1.1875,0.029499999999999842,1.0028943912909503
191.25,1.2125000000000001,0.03680000000000013,1.2510682576104168
191.25,1.2375,0.0542000000000002,1.8426059663718641
191.25,1.2625000000000002,0.07159999999999962,2.4341436751332894
191.25,1.2875,0.10400000000000037,3.535627684551178
191.25,1.3125,0.12609999999999932,4.286948567518265
191.25,1.3375000000000001,0.1597000000000006,5.429228280988685
191.25,1.3625,0.19910000000000072,6.768687230712881
191.25,1.3875000000000002,0.23309999999999875,7.924565512200695
191.25,1.4125,0.26800000000000096,9.111040571728035
191.25,1.4375,0.31219999999999837,10.613682337662192
191.25,1.4625000000000001,0.3570000000000013,12.136721955622795
191.25,1.4875,0.3821000000000014,12.990032098721203
191.25,1.5125000000000002,0.41619999999999774,14.149310022213337
191.25,1.5375,0.44250000000000156,15.043415869364386
191.25,1.5625,0.4360999999999977,14.825838781084183
191.25,1.5875000000000001,0.4582000000000016,15.57715966405144
191.25,1.6125,0.44490000000000157,15.125007277469413
191.25,1.6375000000000002,0.4265999999999977,14.502872790668452
191.25,1.6625,0.40860000000000146,13.890937229880878
191.25,1.6875,0.379099999999998,12.888042838589804
191.25,1.7125000000000001,0.35870000000000124,12.194515869697186
191.25,1.7375,0.31880000000000114,10.838058709951111
191.25,1.7625000000000002,0.2754999999999985,9.366013722056161
191.25,1.7875,0.2449000000000009,8.32572326871715
191.25,1.8125,0.20949999999999888,7.122249999167934
191.25,1.8375000000000001,0.18430000000000063,6.265540214065211
191.25,1.8625,0.15930000000000055,5.415629712971179
191.25,1.8875000000000002,0.13249999999999929,4.504525655798336
191.25,1.9125,0.10480000000000037,3.5628248205861865
191.25,1.9375,0.0925999999999995,3.1480684960522707
191.25,1.9625000000000001,0.07950000000000029,2.702715393479026
191.25,1.9875,0.07510000000000026,2.5531311452864753
191.25,2.0125,0.07170000000000025,2.437543317137687
191.25,2.0375,0.070399999999999,2.393347971080755
191.25,2.0625,0.07790000000000027,2.648321121409007
191.25,2.0875000000000004,0.09530000000000034,3.2398588301704545
191.25,2.1125,0.10900000000000039,3.7056097847699845
191.25,2.1375,0.13380000000000047,4.548721001855266
191.25,2.1625,0.15969999999999773,5.429228280988587
191.25,2.1875,0.19530000000000067,6.6395008345465865
191.25,2.2125000000000004,0.23500000000000085,7.989158710283912
191.25,2.2375,0.280800000000001,9.54619474828818
191.25,2.2625,0.32110000000000116,10.916250476051763
191.25,2.2875,0.38669999999999455,13.146415630922272
191.25,2.3125,0.43560000000000154,14.808840571062433
191.25,2.3375000000000004,0.5019000000000018,17.06280321996381
191.25,2.3625,0.5454000000000019,18.541647491867426
191.25,2.3875,0.5994999999999915,20.380853816234552
191.25,2.4125000000000005,0.6427000000000023,21.849499162125404
191.25,2.4375,0.6886000000000025,23.409934842134053
191.25,2.4625000000000004,0.7467000000000027,25.385126846676584
191.25,2.4875,0.7761000000000028,26.384621595963164
191.25,2.5125,0.8005999999999887,27.217533887034836
191.25,2.5375000000000005,0.8141000000000028,27.676485557626094
191.25,2.5625,0.8166000000000029,27.7614766077355
191.25,2.5875000000000004,0.836400000000003,28.434605724601976
191.25,2.6125,0.8015000000000029,27.248130665074704
191.25,2.6375,0.7857999999999888,26.714386870387177
191.25,2.6625000000000005,0.7598000000000028,25.83047994924986
191.25,2.6875,0.7204000000000026,24.49102099952566
191.25,2.7125000000000004,0.6762000000000024,22.988379233591406
191.25,2.7375,0.6271000000000022,21.319155009442728
191.25,2.7625,0.5743999999999918,19.527543673136158
191.25,2.7875000000000005,0.5331000000000019,18.123491525329165
191.25,2.8125,0.48070000000000174,16.34207911503607
191.25,2.8375000000000004,0.42120000000000146,14.31929212243227
191.25,2.8625,0.3877000000000014,13.180412050966266
191.25,2.8875,0.3356999999999953,11.412598208690476
191.25,2.9125000000000005,0.2985000000000011,10.147931383062756
191.25,2.9375,0.275900000000001,9.37961229007375
191.25,2.9625000000000004,0.24170000000000086,8.216934724577113
191.25,2.9875,0.21090000000000075,7.169844987229264
191.25,3.0125,0.1904999999999973,6.476318018336418
191.25,3.0375000000000005,0.17760000000000065,6.037764199772012
191.25,3.0625,0.16540000000000057,5.623007875238123
191.25,3.0875000000000004,0.16110000000000058,5.47682326904995
191.25,3.1125,0.15930000000000055,5.415629712971179
191.25,3.1375,0.1679999999999976,5.711398567351801
191.25,3.1625000000000005,0.1739000000000006,5.911977445610094
191.25,3.1875,0.17610000000000064,5.98676956970637
191.25,3.2125000000000004,0.1996000000000007,6.78568544073476
191.25,3.2375,0.21700000000000078,7.377223149496208
191.25,3.2625,0.2263999999999968,7.696789497907428
191.25,3.2875000000000005,0.2516000000000009,8.55349928301035
191.25,3.3125,0.26800000000000096,9.111040571728035
191.25,3.3375000000000004,0.29250000000000104,9.943952862800188
191.25,3.3625,0.3156000000000011,10.729270165811073
191.25,3.3875,0.34009999999999513,11.56218245688302
191.25,3.4125000000000005,0.3397000000000012,11.548583888865723
191.25,3.4375,0.3527000000000013,11.990537349434621
191.25,3.4625000000000004,0.3736000000000013,12.701062528349231
191.25,3.4875,0.3685000000000013,12.52768078612605
191.25,3.5125,0.3838999999999945,13.05122565479974
191.25,3.5375000000000005,0.3862000000000014,13.129417420900625
191.25,3.5625,0.3811000000000013,12.95603567867744
191.25,3.5875000000000004,0.37930000000000136,12.894842122598671
191.25,3.6125,0.37550000000000133,12.765655726432378
191.25,3.6375,0.36819999999999475,12.517481860112698
191.25,3.6625000000000005,0.3559000000000012,12.099325893574655
191.25,3.6875,0.3408000000000012,11.58597995091386
191.25,3.7125000000000004,0.33580000000000115,11.415997850695051
191.25,3.7375,0.3190000000000011,10.844857993959863
191.25,3.7625,0.2887999999999959,9.818166108638096
191.25,3.7875000000000005,0.274700000000001,9.338816586021236
191.25,3.8125,0.24710000000000087,8.400515392813423
191.25,3.8375000000000004,0.2284000000000008,7.764782337995086
191.25,3.8625,0.1992000000000007,6.7720868727172565
191.25,3.8875,0.18759999999999732,6.377728400209511
191.25,3.9125000000000005,0.16210000000000055,5.51081968909371
191.25,3.9375,0.14880000000000054,5.058667302511686
191.25,3.9625000000000004,0.1382000000000005,4.698305250047815
191.25,3.9875,0.11980000000000042,4.0727711212426065
191.25,4.0125,0.09609999999999864,3.267055966205406
191.25,4.0375,0.08720000000000186,2.9644878278160403
191.25,4.0625,0.069899999999999,2.3763497610588744
191.25,4.0875,0.06369999999999909,2.165571956787558
191.25,4.112500000000001,0.05420000000000116,1.8426059663718966
191.25,4.1375,0.0489999999999993,1.6658245821442752
191.25,4.1625,0.03980000000000085,1.3530575177417248
191.25,4.1875,0.03009999999999957,1.0232922433171978
191.25,4.2125,0.026499999999999625,0.9009051311596592
191.25,4.237500000000001,0.017300000000000367,0.5881380667570814
191.25,4.2625,0.01609999999999977,0.5473423627045476
191.25,4.2875,0.015600000000000332,0.5303441526826861
191.25,4.3125,0.01049999999999985,0.35696241045948757
191.25,4.3375,0.008399999999999882,0.2855699283675901
191.25,4.362500000000001,0.0065000000000001385,0.22097673028445253
191.25,4.3875,0.005899999999999917,0.20057887825818826
191.25,4.4125,0.004500000000000096,0.15298389019692868
191.25,4.4375,0.002999999999999957,0.10198926013128216
191.25,4.4625,0.0022999999999999674,0.07819176610064967
191.25,4.487500000000001,0.0024000000000000514,0.08159140810502864
191.25,4.5125,0.0015999999999999773,0.05439427207001716
191.25,4.5375,0.0006000000000000128,0.02039785202625716
191.25,4.5625,0.00029999999999999575,0.010198926013128216
191.25,4.5875,0.000999999999999986,0.033996420043760724
191.25,4.612500000000001,0.0004000000000000086,0.013598568017504774
191.25,4.6375,0.00019999999999999716,0.006799284008752145
191.25,4.6625,0.0002000000000000043,0.006799284008752387
191.25,4.6875,0.00019999999999999716,0.006799284008752145
191.25,4.7125,0.00039999999999999433,0.01359856801750429
191.25,4.737500000000001,0.00010000000000000215,0.0033996420043761934
191.25,4.7625,9.999999999999858e-05,0.0033996420043760724
191.25,4.7875000000000005,0.0,0.0
191.25,4.8125,0.0,0.0
191.25,4.8375,0.0,0.0
191.25,4.862500000000001,0.00010000000000000215,0.0033996420043761934
191.25,4.8875,0.0,0.0
191.25,4.9125000000000005,0.0,0.0
191.25,4.9375,0.0,0.0
191.25,4.9625,0.0,0.0
191.25,4.987500000000001,0.0,0.0
191.25,5.0125,0.0,0.0
191.25,5.0375000000000005,0.0,0.0
191.25,5.0625,0.0,0.0
191.25,5.0875,0.0,0.0
191.25,5.112500000000001,0.0,0.0
191.25,5.1375,0.0,0.0
191.25,5.1625000000000005,0.0,0.0
191.25,5.1875,0.0,0.0
191.25,5.2125,0.0,0.0
191.25,5.237500000000001,0.0,0.0
191.25,5.2625,0.0,0.0
191.25,5.2875000000000005,0.0,0.0
191.25,5.3125,0.0,0.0
191.25,5.3375,0.0,0.0
191.25,5.362500000000001,0.0,0.0
191.25,5.3875,0.0,0.0
191.25,5.4125000000000005,0.0,0.0
191.25,5.4375,0.0,0.0
191.25,5.4625,0.0,0.0
191.25,5.487500000000001,0.0,0.0
191.25,5.5125,0.0,0.0
191.25,5.5375000000000005,0.0,0.0
191.25,5.5625,0.0,0.0
191.25,5.5875,0.0,0.0
191.25,5.612500000000001,0.0,0.0
191.25,5.6375,0.0,0.0
191.25,5.6625000000000005,0.0,0.0
191.25,5.6875,0.0,0.0
191.25,5.7125,0.0,0.0
191.25,5.737500000000001,0.0,0.0
191.25,5.7625,0.0,0.0
191.25,5.7875000000000005,0.0,0.0
191.25,5.8125,0.0,0.0
191.25,5.8375,0.0,0.0
191.25,5.862500000000001,0.0,0.0
191.25,5.8875,0.0,0.0
191.25,5.9125000000000005,0.0,0.0
191.25,5.9375,0.0,0.0
191.25,5.9625,0.0,0.0
191.25,5.987500000000001,0.0,0.0
191.25,6.0125,0.0,0.0
191.25,6.0375000000000005,0.0,0.0
191.25,6.0625,0.0,0.0
191.25,6.0875,0.0,0.0
191.25,6.112500000000001,0.0,0.0
191.25,6.1375,0.0,0.0
191.25,6.1625000000000005,0.0,0.0
191.25,6.1875,0.0,0.0
191.25,6.2125,0.0,0.0
191.25,6.237500000000001,0.0,0.0
191.25,6.2625,0.0,0.0
191.25,6.2875000000000005,0.0,0.0
191.25,6.3125,0.0,0.0
191.25,6.3375,0.0,0.0
191.25,6.362500000000001,0.0,0.0
191.25,6.3875,0.0,0.0
191.25,6.4125000000000005,0.0,0.0
191.25,6.4375,0.0,0.0
191.25,6.4625,0.0,0.0
191.25,6.487500000000001,0.0,0.0
191.25,6.5125,0.0,0.0
191.25,6.5375000000000005,0.0,0.0
191.25,6.5625,0.0,0.0
191.25,6.5875,0.0,0.0
191.25,6.612500000000001,0.0,0.0
191.25,6.6375,0.0,0.0
191.25,6.6625000000000005,0.0,0.0
191.25,6.6875,0.0,0.0
191.25,6.7125,0.0,0.0
191.25,6.737500000000001,0.0,0.0
191.25,6.7625,0.0,0.0
191.25,6.7875000000000005,0.0,0.0
191.25,6.8125,0.0,0.0
191.25,6.8375,0.0,0.0
191.25,6.862500000000001,0.0,0.0
191.25,6.8875,0.0,0.0
191.25,6.9125000000000005,0.0,0.0
191.25,6.9375,0.0,0.0
191.25,6.9625,0.0,0.0
191.25,6.987500000000001,0.0,0.0
193.75,0.0125,0.0,0.0
193.75,0.037500000000000006,0.0,0.0
193.75,0.0625,0.0,0.0
193.75,0.08750000000000001,0.0,0.0
193.75,0.1125,0.0,0.0
193.75,0.1375,0.0,0.0
193.75,0.16250000000000003,0.00010000000000000003,0.0027616089752302386
193.75,0.1875,0.0008000000000000003,0.02209287180184191
193.75,0.21250000000000002,0.003800000000000001,0.10494114105874906
193.75,0.2375,0.007400000000000001,0.20435906416703764
193.75,0.2625,0.016499999999999987,0.4556654809129889
193.75,0.28750000000000003,0.03289999999999997,0.9085693528507475
193.75,0.3125,0.060300000000000076,1.6652502120638355
193.75,0.3375,0.08959999999999992,2.4744016418062906
193.75,0.36250000000000004,0.11120000000000015,3.0709091804560287
193.75,0.3875,0.15079999999999985,4.164506334647195
193.75,0.41250000000000003,0.18299999999999983,5.053744424671331
193.75,0.4375,0.19760000000000025,5.456939335054957
193.75,0.4625,0.20829999999999982,5.752431495404581
193.75,0.48750000000000004,0.2065000000000003,5.70272253385045
193.75,0.5125,0.1876999999999998,5.183540046507152
193.75,0.5375000000000001,0.17669999999999986,4.879763059231826
193.75,0.5625,0.14629999999999987,4.0402339307618345
193.75,0.5875000000000001,0.1204999999999999,3.327738815152434
193.75,0.6125,0.10080000000000036,2.78370184703209
193.75,0.6375,0.08239999999999993,2.275565795589714
193.75,0.6625000000000001,0.06159999999999994,1.7011511287418248
193.75,0.6875,0.04509999999999996,1.245485647828836
193.75,0.7125000000000001,0.033899999999999965,0.9361854426030497
193.75,0.7375,0.022400000000000076,0.6186004104515754
193.75,0.7625,0.016799999999999985,0.4639503078386796
193.75,0.7875000000000001,0.011299999999999989,0.3120618142010166
193.75,0.8125,0.008999999999999992,0.24854480777072122
193.75,0.8375000000000001,0.006199999999999995,0.1712197564642746
193.75,0.8625,0.003800000000000014,0.10494114105874942
193.75,0.8875,0.0016999999999999986,0.046947352578914005
193.75,0.9125000000000001,0.0012999999999999986,0.035900916677993056
193.75,0.9375,0.0008999999999999992,0.02485448077707212
193.75,0.9625000000000001,0.0003999999999999997,0.011046435900920944
193.75,0.9875,0.0009000000000000032,0.02485448077707223
193.75,1.0125000000000002,0.0011999999999999936,0.03313930770276268
193.75,1.0375,0.0032000000000000114,0.08837148720736793
193.75,1.0625,0.0030000000000000105,0.08284826925690743
193.75,1.0875,0.005899999999999969,0.16293492953858318
193.75,1.1125,0.009800000000000034,0.27063767957256424
193.75,1.1375000000000002,0.01329999999999993,0.3672939937056197
193.75,1.1625,0.02260000000000008,0.624123628402036
193.75,1.1875,0.029399999999999843,0.8119130387176856
193.75,1.2125000000000001,0.03970000000000014,1.0963587631664082
193.75,1.2375,0.06190000000000022,1.7094359556675234
193.75,1.2625000000000002,0.08139999999999956,2.2479497058374016
193.75,1.2875,0.10190000000000035,2.814079545759622
193.75,1.3125,0.1289999999999993,3.5624755780469877
193.75,1.3375000000000001,0.16100000000000056,4.446190450120699
193.75,1.3625,0.1936000000000007,5.3464749760457595
193.75,1.3875000000000002,0.23819999999999875,6.578152578998392
193.75,1.4125,0.2562000000000009,7.075242194539896
193.75,1.4375,0.30589999999999834,8.447761855229253
193.75,1.4625000000000001,0.33750000000000124,9.320430291402086
193.75,1.4875,0.3643000000000013,10.060541496763792
193.75,1.5125000000000002,0.3913999999999979,10.808937529051093
193.75,1.5375,0.4226000000000015,11.670559529323025
193.75,1.5625,0.4272999999999977,11.800355151158742
193.75,1.5875000000000001,0.42360000000000153,11.69817561907533
193.75,1.6125,0.4253000000000015,11.745122971654244
193.75,1.6375000000000002,0.41849999999999776,11.557333561338483
193.75,1.6625,0.40160000000000146,11.090621644524676
193.75,1.6875,0.378999999999998,10.466498016122546
193.75,1.7125000000000001,0.35240000000000127,9.731910028711393
193.75,1.7375,0.3230000000000012,8.9199969899937
193.75,1.7625000000000002,0.28509999999999847,7.8733471883813655
193.75,1.7875,0.2569000000000009,7.094573457366506
193.75,1.8125,0.22859999999999878,6.31303811737629
193.75,1.8375000000000001,0.1990000000000007,5.495601860708193
193.75,1.8625,0.1712000000000006,4.727874565594184
193.75,1.8875000000000002,0.14509999999999923,4.007094623059054
193.75,1.9125,0.13050000000000048,3.6038997126754735
193.75,1.9375,0.1112999999999994,3.073670789431238
193.75,1.9625000000000001,0.09870000000000036,2.7257080585522546
193.75,1.9875,0.09280000000000033,2.56277312901367
193.75,2.0125,0.08480000000000029,2.34184441099525
193.75,2.0375,0.08209999999999884,2.2672809686639934
193.75,2.0625,0.08980000000000032,2.4799248597567627
193.75,2.0875000000000004,0.10070000000000037,2.7809402380568597
193.75,2.1125,0.12370000000000045,3.4161103023598165
193.75,2.1375,0.1395000000000005,3.852444520446196
193.75,2.1625,0.1690999999999976,4.669880777114266
193.75,2.1875,0.20160000000000072,5.56740369406418
193.75,2.2125000000000004,0.23930000000000085,6.608530277725983
193.75,2.2375,0.28240000000000104,7.798783746050221
193.75,2.2625,0.32630000000000114,9.011130086176298
193.75,2.2875,0.3854999999999945,10.646002599512416
193.75,2.3125,0.4191000000000015,11.573903215189969
193.75,2.3375000000000004,0.4727000000000017,13.05412562591338
193.75,2.3625,0.539600000000002,14.901642030342417
193.75,2.3875,0.5844999999999917,16.14160446022051
193.75,2.4125000000000005,0.6285000000000023,17.356712409322107
193.75,2.4375,0.6774000000000023,18.707139198209696
193.75,2.4625000000000004,0.7228000000000026,19.96090967296423
193.75,2.4875,0.7382000000000026,20.386197455149688
193.75,2.5125,0.7626999999999892,21.062791654080726
193.75,2.5375000000000005,0.7969000000000028,22.007261923609843
193.75,2.5625,0.7721000000000028,21.322382897752743
193.75,2.5875000000000004,0.7954000000000028,21.96583778898139
193.75,2.6125,0.7841000000000027,21.65377597478037
193.75,2.6375,0.7685999999999891,21.225726583619306
193.75,2.6625000000000005,0.7458000000000026,20.596079737267186
193.75,2.6875,0.7081000000000025,19.554953153605386
193.75,2.7125000000000004,0.6709000000000024,18.527634614819732
193.75,2.7375,0.6138000000000021,16.950755889963258
193.75,2.7625,0.5911999999999916,16.326632261560935
193.75,2.7875000000000005,0.5335000000000019,14.733183882853371
193.75,2.8125,0.49330000000000174,13.62301707481081
193.75,2.8375000000000004,0.4571000000000016,12.623314625777462
193.75,2.8625,0.3997000000000014,11.0381510739953
193.75,2.8875,0.3545999999999949,9.792665426166284
193.75,2.9125000000000005,0.3335000000000012,9.209965932392876
193.75,2.9375,0.288900000000001,7.9782883294401845
193.75,2.9625000000000004,0.2638000000000009,7.285124476657393
193.75,2.9875,0.23900000000000085,6.600245450800292
193.75,3.0125,0.21339999999999698,5.893273553141245
193.75,3.0375000000000005,0.1983000000000007,5.476270597881581
193.75,3.0625,0.18800000000000067,5.191824873432866
193.75,3.0875000000000004,0.18040000000000064,4.9819425913153665
193.75,3.1125,0.17650000000000063,4.874239841281387
193.75,3.1375,0.1758999999999975,4.857670187429919
193.75,3.1625000000000005,0.18150000000000063,5.012320290042899
193.75,3.1875,0.18810000000000068,5.194586482408097
193.75,3.2125000000000004,0.1988000000000007,5.490078642757732
193.75,3.2375,0.21730000000000077,6.000976303175328
193.75,3.2625,0.22709999999999678,6.271613982747781
193.75,3.2875000000000005,0.2590000000000009,7.152567245846341
193.75,3.3125,0.26360000000000094,7.279601258706934
193.75,3.3375000000000004,0.280600000000001,7.7490747844960755
193.75,3.3625,0.3066000000000011,8.46709311805594
193.75,3.3875,0.31369999999999554,8.663167355297134
193.75,3.4125000000000005,0.3390000000000012,9.36185442603054
193.75,3.4375,0.35200000000000126,9.720863592810472
193.75,3.4625000000000004,0.35650000000000126,9.845135996695833
193.75,3.4875,0.3645000000000013,10.066064714714253
193.75,3.5125,0.3658999999999948,10.104727240367296
193.75,3.5375000000000005,0.3782000000000013,10.444405144320797
193.75,3.5625,0.37690000000000135,10.408504227642803
193.75,3.5875000000000004,0.3729000000000013,10.298039868633593
193.75,3.6125,0.3706000000000013,10.234522862203297
193.75,3.6375,0.3561999999999949,9.836851169769966
193.75,3.6625000000000005,0.34510000000000124,9.530312573519586
193.75,3.6875,0.34310000000000124,9.47508039401498
193.75,3.7125000000000004,0.3176000000000011,8.770870105331266
193.75,3.7375,0.3120000000000011,8.616220002718373
193.75,3.7625,0.3009999999999957,8.312443015442899
193.75,3.7875000000000005,0.2659000000000009,7.343118265137228
193.75,3.8125,0.24880000000000088,6.870883130372857
193.75,3.8375000000000004,0.22880000000000084,6.318561335326807
193.75,3.8625,0.20690000000000072,5.713768969751382
193.75,3.8875,0.18409999999999738,5.084122123398796
193.75,3.9125000000000005,0.16890000000000058,4.6643575591638875
193.75,3.9375,0.16060000000000058,4.4351440142197776
193.75,3.9625000000000004,0.1424000000000005,3.9325311807278727
193.75,3.9875,0.13090000000000046,3.614946148576394
193.75,4.0125,0.10959999999999843,3.0267234368522975
193.75,4.0375,0.09770000000000208,2.6980919688
193.75,4.0625,0.08299999999999882,2.292135449441065
193.75,4.0875,0.06979999999999902,1.9276030647106788
193.75,4.112500000000001,0.05680000000000121,1.5685938979308085
193.75,4.1375,0.05359999999999924,1.4802224107233866
193.75,4.1625,0.04360000000000093,1.2040615132004093
193.75,4.1875,0.03739999999999947,1.0328417567360944
193.75,4.2125,0.03079999999999956,0.8505755643709011
193.75,4.237500000000001,0.027900000000000594,0.7704889040892527
193.75,4.2625,0.01969999999999972,0.5440369681203492
193.75,4.2875,0.017600000000000376,0.48604317964053223
193.75,4.3125,0.015099999999999785,0.41700295525976
193.75,4.3375,0.01119999999999984,0.3093002052257822
193.75,4.362500000000001,0.010400000000000222,0.2872073334239509
193.75,4.3875,0.007999999999999887,0.22092871801841593
193.75,4.4125,0.005700000000000122,0.15741171158812692
193.75,4.4375,0.004399999999999938,0.12151079491012876
193.75,4.4625,0.004099999999999941,0.11322596798443814
193.75,4.487500000000001,0.0034000000000000727,0.09389470515783009
193.75,4.5125,0.0024999999999999645,0.06904022438075497
193.75,4.5375,0.002200000000000047,0.06075539745506653
193.75,4.5625,0.0014999999999999786,0.04142413462845298
193.75,4.5875,0.0007999999999999887,0.02209287180184159
193.75,4.612500000000001,0.0009000000000000193,0.024854480777072672
193.75,4.6375,0.0008999999999999873,0.02485448077707179
193.75,4.6625,0.0005000000000000106,0.013808044876151483
193.75,4.6875,0.00029999999999999575,0.008284826925690596
193.75,4.7125,0.00039999999999999433,0.011046435900920795
193.75,4.737500000000001,0.0002000000000000043,0.005523217950460594
193.75,4.7625,0.0,0.0
193.75,4.7875000000000005,0.00029999999999999575,0.008284826925690596
193.75,4.8125,0.0,0.0
193.75,4.8375,0.0,0.0
193.75,4.862500000000001,0.0,0.0
193.75,4.8875,0.0,0.0
193.75,4.9125000000000005,0.0,0.0
193.75,4.9375,0.0,0.0
193.75,4.9625,0.0,0.0
193.75,4.987500000000001,0.00010000000000000215,0.002761608975230297
193.75,5.0125,0.0,0.0
193.75,5.0375000000000005,0.0,0.0
193.75,5.0625,0.0,0.0
193.75,5.0875,0.0,0.0
193.75,5.112500000000001,0.0,0.0
193.75,5.1375,0.0,0.0
193.75,5.1625000000000005,0.0,0.0
193.75,5.1875,0.0,0.0
193.75,5.2125,0.0,0.0
193.75,5.237500000000001,0.0,0.0
193.75,5.2625,0.0,0.0
193.75,5.2875000000000005,0.0,0.0
193.75,5.3125,0.0,0.0
193.75,5.3375,0.0,0.0
193.75,5.362500000000001,0.0,0.0
193.75,5.3875,0.0,0.0
193.75,5.4125000000000005,0.0,0.0
193.75,5.4375,0.0,0.0
193.75,5.4625,0.0,0.0
193.75,5.487500000000001,0.0,0.0
193.75,5.5125,0.0,0.0
193.75,5.5375000000000005,0.0,0.0
193.75,5.5625,0.0,0.0
193.75,5.5875,0.0,0.0
193.75,5.612500000000001,0.0,0.0
193.75,5.6375,0.0,0.0
193.75,5.6625000000000005,0.0,0.0
193.75,5.6875,0.0,0.0
193.75,5.7125,0.0,0.0
193.75,5.737500000000001,0.0,0.0
193.75,5.7625,0.0,0.0
193.75,5.7875000000000005,0.0,0.0
193.75,5.8125,0.0,0.0
193.75,5.8375,0.0,0.0
193.75,5.862500000000001,0.0,0.0
193.75,5.8875,0.0,0.0
193.75,5.9125000000000005,0.0,0.0
193.75,5.9375,0.0,0.0
193.75,5.9625,0.0,0.0
193.75,5.987500000000001,0.0,0.0
193.75,6.0125,0.0,0.0
193.75,6.0375000000000005,0.0,0.0
193.75,6.0625,0.0,0.0
193.75,6.0875,0.0,0.0
193.75,6.112500000000001,0.0,0.0
193.75,6.1375,0.0,0.0
193.75,6.1625000000000005,0.0,0.0
193.75,6.1875,0.0,0.0
193.75,6.2125,0.0,0.0
193.75,6.237500000000001,0.0,0.0
193.75,6.2625,0.0,0.0
193.75,6.2875000000000005,0.0,0.0
193.75,6.3125,0.0,0.0
193.75,6.3375,0.0,0.0
193.75,6.362500000000001,0.0,0.0
193.75,6.3875,0.0,0.0
193.75,6.4125000000000005,0.0,0.0
193.75,6.4375,0.0,0.0
193.75,6.4625,0.0,0.0
193.75,6.487500000000001,0.0,0.0
193.75,6.5125,0.0,0.0
193.75,6.5375000000000005,0.0,0.0
193.75,6.5625,0.0,0.0
193.75,6.5875,0.0,0.0
193.75,6.612500000000001,0.0,0.0
193.75,6.6375,0.0,0.0
193.75,6.6625000000000005,0.0,0.0
193.75,6.6875,0.0,0.0
193.75,6.7125,0.0,0.0
193.75,6.737500000000001,0.0,0.0
193.75,6.7625,0.0,0.0
193.75,6.7875000000000005,0.0,0.0
193.75,6.8125,0.0,0.0
193.75,6.8375,0.0,0.0
193.75,6.862500000000001,0.0,0.0
193.75,6.8875,0.0,0.0
193.75,6.9125000000000005,0.0,0.0
193.75,6.9375,0.0,0.0
193.75,6.9625,0.0,0.0
193.75,6.987500000000001,0.0,0.0
196.25,0.0125,0.0,0.0
196.25,0.037500000000000006,0.0,0.0
196.25,0.0625,0.0,0.0
196.25,0.08750000000000001,0.0,0.0
196.25,0.1125,0.0,0.0
196.25,0.1375,0.0,0.0
196.25,0.16250000000000003,0.0005000000000000001,0.011297735151272156
196.25,0.1875,0.0014000000000000002,0.031633658423562035
196.25,0.21250000000000002,0.003600000000000001,0.08134369308915954
196.25,0.2375,0.0085,0.19206149757162663
196.25,0.2625,0.018399999999999986,0.4157566535668149
196.25,0.28750000000000003,0.03509999999999997,0.7931010076193045
196.25,0.3125,0.05820000000000007,1.3150563716080803
196.25,0.3375,0.08119999999999994,1.8347521885665963
196.25,0.36250000000000004,0.11910000000000016,2.6911205130330305
196.25,0.3875,0.14489999999999986,3.2740836468386667
196.25,0.41250000000000003,0.17279999999999984,3.904497268279653
196.25,0.4375,0.19050000000000025,4.304437092634696
196.25,0.4625,0.19699999999999981,4.451307649601224
196.25,0.48750000000000004,0.19530000000000025,4.412895350086909
196.25,0.5125,0.1919999999999998,4.338330298088502
196.25,0.5375000000000001,0.17809999999999984,4.024253260883137
196.25,0.5625,0.14799999999999988,3.3441296047765547
196.25,0.5875000000000001,0.1236999999999999,2.7950596764247284
196.25,0.6125,0.09970000000000036,2.2527683891636756
196.25,0.6375,0.09029999999999992,2.040370968319749
196.25,0.6625000000000001,0.06949999999999994,1.5703851860268279
196.25,0.6875,0.05159999999999995,1.1659262676112851
196.25,0.7125000000000001,0.03769999999999996,0.8518492304059195
196.25,0.7375,0.028600000000000105,0.6462304506527695
196.25,0.7625,0.02329999999999998,0.526474458049282
196.25,0.7875000000000001,0.013799999999999988,0.3118174901751112
196.25,0.8125,0.009799999999999991,0.221435608964934
196.25,0.8375000000000001,0.006899999999999994,0.1559087450875556
196.25,0.8625,0.004800000000000017,0.10845825745221306
196.25,0.8875,0.004499999999999996,0.10167961636144929
196.25,0.9125000000000001,0.0027999999999999974,0.063267316847124
196.25,0.9375,0.0018999999999999985,0.04293139357483415
196.25,0.9625000000000001,0.0019999999999999983,0.045190940605088575
196.25,0.9875,0.002300000000000008,0.05196958169585209
196.25,1.0125000000000002,0.002099999999999989,0.0474504876353428
196.25,1.0375,0.0033000000000000117,0.07456505199839647
196.25,1.0625,0.004000000000000015,0.09038188121017757
196.25,1.0875,0.007899999999999957,0.17850421539009906
196.25,1.1125,0.010300000000000038,0.23273334411620722
196.25,1.1375000000000002,0.01649999999999991,0.372825259991979
196.25,1.1625,0.023600000000000086,0.5332530991400476
196.25,1.1875,0.03169999999999983,0.7162764085906508
196.25,1.2125000000000001,0.04190000000000015,0.94675020567661
196.25,1.2375,0.06120000000000021,1.3828427825157164
196.25,1.2625000000000002,0.07949999999999958,1.796339889052263
196.25,1.2875,0.10410000000000037,2.352188458494871
196.25,1.3125,0.1298999999999993,2.9351515923004894
196.25,1.3375000000000001,0.16040000000000057,3.6243134365281198
196.25,1.3625,0.19280000000000067,4.356406674330557
196.25,1.3875000000000002,0.23359999999999875,5.278301862674322
196.25,1.4125,0.2535000000000009,5.7279517216950016
196.25,1.4375,0.29539999999999844,6.674701927371553
196.25,1.4625000000000001,0.31990000000000113,7.22829094978395
196.25,1.4875,0.3651000000000013,8.249606207458957
196.25,1.5125000000000002,0.38469999999999793,8.692477425388748
196.25,1.5375,0.3972000000000014,8.97492080417063
196.25,1.5625,0.40549999999999786,9.162463207681668
196.25,1.5875000000000001,0.41260000000000147,9.322891046829813
196.25,1.6125,0.40570000000000145,9.166982301742259
196.25,1.6375000000000002,0.4108999999999978,9.284478747315406
196.25,1.6625,0.38450000000000134,8.687958331328316
196.25,1.6875,0.379799999999998,8.581759620906281
196.25,1.7125000000000001,0.3415000000000012,7.716353108318907
196.25,1.7375,0.32370000000000115,7.314153736933618
196.25,1.7625000000000002,0.2992999999999984,6.762824261551475
196.25,1.7875,0.2583000000000009,5.8364099791472155
196.25,1.8125,0.23809999999999876,5.379981479035771
196.25,1.8375000000000001,0.21110000000000076,4.7699037808671205
196.25,1.8625,0.18730000000000066,4.232131587666563
196.25,1.8875000000000002,0.15739999999999918,3.5565270256204555
196.25,1.9125,0.13900000000000048,3.1407703720536695
196.25,1.9375,0.12509999999999932,2.8266933348482777
196.25,1.9625000000000001,0.10520000000000038,2.3770434758276697
196.25,1.9875,0.09850000000000034,2.225653824800622
196.25,2.0125,0.09400000000000033,2.123974208439172
196.25,2.0375,0.09649999999999863,2.1804628841954945
196.25,2.0625,0.09990000000000036,2.2572874832241845
196.25,2.0875000000000004,0.1159000000000004,2.618815008064894
196.25,2.1125,0.12670000000000045,2.862846087332374
196.25,2.1375,0.14820000000000053,3.3486486988370783
196.25,2.1625,0.17309999999999753,3.9112759093703637
196.25,2.1875,0.2020000000000007,4.564285001113966
196.25,2.2125000000000004,0.24120000000000086,5.4500274369737065
196.25,2.2375,0.27610000000000096,6.238609350532505
196.25,2.2625,0.3239000000000012,7.318672830994128
196.25,2.2875,0.36069999999999486,8.150186138127616
196.25,2.3125,0.4209000000000015,9.510433450340932
196.25,2.3375000000000004,0.4681000000000016,10.576939648621027
196.25,2.3625,0.5223000000000019,11.801614139018934
196.25,2.3875,0.5716999999999919,12.917830371964397
196.25,2.4125000000000005,0.6132000000000022,13.855542389520219
196.25,2.4375,0.6577000000000023,14.861040817983442
196.25,2.4625000000000004,0.6744000000000024,15.238385172035935
196.25,2.4875,0.7237000000000026,16.352341857951373
196.25,2.5125,0.7343999999999896,16.594113390188305
196.25,2.5375000000000005,0.7563000000000027,17.08895418981432
196.25,2.5625,0.7693000000000028,17.382695303747397
196.25,2.5875000000000004,0.7735000000000027,17.477596279018083
196.25,2.6125,0.7566000000000027,17.095732830905085
196.25,2.6375,0.7485999999999893,16.914969068484424
196.25,2.6625000000000005,0.7198000000000025,16.264219523771448
196.25,2.6875,0.6991000000000025,15.796493288508781
196.25,2.7125000000000004,0.6637000000000023,14.996613639798708
196.25,2.7375,0.6266000000000022,14.158321691574312
196.25,2.7625,0.5970999999999915,13.491755317649014
196.25,2.7875000000000005,0.5471000000000019,12.361981802522033
196.25,2.8125,0.49170000000000175,11.110192747761076
196.25,2.8375000000000004,0.4554000000000016,10.289977175778713
196.25,2.8625,0.41670000000000146,9.415532475070245
196.25,2.8875,0.37679999999999464,8.513973209998573
196.25,2.9125000000000005,0.3369000000000012,7.612413944927204
196.25,2.9375,0.30580000000000107,6.909694818518073
196.25,2.9625000000000004,0.27070000000000094,6.116593810898765
196.25,2.9875,0.25770000000000093,5.822852696965689
196.25,3.0125,0.2314999999999967,5.230851375038933
196.25,3.0375000000000005,0.21300000000000074,4.812835174441954
196.25,3.0625,0.1993000000000007,4.503277231297096
196.25,3.0875000000000004,0.18680000000000066,4.220833852515291
196.25,3.1125,0.18990000000000068,4.29087981045318
196.25,3.1375,0.18629999999999736,4.209536117363944
196.25,3.1625000000000005,0.19530000000000067,4.412895350086918
196.25,3.1875,0.20060000000000072,4.5326513426904045
196.25,3.2125000000000004,0.20460000000000073,4.623033223900581
196.25,3.2375,0.21610000000000076,4.882881132379842
196.25,3.2625,0.2315999999999967,5.233110922069187
196.25,3.2875000000000005,0.2513000000000009,5.678241687029405
196.25,3.3125,0.26820000000000094,6.060105135142404
196.25,3.3375000000000004,0.287200000000001,6.489419070890747
196.25,3.3625,0.2986000000000011,6.747007432339754
196.25,3.3875,0.3047999999999957,6.887099348215407
196.25,3.4125000000000005,0.32360000000000116,7.311894189903364
196.25,3.4375,0.3408000000000012,7.700536279107127
196.25,3.4625000000000004,0.34960000000000124,7.899376417769518
196.25,3.4875,0.37150000000000133,8.39421721739524
196.25,3.5125,0.3747999999999947,8.468782269393486
196.25,3.5375000000000005,0.3634000000000013,8.21119390794463
196.25,3.5625,0.3609000000000013,8.154705232188268
196.25,3.5875000000000004,0.3751000000000014,8.4755609104844
196.25,3.6125,0.3595000000000013,8.123071573764708
196.25,3.6375,0.3582999999999949,8.09595700940151
196.25,3.6625000000000005,0.35400000000000126,7.998796487100713
196.25,3.6875,0.3280000000000012,7.411314259234559
196.25,3.7125000000000004,0.33620000000000116,7.596597115715422
196.25,3.7375,0.3040000000000011,6.869022971973494
196.25,3.7625,0.2891999999999959,6.534610011495721
196.25,3.7875000000000005,0.27150000000000096,6.134670187140801
196.25,3.8125,0.25320000000000087,5.721173080604238
196.25,3.8375000000000004,0.22990000000000083,5.194698622554955
196.25,3.8625,0.2255000000000008,5.09527855322376
196.25,3.8875,0.2026999999999971,4.580101830325666
196.25,3.9125000000000005,0.17900000000000063,4.044589184155445
196.25,3.9375,0.16650000000000062,3.762145805373641
196.25,3.9625000000000004,0.15130000000000052,3.4186946567749654
196.25,3.9875,0.12840000000000046,2.9012583868466995
196.25,4.0125,0.11529999999999836,2.6052577258833214
196.25,4.0375,0.0978000000000021,2.2098369955888804
196.25,4.0625,0.09339999999999866,2.1104169262576082
196.25,4.0875,0.08139999999999883,1.8392712826270803
196.25,4.112500000000001,0.06660000000000142,1.504858322149483
196.25,4.1375,0.05949999999999916,1.3444304830013671
196.25,4.1625,0.04910000000000105,1.1094375918549493
196.25,4.1875,0.041099999999999415,0.9286738294345578
196.25,4.2125,0.032699999999999535,0.7388718788931883
196.25,4.237500000000001,0.02860000000000061,0.646230450652781
196.25,4.2625,0.02469999999999965,0.5581081164728364
196.25,4.2875,0.019600000000000416,0.4428712179298778
196.25,4.3125,0.017799999999999747,0.40219937138528294
196.25,4.3375,0.01549999999999978,0.35022978968943175
196.25,4.362500000000001,0.012500000000000266,0.28244337878180986
196.25,4.3875,0.010099999999999857,0.22821425005569426
196.25,4.4125,0.007100000000000151,0.160427839148068
196.25,4.4375,0.005899999999999917,0.1333132747850095
196.25,4.4625,0.005699999999999919,0.12879418072450072
196.25,4.487500000000001,0.004600000000000098,0.10393916339170603
196.25,4.5125,0.004099999999999941,0.09264142824043033
196.25,4.5375,0.0020000000000000425,0.045190940605089575
196.25,4.5625,0.002199999999999969,0.04971003466559677
196.25,4.5875,0.0008999999999999873,0.02033592327228959
196.25,4.612500000000001,0.0018000000000000385,0.04067184654458062
196.25,4.6375,0.0010999999999999845,0.024855017332798386
196.25,4.6625,0.0012000000000000257,0.027114564363053748
196.25,4.6875,0.00039999999999999433,0.009038188121017594
196.25,4.7125,0.00039999999999999433,0.009038188121017594
196.25,4.737500000000001,0.0004000000000000086,0.009038188121017917
196.25,4.7625,0.00029999999999999575,0.006778641090763196
196.25,4.7875000000000005,0.00019999999999999716,0.004519094060508797
196.25,4.8125,0.0,0.0
196.25,4.8375,0.0,0.0
196.25,4.862500000000001,0.0,0.0
196.25,4.8875,9.999999999999858e-05,0.0022595470302543986
196.25,4.9125000000000005,0.0,0.0
196.25,4.9375,0.0,0.0
196.25,4.9625,0.0,0.0
196.25,4.987500000000001,0.0,0.0
196.25,5.0125,0.0,0.0
196.25,5.0375000000000005,0.0,0.0
196.25,5.0625,0.0,0.0
196.25,5.0875,0.0,0.0
196.25,5.112500000000001,0.0,0.0
196.25,5.1375,0.0,0.0
196.25,5.1625000000000005,0.0,0.0
196.25,5.1875,0.0,0.0
196.25,5.2125,0.0,0.0
196.25,5.237500000000001,0.0,0.0
196.25,5.2625,0.0,0.0
196.25,5.2875000000000005,0.0,0.0
196.25,5.3125,0.0,0.0
196.25,5.3375,0.0,0.0
196.25,5.362500000000001,0.0,0.0
196.25,5.3875,0.0,0.0
196.25,5.4125000000000005,0.0,0.0
196.25,5.4375,0.0,0.0
196.25,5.4625,0.0,0.0
196.25,5.487500000000001,0.0,0.0
196.25,5.5125,0.0,0.0
196.25,5.5375000000000005,0.0,0.0
196.25,5.5625,0.0,0.0
196.25,5.5875,0.0,0.0
196.25,5.612500000000001,0.0,0.0
196.25,5.6375,0.0,0.0
196.25,5.6625000000000005,0.0,0.0
196.25,5.6875,0.0,0.0
196.25,5.7125,0.0,0.0
196.25,5.737500000000001,0.0,0.0
196.25,5.7625,0.0,0.0
196.25,5.7875000000000005,0.0,0.0
196.25,5.8125,0.0,0.0
196.25,5.8375,0.0,0.0
196.25,5.862500000000001,0.0,0.0
196.25,5.8875,0.0,0.0
196.25,5.9125000000000005,0.0,0.0
196.25,5.9375,0.0,0.0
196.25,5.9625,0.0,0.0
196.25,5.987500000000001,0.0,0.0
196.25,6.0125,0.0,0.0
196.25,6.0375000000000005,0.0,0.0
196.25,6.0625,0.0,0.0
196.25,6.0875,0.0,0.0
196.25,6.112500000000001,0.0,0.0
196.25,6.1375,0.0,0.0
196.25,6.1625000000000005,0.0,0.0
196.25,6.1875,0.0,0.0
196.25,6.2125,0.0,0.0
196.25,6.237500000000001,0.0,0.0
196.25,6.2625,0.0,0.0
196.25,6.2875000000000005,0.0,0.0
196.25,6.3125,0.0,0.0
196.25,6.3375,0.0,0.0
196.25,6.362500000000001,0.0,0.0
196.25,6.3875,0.0,0.0
196.25,6.4125000000000005,0.0,0.0
196.25,6.4375,0.0,0.0
196.25,6.4625,0.0,0.0
196.25,6.487500000000001,0.0,0.0
196.25,6.5125,0.0,0.0
196.25,6.5375000000000005,0.0,0.0
196.25,6.5625,0.0,0.0
196.25,6.5875,0.0,0.0
196.25,6.612500000000001,0.0,0.0
196.25,6.6375,0.0,0.0
196.25,6.6625000000000005,0.0,0.0
196.25,6.6875,0.0,0.0
196.25,6.7125,0.0,0.0
196.25,6.737500000000001,0.0,0.0
196.25,6.7625,0.0,0.0
196.25,6.7875000000000005,0.0,0.0
196.25,6.8125,0.0,0.0
196.25,6.8375,0.0,0.0
196.25,6.862500000000001,0.0,0.0
196.25,6.8875,0.0,0.0
196.25,6.9125000000000005,0.0,0.0
196.25,6.9375,0.0,0.0
196.25,6.9625,0.0,0.0
196.25,6.987500000000001,0.0,0.0
198.75,0.0125,0.0,0.0
198.75,0.037500000000000006,0.0,0.0
198.75,0.0625,0.0,0.0
198.75,0.08750000000000001,0.0,0.0
198.75,0.1125,0.0,0.0
198.75,0.1375,9.999999999999992e-05,0.0018617616831008612
198.75,0.16250000000000003,0.0007000000000000001,0.01303233178170604
198.75,0.1875,0.0012000000000000003,0.022341140197210358
198.75,0.21250000000000002,0.003400000000000001,0.06329989722542935
198.75,0.2375,0.009200000000000002,0.17128207484527938
198.75,0.2625,0.017699999999999987,0.32953181790885244
198.75,0.28750000000000003,0.029999999999999975,0.5585285049302583
198.75,0.3125,0.05440000000000007,1.0127983556068705
198.75,0.3375,0.08839999999999992,1.645797327861161
198.75,0.36250000000000004,0.10830000000000013,2.0162879027982368
198.75,0.3875,0.1395999999999999,2.599019309608802
198.75,0.41250000000000003,0.16039999999999985,2.986265739693781
198.75,0.4375,0.17740000000000022,3.3027652258209343
198.75,0.4625,0.19069999999999984,3.550379529673342
198.75,0.48750000000000004,0.18740000000000023,3.488941394131021
198.75,0.5125,0.18069999999999983,3.3642033613632556
198.75,0.5375000000000001,0.17819999999999983,3.3176593192857338
198.75,0.5625,0.15379999999999985,2.8633894686091237
198.75,0.5875000000000001,0.13379999999999986,2.4910371319889517
198.75,0.6125,0.10920000000000038,2.033043757946149
198.75,0.6375,0.08979999999999992,1.6718619914245731
198.75,0.6625000000000001,0.06979999999999995,1.299509654804401
198.75,0.6875,0.05519999999999995,1.0276924490716752
198.75,0.7125000000000001,0.04759999999999996,0.8861985611560098
198.75,0.7375,0.03110000000000011,0.5790078834443703
198.75,0.7625,0.02289999999999998,0.4263434254300971
198.75,0.7875000000000001,0.018399999999999986,0.34256414969055843
198.75,0.8125,0.013399999999999988,0.24947606553551535
198.75,0.8375000000000001,0.009299999999999992,0.17314383652838009
198.75,0.8625,0.007500000000000027,0.13963212623256518
198.75,0.8875,0.0045999999999999965,0.08564103742263961
198.75,0.9125000000000001,0.0036999999999999967,0.06888518227473185
198.75,0.9375,0.0025999999999999973,0.048405803760622375
198.75,0.9625000000000001,0.0026999999999999975,0.050267565443723246
198.75,0.9875,0.0024000000000000085,0.04468228039442086
198.75,1.0125000000000002,0.003399999999999982,0.06329989722542899
198.75,1.0375,0.003800000000000014,0.07074694395783304
198.75,1.0625,0.005300000000000018,0.09867336920434605
198.75,1.0875,0.007899999999999957,0.14707917296496734
198.75,1.1125,0.011200000000000038,0.2085173085072973
198.75,1.1375000000000002,0.016999999999999908,0.3164994861271449
198.75,1.1625,0.0291000000000001,0.5417726497823528
198.75,1.1875,0.0374999999999998,0.6981606311628197
198.75,1.2125000000000001,0.04720000000000017,0.8787515144236103
198.75,1.2375,0.06910000000000024,1.2864773230227005
198.75,1.2625000000000002,0.08349999999999955,1.554571005389212
198.75,1.2875,0.10790000000000037,2.0088408560658375
198.75,1.3125,0.1269999999999993,2.3644373375380825
198.75,1.3375000000000001,0.15530000000000055,2.8913158938556496
198.75,1.3625,0.18910000000000066,3.520591342743743
198.75,1.3875000000000002,0.21949999999999883,4.0865668944063716
198.75,1.4125,0.2495000000000009,4.645095399336668
198.75,1.4375,0.2894999999999985,5.389800072576969
198.75,1.4625000000000001,0.30870000000000114,5.747258315732384
198.75,1.4875,0.3438000000000012,6.400736666500788
198.75,1.5125000000000002,0.373899999999998,6.961126933114088
198.75,1.5375,0.3857000000000014,7.180814811720053
198.75,1.5625,0.3986999999999979,7.4228438305230995
198.75,1.5875000000000001,0.3995000000000014,7.437737923987972
198.75,1.6125,0.39820000000000144,7.413535022107662
198.75,1.6375000000000002,0.3913999999999979,7.286935227656738
198.75,1.6625,0.3901000000000014,7.262732325776491
198.75,1.6875,0.36499999999999805,6.795430143318112
198.75,1.7125000000000001,0.3471000000000012,6.462174802043116
198.75,1.7375,0.32080000000000114,5.972531479387588
198.75,1.7625000000000002,0.28519999999999845,5.309744320203631
198.75,1.7875,0.268700000000001,5.002553642492036
198.75,1.8125,0.2428999999999987,4.522219128251971
198.75,1.8375000000000001,0.2241000000000008,4.172207931829048
198.75,1.8625,0.18660000000000065,3.474047300666222
198.75,1.8875000000000002,0.17189999999999908,3.2003683332503656
198.75,1.9125,0.15080000000000054,2.807536618116111
198.75,1.9375,0.13879999999999926,2.5841252161439834
198.75,1.9625000000000001,0.12130000000000044,2.2583169216013546
198.75,1.9875,0.11500000000000041,2.1410259355659993
198.75,2.0125,0.10690000000000038,1.9902232392348291
198.75,2.0375,0.11389999999999839,2.1205465570518527
198.75,2.0625,0.1134000000000004,2.111237748636386
198.75,2.0875000000000004,0.12460000000000045,2.319755057143683
198.75,2.1125,0.1339000000000005,2.492898893672064
198.75,2.1375,0.15830000000000058,2.947168744348676
198.75,2.1625,0.1768999999999975,3.2934564174053795
198.75,2.1875,0.21040000000000075,3.917146581244229
198.75,2.2125000000000004,0.24690000000000087,4.596689595576046
198.75,2.2375,0.285100000000001,5.307882558520578
198.75,2.2625,0.32720000000000116,6.091684227106044
198.75,2.2875,0.3652999999999948,6.801015428367354
198.75,2.3125,0.4089000000000015,7.612743522199454
198.75,2.3375000000000004,0.4705000000000017,8.75958871898959
198.75,2.3625,0.4970000000000018,9.25295556501132
198.75,2.3875,0.5578999999999921,10.386768430019565
198.75,2.4125000000000005,0.5942000000000022,11.062587920985365
198.75,2.4375,0.6464000000000023,12.034427519564018
198.75,2.4625000000000004,0.6557000000000024,12.2075713560924
198.75,2.4875,0.6871000000000024,12.79216452458607
198.75,2.5125,0.7167999999999898,13.345107744466793
198.75,2.5375000000000005,0.7494000000000027,13.952042053157914
198.75,2.5625,0.7385000000000026,13.749110029699919
198.75,2.5875000000000004,0.7610000000000027,14.168006408397614
198.75,2.6125,0.7511000000000027,13.983692001770628
198.75,2.6375,0.7276999999999897,13.548039767924784
198.75,2.6625000000000005,0.6914000000000023,12.872220276959407
198.75,2.6875,0.6903000000000024,12.851740898445298
198.75,2.7125000000000004,0.6742000000000024,12.551997267466058
198.75,2.7375,0.6152000000000022,11.453557874436546
198.75,2.7625,0.5934999999999916,11.049555589203463
198.75,2.7875000000000005,0.5413000000000019,10.077715990625004
198.75,2.8125,0.5084000000000019,9.465196396884819
198.75,2.8375000000000004,0.46430000000000166,8.644159494637336
198.75,2.8625,0.4274000000000015,7.957169433573115
198.75,2.8875,0.4037999999999943,7.517793676361176
198.75,2.9125000000000005,0.3601000000000013,6.704203820846231
198.75,2.9375,0.3262000000000012,6.073066610275037
198.75,2.9625000000000004,0.2985000000000011,5.5573586240560955
198.75,2.9875,0.269900000000001,5.0248947826892465
198.75,3.0125,0.2604999999999963,4.849889184477678
198.75,3.0375000000000005,0.2273000000000008,4.231784305688276
198.75,3.0625,0.2169000000000008,4.038161090645786
198.75,3.0875000000000004,0.20910000000000076,3.892943679363918
198.75,3.1125,0.19990000000000072,3.7216616045186375
198.75,3.1375,0.20689999999999706,3.85198492233563
198.75,3.1625000000000005,0.20680000000000073,3.8501231606525974
198.75,3.1875,0.21060000000000073,3.92087010461043
198.75,3.2125000000000004,0.21480000000000074,3.9990640953006666
198.75,3.2375,0.2242000000000008,4.174069693512148
198.75,3.2625,0.23529999999999665,4.380725240336267
198.75,3.2875000000000005,0.24360000000000087,4.5352514600337175
198.75,3.3125,0.27500000000000097,5.11984462852739
198.75,3.3375000000000004,0.26500000000000096,4.933668460217303
198.75,3.3625,0.29040000000000105,5.406555927724924
198.75,3.3875,0.29869999999999575,5.561082147422197
198.75,3.4125000000000005,0.3124000000000011,5.816143498007116
198.75,3.4375,0.32230000000000114,6.000457904634101
198.75,3.4625000000000004,0.3352000000000012,6.240625161754114
198.75,3.4875,0.34590000000000126,6.439833661845907
198.75,3.5125,0.3603999999999949,6.709789105895413
198.75,3.5375000000000005,0.35660000000000125,6.639042161937699
198.75,3.5625,0.3612000000000013,6.7246831993603395
198.75,3.5875000000000004,0.35620000000000124,6.631595115205295
198.75,3.6125,0.3589000000000013,6.68186268064902
198.75,3.6375,0.33869999999999517,6.305786820662531
198.75,3.6625000000000005,0.3326000000000012,6.1922193579934905
198.75,3.6875,0.3230000000000012,6.013490236415808
198.75,3.7125000000000004,0.3083000000000011,5.739811268999979
198.75,3.7375,0.29180000000000106,5.4326205912883365
198.75,3.7625,0.2876999999999959,5.356288362281105
198.75,3.7875000000000005,0.26620000000000094,4.9560096004145135
198.75,3.8125,0.24820000000000086,4.6208924974563566
198.75,3.8375000000000004,0.24150000000000088,4.496154464688599
198.75,3.8625,0.22090000000000076,4.112631557969819
198.75,3.8875,0.20399999999999713,3.797993833525706
198.75,3.9125000000000005,0.18970000000000067,3.5317619128423487
198.75,3.9375,0.1737000000000006,3.2338800435462094
198.75,3.9625000000000004,0.15980000000000058,2.975095169595189
198.75,3.9875,0.13350000000000048,2.4854518469396605
198.75,4.0125,0.1206999999999983,2.2471463515027095
198.75,4.0375,0.1080000000000023,2.0107026177489744
198.75,4.0625,0.09659999999999863,1.7984617858754077
198.75,4.0875,0.0843999999999988,1.5713268605371056
198.75,4.112500000000001,0.08010000000000171,1.4912711081638228
198.75,4.1375,0.06549999999999907,1.2194539024310478
198.75,4.1625,0.05680000000000121,1.0574806360013125
198.75,4.1875,0.05079999999999928,0.9457749350152248
198.75,4.2125,0.03969999999999943,0.7391193881910318
198.75,4.237500000000001,0.0376000000000008,0.7000223928459391
198.75,4.2625,0.029199999999999584,0.5436344114654441
198.75,4.2875,0.02400000000000051,0.44682280394421653
198.75,4.3125,0.022599999999999676,0.4207581403807889
198.75,4.3375,0.01829999999999974,0.340702388007453
198.75,4.362500000000001,0.011800000000000251,0.21968787860590647
198.75,4.3875,0.011999999999999829,0.2234114019721003
198.75,4.4125,0.010600000000000226,0.19734673840869563
198.75,4.4375,0.0073999999999998945,0.13777036454946187
198.75,4.4625,0.007999999999999887,0.1489409346480669
198.75,4.487500000000001,0.005100000000000109,0.09494984583814602
198.75,4.5125,0.004099999999999941,0.07633222900713427
198.75,4.5375,0.0033000000000000702,0.06143813554232977
198.75,4.5625,0.002599999999999963,0.048405803760621736
198.75,4.5875,0.002999999999999957,0.055852850493025075
198.75,4.612500000000001,0.0020000000000000425,0.037235233662018044
198.75,4.6375,0.0014999999999999786,0.027926425246512537
198.75,4.6625,0.0008000000000000172,0.01489409346480722
198.75,4.6875,0.0010999999999999845,0.0204793785141092
198.75,4.7125,0.00069999999999999,0.013032331781705852
198.75,4.737500000000001,0.0007000000000000148,0.013032331781706314
198.75,4.7625,0.00029999999999999575,0.005585285049302508
198.75,4.7875000000000005,0.0,0.0
198.75,4.8125,0.0002000000000000043,0.003723523366201805
198.75,4.8375,9.999999999999858e-05,0.001861761683100836
198.75,4.862500000000001,0.0003000000000000064,0.0055852850493027075
198.75,4.8875,0.0,0.0
198.75,4.9125000000000005,9.999999999999858e-05,0.001861761683100836
198.75,4.9375,0.00010000000000000215,0.0018617616831009024
198.75,4.9625,0.0,0.0
198.75,4.987500000000001,0.0,0.0
198.75,5.0125,0.0,0.0
198.75,5.0375000000000005,0.0,0.0
198.75,5.0625,0.0,0.0
198.75,5.0875,0.0,0.0
198.75,5.112500000000001,0.0,0.0
198.75,5.1375,0.0,0.0
198.75,5.1625000000000005,0.0,0.0
198.75,5.1875,0.0,0.0
198.75,5.2125,0.0,0.0
198.75,5.237500000000001,0.00010000000000000215,0.0018617616831009024
198.75,5.2625,0.0,0.0
198.75,5.2875000000000005,0.0,0.0
198.75,5.3125,0.0,0.0
198.75,5.3375,0.0,0.0
198.75,5.362500000000001,0.0,0.0
198.75,5.3875,0.0,0.0
198.75,5.4125000000000005,0.0,0.0
198.75,5.4375,0.0,0.0
198.75,5.4625,0.0,0.0
198.75,5.487500000000001,0.0,0.0
198.75,5.5125,0.0,0.0
198.75,5.5375000000000005,0.0,0.0
198.75,5.5625,0.0,0.0
198.75,5.5875,0.0,0.0
198.75,5.612500000000001,0.0,0.0
198.75,5.6375,0.0,0.0
198.75,5.6625000000000005,0.0,0.0
198.75,5.6875,0.0,0.0
198.75,5.7125,0.0,0.0
198.75,5.737500000000001,0.0,0.0
198.75,5.7625,0.0,0.0
198.75,5.7875000000000005,0.0,0.0
198.75,5.8125,0.0,0.0
198.75,5.8375,0.0,0.0
198.75,5.862500000000001,0.0,0.0
198.75,5.8875,0.0,0.0
198.75,5.9125000000000005,0.0,0.0
198.75,5.9375,0.0,0.0
198.75,5.9625,0.0,0.0
198.75,5.987500000000001,0.0,0.0
198.75,6.0125,0.0,0.0
198.75,6.0375000000000005,0.0,0.0
198.75,6.0625,0.0,0.0
198.75,6.0875,0.0,0.0
198.75,6.112500000000001,0.0,0.0
198.75,6.1375,0.0,0.0
198.75,6.1625000000000005,0.0,0.0
198.75,6.1875,0.0,0.0
198.75,6.2125,0.0,0.0
198.75,6.237500000000001,0.0,0.0
198.75,6.2625,0.0,0.0
198.75,6.2875000000000005,0.0,0.0
198.75,6.3125,0.0,0.0
198.75,6.3375,0.0,0.0
198.75,6.362500000000001,0.0,0.0
198.75,6.3875,0.0,0.0
198.75,6.4125000000000005,0.0,0.0
198.75,6.4375,0.0,0.0
198.75,6.4625,0.0,0.0
198.75,6.487500000000001,0.0,0.0
198.75,6.5125,0.0,0.0
198.75,6.5375000000000005,0.0,0.0
198.75,6.5625,0.0,0.0
198.75,6.5875,0.0,0.0
198.75,6.612500000000001,0.0,0.0
198.75,6.6375,0.0,0.0
198.75,6.6625000000000005,0.0,0.0
198.75,6.6875,0.0,0.0
198.75,6.7125,0.0,0.0
198.75,6.737500000000001,0.0,0.0
198.75,6.7625,0.0,0.0
198.75,6.7875000000000005,0.0,0.0
198.75,6.8125,0.0,0.0
198.75,6.8375,0.0,0.0
198.75,6.862500000000001,0.0,0.0
198.75,6.8875,0.0,0.0
198.75,6.9125000000000005,0.0,0.0
198.75,6.9375,0.0,0.0
198.75,6.9625,0.0,0.0
198.75,6.987500000000001,0.0,0.0
201.25,0.0125,0.0,0.0
201.25,0.037500000000000006,0.0,0.0
201.25,0.0625,0.0,0.0
201.25,0.08750000000000001,0.0,0.0
201.25,0.1125,0.0,0.0
201.25,0.1375,0.00029999999999999976,0.004656055258095547
201.25,0.16250000000000003,0.0005000000000000001,0.007760092096825919
201.25,0.1875,0.0013000000000000002,0.020176239451747388
201.25,0.21250000000000002,0.005300000000000001,0.08225697622635474
201.25,0.2375,0.008900000000000002,0.13812963932350136
201.25,0.2625,0.018999999999999982,0.2948834996793846
201.25,0.28750000000000003,0.03489999999999997,0.5416544283584486
201.25,0.3125,0.05170000000000007,0.802393522811801
201.25,0.3375,0.08129999999999993,1.2617909749438931
201.25,0.36250000000000004,0.10570000000000014,1.6404834692690011
201.25,0.3875,0.1297999999999999,2.0145199083360064
201.25,0.41250000000000003,0.15539999999999987,2.411836623693493
201.25,0.4375,0.1656000000000002,2.5701425024687468
201.25,0.4625,0.17949999999999985,2.785873062760502
201.25,0.48750000000000004,0.17970000000000025,2.7889770995992387
201.25,0.5125,0.18299999999999983,2.8401937074382833
201.25,0.5375000000000001,0.16269999999999984,2.525133968307151
201.25,0.5625,0.14569999999999986,2.26129083701507
201.25,0.5875000000000001,0.12959999999999988,2.011415871497276
201.25,0.6125,0.1093000000000004,1.6963561323661516
201.25,0.6375,0.09159999999999992,1.4216488721385068
201.25,0.6625000000000001,0.07599999999999993,1.1795339987175384
201.25,0.6875,0.06319999999999995,0.9808756410387952
201.25,0.7125000000000001,0.048599999999999956,0.7542809518114785
201.25,0.7375,0.03400000000000012,0.5276862625841643
201.25,0.7625,0.027499999999999972,0.426805065325425
201.25,0.7875000000000001,0.020099999999999982,0.3119557022924016
201.25,0.8125,0.016699999999999986,0.25918707603398544
201.25,0.8375000000000001,0.01209999999999999,0.18779422874318702
201.25,0.8625,0.009600000000000034,0.14899376825905813
201.25,0.8875,0.006999999999999994,0.10864128935556275
201.25,0.9125000000000001,0.005499999999999995,0.08536101306508502
201.25,0.9375,0.0045999999999999965,0.07139284729079838
201.25,0.9625000000000001,0.003599999999999997,0.05587266309714656
201.25,0.9875,0.003100000000000011,0.04811257100032086
201.25,1.0125000000000002,0.0030999999999999834,0.04811257100032043
201.25,1.0375,0.004300000000000015,0.06673679203270312
201.25,1.0625,0.00550000000000002,0.0853610130650854
201.25,1.0875,0.009699999999999948,0.150545786678422
201.25,1.1125,0.015200000000000055,0.23590679974350875
201.25,1.1375000000000002,0.020899999999999887,0.3243718496473216
201.25,1.1625,0.026400000000000094,0.4097328627124099
201.25,1.1875,0.03569999999999981,0.5540705757133675
201.25,1.2125000000000001,0.05020000000000018,0.779113246521325
201.25,1.2375,0.06380000000000023,0.9901877515549906
201.25,1.2625000000000002,0.08559999999999954,1.3285277669765898
201.25,1.2875,0.10580000000000038,1.64203548768837
201.25,1.3125,0.12629999999999933,1.9601992636582164
201.25,1.3375000000000001,0.16890000000000058,2.6213591103078038
201.25,1.3625,0.19080000000000066,2.9612511441487803
201.25,1.3875000000000002,0.2251999999999988,3.4951454804103745
201.25,1.4125,0.24290000000000087,3.769852740638044
201.25,1.4375,0.2776999999999985,4.309955150577092
201.25,1.4625000000000001,0.30390000000000106,4.716583976450809
201.25,1.4875,0.32940000000000114,5.112348673388932
201.25,1.5125000000000002,0.3496999999999981,5.427408412520017
201.25,1.5375,0.37140000000000134,5.764196409522312
201.25,1.5625,0.38109999999999794,5.914742196200682
201.25,1.5875000000000001,0.38840000000000136,6.028039540814394
201.25,1.6125,0.3842000000000014,5.962854767201057
201.25,1.6375000000000002,0.38689999999999797,6.004759264523863
201.25,1.6625,0.37590000000000134,5.834037238393745
201.25,1.6875,0.3606999999999981,5.598130438650187
201.25,1.7125000000000001,0.3433000000000012,5.328079233680693
201.25,1.7375,0.3280000000000012,5.09062041551782
201.25,1.7625000000000002,0.29139999999999844,4.52258167403012
201.25,1.7875,0.281800000000001,4.373587905771102
201.25,1.8125,0.2427999999999987,3.7683007222186453
201.25,1.8375000000000001,0.21520000000000078,3.339943638473887
201.25,1.8625,0.20330000000000073,3.155253446569429
201.25,1.8875000000000002,0.18219999999999903,2.8277775600833492
201.25,1.9125,0.16260000000000058,2.5235819498877974
201.25,1.9375,0.15679999999999916,2.4335648815645947
201.25,1.9625000000000001,0.12960000000000046,2.011415871497285
201.25,1.9875,0.12390000000000044,1.9229508215934692
201.25,2.0125,0.11950000000000043,1.8546620111414007
201.25,2.0375,0.1275999999999982,1.980375503109946
201.25,2.0625,0.12530000000000044,1.9446790794645816
201.25,2.0875000000000004,0.13800000000000048,2.141785418723961
201.25,2.1125,0.14550000000000052,2.25818680017635
201.25,2.1375,0.16550000000000056,2.568590484049387
201.25,2.1625,0.1911999999999973,2.9674592178261885
201.25,2.1875,0.21620000000000078,3.355463822667539
201.25,2.2125000000000004,0.24240000000000086,3.762092648541218
201.25,2.2375,0.288200000000001,4.472917084610474
201.25,2.2625,0.31880000000000114,4.947834720936222
201.25,2.2875,0.38299999999999457,5.944230546168568
201.25,2.3125,0.40630000000000144,6.3058508378807625
201.25,2.3375000000000004,0.46790000000000165,7.261894184209719
201.25,2.3625,0.5026000000000018,7.800444575729441
201.25,2.3875,0.5296999999999925,8.221041567377261
201.25,2.4125000000000005,0.561500000000002,8.714583424735537
201.25,2.4375,0.6027000000000021,9.354015013513994
201.25,2.4625000000000004,0.6451000000000022,10.012070823324834
201.25,2.4875,0.6727000000000024,10.440427907069626
201.25,2.5125,0.7008999999999901,10.878097101330416
201.25,2.5375000000000005,0.6921000000000024,10.741519480426472
201.25,2.5625,0.7034000000000025,10.91689756181474
201.25,2.5875000000000004,0.7269000000000027,11.28162189036556
201.25,2.6125,0.7156000000000026,11.106243808977293
201.25,2.6375,0.71109999999999,11.036402980105663
201.25,2.6625000000000005,0.6834000000000024,10.606493877941702
201.25,2.6875,0.6825000000000024,10.592525712167415
201.25,2.7125000000000004,0.6352000000000022,9.858420999807679
201.25,2.7375,0.6194000000000022,9.61320208954798
201.25,2.7625,0.6030999999999914,9.360223087191288
201.25,2.7875000000000005,0.542700000000002,8.42280396189488
201.25,2.8125,0.5215000000000019,8.09377605698946
201.25,2.8375000000000004,0.4817000000000017,7.476072726082115
201.25,2.8625,0.4512000000000016,7.002707108175732
201.25,2.8875,0.40659999999999424,6.310506893138746
201.25,2.9125000000000005,0.3763000000000013,5.840245312071206
201.25,2.9375,0.3385000000000012,5.253582349551165
201.25,2.9625000000000004,0.31320000000000114,4.860921689451772
201.25,2.9875,0.28580000000000105,4.435668642545711
201.25,3.0125,0.2703999999999962,4.196657805963397
201.25,3.0375000000000005,0.2563000000000009,3.9778232088329792
201.25,3.0625,0.23850000000000085,3.7015639301859755
201.25,3.0875000000000004,0.2268000000000008,3.519977775120249
201.25,3.1125,0.2245000000000008,3.4842813514748494
201.25,3.1375,0.2234999999999968,3.4687611672811354
201.25,3.1625000000000005,0.21330000000000074,3.3104552885059477
201.25,3.1875,0.2291000000000008,3.5556741987656477
201.25,3.2125000000000004,0.22330000000000078,3.465657130442467
201.25,3.2375,0.23940000000000083,3.715532095960262
201.25,3.2625,0.24309999999999654,3.772956777476707
201.25,3.2875000000000005,0.2537000000000009,3.9374707299294847
201.25,3.3125,0.2546000000000009,3.9514388957037707
201.25,3.3375000000000004,0.27110000000000095,4.207521934899027
201.25,3.3625,0.28200000000000097,4.376691942609832
201.25,3.3875,0.29899999999999577,4.640535073901833
201.25,3.4125000000000005,0.3138000000000011,4.870233799967963
201.25,3.4375,0.31880000000000114,4.947834720936222
201.25,3.4625000000000004,0.3255000000000012,5.05181995503369
201.25,3.4875,0.3346000000000012,5.193053631195922
201.25,3.5125,0.3438999999999951,5.3373913441967895
201.25,3.5375000000000005,0.35040000000000127,5.438272541455622
201.25,3.5625,0.3455000000000012,5.362223638906728
201.25,3.5875000000000004,0.34430000000000127,5.343599417874346
201.25,3.6125,0.3417000000000012,5.303246938970851
201.25,3.6375,0.34499999999999514,5.354463546809807
201.25,3.6625000000000005,0.32830000000000115,5.095276470775915
201.25,3.6875,0.3201000000000011,4.96801096038797
201.25,3.7125000000000004,0.3054000000000011,4.739864252741287
201.25,3.7375,0.2982000000000011,4.6281189265469935
201.25,3.7625,0.2882999999999959,4.47446910302976
201.25,3.7875000000000005,0.2584000000000009,4.010415595639648
201.25,3.8125,0.2575000000000009,3.9964474298653614
201.25,3.8375000000000004,0.23440000000000083,3.6379311749920027
201.25,3.8625,0.22180000000000077,3.442376854151989
201.25,3.8875,0.20809999999999704,3.229750330698901
201.25,3.9125000000000005,0.1983000000000007,3.0776525256011698
201.25,3.9375,0.17800000000000063,2.7625927864700364
201.25,3.9625000000000004,0.1660000000000006,2.5763505761462135
201.25,3.9875,0.14980000000000054,2.3249235922090534
201.25,4.0125,0.1320999999999981,2.0502163319813778
201.25,4.0375,0.12100000000000258,1.877942287431912
201.25,4.0625,0.10059999999999857,1.5613305298813522
201.25,4.0875,0.09379999999999866,1.4557932773645212
201.25,4.112500000000001,0.0895000000000019,1.3890564853318685
201.25,4.1375,0.070699999999999,1.0972770224911692
201.25,4.1625,0.059400000000001264,0.9218989411029386
201.25,4.1875,0.05569999999999921,0.8644742595863949
201.25,4.2125,0.04479999999999936,0.6953042518755923
201.25,4.237500000000001,0.04010000000000085,0.6223593861654517
201.25,4.2625,0.03449999999999951,0.5354463546809807
201.25,4.2875,0.02720000000000058,0.4221490100673389
201.25,4.3125,0.023799999999999665,0.3693803838089085
201.25,4.3375,0.022199999999999685,0.34454808909906587
201.25,4.362500000000001,0.016100000000000343,0.24987496551779986
201.25,4.3875,0.016299999999999766,0.25297900235652127
201.25,4.4125,0.011500000000000244,0.1784821182269999
201.25,4.4375,0.009899999999999859,0.15364982351715098
201.25,4.4625,0.007199999999999898,0.11174532619429163
201.25,4.487500000000001,0.007100000000000151,0.11019330777493037
201.25,4.5125,0.00559999999999992,0.08691303148444904
201.25,4.5375,0.004400000000000094,0.06828881045206953
201.25,4.5625,0.003999999999999944,0.06208073677460647
201.25,4.5875,0.00349999999999995,0.054320644677780645
201.25,4.612500000000001,0.002300000000000049,0.03569642364539998
201.25,4.6375,0.0020999999999999704,0.03259238680666839
201.25,4.6625,0.0010000000000000213,0.015520184193652165
201.25,4.6875,0.000999999999999986,0.015520184193651617
201.25,4.7125,0.0007999999999999887,0.012416147354921291
201.25,4.737500000000001,0.0009000000000000193,0.01396816577428695
201.25,4.7625,0.0005999999999999915,0.009312110516190969
201.25,4.7875000000000005,0.00039999999999999433,0.0062080736774606455
201.25,4.8125,0.0004000000000000086,0.006208073677460867
201.25,4.8375,0.00019999999999999716,0.0031040368387303227
201.25,4.862500000000001,0.0003000000000000064,0.00465605525809565
201.25,4.8875,0.0,0.0
201.25,4.9125000000000005,0.00019999999999999716,0.0031040368387303227
201.25,4.9375,0.0,0.0
201.25,4.9625,9.999999999999858e-05,0.0015520184193651614
201.25,4.987500000000001,0.00010000000000000215,0.0015520184193652167
201.25,5.0125,0.0,0.0
201.25,5.0375000000000005,0.0,0.0
201.25,5.0625,0.0,0.0
201.25,5.0875,9.999999999999858e-05,0.0015520184193651614
201.25,5.112500000000001,0.00010000000000000215,0.0015520184193652167
201.25,5.1375,0.0,0.0
201.25,5.1625000000000005,0.0,0.0
201.25,5.1875,0.0,0.0
201.25,5.2125,0.0,0.0
201.25,5.237500000000001,0.0,0.0
201.25,5.2625,0.0,0.0
201.25,5.2875000000000005,0.0,0.0
201.25,5.3125,0.0,0.0
201.25,5.3375,0.0,0.0
201.25,5.362500000000001,0.0,0.0
201.25,5.3875,0.0,0.0
201.25,5.4125000000000005,0.0,0.0
201.25,5.4375,0.0,0.0
201.25,5.4625,0.0,0.0
201.25,5.487500000000001,0.0,0.0
201.25,5.5125,0.0,0.0
201.25,5.5375000000000005,0.0,0.0
201.25,5.5625,0.0,0.0
201.25,5.5875,0.0,0.0
201.25,5.612500000000001,0.0,0.0
201.25,5.6375,0.0,0.0
201.25,5.6625000000000005,0.0,0.0
201.25,5.6875,0.0,0.0
201.25,5.7125,0.0,0.0
201.25,5.737500000000001,0.0,0.0
201.25,5.7625,0.0,0.0
201.25,5.7875000000000005,0.0,0.0
201.25,5.8125,0.0,0.0
201.25,5.8375,0.0,0.0
201.25,5.862500000000001,0.0,0.0
201.25,5.8875,0.0,0.0
201.25,5.9125000000000005,0.0,0.0
201.25,5.9375,0.0,0.0
201.25,5.9625,0.0,0.0
201.25,5.987500000000001,0.0,0.0
201.25,6.0125,0.0,0.0
201.25,6.0375000000000005,0.0,0.0
201.25,6.0625,0.0,0.0
201.25,6.0875,0.0,0.0
201.25,6.112500000000001,0.0,0.0
201.25,6.1375,0.0,0.0
201.25,6.1625000000000005,0.0,0.0
201.25,6.1875,0.0,0.0
201.25,6.2125,0.0,0.0
201.25,6.237500000000001,0.0,0.0
201.25,6.2625,0.0,0.0
201.25,6.2875000000000005,0.0,0.0
201.25,6.3125,0.0,0.0
201.25,6.3375,0.0,0.0
201.25,6.362500000000001,0.0,0.0
201.25,6.3875,0.0,0.0
201.25,6.4125000000000005,0.0,0.0
201.25,6.4375,0.0,0.0
201.25,6.4625,0.0,0.0
201.25,6.487500000000001,0.0,0.0
201.25,6.5125,0.0,0.0
201.25,6.5375000000000005,0.0,0.0
201.25,6.5625,0.0,0.0
201.25,6.5875,0.0,0.0
201.25,6.612500000000001,0.0,0.0
201.25,6.6375,0.0,0.0
201.25,6.6625000000000005,0.0,0.0
201.25,6.6875,0.0,0.0
201.25,6.7125,0.0,0.0
201.25,6.737500000000001,0.0,0.0
201.25,6.7625,0.0,0.0
201.25,6.7875000000000005,0.0,0.0
201.25,6.8125,0.0,0.0
201.25,6.8375,0.0,0.0
201.25,6.862500000000001,0.0,0.0
201.25,6.8875,0.0,0.0
201.25,6.9125000000000005,0.0,0.0
201.25,6.9375,0.0,0.0
201.25,6.9625,0.0,0.0
201.25,6.987500000000001,0.0,0.0
203.75,0.0125,0.0,0.0
203.75,0.037500000000000006,0.0,0.0
203.75,0.0625,0.0,0.0
203.75,0.08750000000000001,0.0,0.0
203.75,0.1125,0.0,0.0
203.75,0.1375,0.00019999999999999985,0.0026148224188690845
203.75,0.16250000000000003,0.0010000000000000002,0.013074112094345435
203.75,0.1875,0.0026000000000000003,0.03399269144529813
203.75,0.21250000000000002,0.005200000000000001,0.06798538289059626
203.75,0.2375,0.010400000000000001,0.13597076578119252
203.75,0.2625,0.02069999999999998,0.27063412035295015
203.75,0.28750000000000003,0.035799999999999964,0.468053212977566
203.75,0.3125,0.05060000000000007,0.6615500719738797
203.75,0.3375,0.07709999999999993,1.008014042474032
203.75,0.36250000000000004,0.10590000000000015,1.3845484707911833
203.75,0.3875,0.1281999999999999,1.676101170495083
203.75,0.41250000000000003,0.14359999999999987,1.8774424967480023
203.75,0.4375,0.15580000000000022,2.036946664299021
203.75,0.4625,0.16809999999999983,2.197758243059465
203.75,0.48750000000000004,0.17800000000000024,2.32719195279349
203.75,0.5125,0.16919999999999985,2.2121397663632454
203.75,0.5375000000000001,0.16799999999999984,2.1964508318500306
203.75,0.5625,0.15249999999999986,1.9938020943876766
203.75,0.5875000000000001,0.13359999999999989,1.7467013758045482
203.75,0.6125,0.11650000000000042,1.5231340589912483
203.75,0.6375,0.09539999999999992,1.247270293800553
203.75,0.6625000000000001,0.07609999999999993,0.9949399303796865
203.75,0.6875,0.06539999999999994,0.8550469309701906
203.75,0.7125000000000001,0.05709999999999995,0.7465318005871235
203.75,0.7375,0.043200000000000155,0.5648016424757247
203.75,0.7625,0.03139999999999997,0.41052711976244616
203.75,0.7875000000000001,0.02469999999999998,0.3229305687303319
203.75,0.8125,0.018999999999999982,0.248408129792563
203.75,0.8375000000000001,0.016499999999999987,0.21572284955669946
203.75,0.8625,0.01100000000000004,0.14381523303780028
203.75,0.8875,0.008199999999999992,0.10720771917363243
203.75,0.9125000000000001,0.006599999999999994,0.08628913982267977
203.75,0.9375,0.004799999999999996,0.06275573805285803
203.75,0.9625000000000001,0.004299999999999996,0.056218682005685305
203.75,0.9875,0.0032000000000000114,0.04183715870190553
203.75,1.0125000000000002,0.005399999999999972,0.07060020530946497
203.75,1.0375,0.004500000000000016,0.05883350442455466
203.75,1.0625,0.007400000000000026,0.09674842949815654
203.75,1.0875,0.011799999999999937,0.15427452271327527
203.75,1.1125,0.015500000000000054,0.2026487374623549
203.75,1.1375000000000002,0.021999999999999884,0.287630466075598
203.75,1.1625,0.03010000000000011,0.3935307740397989
203.75,1.1875,0.041999999999999774,0.5491127079625052
203.75,1.2125000000000001,0.05290000000000019,0.6916205297908758
203.75,1.2375,0.06780000000000024,0.8864247999966234
203.75,1.2625000000000002,0.08509999999999955,1.1126069392287905
203.75,1.2875,0.10710000000000039,1.4002374053044009
203.75,1.3125,0.12199999999999936,1.5950416755101344
203.75,1.3375000000000001,0.15880000000000055,2.0761690005820617
203.75,1.3625,0.18530000000000066,2.4226329710822174
203.75,1.3875000000000002,0.20659999999999892,2.7011115586917525
203.75,1.4125,0.23540000000000083,3.0776459870089257
203.75,1.4375,0.26709999999999856,3.492095340399646
203.75,1.4625000000000001,0.29250000000000104,3.8241777875960525
203.75,1.4875,0.32080000000000114,4.194175159866029
203.75,1.5125000000000002,0.3383999999999982,4.424279532726471
203.75,1.5375,0.3539000000000012,4.6269282701888645
203.75,1.5625,0.3682999999999981,4.815195484347398
203.75,1.5875000000000001,0.3712000000000013,4.853110409421042
203.75,1.6125,0.38680000000000136,5.057066558092831
203.75,1.6375000000000002,0.378299999999998,4.945936605290851
203.75,1.6625,0.36550000000000127,4.778587970483272
203.75,1.6875,0.3541999999999981,4.630850503817127
203.75,1.7125000000000001,0.3214000000000012,4.202019627122637
203.75,1.7375,0.3114000000000011,4.0712785061791825
203.75,1.7625000000000002,0.29799999999999843,3.896085404114918
203.75,1.7875,0.27450000000000097,3.5888437698978337
203.75,1.8125,0.25279999999999864,3.3051355374505076
203.75,1.8375000000000001,0.23260000000000083,3.0410384731447584
203.75,1.8625,0.21160000000000076,2.7664821191635034
203.75,1.8875000000000002,0.188599999999999,2.4657775409935354
203.75,1.9125,0.1648000000000006,2.1546136731481353
203.75,1.9375,0.15739999999999918,2.0578652436499603
203.75,1.9625000000000001,0.14120000000000052,1.8460646277215818
203.75,1.9875,0.14600000000000052,1.9088203657744398
203.75,2.0125,0.13470000000000046,1.7610828991083358
203.75,2.0375,0.13879999999999804,1.8146867586951203
203.75,2.0625,0.14290000000000053,1.8682906182819692
203.75,2.0875000000000004,0.15310000000000054,2.001646561644293
203.75,2.1125,0.15790000000000054,2.064402299697151
203.75,2.1375,0.18060000000000065,2.3611846442387936
203.75,2.1625,0.20849999999999705,2.725952371670984
203.75,2.1875,0.23270000000000082,3.042345884354193
203.75,2.2125000000000004,0.24310000000000084,3.1783166501353857
203.75,2.2375,0.28580000000000105,3.7365812365639384
203.75,2.2625,0.3373000000000012,4.40989800942273
203.75,2.2875,0.3615999999999948,4.727598933315241
203.75,2.3125,0.4100000000000015,5.360385958681647
203.75,2.3375000000000004,0.4457000000000016,5.82713176044978
203.75,2.3625,0.4824000000000017,6.306951674312259
203.75,2.3875,0.5111999999999928,6.68348610262929
203.75,2.4125000000000005,0.551900000000002,7.21560246486927
203.75,2.4375,0.5946000000000021,7.773867051297822
203.75,2.4625000000000004,0.6068000000000021,7.933371218848836
203.75,2.4875,0.6395000000000023,8.360894684333934
203.75,2.5125,0.6664999999999905,8.713895710881108
203.75,2.5375000000000005,0.6821000000000025,8.917851859553052
203.75,2.5625,0.6875000000000026,8.988452064862518
203.75,2.5875000000000004,0.6828000000000024,8.927003738019092
203.75,2.6125,0.6887000000000024,9.00414099937573
203.75,2.6375,0.6720999999999905,8.78711073860944
203.75,2.6625000000000005,0.6693000000000024,8.75050322474543
203.75,2.6875,0.6441000000000022,8.421035599967922
203.75,2.7125000000000004,0.6357000000000023,8.31121305837542
203.75,2.7375,0.6054000000000022,7.915067461916753
203.75,2.7625,0.5650999999999919,7.388180744514498
203.75,2.7875000000000005,0.5533000000000019,7.233906221801353
203.75,2.8125,0.5195000000000018,6.792001233012476
203.75,2.8375000000000004,0.4924000000000017,6.437692795255713
203.75,2.8625,0.4521000000000016,5.910806077853591
203.75,2.8875,0.42549999999999394,5.563034696143903
203.75,2.9125000000000005,0.3965000000000014,5.183885445407983
203.75,2.9375,0.3584000000000012,4.685761774613419
203.75,2.9625000000000004,0.3305000000000012,4.3209940471811805
203.75,2.9875,0.3075000000000011,4.020289469011235
203.75,3.0125,0.29059999999999586,3.7993369746167285
203.75,3.0375000000000005,0.27410000000000095,3.5836141250600955
203.75,3.0625,0.269800000000001,3.5273954430544103
203.75,3.0875000000000004,0.24930000000000088,3.259376145120328
203.75,3.1125,0.24630000000000088,3.2201538088372916
203.75,3.1375,0.22769999999999674,2.9769753238824124
203.75,3.1625000000000005,0.23690000000000083,3.097257155150444
203.75,3.1875,0.22900000000000081,2.9939716696051146
203.75,3.2125000000000004,0.24110000000000084,3.152168425946695
203.75,3.2375,0.24140000000000086,3.1560906595749985
203.75,3.2625,0.24929999999999647,3.25937614512027
203.75,3.2875000000000005,0.2589000000000009,3.3848876212260444
203.75,3.3125,0.2694000000000009,3.5221657982166716
203.75,3.3375000000000004,0.275300000000001,3.5993030595733106
203.75,3.3625,0.280200000000001,3.6633662088356034
203.75,3.3875,0.29389999999999583,3.8424815445280682
203.75,3.4125000000000005,0.294600000000001,3.851633422994178
203.75,3.4375,0.3174000000000011,4.149723178745255
203.75,3.4625000000000004,0.3197000000000011,4.179793636562249
203.75,3.4875,0.33890000000000126,4.430816588773683
203.75,3.5125,0.3324999999999953,4.347142271369795
203.75,3.5375000000000005,0.3383000000000012,4.422972121517075
203.75,3.5625,0.3307000000000012,4.323608869600051
203.75,3.5875000000000004,0.33660000000000123,4.400746130956689
203.75,3.6125,0.33660000000000123,4.400746130956689
203.75,3.6375,0.3246999999999954,4.245164197033901
203.75,3.6625000000000005,0.32440000000000113,4.241241963405673
203.75,3.6875,0.32160000000000116,4.204634449541507
203.75,3.7125000000000004,0.3085000000000011,4.03336358110558
203.75,3.7375,0.29290000000000105,3.829407432433791
203.75,3.7625,0.2877999999999959,3.7627294607525616
203.75,3.7875000000000005,0.2658000000000009,3.475098994677028
203.75,3.8125,0.2633000000000009,3.442413714441164
203.75,3.8375000000000004,0.24400000000000088,3.190083351020297
203.75,3.8625,0.22870000000000082,2.990049435976811
203.75,3.8875,0.21479999999999694,2.8083192778653587
203.75,3.9125000000000005,0.1972000000000007,2.5782149050049283
203.75,3.9375,0.18430000000000063,2.4095588589878716
203.75,3.9625000000000004,0.17280000000000062,2.259206569902899
203.75,3.9875,0.14930000000000054,1.9519649356857802
203.75,4.0125,0.13999999999999801,1.8303756932083346
203.75,4.0375,0.12870000000000273,1.6826382265422928
203.75,4.0625,0.11049999999999843,1.4446893864251498
203.75,4.0875,0.10079999999999857,1.317870499110001
203.75,4.112500000000001,0.0888000000000019,1.1609811539778994
203.75,4.1375,0.08299999999999882,1.0851513038306555
203.75,4.1625,0.0653000000000014,0.853739519760775
203.75,4.1875,0.06179999999999912,0.8079801274305362
203.75,4.2125,0.05549999999999922,0.7256132212361612
203.75,4.237500000000001,0.04400000000000094,0.5752609321512113
203.75,4.2625,0.039199999999999444,0.5125051940983337
203.75,4.2875,0.03700000000000079,0.4837421474907913
203.75,4.3125,0.03059999999999956,0.4000678300869645
203.75,4.3375,0.02739999999999961,0.3582306713850597
203.75,4.362500000000001,0.020900000000000443,0.2732489427718253
203.75,4.3875,0.01849999999999974,0.24187107374538708
203.75,4.4125,0.015100000000000323,0.19741909262462026
203.75,4.4375,0.012099999999999828,0.15819675634157748
203.75,4.4625,0.009999999999999858,0.13074112094345247
203.75,4.487500000000001,0.0094000000000002,0.12289665368684968
203.75,4.5125,0.007099999999999899,0.09282619586985125
203.75,4.5375,0.007000000000000149,0.09151878466041997
203.75,4.5625,0.005199999999999926,0.06798538289059528
203.75,4.5875,0.004299999999999938,0.056218682005684556
203.75,4.612500000000001,0.0031000000000000662,0.04052974749247171
203.75,4.6375,0.003399999999999952,0.044451981120773844
203.75,4.6625,0.002100000000000045,0.027455635398125997
203.75,4.6875,0.0014999999999999786,0.01961116814151787
203.75,4.7125,0.0017999999999999746,0.023533401769821445
203.75,4.737500000000001,0.0014000000000000297,0.018303756932083994
203.75,4.7625,0.0007999999999999887,0.010459289675476198
203.75,4.7875000000000005,0.0008999999999999873,0.011766700884910723
203.75,4.8125,0.0008000000000000172,0.01045928967547657
203.75,4.8375,0.000499999999999993,0.006537056047172624
203.75,4.862500000000001,0.0003000000000000064,0.0039222336283037135
203.75,4.8875,0.00029999999999999575,0.003922233628303574
203.75,4.9125000000000005,0.0007999999999999887,0.010459289675476198
203.75,4.9375,0.0,0.0
203.75,4.9625,9.999999999999858e-05,0.0013074112094345247
203.75,4.987500000000001,0.00010000000000000215,0.0013074112094345713
203.75,5.0125,0.0,0.0
203.75,5.0375000000000005,9.999999999999858e-05,0.0013074112094345247
203.75,5.0625,0.0,0.0
203.75,5.0875,0.0,0.0
203.75,5.112500000000001,0.0,0.0
203.75,5.1375,0.0,0.0
203.75,5.1625000000000005,9.999999999999858e-05,0.0013074112094345247
203.75,5.1875,0.0,0.0
203.75,5.2125,0.0,0.0
203.75,5.237500000000001,0.0,0.0
203.75,5.2625,9.999999999999858e-05,0.0013074112094345247
203.75,5.2875000000000005,0.0,0.0
203.75,5.3125,0.0,0.0
203.75,5.3375,0.0,0.0
203.75,5.362500000000001,0.0,0.0
203.75,5.3875,0.0,0.0
203.75,5.4125000000000005,0.0,0.0
203.75,5.4375,0.0,0.0
203.75,5.4625,0.0,0.0
203.75,5.487500000000001,0.0,0.0
203.75,5.5125,0.0,0.0
203.75,5.5375000000000005,0.0,0.0
203.75,5.5625,0.0,0.0
203.75,5.5875,0.0,0.0
203.75,5.612500000000001,0.0,0.0
203.75,5.6375,0.0,0.0
203.75,5.6625000000000005,0.0,0.0
203.75,5.6875,0.0,0.0
203.75,5.7125,0.0,0.0
203.75,5.737500000000001,0.0,0.0
203.75,5.7625,0.0,0.0
203.75,5.7875000000000005,0.0,0.0
203.75,5.8125,0.0,0.0
203.75,5.8375,0.0,0.0
203.75,5.862500000000001,0.0,0.0
203.75,5.8875,0.0,0.0
203.75,5.9125000000000005,0.0,0.0
203.75,5.9375,0.0,0.0
203.75,5.9625,0.0,0.0
203.75,5.987500000000001,0.0,0.0
203.75,6.0125,0.0,0.0
203.75,6.0375000000000005,0.0,0.0
203.75,6.0625,0.0,0.0
203.75,6.0875,0.0,0.0
203.75,6.112500000000001,0.0,0.0
203.75,6.1375,0.0,0.0
203.75,6.1625000000000005,0.0,0.0
203.75,6.1875,0.0,0.0
203.75,6.2125,0.0,0.0
203.75,6.237500000000001,0.0,0.0
203.75,6.2625,0.0,0.0
203.75,6.2875000000000005,0.0,0.0
203.75,6.3125,0.0,0.0
203.75,6.3375,0.0,0.0
203.75,6.362500000000001,0.0,0.0
203.75,6.3875,0.0,0.0
203.75,6.4125000000000005,0.0,0.0
203.75,6.4375,0.0,0.0
203.75,6.4625,0.0,0.0
203.75,6.487500000000001,0.0,0.0
203.75,6.5125,0.0,0.0
203.75,6.5375000000000005,0.0,0.0
203.75,6.5625,0.0,0.0
203.75,6.5875,0.0,0.0
203.75,6.612500000000001,0.0,0.0
203.75,6.6375,0.0,0.0
203.75,6.6625000000000005,0.0,0.0
203.75,6.6875,0.0,0.0
203.75,6.7125,0.0,0.0
203.75,6.737500000000001,0.0,0.0
203.75,6.7625,0.0,0.0
203.75,6.7875000000000005,0.0,0.0
203.75,6.8125,0.0,0.0
203.75,6.8375,0.0,0.0
203.75,6.862500000000001,0.0,0.0
203.75,6.8875,0.0,0.0
203.75,6.9125000000000005,0.0,0.0
203.75,6.9375,0.0,0.0
203.75,6.9625,0.0,0.0
203.75,6.987500000000001,0.0,0.0
206.25,0.0125,0.0,0.0
206.25,0.037500000000000006,0.0,0.0
206.25,0.0625,0.0,0.0
206.25,0.08750000000000001,0.0,0.0
206.25,0.1125,0.00010000000000000003,0.0011073855195907274
206.25,0.1375,0.0004999999999999996,0.005536927597953631
206.25,0.16250000000000003,0.0005000000000000001,0.005536927597953637
206.25,0.1875,0.0026000000000000003,0.02879202350935891
206.25,0.21250000000000002,0.004800000000000001,0.05315450494035492
206.25,0.2375,0.012800000000000004,0.1417453465076131
206.25,0.2625,0.02359999999999998,0.2613429826234114
206.25,0.28750000000000003,0.03739999999999997,0.4141621843269316
206.25,0.3125,0.054200000000000075,0.6002029516181749
206.25,0.3375,0.07459999999999993,0.8261095976146816
206.25,0.36250000000000004,0.10070000000000014,1.1151372182278636
206.25,0.3875,0.12349999999999989,1.3676211166945467
206.25,0.41250000000000003,0.13759999999999986,1.523762474956839
206.25,0.4375,0.1533000000000002,1.697622001532587
206.25,0.4625,0.16769999999999985,1.8570855163536477
206.25,0.48750000000000004,0.16940000000000022,1.8759110701866941
206.25,0.5125,0.16349999999999987,1.8105753245308374
206.25,0.5375000000000001,0.16529999999999984,1.83050826388347
206.25,0.5625,0.14779999999999988,1.6367157979550933
206.25,0.5875000000000001,0.13549999999999987,1.5005073790454337
206.25,0.6125,0.12270000000000043,1.358762032537827
206.25,0.6375,0.10969999999999991,1.2148019149910265
206.25,0.6625000000000001,0.08099999999999992,0.896982270868488
206.25,0.6875,0.06849999999999994,0.7585590809196473
206.25,0.7125000000000001,0.05789999999999995,0.6411762158430304
206.25,0.7375,0.04590000000000017,0.5082899534921456
206.25,0.7625,0.03269999999999997,0.36211506490616746
206.25,0.7875000000000001,0.02939999999999997,0.3255713427596734
206.25,0.8125,0.022299999999999983,0.24694697086873196
206.25,0.8375000000000001,0.016299999999999985,0.18050383969328834
206.25,0.8625,0.013800000000000048,0.15281920170352087
206.25,0.8875,0.010399999999999989,0.1151680940374355
206.25,0.9125000000000001,0.008699999999999992,0.09634254020439317
206.25,0.9375,0.006899999999999994,0.0764096008517601
206.25,0.9625000000000001,0.006999999999999994,0.07751698637135084
206.25,0.9875,0.00550000000000002,0.06090620357749021
206.25,1.0125000000000002,0.00759999999999996,0.08416129948889482
206.25,1.0375,0.007400000000000026,0.08194652844971409
206.25,1.0625,0.007900000000000029,0.08748345604766776
206.25,1.0875,0.012599999999999934,0.1395305754684309
206.25,1.1125,0.016300000000000057,0.18050383969328915
206.25,1.1375000000000002,0.02599999999999986,0.2879202350935875
206.25,1.1625,0.030900000000000108,0.3421821255535359
206.25,1.1875,0.04429999999999976,0.4905717851786895
206.25,1.2125000000000001,0.0564000000000002,0.6245654330491723
206.25,1.2375,0.07560000000000026,0.8371834528105926
206.25,1.2625000000000002,0.09039999999999951,1.0010765097100118
206.25,1.2875,0.1137000000000004,1.259097335774661
206.25,1.3125,0.1294999999999993,1.4340642478699839
206.25,1.3375000000000001,0.16170000000000057,1.790642385178212
206.25,1.3625,0.18970000000000067,2.100710330663617
206.25,1.3875000000000002,0.19739999999999897,2.1859790156720837
206.25,1.4125,0.2311000000000008,2.559167935774179
206.25,1.4375,0.26549999999999857,2.9401085545133645
206.25,1.4625000000000001,0.28750000000000103,3.183733368823352
206.25,1.4875,0.3016000000000011,3.339874727085645
206.25,1.5125000000000002,0.3282999999999982,3.635546660816337
206.25,1.5375,0.3478000000000012,3.8514868371365623
206.25,1.5625,0.35939999999999805,3.979943557409052
206.25,1.5875000000000001,0.3615000000000013,4.003198653320493
206.25,1.6125,0.3691000000000013,4.087359952809388
206.25,1.6375000000000002,0.35939999999999805,3.979943557409052
206.25,1.6625,0.3553000000000012,3.934540751105867
206.25,1.6875,0.34679999999999817,3.8404129819406214
206.25,1.7125000000000001,0.32970000000000116,3.65105005809064
206.25,1.7375,0.3141000000000011,3.478297917034486
206.25,1.7625000000000002,0.3006999999999984,3.329908257409299
206.25,1.7875,0.283300000000001,3.137223177000541
206.25,1.8125,0.25739999999999863,2.8504103274265162
206.25,1.8375000000000001,0.23140000000000083,2.5624900923329514
206.25,1.8625,0.21360000000000076,2.3653754698458016
206.25,1.8875000000000002,0.2055999999999989,2.2767846282785227
206.25,1.9125,0.18800000000000067,2.081884776830574
206.25,1.9375,0.16829999999999912,1.863729829471184
206.25,1.9625000000000001,0.15310000000000054,1.6954072304934091
206.25,1.9875,0.15680000000000055,1.7363804947182662
206.25,2.0125,0.14470000000000052,1.602386846847788
206.25,2.0375,0.14929999999999788,1.6533265807489321
206.25,2.0625,0.14700000000000052,1.6278567137983746
206.25,2.0875000000000004,0.15800000000000058,1.7496691209533553
206.25,2.1125,0.17590000000000064,1.947891128960096
206.25,2.1375,0.18030000000000065,1.996616091822088
206.25,2.1625,0.21209999999999699,2.3487646870518986
206.25,2.1875,0.24410000000000087,2.7031280533209743
206.25,2.2125000000000004,0.2590000000000009,2.868128495739993
206.25,2.2375,0.286700000000001,3.174874284666626
206.25,2.2625,0.3220000000000011,3.5657813730821535
206.25,2.2875,0.353399999999995,3.913500426233574
206.25,2.3125,0.40860000000000146,4.524777233047727
206.25,2.3375000000000004,0.4197000000000015,4.647697025722298
206.25,2.3625,0.4669000000000017,5.170382990969124
206.25,2.3875,0.5093999999999927,5.641021836795083
206.25,2.4125000000000005,0.543500000000002,6.018640298975623
206.25,2.4375,0.5718000000000021,6.332030401019801
206.25,2.4625000000000004,0.6118000000000021,6.774984608856092
206.25,2.4875,0.6262000000000022,6.934448123677157
206.25,2.5125,0.6469999999999907,7.164784311751901
206.25,2.5375000000000005,0.6645000000000023,7.358576777680407
206.25,2.5625,0.6532000000000023,7.233442213966655
206.25,2.5875000000000004,0.6623000000000023,7.334214296249411
206.25,2.6125,0.6872000000000025,7.609953290627504
206.25,2.6375,0.6823999999999902,7.556798785687014
206.25,2.6625000000000005,0.6490000000000024,7.186932022143845
206.25,2.6875,0.6329000000000022,7.008642953489736
206.25,2.7125000000000004,0.6096000000000021,6.750622127425096
206.25,2.7375,0.594300000000002,6.581192142927714
206.25,2.7625,0.5911999999999916,6.546863191820286
206.25,2.7875000000000005,0.548700000000002,6.0762243459943415
206.25,2.8125,0.5151000000000018,5.704142811411855
206.25,2.8375000000000004,0.48800000000000177,5.404041335602768
206.25,2.8625,0.4722000000000017,5.229074423507432
206.25,2.8875,0.4159999999999941,4.606723761497359
206.25,2.9125000000000005,0.39180000000000137,4.338736465756484
206.25,2.9375,0.37920000000000137,4.199205890288052
206.25,2.9625000000000004,0.34160000000000124,3.7828289349219375
206.25,2.9875,0.3192000000000011,3.534774578533613
206.25,3.0125,0.30669999999999564,3.3963513885847116
206.25,3.0375000000000005,0.286700000000001,3.174874284666626
206.25,3.0625,0.26860000000000095,2.9744375056207035
206.25,3.0875000000000004,0.2563000000000009,2.838229086711044
206.25,3.1125,0.2524000000000009,2.795041051447005
206.25,3.1375,0.24929999999999647,2.7607121003396435
206.25,3.1625000000000005,0.23900000000000085,2.6466513918218473
206.25,3.1875,0.23400000000000085,2.591282115842311
206.25,3.2125000000000004,0.23800000000000085,2.6355775366259397
206.25,3.2375,0.2537000000000009,2.8094370632016847
206.25,3.2625,0.2543999999999964,2.81718876183877
206.25,3.2875000000000005,0.269900000000001,2.988833517375383
206.25,3.3125,0.26360000000000094,2.919068229641167
206.25,3.3375000000000004,0.27510000000000095,3.0464175643941007
206.25,3.3625,0.28800000000000103,3.1892702964213053
206.25,3.3875,0.28379999999999594,3.1427601045984384
206.25,3.4125000000000005,0.3047000000000011,3.3742036781929574
206.25,3.4375,0.3092000000000011,3.42403602657454
206.25,3.4625000000000004,0.3190000000000011,3.5325598074944318
206.25,3.4875,0.3230000000000012,3.5768552282780615
206.25,3.5125,0.3245999999999954,3.594573396591449
206.25,3.5375000000000005,0.3230000000000012,3.5768552282780615
206.25,3.5625,0.32830000000000115,3.63554666081637
206.25,3.5875000000000004,0.32220000000000115,3.5679961441213353
206.25,3.6125,0.3251000000000011,3.600110324189466
206.25,3.6375,0.32049999999999546,3.54917059028823
206.25,3.6625000000000005,0.3156000000000011,3.494908699828347
206.25,3.6875,0.31280000000000113,3.463901905279807
206.25,3.7125000000000004,0.3017000000000011,3.3409821126052357
206.25,3.7375,0.279100000000001,3.0907129851777304
206.25,3.7625,0.28639999999999594,3.1715521281077974
206.25,3.7875000000000005,0.27010000000000095,2.9910482884145644
206.25,3.8125,0.2604000000000009,2.8836318930142633
206.25,3.8375000000000004,0.24790000000000087,2.745208703065422
206.25,3.8625,0.22160000000000077,2.4539663114130597
206.25,3.8875,0.21409999999999693,2.3709123974437127
206.25,3.9125000000000005,0.2005000000000007,2.2203079667794157
206.25,3.9375,0.18930000000000066,2.0962807885852537
206.25,3.9625000000000004,0.1704000000000006,1.8869849253826056
206.25,3.9875,0.15410000000000054,1.7064810856893164
206.25,4.0125,0.14129999999999798,1.564735739181675
206.25,4.0375,0.1318000000000028,1.4595341148206094
206.25,4.0625,0.11219999999999841,1.2424865529807783
206.25,4.0875,0.10329999999999853,1.143929241737205
206.25,4.112500000000001,0.09310000000000199,1.0309759187389889
206.25,4.1375,0.08349999999999881,0.924666908858244
206.25,4.1625,0.07320000000000156,0.8106062003404294
206.25,4.1875,0.06929999999999902,0.767418165076363
206.25,4.2125,0.06039999999999914,0.6688608538327897
206.25,4.237500000000001,0.046500000000000985,0.514934266609699
206.25,4.2625,0.046199999999999346,0.5116121100509087
206.25,4.2875,0.03950000000000085,0.4374172802383466
206.25,4.3125,0.03429999999999951,0.379833233219614
206.25,4.3375,0.03069999999999956,0.33996735451434834
206.25,4.362500000000001,0.024200000000000513,0.26798729574096164
206.25,4.3875,0.0208999999999997,0.23144357359445863
206.25,4.4125,0.018700000000000397,0.20708109216347037
206.25,4.4375,0.016399999999999765,0.18161122521287665
206.25,4.4625,0.0139999999999998,0.1550339727426996
206.25,4.487500000000001,0.011000000000000235,0.12181240715498258
206.25,4.5125,0.008599999999999877,0.09523515468480116
206.25,4.5375,0.0065000000000001385,0.07198005877339879
206.25,4.5625,0.006699999999999905,0.07419482981257766
206.25,4.5875,0.005899999999999917,0.06533574565585197
206.25,4.612500000000001,0.005100000000000109,0.056476661499128285
206.25,4.6375,0.004999999999999929,0.055369275979535566
206.25,4.6625,0.0027000000000000574,0.029899409028950268
206.25,4.6875,0.003399999999999952,0.03765110766608419
206.25,4.7125,0.001699999999999976,0.018825553833042095
206.25,4.737500000000001,0.0013000000000000277,0.014396011754679758
206.25,4.7625,0.0008999999999999873,0.009966469676316403
206.25,4.7875000000000005,0.001199999999999983,0.013288626235088537
206.25,4.8125,0.0012000000000000257,0.01328862623508901
206.25,4.8375,0.00039999999999999433,0.004429542078362846
206.25,4.862500000000001,0.0005000000000000106,0.005536927597953753
206.25,4.8875,0.0007999999999999887,0.008859084156725691
206.25,4.9125000000000005,0.00039999999999999433,0.004429542078362846
206.25,4.9375,0.0002000000000000043,0.0022147710391815017
206.25,4.9625,0.00029999999999999575,0.003322156558772134
206.25,4.987500000000001,0.0003000000000000064,0.0033221565587722526
206.25,5.0125,9.999999999999858e-05,0.0011073855195907114
206.25,5.0375000000000005,9.999999999999858e-05,0.0011073855195907114
206.25,5.0625,0.00010000000000000215,0.0011073855195907509
206.25,5.0875,9.999999999999858e-05,0.0011073855195907114
206.25,5.112500000000001,0.0,0.0
206.25,5.1375,9.999999999999858e-05,0.0011073855195907114
206.25,5.1625000000000005,0.0,0.0
206.25,5.1875,0.0,0.0
206.25,5.2125,9.999999999999858e-05,0.0011073855195907114
206.25,5.237500000000001,0.0,0.0
206.25,5.2625,0.0,0.0
206.25,5.2875000000000005,9.999999999999858e-05,0.0011073855195907114
206.25,5.3125,0.0,0.0
206.25,5.3375,0.0,0.0
206.25,5.362500000000001,0.0,0.0
206.25,5.3875,0.0,0.0
206.25,5.4125000000000005,0.0,0.0
206.25,5.4375,0.0,0.0
206.25,5.4625,0.0,0.0
206.25,5.487500000000001,0.0,0.0
206.25,5.5125,0.0,0.0
206.25,5.5375000000000005,0.0,0.0
206.25,5.5625,0.0,0.0
206.25,5.5875,0.0,0.0
206.25,5.612500000000001,0.0,0.0
206.25,5.6375,0.0,0.0
206.25,5.6625000000000005,0.0,0.0
206.25,5.6875,0.0,0.0
206.25,5.7125,0.0,0.0
206.25,5.737500000000001,0.0,0.0
206.25,5.7625,0.0,0.0
206.25,5.7875000000000005,0.0,0.0
206.25,5.8125,0.0,0.0
206.25,5.8375,0.0,0.0
206.25,5.862500000000001,0.0,0.0
206.25,5.8875,0.0,0.0
206.25,5.9125000000000005,0.0,0.0
206.25,5.9375,0.0,0.0
206.25,5.9625,0.0,0.0
206.25,5.987500000000001,0.0,0.0
206.25,6.0125,0.0,0.0
206.25,6.0375000000000005,0.0,0.0
206.25,6.0625,0.0,0.0
206.25,6.0875,0.0,0.0
206.25,6.112500000000001,0.0,0.0
206.25,6.1375,0.0,0.0
206.25,6.1625000000000005,0.0,0.0
206.25,6.1875,0.0,0.0
206.25,6.2125,0.0,0.0
206.25,6.237500000000001,0.0,0.0
206.25,6.2625,0.0,0.0
206.25,6.2875000000000005,0.0,0.0
206.25,6.3125,0.0,0.0
206.25,6.3375,0.0,0.0
206.25,6.362500000000001,0.0,0.0
206.25,6.3875,0.0,0.0
206.25,6.4125000000000005,0.0,0.0
206.25,6.4375,0.0,0.0
206.25,6.4625,0.0,0.0
206.25,6.487500000000001,0.0,0.0
206.25,6.5125,0.0,0.0
206.25,6.5375000000000005,0.0,0.0
206.25,6.5625,0.0,0.0
206.25,6.5875,0.0,0.0
206.25,6.612500000000001,0.0,0.0
206.25,6.6375,0.0,0.0
206.25,6.6625000000000005,0.0,0.0
206.25,6.6875,0.0,0.0
206.25,6.7125,0.0,0.0
206.25,6.737500000000001,0.0,0.0
206.25,6.7625,0.0,0.0
206.25,6.7875000000000005,0.0,0.0
206.25,6.8125,0.0,0.0
206.25,6.8375,0.0,0.0
206.25,6.862500000000001,0.0,0.0
206.25,6.8875,0.0,0.0
206.25,6.9125000000000005,0.0,0.0
206.25,6.9375,0.0,0.0
206.25,6.9625,0.0,0.0
206.25,6.987500000000001,0.0,0.0
208.75,0.0125,0.0,0.0
208.75,0.037500000000000006,0.0,0.0
208.75,0.0625,0.0,0.0
208.75,0.08750000000000001,0.00010000000000000003,0.0009429375932020829
208.75,0.1125,0.0,0.0
208.75,0.1375,0.00019999999999999985,0.0018858751864041636
208.75,0.16250000000000003,0.0007000000000000001,0.006600563152414579
208.75,0.1875,0.003200000000000001,0.03017400298246665
208.75,0.21250000000000002,0.004600000000000001,0.043375129287295804
208.75,0.2375,0.011300000000000001,0.10655194803183533
208.75,0.2625,0.02359999999999998,0.22253327199569128
208.75,0.28750000000000003,0.03989999999999996,0.3762320996876306
208.75,0.3125,0.054900000000000074,0.517672738667944
208.75,0.3375,0.07249999999999994,0.6836297550715092
208.75,0.36250000000000004,0.09360000000000013,0.8825895872371504
208.75,0.3875,0.1186999999999999,1.119266923130871
208.75,0.41250000000000003,0.14419999999999988,1.359716009397402
208.75,0.4375,0.1489000000000002,1.4040340762779027
208.75,0.4625,0.16459999999999983,1.5520752784106262
208.75,0.48750000000000004,0.16240000000000024,1.5313306513601843
208.75,0.5125,0.16539999999999985,1.559618779156243
208.75,0.5375000000000001,0.15699999999999983,1.480412021327268
208.75,0.5625,0.15089999999999987,1.4228928281419413
208.75,0.5875000000000001,0.13359999999999989,1.2597646245179812
208.75,0.6125,0.12050000000000043,1.1362397998085134
208.75,0.6375,0.1105999999999999,1.0428889780815025
208.75,0.6625000000000001,0.09269999999999992,0.8741031488983297
208.75,0.6875,0.07909999999999993,0.7458636362228467
208.75,0.7125000000000001,0.06319999999999995,0.5959365589037157
208.75,0.7375,0.05280000000000019,0.49787104921070136
208.75,0.7625,0.041199999999999966,0.3884902883992577
208.75,0.7875000000000001,0.03649999999999997,0.3441722215187598
208.75,0.8125,0.027599999999999975,0.26025077572377453
208.75,0.8375000000000001,0.02249999999999998,0.21216095847046837
208.75,0.8625,0.015900000000000056,0.14992707731913166
208.75,0.8875,0.01259999999999999,0.1188101367434623
208.75,0.9125000000000001,0.009399999999999992,0.08863613376099568
208.75,0.9375,0.008399999999999993,0.07920675782897486
208.75,0.9625000000000001,0.007599999999999994,0.07166325708335822
208.75,0.9875,0.006300000000000023,0.059405068371731415
208.75,1.0125000000000002,0.00749999999999996,0.07072031949015581
208.75,1.0375,0.009100000000000032,0.08580732098138981
208.75,1.0625,0.011200000000000038,0.1056090104386336
208.75,1.0875,0.013999999999999926,0.13201126304829086
208.75,1.1125,0.020400000000000074,0.19235926901322553
208.75,1.1375000000000002,0.03029999999999984,0.2857100907402295
208.75,1.1625,0.03290000000000012,0.31022646816348626
208.75,1.1875,0.04319999999999977,0.4073490402632975
208.75,1.2125000000000001,0.05920000000000021,0.5582190551756349
208.75,1.2375,0.07230000000000027,0.6817438798851082
208.75,1.2625000000000002,0.08919999999999953,0.8411003331362532
208.75,1.2875,0.10500000000000038,0.9900844728621903
208.75,1.3125,0.12969999999999932,1.2229900583830946
208.75,1.3375000000000001,0.15650000000000056,1.4756973333612644
208.75,1.3625,0.17420000000000063,1.6425972873580337
208.75,1.3875000000000002,0.19599999999999895,1.848157682676072
208.75,1.4125,0.2298000000000008,2.1668705891783935
208.75,1.4375,0.25509999999999866,2.4054338002585
208.75,1.4625000000000001,0.280300000000001,2.643054073745447
208.75,1.4875,0.29800000000000104,2.809954027742216
208.75,1.5125000000000002,0.3176999999999983,2.9957127336030003
208.75,1.5375,0.31960000000000116,3.013628547873867
208.75,1.5625,0.3302999999999982,3.1145228703464616
208.75,1.5875000000000001,0.3447000000000012,3.25030588376759
208.75,1.6125,0.34700000000000125,3.271993448411238
208.75,1.6375000000000002,0.35339999999999816,3.3323414543761425
208.75,1.6625,0.34560000000000124,3.258792322106409
208.75,1.6875,0.3326999999999982,3.137153372583312
208.75,1.7125000000000001,0.3206000000000011,3.023057923805887
208.75,1.7375,0.3053000000000011,2.8787884720459687
208.75,1.7625000000000002,0.29089999999999844,2.743005458624843
208.75,1.7875,0.27950000000000097,2.63551057299983
208.75,1.8125,0.2540999999999986,2.3960044243264784
208.75,1.8375000000000001,0.24720000000000086,2.330941730395556
208.75,1.8625,0.22430000000000078,2.1150090215522783
208.75,1.8875000000000002,0.2036999999999989,1.9207638773526319
208.75,1.9125,0.18220000000000064,1.7180322948142004
208.75,1.9375,0.184199999999999,1.7368910466782266
208.75,1.9625000000000001,0.1709000000000006,1.6114803467823648
208.75,1.9875,0.16340000000000057,1.5407600272922082
208.75,2.0125,0.15860000000000055,1.495499022818508
208.75,2.0375,0.1544999999999978,1.456838581497197
208.75,2.0625,0.16610000000000058,1.5662193423086646
208.75,2.0875000000000004,0.17610000000000064,1.6605131016288734
208.75,2.1125,0.18520000000000064,1.7463204226102629
208.75,2.1375,0.1982000000000007,1.8689023097265343
208.75,2.1625,0.2189999999999969,2.0650333291125316
208.75,2.1875,0.24000000000000085,2.2630502236850063
208.75,2.2125000000000004,0.27250000000000096,2.569504941475684
208.75,2.2375,0.289900000000001,2.7335760826928466
208.75,2.2625,0.3242000000000011,3.0570036771611617
208.75,2.2875,0.3448999999999951,3.2521917589539364
208.75,2.3125,0.39870000000000144,3.759492184096717
208.75,2.3375000000000004,0.4252000000000015,4.009370646295269
208.75,2.3625,0.46370000000000167,4.372401619678072
208.75,2.3875,0.4863999999999931,4.586448453334865
208.75,2.4125000000000005,0.5232000000000019,4.933449487633314
208.75,2.4375,0.556700000000002,5.249333581356012
208.75,2.4625000000000004,0.581200000000002,5.480353291690523
208.75,2.4875,0.6046000000000021,5.7010006884998115
208.75,2.5125,0.630099999999991,5.941449774766237
208.75,2.5375000000000005,0.6283000000000022,5.924476898088705
208.75,2.5625,0.6486000000000023,6.115893229508729
208.75,2.5875000000000004,0.6612000000000023,6.234703366252192
208.75,2.6125,0.6608000000000024,6.230931615879384
208.75,2.6375,0.6598999999999906,6.222445177540454
208.75,2.6625000000000005,0.6292000000000023,5.932963336427525
208.75,2.6875,0.6246000000000023,5.889588207140229
208.75,2.7125000000000004,0.6173000000000022,5.820753762836476
208.75,2.7375,0.5889000000000021,5.552959486367084
208.75,2.7625,0.5910999999999916,5.573704113417431
208.75,2.7875000000000005,0.5298000000000018,4.9956833687846505
208.75,2.8125,0.5146000000000018,4.852356854617934
208.75,2.8375000000000004,0.4899000000000017,4.619451269097018
208.75,2.8625,0.46500000000000163,4.384659808389699
208.75,2.8875,0.4358999999999938,4.110264968767819
208.75,2.9125000000000005,0.40430000000000144,3.812296689316033
208.75,2.9375,0.38190000000000135,3.601078668438766
208.75,2.9625000000000004,0.3614000000000013,3.4077764618323383
208.75,2.9875,0.3397000000000012,3.2031590041074858
208.75,3.0125,0.3265999999999954,3.0796341793979582
208.75,3.0375000000000005,0.2962000000000011,2.792981151064579
208.75,3.0625,0.289100000000001,2.7260325819472304
208.75,3.0875000000000004,0.268700000000001,2.533673312934005
208.75,3.1125,0.27510000000000095,2.594021318898938
208.75,3.1375,0.2602999999999963,2.454466555104986
208.75,3.1625000000000005,0.2598000000000009,2.4497518671390193
208.75,3.1875,0.26320000000000093,2.48181174530789
208.75,3.2125000000000004,0.24930000000000088,2.3507434198528
208.75,3.2375,0.2535000000000009,2.3903467987672875
208.75,3.2625,0.25649999999999634,2.4186349265633074
208.75,3.2875000000000005,0.26370000000000093,2.4865264332739003
208.75,3.3125,0.26710000000000095,2.5185863114427716
208.75,3.3375000000000004,0.289700000000001,2.7316902075064426
208.75,3.3625,0.287200000000001,2.7081167676763904
208.75,3.3875,0.2861999999999959,2.6986873917443215
208.75,3.4125000000000005,0.30010000000000103,2.8297557171994594
208.75,3.4375,0.29370000000000107,2.7694077112345266
208.75,3.4625000000000004,0.31480000000000113,2.9683675434001664
208.75,3.4875,0.3158000000000011,2.977796919332187
208.75,3.5125,0.3146999999999955,2.967424605806911
208.75,3.5375000000000005,0.3105000000000011,2.9278212268924766
208.75,3.5625,0.3136000000000011,2.957052292281741
208.75,3.5875000000000004,0.3287000000000012,3.099435868855257
208.75,3.6125,0.32630000000000114,3.076805366618406
208.75,3.6375,0.33339999999999526,3.1437539357356985
208.75,3.6625000000000005,0.3055000000000011,2.8806743472323726
208.75,3.6875,0.30250000000000105,2.8523862194363097
208.75,3.7125000000000004,0.29790000000000105,2.809011090149014
208.75,3.7375,0.281300000000001,2.6524834496774674
208.75,3.7625,0.26969999999999617,2.5431026888659805
208.75,3.7875000000000005,0.2593000000000009,2.4450371791730086
208.75,3.8125,0.2517000000000009,2.3733739220896504
208.75,3.8375000000000004,0.24030000000000085,2.265879036464612
208.75,3.8625,0.22780000000000084,2.148011837314352
208.75,3.8875,0.212499999999997,2.003742385554397
208.75,3.9125000000000005,0.2010000000000007,1.8953045623361926
208.75,3.9375,0.18220000000000064,1.7180322948142004
208.75,3.9625000000000004,0.18180000000000066,1.7142605444413923
208.75,3.9875,0.16360000000000058,1.5426459024786126
208.75,4.0125,0.15359999999999782,1.4483521431583781
208.75,4.0375,0.13350000000000287,1.2588216869248072
208.75,4.0625,0.12239999999999825,1.1541556140793325
208.75,4.0875,0.10779999999999847,1.0164867254718306
208.75,4.112500000000001,0.09980000000000212,0.9410517180156984
208.75,4.1375,0.09149999999999871,0.8627878977798933
208.75,4.1625,0.08370000000000179,0.7892387655101599
208.75,4.1875,0.07619999999999892,0.7185184460199767
208.75,4.2125,0.06769999999999904,0.6383687505978008
208.75,4.237500000000001,0.06000000000000128,0.5657625559212616
208.75,4.2625,0.05229999999999926,0.49315636124468215
208.75,4.2875,0.0424000000000009,0.3998055395176915
208.75,4.3125,0.04119999999999942,0.3884902883992525
208.75,4.3375,0.03189999999999955,0.30079709223146006
208.75,4.362500000000001,0.029500000000000626,0.27816658999462024
208.75,4.3875,0.024099999999999656,0.22724795996169864
208.75,4.4125,0.02200000000000047,0.2074462705044626
208.75,4.4375,0.019599999999999722,0.18481576826760554
208.75,4.4625,0.01699999999999976,0.16029939084435174
208.75,4.487500000000001,0.013700000000000292,0.12918245026868805
208.75,4.5125,0.010699999999999849,0.1008943224726214
208.75,4.5375,0.00990000000000021,0.09335082172700816
208.75,4.5625,0.008899999999999873,0.08392144579498415
208.75,4.5875,0.006199999999999912,0.05846213077852829
208.75,4.612500000000001,0.005600000000000119,0.05280450521931774
208.75,4.6375,0.004799999999999932,0.045261004473699316
208.75,4.6625,0.004300000000000092,0.040546316507690416
208.75,4.6875,0.0031999999999999546,0.030174002982466214
208.75,4.7125,0.003399999999999952,0.032059878168870355
208.75,4.737500000000001,0.0027000000000000574,0.02545931501645677
208.75,4.7625,0.0024999999999999645,0.023573439830051727
208.75,4.7875000000000005,0.00139999999999998,0.013201126304828966
208.75,4.8125,0.0011000000000000235,0.01037231352522313
208.75,4.8375,0.000499999999999993,0.004714687966010346
208.75,4.862500000000001,0.0011000000000000235,0.01037231352522313
208.75,4.8875,0.0007999999999999887,0.007543500745616554
208.75,4.9125000000000005,0.0005999999999999915,0.0056576255592124145
208.75,4.9375,0.0003000000000000064,0.0028288127796063083
208.75,4.9625,0.00039999999999999433,0.003771750372808277
208.75,4.987500000000001,0.0004000000000000086,0.0037717503728084112
208.75,5.0125,9.999999999999858e-05,0.0009429375932020692
208.75,5.0375000000000005,0.0,0.0
208.75,5.0625,0.0003000000000000064,0.0028288127796063083
208.75,5.0875,0.0,0.0
208.75,5.112500000000001,0.0,0.0
208.75,5.1375,9.999999999999858e-05,0.0009429375932020692
208.75,5.1625000000000005,9.999999999999858e-05,0.0009429375932020692
208.75,5.1875,0.0,0.0
208.75,5.2125,0.0,0.0
208.75,5.237500000000001,0.0,0.0
208.75,5.2625,0.0,0.0
208.75,5.2875000000000005,0.0,0.0
208.75,5.3125,0.0,0.0
208.75,5.3375,0.0,0.0
208.75,5.362500000000001,0.0,0.0
208.75,5.3875,0.0,0.0
208.75,5.4125000000000005,0.0,0.0
208.75,5.4375,0.0,0.0
208.75,5.4625,0.0,0.0
208.75,5.487500000000001,0.0,0.0
208.75,5.5125,0.0,0.0
208.75,5.5375000000000005,0.0,0.0
208.75,5.5625,0.0,0.0
208.75,5.5875,0.0,0.0
208.75,5.612500000000001,0.0,0.0
208.75,5.6375,0.0,0.0
208.75,5.6625000000000005,0.0,0.0
208.75,5.6875,0.0,0.0
208.75,5.7125,0.0,0.0
208.75,5.737500000000001,0.0,0.0
208.75,5.7625,0.0,0.0
208.75,5.7875000000000005,0.0,0.0
208.75,5.8125,0.0,0.0
208.75,5.8375,0.0,0.0
208.75,5.862500000000001,0.0,0.0
208.75,5.8875,0.0,0.0
208.75,5.9125000000000005,0.0,0.0
208.75,5.9375,0.0,0.0
208.75,5.9625,0.0,0.0
208.75,5.987500000000001,0.0,0.0
208.75,6.0125,0.0,0.0
208.75,6.0375000000000005,0.0,0.0
208.75,6.0625,0.0,0.0
208.75,6.0875,0.0,0.0
208.75,6.112500000000001,0.0,0.0
208.75,6.1375,0.0,0.0
208.75,6.1625000000000005,0.0,0.0
208.75,6.1875,0.0,0.0
208.75,6.2125,0.0,0.0
208.75,6.237500000000001,0.0,0.0
208.75,6.2625,0.0,0.0
208.75,6.2875000000000005,0.0,0.0
208.75,6.3125,0.0,0.0
208.75,6.3375,0.0,0.0
208.75,6.362500000000001,0.0,0.0
208.75,6.3875,0.0,0.0
208.75,6.4125000000000005,0.0,0.0
208.75,6.4375,0.0,0.0
208.75,6.4625,0.0,0.0
208.75,6.487500000000001,0.0,0.0
208.75,6.5125,0.0,0.0
208.75,6.5375000000000005,0.0,0.0
208.75,6.5625,0.0,0.0
208.75,6.5875,0.0,0.0
208.75,6.612500000000001,0.0,0.0
208.75,6.6375,0.0,0.0
208.75,6.6625000000000005,0.0,0.0
208.75,6.6875,0.0,0.0
208.75,6.7125,0.0,0.0
208.75,6.737500000000001,0.0,0.0
208.75,6.7625,0.0,0.0
208.75,6.7875000000000005,0.0,0.0
208.75,6.8125,0.0,0.0
208.75,6.8375,0.0,0.0
208.75,6.862500000000001,0.0,0.0
208.75,6.8875,0.0,0.0
208.75,6.9125000000000005,0.0,0.0
208.75,6.9375,0.0,0.0
208.75,6.9625,0.0,0.0
208.75,6.987500000000001,0.0,0.0
211.25,0.0125,0.0,0.0
211.25,0.037500000000000006,0.0,0.0
211.25,0.0625,0.0,0.0
211.25,0.08750000000000001,0.0,0.0
211.25,0.1125,0.00020000000000000006,0.001614047242223986
211.25,0.1375,0.00029999999999999976,0.0024210708633359765
211.25,0.16250000000000003,0.0010000000000000002,0.00807023621111993
211.25,0.1875,0.0029000000000000007,0.023403685012247797
211.25,0.21250000000000002,0.005900000000000002,0.047614393645607586
211.25,0.2375,0.013000000000000003,0.10491307074455909
211.25,0.2625,0.02339999999999998,0.18884352734020615
211.25,0.28750000000000003,0.03619999999999997,0.29214255084254115
211.25,0.3125,0.05330000000000007,0.43014359005269276
211.25,0.3375,0.07559999999999993,0.610109857560666
211.25,0.36250000000000004,0.09550000000000013,0.7707075581619541
211.25,0.3875,0.11019999999999991,0.8893400304654153
211.25,0.41250000000000003,0.1370999999999999,1.1064293845445412
211.25,0.4375,0.1490000000000002,1.2024651954568708
211.25,0.4625,0.14989999999999987,1.2097284080468762
211.25,0.48750000000000004,0.1630000000000002,1.31544850241255
211.25,0.5125,0.15289999999999987,1.233939116680236
211.25,0.5375000000000001,0.15739999999999987,1.2702551796302757
211.25,0.5625,0.14139999999999986,1.1411314002523567
211.25,0.5875000000000001,0.12939999999999988,1.0442885657189178
211.25,0.6125,0.12110000000000043,0.9773056051666268
211.25,0.6375,0.1026999999999999,0.8288132588820158
211.25,0.6625000000000001,0.08879999999999993,0.7166369755474491
211.25,0.6875,0.07929999999999993,0.6399697315418097
211.25,0.7125000000000001,0.06729999999999994,0.5431268970083707
211.25,0.7375,0.0542000000000002,0.4374068026427017
211.25,0.7625,0.04719999999999996,0.38091514916486025
211.25,0.7875000000000001,0.038999999999999965,0.3147392122336769
211.25,0.8125,0.029199999999999973,0.23565089736470168
211.25,0.8375000000000001,0.020599999999999983,0.16624686594907037
211.25,0.8625,0.019700000000000068,0.15898365335906314
211.25,0.8875,0.014499999999999987,0.11701842506123886
211.25,0.9125000000000001,0.01099999999999999,0.08877259832231914
211.25,0.9375,0.01209999999999999,0.09764985815455104
211.25,0.9625000000000001,0.008799999999999992,0.0710180786578553
211.25,0.9875,0.009500000000000034,0.0766672440056396
211.25,1.0125000000000002,0.010299999999999946,0.08312343297453482
211.25,1.0375,0.010700000000000038,0.08635152745898353
211.25,1.0625,0.014500000000000051,0.11701842506123937
211.25,1.0875,0.015899999999999914,0.12831675575680618
211.25,1.1125,0.022700000000000078,0.183194361992423
211.25,1.1375000000000002,0.028699999999999847,0.2316157792591407
211.25,1.1625,0.03920000000000014,0.3163532594759023
211.25,1.1875,0.04859999999999974,0.39221347986042643
211.25,1.2125000000000001,0.06480000000000023,0.5229513064805732
211.25,1.2375,0.07380000000000027,0.5955834323806528
211.25,1.2625000000000002,0.09349999999999951,0.7545670857397093
211.25,1.2875,0.1121000000000004,0.9046734792665472
211.25,1.3125,0.12919999999999932,1.0426745184766892
211.25,1.3375000000000001,0.15640000000000057,1.2621849434191614
211.25,1.3625,0.18160000000000062,1.465554895939384
211.25,1.3875000000000002,0.20069999999999893,1.619696407571761
211.25,1.4125,0.22720000000000082,1.8335576671664542
211.25,1.4375,0.25259999999999866,2.038541666928883
211.25,1.4625000000000001,0.26510000000000095,2.1394196195679007
211.25,1.4875,0.283300000000001,2.2862979186102836
211.25,1.5125000000000002,0.3039999999999984,2.4533518081804453
211.25,1.5375,0.31990000000000113,2.5816685639372743
211.25,1.5625,0.33139999999999825,2.67447628036513
211.25,1.5875000000000001,0.32630000000000114,2.633318075688442
211.25,1.6125,0.3439000000000012,2.775354233004153
211.25,1.6375000000000002,0.3265999999999983,2.635739146551755
211.25,1.6625,0.3365000000000012,2.7156344850418654
211.25,1.6875,0.3164999999999983,2.5542297608194433
211.25,1.7125000000000001,0.3220000000000011,2.598616059980626
211.25,1.7375,0.30680000000000107,2.4759484695716028
211.25,1.7625000000000002,0.29419999999999846,2.3742634933114704
211.25,1.7875,0.279700000000001,2.257245068250252
211.25,1.8125,0.25729999999999864,2.0764717771211467
211.25,1.8375000000000001,0.23950000000000085,1.9328215725632296
211.25,1.8625,0.2308000000000008,1.862610517526486
211.25,1.8875000000000002,0.21729999999999883,1.7536623286763509
211.25,1.9125,0.19940000000000072,1.6092051004973194
211.25,1.9375,0.19629999999999898,1.5841873682428336
211.25,1.9625000000000001,0.19100000000000067,1.5414151163239116
211.25,1.9875,0.18340000000000065,1.4800813211194
211.25,2.0125,0.17580000000000062,1.4187475259148883
211.25,2.0375,0.17659999999999748,1.425203714883759
211.25,2.0625,0.17330000000000062,1.3985719353870885
211.25,2.0875000000000004,0.18160000000000062,1.465554895939384
211.25,2.1125,0.1931000000000007,1.5583626123672636
211.25,2.1375,0.22440000000000082,1.8109610057753185
211.25,2.1625,0.23449999999999666,1.8924703915075962
211.25,2.1875,0.23860000000000084,1.9255583599732216
211.25,2.2125000000000004,0.26770000000000094,2.1604022337168125
211.25,2.2375,0.3002000000000011,2.4226849105782113
211.25,2.2625,0.33010000000000117,2.663984973290698
211.25,2.2875,0.3626999999999948,2.927074673773156
211.25,2.3125,0.3878000000000014,3.12963760267232
211.25,2.3375000000000004,0.42340000000000155,3.41693801178819
211.25,2.3625,0.46230000000000165,3.7308702004007563
211.25,2.3875,0.490399999999993,3.957643837933156
211.25,2.4125000000000005,0.5220000000000019,4.212663302204618
211.25,2.4375,0.539800000000002,4.356313506762553
211.25,2.4625000000000004,0.5589000000000021,4.510455018394945
211.25,2.4875,0.5920000000000021,4.777579836983015
211.25,2.5125,0.5947999999999916,4.800176498374065
211.25,2.5375000000000005,0.6146000000000021,4.9599671753543255
211.25,2.5625,0.6377000000000022,5.1463896318311955
211.25,2.5875000000000004,0.6251000000000022,5.044704655571085
211.25,2.6125,0.6374000000000023,5.143968560967861
211.25,2.6375,0.6194999999999912,4.999511332788725
211.25,2.6625000000000005,0.6257000000000023,5.049546797297757
211.25,2.6875,0.6130000000000022,4.947054797416534
211.25,2.7125000000000004,0.6011000000000021,4.851018986504205
211.25,2.7375,0.5918000000000021,4.77596578974079
211.25,2.7625,0.5694999999999919,4.5959995222327334
211.25,2.7875000000000005,0.540800000000002,4.364383742973673
211.25,2.8125,0.5048000000000018,4.073855239373354
211.25,2.8375000000000004,0.4921000000000017,3.9713632394921303
211.25,2.8625,0.44940000000000163,3.6267641532773087
211.25,2.8875,0.4502999999999936,3.634027365867252
211.25,2.9125000000000005,0.41310000000000147,3.333814578813654
211.25,2.9375,0.3867000000000014,3.120760342840087
211.25,2.9625000000000004,0.36860000000000126,2.9746890674188156
211.25,2.9875,0.34920000000000123,2.8181264849230887
211.25,3.0125,0.34659999999999513,2.7971438707741276
211.25,3.0375000000000005,0.3163000000000011,2.552615713577242
211.25,3.0625,0.293200000000001,2.366193257100371
211.25,3.0875000000000004,0.294100000000001,2.373456469690379
211.25,3.1125,0.28830000000000106,2.3266490996658837
211.25,3.1375,0.2748999999999961,2.2185079344368366
211.25,3.1625000000000005,0.26610000000000095,2.1474898557790207
211.25,3.1875,0.26560000000000095,2.1434547376734607
211.25,3.2125000000000004,0.27150000000000096,2.191069131319068
211.25,3.2375,0.25820000000000093,2.0837349897111728
211.25,3.2625,0.26989999999999614,2.1781567533812374
211.25,3.2875000000000005,0.276800000000001,2.233841383238004
211.25,3.3125,0.26890000000000097,2.1700865171701564
211.25,3.3375000000000004,0.28590000000000104,2.307280532759196
211.25,3.3625,0.281100000000001,2.26854339894582
211.25,3.3875,0.28389999999999593,2.291140060336915
211.25,3.4125000000000005,0.29380000000000106,2.3710353988270434
211.25,3.4375,0.29380000000000106,2.3710353988270434
211.25,3.4625000000000004,0.28850000000000103,2.3282631469081077
211.25,3.4875,0.30840000000000106,2.4888608475093945
211.25,3.5125,0.3075999999999956,2.4824046585404544
211.25,3.5375000000000005,0.30350000000000105,2.4493166900749066
211.25,3.5625,0.3085000000000011,2.4896678711305067
211.25,3.5875000000000004,0.3040000000000011,2.453351808180467
211.25,3.6125,0.3086000000000011,2.490474894751619
211.25,3.6375,0.3018999999999957,2.4364043121370718
211.25,3.6625000000000005,0.3057000000000011,2.4670712097393706
211.25,3.6875,0.290600000000001,2.3452106429514594
211.25,3.7125000000000004,0.289100000000001,2.3331052886347794
211.25,3.7375,0.282800000000001,2.2822628005047236
211.25,3.7625,0.2756999999999961,2.2249641234057327
211.25,3.7875000000000005,0.26270000000000093,2.120051052661213
211.25,3.8125,0.24750000000000089,1.9973834622521893
211.25,3.8375000000000004,0.23860000000000084,1.9255583599732216
211.25,3.8625,0.2343000000000008,1.8908563442654058
211.25,3.8875,0.2157999999999969,1.7415569743596555
211.25,3.9125000000000005,0.2038000000000007,1.644714139826247
211.25,3.9375,0.19000000000000067,1.5333448801127918
211.25,3.9625000000000004,0.17690000000000064,1.4276247857471205
211.25,3.9875,0.1699000000000006,1.3711331322692808
211.25,4.0125,0.15199999999999783,1.2266759040902115
211.25,4.0375,0.13950000000000298,1.125797951451254
211.25,4.0625,0.12919999999999815,1.0426745184766797
211.25,4.0875,0.11449999999999838,0.9240420461732187
211.25,4.112500000000001,0.1081000000000023,0.8723925344220829
211.25,4.1375,0.10069999999999858,0.8126727864597654
211.25,4.1625,0.08850000000000188,0.7142159046841289
211.25,4.1875,0.0774999999999989,0.6254433063617856
211.25,4.2125,0.06699999999999905,0.5407058261450275
211.25,4.237500000000001,0.06500000000000138,0.5245653537228064
211.25,4.2625,0.05239999999999925,0.4228803774626782
211.25,4.2875,0.050400000000001076,0.40673990504045304
211.25,4.3125,0.03989999999999943,0.3220024248236805
211.25,4.3375,0.03819999999999946,0.30828302326477686
211.25,4.362500000000001,0.032700000000000694,0.26389672410362724
211.25,4.3875,0.029599999999999578,0.23887899184914646
211.25,4.4125,0.026600000000000568,0.21466828321579468
211.25,4.4375,0.021199999999999698,0.17108900767574003
211.25,4.4625,0.017199999999999754,0.13880806283126076
211.25,4.487500000000001,0.01550000000000033,0.12508866127236154
211.25,4.5125,0.015599999999999777,0.12589568489346908
211.25,4.5375,0.012600000000000269,0.10168497626011326
211.25,4.5625,0.010099999999999857,0.08150938573231012
211.25,4.5875,0.00929999999999987,0.07505319676341428
211.25,4.612500000000001,0.007400000000000157,0.05971974796228874
211.25,4.6375,0.006399999999999909,0.051649511751166804
211.25,4.6625,0.004500000000000096,0.03631606295004045
211.25,4.6875,0.00559999999999992,0.04519332278227095
211.25,4.7125,0.0038999999999999443,0.03147392122336727
211.25,4.737500000000001,0.0031000000000000662,0.025017732254472312
211.25,4.7625,0.00279999999999996,0.022596661391135475
211.25,4.7875000000000005,0.002999999999999957,0.02421070863335944
211.25,4.8125,0.0017000000000000363,0.01371940155890417
211.25,4.8375,0.001699999999999976,0.013719401558903685
211.25,4.862500000000001,0.0010000000000000213,0.0080702362111201
211.25,4.8875,0.0008999999999999873,0.007263212590007833
211.25,4.9125000000000005,0.000999999999999986,0.008070236211119814
211.25,4.9375,0.0010000000000000213,0.0080702362111201
211.25,4.9625,0.00039999999999999433,0.0032280944844479253
211.25,4.987500000000001,0.0003000000000000064,0.0024210708633360303
211.25,5.0125,0.00019999999999999716,0.0016140472422239626
211.25,5.0375000000000005,0.00039999999999999433,0.0032280944844479253
211.25,5.0625,0.0004000000000000086,0.0032280944844480406
211.25,5.0875,0.00029999999999999575,0.002421070863335944
211.25,5.112500000000001,0.00010000000000000215,0.0008070236211120102
211.25,5.1375,0.00019999999999999716,0.0016140472422239626
211.25,5.1625000000000005,0.0,0.0
211.25,5.1875,0.00010000000000000215,0.0008070236211120102
211.25,5.2125,0.00019999999999999716,0.0016140472422239626
211.25,5.237500000000001,0.0,0.0
211.25,5.2625,9.999999999999858e-05,0.0008070236211119813
211.25,5.2875000000000005,0.0,0.0
211.25,5.3125,0.0,0.0
211.25,5.3375,0.0,0.0
211.25,5.362500000000001,0.0,0.0
211.25,5.3875,0.0,0.0
211.25,5.4125000000000005,0.0,0.0
211.25,5.4375,0.0,0.0
211.25,5.4625,0.0,0.0
211.25,5.487500000000001,0.0,0.0
211.25,5.5125,0.0,0.0
211.25,5.5375000000000005,0.0,0.0
211.25,5.5625,0.0,0.0
211.25,5.5875,0.0,0.0
211.25,5.612500000000001,0.0,0.0
211.25,5.6375,0.0,0.0
211.25,5.6625000000000005,0.0,0.0
211.25,5.6875,0.0,0.0
211.25,5.7125,0.0,0.0
211.25,5.737500000000001,0.0,0.0
211.25,5.7625,0.0,0.0
211.25,5.7875000000000005,0.0,0.0
211.25,5.8125,0.0,0.0
211.25,5.8375,0.0,0.0
211.25,5.862500000000001,0.0,0.0
211.25,5.8875,0.0,0.0
211.25,5.9125000000000005,0.0,0.0
211.25,5.9375,0.0,0.0
211.25,5.9625,0.0,0.0
211.25,5.987500000000001,0.0,0.0
211.25,6.0125,0.0,0.0
211.25,6.0375000000000005,0.0,0.0
211.25,6.0625,0.0,0.0
211.25,6.0875,0.0,0.0
211.25,6.112500000000001,0.0,0.0
211.25,6.1375,0.0,0.0
211.25,6.1625000000000005,0.0,0.0
211.25,6.1875,0.0,0.0
211.25,6.2125,0.0,0.0
211.25,6.237500000000001,0.0,0.0
211.25,6.2625,0.0,0.0
211.25,6.2875000000000005,0.0,0.0
211.25,6.3125,0.0,0.0
211.25,6.3375,0.0,0.0
211.25,6.362500000000001,0.0,0.0
211.25,6.3875,0.0,0.0
211.25,6.4125000000000005,0.0,0.0
211.25,6.4375,0.0,0.0
211.25,6.4625,0.0,0.0
211.25,6.487500000000001,0.0,0.0
211.25,6.5125,0.0,0.0
211.25,6.5375000000000005,0.0,0.0
211.25,6.5625,0.0,0.0
211.25,6.5875,0.0,0.0
211.25,6.612500000000001,0.0,0.0
211.25,6.6375,0.0,0.0
211.25,6.6625000000000005,0.0,0.0
211.25,6.6875,0.0,0.0
211.25,6.7125,0.0,0.0
211.25,6.737500000000001,0.0,0.0
211.25,6.7625,0.0,0.0
211.25,6.7875000000000005,0.0,0.0
211.25,6.8125,0.0,0.0
211.25,6.8375,0.0,0.0
211.25,6.862500000000001,0.0,0.0
211.25,6.8875,0.0,0.0
211.25,6.9125000000000005,0.0,0.0
211.25,6.9375,0.0,0.0
211.25,6.9625,0.0,0.0
211.25,6.987500000000001,0.0,0.0
213.75,0.0125,0.0,0.0
213.75,0.037500000000000006,0.0,0.0
213.75,0.0625,0.0,0.0
213.75,0.08750000000000001,0.0,0.0
213.75,0.1125,0.0,0.0
213.75,0.1375,0.0005999999999999995,0.004164933448714892
213.75,0.16250000000000003,0.0012000000000000003,0.008329866897429792
213.75,0.1875,0.0037000000000000006,0.02568375626707519
213.75,0.21250000000000002,0.008200000000000002,0.05692075713243692
213.75,0.2375,0.013500000000000003,0.09371100259608517
213.75,0.2625,0.025799999999999976,0.17909213829474033
213.75,0.28750000000000003,0.03509999999999997,0.24364860674982117
213.75,0.3125,0.05280000000000007,0.36651414348691125
213.75,0.3375,0.06999999999999994,0.48590890235007067
213.75,0.36250000000000004,0.08990000000000012,0.6240458617324492
213.75,0.3875,0.1105999999999999,0.7677360657131117
213.75,0.41250000000000003,0.12169999999999989,0.8447873345143372
213.75,0.4375,0.1444000000000002,1.0023606499907194
213.75,0.4625,0.14789999999999986,1.0266560951082206
213.75,0.48750000000000004,0.1549000000000002,1.0752469853432303
213.75,0.5125,0.15899999999999986,1.1037073639094463
213.75,0.5375000000000001,0.15149999999999986,1.05164569580051
213.75,0.5625,0.14599999999999988,1.0134671391872903
213.75,0.5875000000000001,0.1259999999999999,0.8746360242301272
213.75,0.6125,0.11660000000000041,0.8093854002002642
213.75,0.6375,0.1116999999999999,0.7753717770357555
213.75,0.6625000000000001,0.09609999999999992,0.6670835073691685
213.75,0.6875,0.08429999999999993,0.5851731495444423
213.75,0.7125000000000001,0.06799999999999994,0.47202579085435437
213.75,0.7375,0.057500000000000204,0.39913945550184554
213.75,0.7625,0.04959999999999996,0.34430116509376435
213.75,0.7875000000000001,0.03809999999999997,0.2644732739933956
213.75,0.8125,0.029499999999999974,0.2047758945618155
213.75,0.8375000000000001,0.025699999999999976,0.17839798271995452
213.75,0.8625,0.020200000000000072,0.1402194261067353
213.75,0.8875,0.016099999999999986,0.11175904754051626
213.75,0.9125000000000001,0.012899999999999988,0.08954606914737016
213.75,0.9375,0.01099999999999999,0.07635711322643968
213.75,0.9625000000000001,0.01189999999999999,0.08260451339951203
213.75,0.9875,0.012100000000000043,0.08399282454908402
213.75,1.0125000000000002,0.012199999999999935,0.08468698012386908
213.75,1.0375,0.01360000000000005,0.0944051581708713
213.75,1.0625,0.015900000000000056,0.11037073639094512
213.75,1.0875,0.021399999999999884,0.14854929300416378
213.75,1.1125,0.0282000000000001,0.19575187208960076
213.75,1.1375000000000002,0.033099999999999824,0.22976549525410384
213.75,1.1625,0.04080000000000015,0.2832154745126139
213.75,1.1875,0.050499999999999726,0.3505485652668351
213.75,1.2125000000000001,0.06430000000000023,0.4463420345872812
213.75,1.2375,0.07530000000000027,0.5226991478137212
213.75,1.2625000000000002,0.0931999999999995,0.6469529957003769
213.75,1.2875,0.11480000000000042,0.7968905998541195
213.75,1.3125,0.1349999999999993,0.9371100259608465
213.75,1.3375000000000001,0.15640000000000057,1.0856593189650199
213.75,1.3625,0.17460000000000062,1.2119956335760387
213.75,1.3875000000000002,0.2069999999999989,1.4369020398066312
213.75,1.4125,0.21310000000000076,1.479245529868579
213.75,1.4375,0.23219999999999877,1.6118292446526559
213.75,1.4625000000000001,0.2613000000000009,1.8138285169153432
213.75,1.4875,0.281100000000001,1.9512713207229355
213.75,1.5125000000000002,0.29269999999999846,2.0317933673980724
213.75,1.5375,0.3125000000000011,2.1692361712056822
213.75,1.5625,0.3202999999999983,2.2233803060389565
213.75,1.5875000000000001,0.3179000000000011,2.2067205722441163
213.75,1.6125,0.3172000000000011,2.2018614832206156
213.75,1.6375000000000002,0.3244999999999983,2.2525348401799605
213.75,1.6625,0.3363000000000012,2.334445198004707
213.75,1.6875,0.31279999999999836,2.1713186379300207
213.75,1.7125000000000001,0.3154000000000011,2.189366682874471
213.75,1.7375,0.29730000000000106,2.063724523838238
213.75,1.7625000000000002,0.2990999999999984,2.0762193241843643
213.75,1.7875,0.272900000000001,1.8943505635904982
213.75,1.8125,0.2644999999999986,1.8360414953084734
213.75,1.8375000000000001,0.2477000000000009,1.719423358744472
213.75,1.8625,0.23910000000000087,1.6597259793128918
213.75,1.8875000000000002,0.21819999999999884,1.5146474641826422
213.75,1.9125,0.2010000000000007,1.3952527053194947
213.75,1.9375,0.2086999999999989,1.44870268457799
213.75,1.9625000000000001,0.1939000000000007,1.3459676595097019
213.75,1.9875,0.1922000000000007,1.3341670147383429
213.75,2.0125,0.17980000000000063,1.2480917234649014
213.75,2.0375,0.1827999999999974,1.2689163907084535
213.75,2.0625,0.1915000000000007,1.3293079257148421
213.75,2.0875000000000004,0.1951000000000007,1.3542975264071315
213.75,2.1125,0.20750000000000074,1.440372817680573
213.75,2.1375,0.21490000000000076,1.4917403302147236
213.75,2.1625,0.24369999999999653,1.6916571357530092
213.75,2.1875,0.25820000000000093,1.792309694096983
213.75,2.2125000000000004,0.27710000000000096,1.9235050977315025
213.75,2.2375,0.30440000000000106,2.113009569648031
213.75,2.2625,0.3345000000000012,2.3219503976585623
213.75,2.2875,0.3604999999999949,2.5024308471028305
213.75,2.3125,0.3835000000000014,2.6620866293036136
213.75,2.3375000000000004,0.42120000000000146,2.9237832809978666
213.75,2.3625,0.4327000000000016,3.0036111720982364
213.75,2.3875,0.4775999999999932,3.3152870251770095
213.75,2.4125000000000005,0.5094000000000019,3.536028497958959
213.75,2.4375,0.5141000000000018,3.568653809973892
213.75,2.4625000000000004,0.540500000000002,3.7519108817173485
213.75,2.4875,0.574200000000002,3.985841310420169
213.75,2.5125,0.5867999999999917,4.07330491284311
213.75,2.5375000000000005,0.5879000000000021,4.080940624165826
213.75,2.5625,0.5978000000000021,4.149662026069622
213.75,2.5875000000000004,0.6171000000000022,4.283634052003285
213.75,2.6125,0.6100000000000022,4.234349006193492
213.75,2.6375,0.6080999999999914,4.221160050272487
213.75,2.6625000000000005,0.6137000000000022,4.260032762460567
213.75,2.6875,0.6059000000000021,4.205888627627273
213.75,2.7125000000000004,0.5901000000000021,4.096212046811114
213.75,2.7375,0.561900000000002,3.900460174721513
213.75,2.7625,0.5535999999999921,3.842845262014222
213.75,2.7875000000000005,0.5257000000000018,3.649175856649047
213.75,2.8125,0.5183000000000019,3.5978083441148967
213.75,2.8375000000000004,0.49410000000000176,3.4298226950167283
213.75,2.8625,0.47620000000000173,3.305568847130067
213.75,2.8875,0.44679999999999365,3.1014871081429813
213.75,2.9125000000000005,0.4327000000000016,3.0036111720982364
213.75,2.9375,0.3985000000000014,2.766209965521486
213.75,2.9625000000000004,0.3862000000000014,2.6808288298228304
213.75,2.9875,0.35400000000000126,2.457310734741797
213.75,3.0125,0.3418999999999951,2.3733179101926702
213.75,3.0375000000000005,0.33080000000000115,2.2962666413914867
213.75,3.0625,0.32030000000000114,2.223380306038976
213.75,3.0875000000000004,0.3140000000000011,2.1796485048274694
213.75,3.1125,0.29990000000000105,2.081772568782669
213.75,3.1375,0.2872999999999959,1.9943089663596205
213.75,3.1625000000000005,0.283700000000001,1.9693193656673667
213.75,3.1875,0.271900000000001,1.8874090078426402
213.75,3.2125000000000004,0.27610000000000096,1.9165635419836442
213.75,3.2375,0.26820000000000094,1.8617252515755647
213.75,3.2625,0.26399999999999624,1.8325707174345278
213.75,3.2875000000000005,0.27650000000000097,1.9193401642827876
213.75,3.3125,0.272100000000001,1.888797318992212
213.75,3.3375000000000004,0.280600000000001,1.9478005428490064
213.75,3.3625,0.27370000000000094,1.8999038081887845
213.75,3.3875,0.29329999999999584,2.035958300846769
213.75,3.4125000000000005,0.29100000000000104,2.0199927226267316
213.75,3.4375,0.29170000000000107,2.0248518116502323
213.75,3.4625000000000004,0.3032000000000011,2.1046797027506012
213.75,3.4875,0.29200000000000104,2.0269342783745894
213.75,3.5125,0.3026999999999957,2.1012089248766346
213.75,3.5375000000000005,0.3097000000000011,2.1497998151116793
213.75,3.5625,0.30590000000000106,2.123421903269818
213.75,3.5875000000000004,0.29890000000000105,2.074831013034811
213.75,3.6125,0.3064000000000011,2.1268926811437474
213.75,3.6375,0.29439999999999583,2.043594012169413
213.75,3.6625000000000005,0.29390000000000105,2.0401232342955202
213.75,3.6875,0.29660000000000103,2.058865434814737
213.75,3.7125000000000004,0.28750000000000103,1.9956972775092279
213.75,3.7375,0.26750000000000096,1.8568661625520642
213.75,3.7625,0.2674999999999962,1.8568661625520309
213.75,3.7875000000000005,0.2593000000000009,1.7999454054196269
213.75,3.8125,0.24520000000000086,1.7020694693748264
213.75,3.8375000000000004,0.23710000000000084,1.6458428678171753
213.75,3.8625,0.2259000000000008,1.5680974434411636
213.75,3.8875,0.21569999999999692,1.4972935748129834
213.75,3.9125000000000005,0.1990000000000007,1.3813695938237784
213.75,3.9375,0.1922000000000007,1.3341670147383429
213.75,3.9625000000000004,0.18030000000000065,1.2515625013388305
213.75,3.9875,0.1707000000000006,1.1849235661593918
213.75,4.0125,0.15439999999999782,1.0717762074692845
213.75,4.0375,0.15150000000000324,1.0516456958005336
213.75,4.0625,0.1347999999999981,0.9357217148112665
213.75,4.0875,0.13239999999999813,0.9190619810164072
213.75,4.112500000000001,0.11630000000000247,0.807302933475921
213.75,4.1375,0.10329999999999853,0.7170627087537376
213.75,4.1625,0.09670000000000206,0.6712484408178983
213.75,4.1875,0.0839999999999988,0.583090682820077
213.75,4.2125,0.07509999999999893,0.5213108366641402
213.75,4.237500000000001,0.0655000000000014,0.45467190148471914
213.75,4.2625,0.06209999999999912,0.43107061194198554
213.75,4.2875,0.056600000000001205,0.39289205532878013
213.75,4.3125,0.044899999999999364,0.3116758530788269
213.75,4.3375,0.04169999999999941,0.2894628746856811
213.75,4.362500000000001,0.04140000000000088,0.2873804079613339
213.75,4.3875,0.034599999999999506,0.24017782887588887
213.75,4.4125,0.030300000000000646,0.2103291391601067
213.75,4.4375,0.02459999999999965,0.17076227139730826
213.75,4.4625,0.022799999999999675,0.15826747105116376
213.75,4.487500000000001,0.020500000000000438,0.1423018928310953
213.75,4.5125,0.015999999999999775,0.11106489196572898
213.75,4.5375,0.017600000000000376,0.1221713811623062
213.75,4.5625,0.011599999999999834,0.08052204667515349
213.75,4.5875,0.01339999999999981,0.093016847021298
213.75,4.612500000000001,0.009100000000000195,0.06316815730551059
213.75,4.6375,0.006499999999999908,0.045120112361077394
213.75,4.6625,0.00750000000000016,0.0520616681089373
213.75,4.6875,0.006499999999999908,0.045120112361077394
213.75,4.7125,0.00559999999999992,0.038872712188005136
213.75,4.737500000000001,0.003600000000000077,0.024989600692289907
213.75,4.7625,0.003799999999999946,0.02637791184186063
213.75,4.7875000000000005,0.001999999999999972,0.013883111495716123
213.75,4.8125,0.002300000000000049,0.015965578220074106
213.75,4.8375,0.001999999999999972,0.013883111495716123
213.75,4.862500000000001,0.0024000000000000514,0.016659733794859938
213.75,4.8875,0.000999999999999986,0.006941555747858061
213.75,4.9125000000000005,0.000999999999999986,0.006941555747858061
213.75,4.9375,0.0009000000000000193,0.006247400173072477
213.75,4.9625,0.0005999999999999915,0.004164933448714836
213.75,4.987500000000001,0.0004000000000000086,0.0027766222991433233
213.75,5.0125,0.00069999999999999,0.004859089023500642
213.75,5.0375000000000005,0.00039999999999999433,0.002776622299143224
213.75,5.0625,0.0003000000000000064,0.0020824667243574922
213.75,5.0875,0.0005999999999999915,0.004164933448714836
213.75,5.112500000000001,0.0002000000000000043,0.0013883111495716616
213.75,5.1375,0.00019999999999999716,0.001388311149571612
213.75,5.1625000000000005,0.0,0.0
213.75,5.1875,0.0,0.0
213.75,5.2125,0.00019999999999999716,0.001388311149571612
213.75,5.237500000000001,0.0002000000000000043,0.0013883111495716616
213.75,5.2625,0.0,0.0
213.75,5.2875000000000005,0.00019999999999999716,0.001388311149571612
213.75,5.3125,0.0,0.0
213.75,5.3375,0.0,0.0
213.75,5.362500000000001,0.0,0.0
213.75,5.3875,0.0,0.0
213.75,5.4125000000000005,9.999999999999858e-05,0.000694155574785806
213.75,5.4375,0.00010000000000000215,0.0006941555747858308
213.75,5.4625,0.0,0.0
213.75,5.487500000000001,0.0,0.0
213.75,5.5125,0.0,0.0
213.75,5.5375000000000005,0.0,0.0
213.75,5.5625,0.0,0.0
213.75,5.5875,0.0,0.0
213.75,5.612500000000001,0.0,0.0
213.75,5.6375,0.0,0.0
213.75,5.6625000000000005,0.0,0.0
213.75,5.6875,0.0,0.0
213.75,5.7125,0.0,0.0
213.75,5.737500000000001,0.0,0.0
213.75,5.7625,0.0,0.0
213.75,5.7875000000000005,0.0,0.0
213.75,5.8125,0.0,0.0
213.75,5.8375,0.0,0.0
213.75,5.862500000000001,0.0,0.0
213.75,5.8875,0.0,0.0
213.75,5.9125000000000005,0.0,0.0
213.75,5.9375,0.0,0.0
213.75,5.9625,0.0,0.0
213.75,5.987500000000001,0.0,0.0
213.75,6.0125,0.0,0.0
213.75,6.0375000000000005,0.0,0.0
213.75,6.0625,0.0,0.0
213.75,6.0875,0.0,0.0
213.75,6.112500000000001,0.0,0.0
213.75,6.1375,0.0,0.0
213.75,6.1625000000000005,0.0,0.0
213.75,6.1875,0.0,0.0
213.75,6.2125,0.0,0.0
213.75,6.237500000000001,0.0,0.0
213.75,6.2625,0.0,0.0
213.75,6.2875000000000005,0.0,0.0
213.75,6.3125,0.0,0.0
213.75,6.3375,0.0,0.0
213.75,6.362500000000001,0.0,0.0
213.75,6.3875,0.0,0.0
213.75,6.4125000000000005,0.0,0.0
213.75,6.4375,0.0,0.0
213.75,6.4625,0.0,0.0
213.75,6.487500000000001,0.0,0.0
213.75,6.5125,0.0,0.0
213.75,6.5375000000000005,0.0,0.0
213.75,6.5625,0.0,0.0
213.75,6.5875,0.0,0.0
213.75,6.612500000000001,0.0,0.0
213.75,6.6375,0.0,0.0
213.75,6.6625000000000005,0.0,0.0
213.75,6.6875,0.0,0.0
213.75,6.7125,0.0,0.0
213.75,6.737500000000001,0.0,0.0
213.75,6.7625,0.0,0.0
213.75,6.7875000000000005,0.0,0.0
213.75,6.8125,0.0,0.0
213.75,6.8375,0.0,0.0
213.75,6.862500000000001,0.0,0.0
213.75,6.8875,0.0,0.0
213.75,6.9125000000000005,0.0,0.0
213.75,6.9375,0.0,0.0
213.75,6.9625,0.0,0.0
213.75,6.987500000000001,0.0,0.0
216.25,0.0125,0.0,0.0
216.25,0.037500000000000006,0.0,0.0
216.25,0.0625,0.0,0.0
216.25,0.08750000000000001,0.0,0.0
216.25,0.1125,0.00020000000000000006,0.001200040421090102
216.25,0.1375,0.0005999999999999995,0.003600121263270302
216.25,0.16250000000000003,0.0019000000000000004,0.011400384000355967
216.25,0.1875,0.0037000000000000006,0.022200747790166883
216.25,0.21250000000000002,0.008400000000000003,0.050401697685784286
216.25,0.2375,0.016500000000000004,0.0990033347399334
216.25,0.2625,0.024999999999999977,0.15000505263626254
216.25,0.28750000000000003,0.03859999999999997,0.2316078012703894
216.25,0.3125,0.05410000000000007,0.3246109339048729
216.25,0.3375,0.07139999999999994,0.4284144303291659
216.25,0.36250000000000004,0.08730000000000011,0.52381764380583
216.25,0.3875,0.10159999999999991,0.609620533913771
216.25,0.41250000000000003,0.12309999999999989,0.7386248791809569
216.25,0.4375,0.13650000000000018,0.8190275873939954
216.25,0.4625,0.14659999999999987,0.8796296286590436
216.25,0.48750000000000004,0.1436000000000002,0.8616290223426941
216.25,0.5125,0.14119999999999988,0.847228537289611
216.25,0.5375000000000001,0.15109999999999987,0.906630538133571
216.25,0.5625,0.13439999999999988,0.8064271629725476
216.25,0.5875000000000001,0.13339999999999988,0.800426960867097
216.25,0.6125,0.12230000000000044,0.7338247174965997
216.25,0.6375,0.1066999999999999,0.6402215646515687
216.25,0.6625000000000001,0.09539999999999992,0.572419280859978
216.25,0.6875,0.08519999999999993,0.5112172193843828
216.25,0.7125000000000001,0.07129999999999993,0.4278144101186208
216.25,0.7375,0.05890000000000021,0.35341190401103617
216.25,0.7625,0.049099999999999956,0.29460992337761965
216.25,0.7875000000000001,0.042099999999999964,0.25260850863946616
216.25,0.8125,0.041199999999999966,0.24720832674456072
216.25,0.8375000000000001,0.030999999999999972,0.18600626526896558
216.25,0.8625,0.026800000000000095,0.16080541642607418
216.25,0.8875,0.02139999999999998,0.12840432505664076
216.25,0.9125000000000001,0.017599999999999984,0.10560355705592883
216.25,0.9375,0.015599999999999985,0.09360315284502783
216.25,0.9625000000000001,0.013299999999999989,0.07980268800249168
216.25,0.9875,0.014700000000000052,0.08820297095012278
216.25,1.0125000000000002,0.01309999999999993,0.07860264758140123
216.25,1.0375,0.014300000000000052,0.08580289010794258
216.25,1.0625,0.018400000000000066,0.11040371874028973
216.25,1.0875,0.023299999999999876,0.13980470905699607
216.25,1.1125,0.028900000000000106,0.1734058408475203
216.25,1.1375000000000002,0.03349999999999982,0.20100677053259094
216.25,1.1625,0.046200000000000165,0.27720933727181446
216.25,1.1875,0.05149999999999973,0.3090104084306995
216.25,1.2125000000000001,0.06690000000000024,0.4014135208546404
216.25,1.2375,0.08170000000000029,0.4902165120153082
216.25,1.2625000000000002,0.09609999999999949,0.5766194223337907
216.25,1.2875,0.1138000000000004,0.6828229996002702
216.25,1.3125,0.13749999999999926,0.8250277894994403
216.25,1.3375000000000001,0.15190000000000053,0.9114306998179353
216.25,1.3625,0.17800000000000063,1.0680359747701942
216.25,1.3875000000000002,0.19099999999999898,1.146038602141041
216.25,1.4125,0.21150000000000074,1.2690427453027868
216.25,1.4375,0.23839999999999872,1.4304481819393933
216.25,1.4625000000000001,0.24960000000000088,1.497650445520452
216.25,1.4875,0.265300000000001,1.5918536185760255
216.25,1.5125000000000002,0.27639999999999854,1.6584558619465115
216.25,1.5375,0.3080000000000011,1.848062248478763
216.25,1.5625,0.3002999999999984,1.801860692266778
216.25,1.5875000000000001,0.3081000000000011,1.848662268689308
216.25,1.6125,0.30840000000000106,1.850462329320943
216.25,1.6375000000000002,0.3116999999999983,1.870262996268913
216.25,1.6625,0.3242000000000011,1.9452655225870612
216.25,1.6875,0.3150999999999984,1.8906636834274453
216.25,1.7125000000000001,0.3062000000000011,1.837261884688952
216.25,1.7375,0.30130000000000107,1.8078608943722443
216.25,1.7625000000000002,0.2856999999999985,1.7142577415272011
216.25,1.7875,0.271400000000001,1.6284548514192736
216.25,1.8125,0.2590999999999986,1.5546523655222182
216.25,1.8375000000000001,0.24990000000000087,1.499450506152087
216.25,1.8625,0.2506000000000009,1.5036506476259024
216.25,1.8875000000000002,0.23709999999999873,1.4226479192023078
216.25,1.9125,0.21650000000000075,1.2990437558300394
216.25,1.9375,0.2108999999999989,1.2654426240395054
216.25,1.9625000000000001,0.2045000000000007,1.227041330564633
216.25,1.9875,0.19490000000000068,1.1694393903523082
216.25,2.0125,0.1921000000000007,1.1526388244570467
216.25,2.0375,0.19869999999999716,1.192240158352999
216.25,2.0625,0.20440000000000072,1.226441310354088
216.25,2.0875000000000004,0.20610000000000073,1.236641653933354
216.25,2.1125,0.21870000000000078,1.3122442004620307
216.25,2.1375,0.22820000000000082,1.3692461204638107
216.25,2.1625,0.24399999999999655,1.464049313729903
216.25,2.1875,0.2658000000000009,1.5948537196287504
216.25,2.2125000000000004,0.28100000000000097,1.6860567916315985
216.25,2.2375,0.3027000000000011,1.8162611773198751
216.25,2.2625,0.32740000000000113,1.9644661693245031
216.25,2.2875,0.352499999999995,2.115071242171274
216.25,2.3125,0.3849000000000014,2.3094777903879087
216.25,2.3375000000000004,0.4118000000000015,2.4708832270245282
216.25,2.3625,0.4323000000000015,2.5938873701862635
216.25,2.3875,0.46499999999999336,2.790093979034446
216.25,2.4125000000000005,0.4870000000000017,2.9220984253544073
216.25,2.4375,0.5100000000000018,3.0601030737797696
216.25,2.4625000000000004,0.5276000000000018,3.165706630835699
216.25,2.4875,0.5422000000000019,3.2533095815752766
216.25,2.5125,0.565399999999992,3.3925142704216693
216.25,2.5375000000000005,0.571700000000002,3.430315543686067
216.25,2.5625,0.6026000000000021,3.6157217887444886
216.25,2.5875000000000004,0.6023000000000022,3.613921728112854
216.25,2.6125,0.567800000000002,3.4069147554748103
216.25,2.6375,0.5922999999999916,3.5539197070582853
216.25,2.6625000000000005,0.5971000000000021,3.5827206771645104
216.25,2.6875,0.5781000000000021,3.468716837160951
216.25,2.7125000000000004,0.576200000000002,3.457316453160595
216.25,2.7375,0.564600000000002,3.387714108737369
216.25,2.7625,0.5512999999999921,3.3079114207348175
216.25,2.7875000000000005,0.5299000000000019,3.1795070956782356
216.25,2.8125,0.5096000000000018,3.05770299293759
216.25,2.8375000000000004,0.47990000000000166,2.8794969904057086
216.25,2.8625,0.4646000000000017,2.787693898192316
216.25,2.8875,0.4519999999999936,2.7120913516635907
216.25,2.9125000000000005,0.4272000000000015,2.563286339448466
216.25,2.9375,0.41240000000000143,2.474483348287798
216.25,2.9625000000000004,0.3981000000000014,2.3886804581798553
216.25,2.9875,0.3670000000000013,2.2020741727003443
216.25,3.0125,0.36279999999999485,2.1768733238574134
216.25,3.0375000000000005,0.33610000000000123,2.016667927641923
216.25,3.0625,0.3201000000000011,1.920664693954714
216.25,3.0875000000000004,0.3139000000000011,1.883463440900921
216.25,3.1125,0.3156000000000011,1.893663784480187
216.25,3.1375,0.29799999999999577,1.7880602274242259
216.25,3.1625000000000005,0.29750000000000104,1.7850601263715322
216.25,3.1875,0.284800000000001,1.7088575596323106
216.25,3.2125000000000004,0.284100000000001,1.7046574181584953
216.25,3.2375,0.27160000000000095,1.6296548918403635
216.25,3.2625,0.27519999999999606,1.6512556194199561
216.25,3.2875000000000005,0.28100000000000097,1.6860567916315985
216.25,3.3125,0.282700000000001,1.6962571352108646
216.25,3.3375000000000004,0.281900000000001,1.691456973526504
216.25,3.3625,0.29130000000000106,1.7478588733177391
216.25,3.3875,0.2881999999999959,1.7292582467908117
216.25,3.4125000000000005,0.29170000000000107,1.7502589541599196
216.25,3.4375,0.29730000000000106,1.7838600859504423
216.25,3.4625000000000004,0.30430000000000107,1.8258615006885959
216.25,3.4875,0.2972000000000011,1.7832600657398974
216.25,3.5125,0.29869999999999575,1.7922603688980412
216.25,3.5375000000000005,0.29660000000000103,1.7796599444766268
216.25,3.5625,0.30030000000000107,1.801860692266794
216.25,3.5875000000000004,0.29300000000000104,1.758059216897005
216.25,3.6125,0.29690000000000105,1.781460005108262
216.25,3.6375,0.3052999999999957,1.831861702794014
216.25,3.6625000000000005,0.291600000000001,1.7496589339493742
216.25,3.6875,0.287800000000001,1.7268581659486621
216.25,3.7125000000000004,0.286800000000001,1.7208579638432115
216.25,3.7375,0.276900000000001,1.6614559629992514
216.25,3.7625,0.2716999999999961,1.6302549120508796
216.25,3.7875000000000005,0.2487000000000009,1.4922502636255466
216.25,3.8125,0.2466000000000009,1.4796498392041006
216.25,3.8375000000000004,0.23550000000000085,1.4130475958335997
216.25,3.8625,0.22540000000000082,1.3524455545685494
216.25,3.8875,0.2186999999999969,1.3122442004620074
216.25,3.9125000000000005,0.20350000000000074,1.2210411284591827
216.25,3.9375,0.1948000000000007,1.168839370141763
216.25,3.9625000000000004,0.18360000000000068,1.1016371065607173
216.25,3.9875,0.17030000000000062,1.021834418558225
216.25,4.0125,0.15909999999999774,0.9546321549771623
216.25,4.0375,0.1494000000000032,0.896430194554325
216.25,4.0625,0.13729999999999803,0.8238277490783429
216.25,4.0875,0.13189999999999813,0.7914266577089107
216.25,4.112500000000001,0.11180000000000238,0.670822595389381
216.25,4.1375,0.11519999999999837,0.6912232825478887
216.25,4.1625,0.09440000000000201,0.56641907875454
216.25,4.1875,0.0841999999999988,0.5052170172789255
216.25,4.2125,0.07979999999999886,0.47881612801494366
216.25,4.237500000000001,0.07450000000000159,0.4470150568560724
216.25,4.2625,0.06829999999999903,0.40981380380226384
216.25,4.2875,0.05900000000000125,0.35401192422158745
216.25,4.3125,0.05279999999999925,0.31681067116778233
216.25,4.3375,0.052499999999999256,0.3150106105361472
216.25,4.362500000000001,0.04090000000000087,0.245408266112931
216.25,4.3875,0.03809999999999946,0.2286077002176611
216.25,4.4125,0.037200000000000795,0.22320751832276364
216.25,4.4375,0.03029999999999957,0.1818061237951478
216.25,4.4625,0.026299999999999626,0.1578053153733461
216.25,4.487500000000001,0.025200000000000538,0.15120509305735602
216.25,4.5125,0.020099999999999715,0.12060406231955349
216.25,4.5375,0.017300000000000367,0.10380349642429598
216.25,4.5625,0.016499999999999765,0.09900333473993196
216.25,4.5875,0.015199999999999785,0.09120307200284643
216.25,4.612500000000001,0.010400000000000222,0.06240210189668661
216.25,4.6375,0.011899999999999833,0.07140240505486004
216.25,4.6625,0.008800000000000188,0.052801778527965595
216.25,4.6875,0.008299999999999882,0.049801677475238504
216.25,4.7125,0.005799999999999917,0.03480117221161245
216.25,4.737500000000001,0.004600000000000098,0.027600929685072922
216.25,4.7625,0.004499999999999936,0.027000909474526904
216.25,4.7875000000000005,0.0031999999999999546,0.019200646737441353
216.25,4.8125,0.004100000000000087,0.024600828632347603
216.25,4.8375,0.003399999999999952,0.02040068715853144
216.25,4.862500000000001,0.002100000000000045,0.012600424421446337
216.25,4.8875,0.001899999999999973,0.011400384000355803
216.25,4.9125000000000005,0.001699999999999976,0.01020034357926572
216.25,4.9375,0.0020000000000000425,0.012000404210901271
216.25,4.9625,0.001199999999999983,0.007200242526540507
216.25,4.987500000000001,0.0012000000000000257,0.007200242526540763
216.25,5.0125,0.0005999999999999915,0.0036001212632702537
216.25,5.0375000000000005,0.0005999999999999915,0.0036001212632702537
216.25,5.0625,0.0005000000000000106,0.003000101052725318
216.25,5.0875,0.00039999999999999433,0.002400080842180169
216.25,5.112500000000001,0.0007000000000000148,0.0042001414738154445
216.25,5.1375,0.00019999999999999716,0.0012000404210900846
216.25,5.1625000000000005,0.00029999999999999575,0.0018000606316351268
216.25,5.1875,0.0002000000000000043,0.0012000404210901273
216.25,5.2125,9.999999999999858e-05,0.0006000202105450423
216.25,5.237500000000001,0.0,0.0
216.25,5.2625,0.0,0.0
216.25,5.2875000000000005,0.0,0.0
216.25,5.3125,0.00010000000000000215,0.0006000202105450636
216.25,5.3375,0.0,0.0
216.25,5.362500000000001,0.0,0.0
216.25,5.3875,0.00019999999999999716,0.0012000404210900846
216.25,5.4125000000000005,0.0,0.0
216.25,5.4375,0.0,0.0
216.25,5.4625,0.0,0.0
216.25,5.487500000000001,0.0,0.0
216.25,5.5125,9.999999999999858e-05,0.0006000202105450423
216.25,5.5375000000000005,0.0,0.0
216.25,5.5625,0.0,0.0
216.25,5.5875,0.0,0.0
216.25,5.612500000000001,0.0,0.0
216.25,5.6375,0.0,0.0
216.25,5.6625000000000005,9.999999999999858e-05,0.0006000202105450423
216.25,5.6875,0.0,0.0
216.25,5.7125,0.0,0.0
216.25,5.737500000000001,0.0,0.0
216.25,5.7625,0.0,0.0
216.25,5.7875000000000005,0.0,0.0
216.25,5.8125,0.0,0.0
216.25,5.8375,0.0,0.0
216.25,5.862500000000001,0.0,0.0
216.25,5.8875,0.0,0.0
216.25,5.9125000000000005,0.0,0.0
216.25,5.9375,0.0,0.0
216.25,5.9625,0.0,0.0
216.25,5.987500000000001,0.0,0.0
216.25,6.0125,0.0,0.0
216.25,6.0375000000000005,0.0,0.0
216.25,6.0625,0.0,0.0
216.25,6.0875,0.0,0.0
216.25,6.112500000000001,0.0,0.0
216.25,6.1375,0.0,0.0
216.25,6.1625000000000005,0.0,0.0
216.25,6.1875,0.0,0.0
216.25,6.2125,0.0,0.0
216.25,6.237500000000001,0.0,0.0
216.25,6.2625,0.0,0.0
216.25,6.2875000000000005,0.0,0.0
216.25,6.3125,0.0,0.0
216.25,6.3375,0.0,0.0
216.25,6.362500000000001,0.0,0.0
216.25,6.3875,0.0,0.0
216.25,6.4125000000000005,0.0,0.0
216.25,6.4375,0.0,0.0
216.25,6.4625,0.0,0.0
216.25,6.487500000000001,0.0,0.0
216.25,6.5125,0.0,0.0
216.25,6.5375000000000005,0.0,0.0
216.25,6.5625,0.0,0.0
216.25,6.5875,0.0,0.0
216.25,6.612500000000001,0.0,0.0
216.25,6.6375,0.0,0.0
216.25,6.6625000000000005,0.0,0.0
216.25,6.6875,0.0,0.0
216.25,6.7125,0.0,0.0
216.25,6.737500000000001,0.0,0.0
216.25,6.7625,0.0,0.0
216.25,6.7875000000000005,0.0,0.0
216.25,6.8125,0.0,0.0
216.25,6.8375,0.0,0.0
216.25,6.862500000000001,0.0,0.0
216.25,6.8875,0.0,0.0
216.25,6.9125000000000005,0.0,0.0
216.25,6.9375,0.0,0.0
216.25,6.9625,0.0,0.0
216.25,6.987500000000001,0.0,0.0
218.75,0.0125,0.0,0.0
218.75,0.037500000000000006,0.0,0.0
218.75,0.0625,0.0,0.0
218.75,0.08750000000000001,0.0,0.0
218.75,0.1125,0.00040000000000000013,0.002084646633451882
218.75,0.1375,0.001099999999999999,0.005732778241992668
218.75,0.16250000000000003,0.0018000000000000006,0.009380909850533468
218.75,0.1875,0.005800000000000001,0.030227376185052286
218.75,0.21250000000000002,0.008600000000000002,0.04481990261921546
218.75,0.2375,0.017,0.08859748192170495
218.75,0.2625,0.026599999999999978,0.13862900112454998
218.75,0.28750000000000003,0.03759999999999997,0.19595678354447665
218.75,0.3125,0.04710000000000006,0.2454671410889593
218.75,0.3375,0.07089999999999994,0.3695036157793456
218.75,0.36250000000000004,0.08710000000000012,0.45393180443414777
218.75,0.3875,0.0979999999999999,0.5107384251957104
218.75,0.41250000000000003,0.11829999999999989,0.6165342418433933
218.75,0.4375,0.12640000000000018,0.6587483361707954
218.75,0.4625,0.13739999999999988,0.7160761185907206
218.75,0.48750000000000004,0.13700000000000018,0.7139914719572702
218.75,0.5125,0.14889999999999987,0.776009709302462
218.75,0.5375000000000001,0.14319999999999986,0.7463034947757727
218.75,0.5625,0.13679999999999987,0.7129491486405427
218.75,0.5875000000000001,0.12729999999999989,0.6634387910960606
218.75,0.6125,0.11810000000000041,0.6154919185266701
218.75,0.6375,0.10049999999999991,0.5237674666547847
218.75,0.6625000000000001,0.09819999999999991,0.5117807485124364
218.75,0.6875,0.08549999999999992,0.44559321790033923
218.75,0.7125000000000001,0.06999999999999994,0.3648131608540789
218.75,0.7375,0.06090000000000022,0.31738744994305007
218.75,0.7625,0.05329999999999995,0.27777916390746293
218.75,0.7875000000000001,0.04499999999999996,0.2345227462633364
218.75,0.8125,0.036599999999999966,0.19074516696084695
218.75,0.8375000000000001,0.032099999999999976,0.16729289233451333
218.75,0.8625,0.0283000000000001,0.14748874931672112
218.75,0.8875,0.024599999999999976,0.12820576795729058
218.75,0.9125000000000001,0.01909999999999998,0.09954187674732723
218.75,0.9375,0.014899999999999986,0.0776530870960825
218.75,0.9625000000000001,0.013299999999999989,0.06931450056227499
218.75,0.9875,0.015800000000000057,0.08234354202134961
218.75,1.0125000000000002,0.014299999999999924,0.07452611714590436
218.75,1.0375,0.018000000000000065,0.09380909850533499
218.75,1.0625,0.023400000000000084,0.12195182805693548
218.75,1.0875,0.023499999999999875,0.12247298971529737
218.75,1.1125,0.03150000000000011,0.16416592238433622
218.75,1.1375000000000002,0.03959999999999979,0.20638001671173514
218.75,1.1625,0.04760000000000017,0.24807294938077476
218.75,1.1875,0.057199999999999696,0.29810446858361744
218.75,1.2125000000000001,0.06940000000000025,0.3616861909039027
218.75,1.2375,0.08060000000000028,0.42005629664055555
218.75,1.2625000000000002,0.10209999999999946,0.5321060531885898
218.75,1.2875,0.11390000000000042,0.5936031288754253
218.75,1.3125,0.13379999999999928,0.6973142988896505
218.75,1.3375000000000001,0.14520000000000052,0.7567267279430356
218.75,1.3625,0.17420000000000063,0.9078636088682975
218.75,1.3875000000000002,0.19199999999999895,1.0006303840568975
218.75,1.4125,0.21620000000000078,1.1267515053807458
218.75,1.4375,0.21799999999999883,1.1361324152312693
218.75,1.4625000000000001,0.24390000000000084,1.271113284747289
218.75,1.4875,0.25870000000000093,1.348245210185009
218.75,1.5125000000000002,0.2813999999999985,1.4665489066333905
218.75,1.5375,0.281800000000001,1.4686335532668555
218.75,1.5625,0.2965999999999984,1.5457654787045616
218.75,1.5875000000000001,0.30840000000000106,1.6072625543914059
218.75,1.6125,0.3056000000000011,1.592670027957243
218.75,1.6375000000000002,0.2970999999999984,1.5483712869963766
218.75,1.6625,0.3117000000000011,1.6244608891173842
218.75,1.6875,0.31239999999999835,1.6281090207259106
218.75,1.7125000000000001,0.29280000000000106,1.5259613356867825
218.75,1.7375,0.29980000000000107,1.5624426517721905
218.75,1.7625000000000002,0.28969999999999846,1.509805324277517
218.75,1.7875,0.27620000000000094,1.439448500398529
218.75,1.8125,0.25929999999999864,1.351372180135175
218.75,1.8375000000000001,0.2531000000000009,1.3190601573166825
218.75,1.8625,0.23800000000000085,1.2403647469038737
218.75,1.8875000000000002,0.2266999999999988,1.1814734795088473
218.75,1.9125,0.2286000000000008,1.1913755510177544
218.75,1.9375,0.21219999999999886,1.105905039046217
218.75,1.9625000000000001,0.21720000000000078,1.1319631219643755
218.75,1.9875,0.21150000000000074,1.102256907437686
218.75,2.0125,0.20620000000000072,1.0746353395444486
218.75,2.0375,0.21559999999999693,1.123624535430548
218.75,2.0625,0.21580000000000074,1.1246668587472939
218.75,2.0875000000000004,0.21460000000000076,1.1184129188469383
218.75,2.1125,0.22920000000000082,1.1945025209679323
218.75,2.1375,0.24380000000000085,1.270592123088926
218.75,2.1625,0.2460999999999965,1.2825788412312515
218.75,2.1875,0.285200000000001,1.4863530496511965
218.75,2.2125000000000004,0.29790000000000105,1.5525405802632941
218.75,2.2375,0.3138000000000011,1.6354052839430064
218.75,2.2625,0.32610000000000117,1.6995081679216522
218.75,2.2875,0.36119999999999486,1.882435910007022
218.75,2.3125,0.39400000000000135,2.0533769339501102
218.75,2.3375000000000004,0.41170000000000145,2.1456225474803565
218.75,2.3625,0.4269000000000015,2.224839119551528
218.75,2.3875,0.45949999999999347,2.3947378201778147
218.75,2.4125000000000005,0.4775000000000017,2.488546918683192
218.75,2.4375,0.5111000000000019,2.663657235893151
218.75,2.4625000000000004,0.5122000000000019,2.6693900141351437
218.75,2.4875,0.551600000000002,2.8747277075301545
218.75,2.5125,0.5490999999999921,2.861698666071029
218.75,2.5375000000000005,0.565700000000002,2.9482115013593333
218.75,2.5625,0.5620000000000019,2.928928519999903
218.75,2.5875000000000004,0.5662000000000019,2.950817309651148
218.75,2.6125,0.580200000000002,3.023779941821964
218.75,2.6375,0.5859999999999916,3.0540073180069625
218.75,2.6625000000000005,0.5775000000000021,3.0097085770461645
218.75,2.6875,0.564900000000002,2.9440422080924296
218.75,2.7125000000000004,0.559500000000002,2.915899478540829
218.75,2.7375,0.557300000000002,2.904433922056844
218.75,2.7625,0.5473999999999922,2.852838917878859
218.75,2.7875000000000005,0.5338000000000018,2.781960932341545
218.75,2.8125,0.5133000000000019,2.6751227923771363
218.75,2.8375000000000004,0.47990000000000166,2.5010547984839033
218.75,2.8625,0.4651000000000017,2.4239228730461835
218.75,2.8875,0.4495999999999936,2.3431428159998813
218.75,2.9125000000000005,0.4457000000000016,2.322817511323767
218.75,2.9375,0.4221000000000015,2.199823359950105
218.75,2.9625000000000004,0.3936000000000014,2.0512922873166586
218.75,2.9875,0.38040000000000135,1.982498948412746
218.75,3.0125,0.3652999999999948,1.9038035379999034
218.75,3.0375000000000005,0.3514000000000012,1.831362067487484
218.75,3.0625,0.33860000000000123,1.764653375217024
218.75,3.0875000000000004,0.32360000000000116,1.686479126462578
218.75,3.1125,0.31870000000000115,1.6609422052027925
218.75,3.1375,0.31149999999999556,1.6234185658006293
218.75,3.1625000000000005,0.2976000000000011,1.5509770952882054
218.75,3.1875,0.29630000000000106,1.5442019937294866
218.75,3.2125000000000004,0.2997000000000011,1.5619214901138276
218.75,3.2375,0.29170000000000107,1.52022855744479
218.75,3.2625,0.2728999999999961,1.4222501656725255
218.75,3.2875000000000005,0.276400000000001,1.440490823715255
218.75,3.3125,0.280600000000001,1.4623796133665
218.75,3.3375000000000004,0.281400000000001,1.4665489066334036
218.75,3.3625,0.287300000000001,1.4972974444768188
218.75,3.3875,0.27999999999999603,1.4592526434162962
218.75,3.4125000000000005,0.2962000000000011,1.5436808320711237
218.75,3.4375,0.29810000000000103,1.55358290358002
218.75,3.4625000000000004,0.29580000000000106,1.5415961854376716
218.75,3.4875,0.291600000000001,1.5197073957864267
218.75,3.5125,0.29749999999999577,1.5504559336298145
218.75,3.5375000000000005,0.29380000000000106,1.5311729522704123
218.75,3.5625,0.3027000000000011,1.5775563398647168
218.75,3.5875000000000004,0.29420000000000107,1.5332575989038641
218.75,3.6125,0.29560000000000103,1.5405538621209456
218.75,3.6375,0.27879999999999605,1.4529987035159406
218.75,3.6625000000000005,0.290100000000001,1.511889970910982
218.75,3.6875,0.27510000000000095,1.4337157221565362
218.75,3.7125000000000004,0.277300000000001,1.4451812786405218
218.75,3.7375,0.26820000000000094,1.3977555677294913
218.75,3.7625,0.2538999999999964,1.323229450583563
218.75,3.7875000000000005,0.2503000000000009,1.3044676308825194
218.75,3.8125,0.23740000000000086,1.237237776953696
218.75,3.8375000000000004,0.2268000000000008,1.1819946411672209
218.75,3.8625,0.22260000000000077,1.160105851515976
218.75,3.8875,0.212799999999997,1.1090320089963852
218.75,3.9125000000000005,0.20580000000000073,1.0725506929109967
218.75,3.9375,0.18250000000000063,0.9511200265124241
218.75,3.9625000000000004,0.18240000000000064,0.9505988648540612
218.75,3.9875,0.1694000000000006,0.8828478492668749
218.75,4.0125,0.15839999999999774,0.8255200668469331
218.75,4.0375,0.14700000000000313,0.7661076377935826
218.75,4.0625,0.14489999999999795,0.7551632429679332
218.75,4.0875,0.13539999999999808,0.7056528854234517
218.75,4.112500000000001,0.12310000000000262,0.6415500014448301
218.75,4.1375,0.11009999999999845,0.5737989858576222
218.75,4.1625,0.10500000000000224,0.5472197412811305
218.75,4.1875,0.09349999999999868,0.48728615056937036
218.75,4.2125,0.08509999999999879,0.4435085712668814
218.75,4.237500000000001,0.07890000000000168,0.4111965484483923
218.75,4.2625,0.07169999999999899,0.37367290904624445
218.75,4.2875,0.06710000000000142,0.3496994727615605
218.75,4.3125,0.06159999999999912,0.3210355815515851
218.75,4.3375,0.053499999999999236,0.27882148722418515
218.75,4.362500000000001,0.04740000000000101,0.24703062606405318
218.75,4.3875,0.04379999999999938,0.22826880636297778
218.75,4.4125,0.03540000000000076,0.18449122706049542
218.75,4.4375,0.0354999999999995,0.18501238871885184
218.75,4.4625,0.03349999999999952,0.17458915555159257
218.75,4.487500000000001,0.028000000000000597,0.1459252643416348
218.75,4.5125,0.023499999999999667,0.12247298971529628
218.75,4.5375,0.02150000000000046,0.11204975654804102
218.75,4.5625,0.016799999999999763,0.08755515860497777
218.75,4.5875,0.014199999999999798,0.07400495548754073
218.75,4.612500000000001,0.012800000000000275,0.06670869227046163
218.75,4.6375,0.012199999999999826,0.06358172232028146
218.75,4.6625,0.01170000000000025,0.06097591402846883
218.75,4.6875,0.009399999999999867,0.04898919588611851
218.75,4.7125,0.006599999999999906,0.034396669451955554
218.75,4.737500000000001,0.007100000000000151,0.03700247774377168
218.75,4.7625,0.006899999999999902,0.03596015442704444
218.75,4.7875000000000005,0.004599999999999935,0.023973436284696295
218.75,4.8125,0.0037000000000000787,0.01928298135943031
218.75,4.8375,0.003799999999999946,0.01980414301779259
218.75,4.862500000000001,0.002900000000000062,0.01511368809252646
218.75,4.8875,0.0028999999999999586,0.015113688092525923
218.75,4.9125000000000005,0.001899999999999973,0.009902071508896295
218.75,4.9375,0.0019000000000000405,0.009902071508896647
218.75,4.9625,0.0014999999999999786,0.007817424875444443
218.75,4.987500000000001,0.0013000000000000277,0.006775101558718758
218.75,5.0125,0.0014999999999999786,0.007817424875444443
218.75,5.0375000000000005,0.00069999999999999,0.00364813160854074
218.75,5.0625,0.0002000000000000043,0.001042323316725963
218.75,5.0875,0.00019999999999999716,0.0010423233167259258
218.75,5.112500000000001,0.0006000000000000128,0.003126969950177889
218.75,5.1375,0.00039999999999999433,0.0020846466334518516
218.75,5.1625000000000005,0.0005999999999999915,0.0031269699501777774
218.75,5.1875,0.0003000000000000064,0.0015634849750889445
218.75,5.2125,0.00039999999999999433,0.0020846466334518516
218.75,5.237500000000001,0.0004000000000000086,0.002084646633451926
218.75,5.2625,0.00029999999999999575,0.0015634849750888887
218.75,5.2875000000000005,0.00029999999999999575,0.0015634849750888887
218.75,5.3125,0.0,0.0
218.75,5.3375,0.0,0.0
218.75,5.362500000000001,0.00010000000000000215,0.0005211616583629814
218.75,5.3875,0.0,0.0
218.75,5.4125000000000005,0.0,0.0
218.75,5.4375,0.0,0.0
218.75,5.4625,0.0,0.0
218.75,5.487500000000001,0.0,0.0
218.75,5.5125,0.0,0.0
218.75,5.5375000000000005,0.0,0.0
218.75,5.5625,0.0,0.0
218.75,5.5875,0.0,0.0
218.75,5.612500000000001,0.0,0.0
218.75,5.6375,0.0,0.0
218.75,5.6625000000000005,0.0,0.0
218.75,5.6875,0.0,0.0
218.75,5.7125,0.0,0.0
218.75,5.737500000000001,0.0,0.0
218.75,5.7625,0.0,0.0
218.75,5.7875000000000005,0.0,0.0
218.75,5.8125,0.0,0.0
218.75,5.8375,0.0,0.0
218.75,5.862500000000001,0.0,0.0
218.75,5.8875,0.0,0.0
218.75,5.9125000000000005,0.0,0.0
218.75,5.9375,0.0,0.0
218.75,5.9625,0.0,0.0
218.75,5.987500000000001,0.0,0.0
218.75,6.0125,0.0,0.0
218.75,6.0375000000000005,0.0,0.0
218.75,6.0625,0.0,0.0
218.75,6.0875,0.0,0.0
218.75,6.112500000000001,0.0,0.0
218.75,6.1375,0.0,0.0
218.75,6.1625000000000005,0.0,0.0
218.75,6.1875,0.0,0.0
218.75,6.2125,0.0,0.0
218.75,6.237500000000001,0.0,0.0
218.75,6.2625,0.0,0.0
218.75,6.2875000000000005,0.0,0.0
218.75,6.3125,0.0,0.0
218.75,6.3375,0.0,0.0
218.75,6.362500000000001,0.0,0.0
218.75,6.3875,0.0,0.0
218.75,6.4125000000000005,0.0,0.0
218.75,6.4375,0.0,0.0
218.75,6.4625,0.0,0.0
218.75,6.487500000000001,0.0,0.0
218.75,6.5125,0.0,0.0
218.75,6.5375000000000005,0.0,0.0
218.75,6.5625,0.0,0.0
218.75,6.5875,0.0,0.0
218.75,6.612500000000001,0.0,0.0
218.75,6.6375,0.0,0.0
218.75,6.6625000000000005,0.0,0.0
218.75,6.6875,0.0,0.0
218.75,6.7125,0.0,0.0
218.75,6.737500000000001,0.0,0.0
218.75,6.7625,0.0,0.0
218.75,6.7875000000000005,0.0,0.0
218.75,6.8125,0.0,0.0
218.75,6.8375,0.0,0.0
218.75,6.862500000000001,0.0,0.0
218.75,6.8875,0.0,0.0
218.75,6.9125000000000005,0.0,0.0
218.75,6.9375,0.0,0.0
218.75,6.9625,0.0,0.0
218.75,6.987500000000001,0.0,0.0
221.25,0.0125,0.0,0.0
221.25,0.037500000000000006,0.0,0.0
221.25,0.0625,0.0,0.0
221.25,0.08750000000000001,0.0,0.0
221.25,0.1125,0.0003000000000000001,0.0013644337420471075
221.25,0.1375,0.0009999999999999992,0.004548112473490353
221.25,0.16250000000000003,0.0025000000000000005,0.011370281183725895
221.25,0.1875,0.003600000000000001,0.01637320490456529
221.25,0.21250000000000002,0.010200000000000002,0.04639074722960165
221.25,0.2375,0.015900000000000004,0.0723149883284967
221.25,0.2625,0.026599999999999978,0.12097979179484339
221.25,0.28750000000000003,0.037299999999999965,0.16964459526119016
221.25,0.3125,0.054600000000000065,0.24832694105257377
221.25,0.3375,0.06809999999999994,0.309726459444693
221.25,0.36250000000000004,0.08350000000000012,0.37976739153644534
221.25,0.3875,0.09619999999999991,0.43752841994977193
221.25,0.41250000000000003,0.11639999999999989,0.5294002919142771
221.25,0.4375,0.11950000000000016,0.5434994405820984
221.25,0.4625,0.1296999999999999,0.5898901878116988
221.25,0.48750000000000004,0.13330000000000017,0.6062633927162653
221.25,0.5125,0.14059999999999986,0.6394646137727436
221.25,0.5375000000000001,0.13929999999999987,0.6335520675572062
221.25,0.5625,0.13189999999999988,0.5998960352533775
221.25,0.5875000000000001,0.12449999999999989,0.5662400029495489
221.25,0.6125,0.1117000000000004,0.5080241632888747
221.25,0.6375,0.1030999999999999,0.46891039601685536
221.25,0.6625000000000001,0.09189999999999993,0.41797153631376344
221.25,0.6875,0.08499999999999994,0.38658956024668006
221.25,0.7125000000000001,0.07679999999999994,0.34929503796405914
221.25,0.7375,0.06370000000000023,0.28971476456133677
221.25,0.7625,0.054999999999999945,0.25014618604196937
221.25,0.7875000000000001,0.04739999999999996,0.21558053124344276
221.25,0.8125,0.03939999999999996,0.1791956314555199
221.25,0.8375000000000001,0.03469999999999997,0.15781950283011523
221.25,0.8625,0.03020000000000011,0.13735299669940926
221.25,0.8875,0.024599999999999976,0.11188356684786267
221.25,0.9125000000000001,0.020099999999999982,0.09141706071715609
221.25,0.9375,0.018199999999999984,0.08277564701752442
221.25,0.9625000000000001,0.016899999999999984,0.07686310080198697
221.25,0.9875,0.020200000000000072,0.09187187196450554
221.25,1.0125000000000002,0.0185999999999999,0.08459489200692019
221.25,1.0375,0.020700000000000073,0.09414592820125071
221.25,1.0625,0.02210000000000008,0.10051328566413725
221.25,1.0875,0.02959999999999984,0.13462412921531383
221.25,1.1125,0.03010000000000011,0.13689818545206023
221.25,1.1375000000000002,0.040199999999999785,0.18283412143431135
221.25,1.1625,0.05050000000000018,0.2296796799112638
221.25,1.1875,0.06099999999999968,0.2774348608829103
221.25,1.2125000000000001,0.06730000000000023,0.3060879694659021
221.25,1.2375,0.08550000000000031,0.38886361648342693
221.25,1.2625000000000002,0.10079999999999947,0.45844973732782557
221.25,1.2875,0.11850000000000041,0.5389513281086091
221.25,1.3125,0.13829999999999926,0.629003955083713
221.25,1.3375000000000001,0.15250000000000055,0.693587152207282
221.25,1.3625,0.1666000000000006,0.7577155380834962
221.25,1.3875000000000002,0.184199999999999,0.8377623176169192
221.25,1.4125,0.20890000000000072,0.9501006957121388
221.25,1.4375,0.22939999999999877,1.0433370014186822
221.25,1.4625000000000001,0.23630000000000084,1.074718977485775
221.25,1.4875,0.2543000000000009,1.156585002008602
221.25,1.5125000000000002,0.27009999999999856,1.2284451790897388
221.25,1.5375,0.26860000000000095,1.2216230103795143
221.25,1.5625,0.28729999999999845,1.3066727136337724
221.25,1.5875000000000001,0.28800000000000103,1.3098563923652276
221.25,1.6125,0.30050000000000104,1.366707798283857
221.25,1.6375000000000002,0.30839999999999834,1.4026378868244185
221.25,1.6625,0.3040000000000011,1.3826261919410734
221.25,1.6875,0.3009999999999984,1.36898185452059
221.25,1.7125000000000001,0.285300000000001,1.2975764886868033
221.25,1.7375,0.288800000000001,1.3134948823440196
221.25,1.7625000000000002,0.28889999999999844,1.313949693591357
221.25,1.7875,0.275600000000001,1.253459797693947
221.25,1.8125,0.2660999999999986,1.2102527291957776
221.25,1.8375000000000001,0.25970000000000093,1.18114480936545
221.25,1.8625,0.24600000000000088,1.1188356684786318
221.25,1.8875000000000002,0.23429999999999876,1.065622752538785
221.25,1.9125,0.23350000000000082,1.061984262560002
221.25,1.9375,0.2270999999999988,1.0328763427296546
221.25,1.9625000000000001,0.2055000000000007,0.9346371133022716
221.25,1.9875,0.2211000000000008,1.0055876678887214
221.25,2.0125,0.22220000000000079,1.0105905916095608
221.25,2.0375,0.2202999999999969,1.0019491779099114
221.25,2.0625,0.22060000000000077,1.0033136116519763
221.25,2.0875000000000004,0.22440000000000082,1.0205964390512399
221.25,2.1125,0.24800000000000086,1.1279318934256124
221.25,2.1375,0.2584000000000009,1.1752322631499124
221.25,2.1625,0.25699999999999634,1.168864905687005
221.25,2.1875,0.27960000000000096,1.2716522475879082
221.25,2.2125000000000004,0.29140000000000105,1.3253199747750948
221.25,2.2375,0.32440000000000113,1.475407686400277
221.25,2.2625,0.34060000000000124,1.549087108470821
221.25,2.2875,0.36699999999999483,1.6691572777709374
221.25,2.3125,0.37690000000000135,1.7141835912585217
221.25,2.3375000000000004,0.4177000000000015,1.8997465801769289
221.25,2.3625,0.43060000000000154,1.9584172310849546
221.25,2.3875,0.45479999999999354,2.068481552943385
221.25,2.4125000000000005,0.46590000000000165,2.118965601399165
221.25,2.4375,0.48880000000000173,2.2231173770420942
221.25,2.4625000000000004,0.5081000000000018,2.3108959477804585
221.25,2.4875,0.5051000000000018,2.297251610359987
221.25,2.5125,0.5389999999999924,2.4514326232112675
221.25,2.5375000000000005,0.5648000000000021,2.568773925027363
221.25,2.5625,0.552500000000002,2.512832141603431
221.25,2.5875000000000004,0.5415000000000019,2.4628029043950366
221.25,2.6125,0.557900000000002,2.5373919489602788
221.25,2.6375,0.5577999999999921,2.536937137712885
221.25,2.6625000000000005,0.557300000000002,2.534663081476185
221.25,2.6875,0.551000000000002,2.506009972893196
221.25,2.7125000000000004,0.545700000000002,2.4819049767836967
221.25,2.7375,0.541700000000002,2.463712526889735
221.25,2.7625,0.5271999999999926,2.3977648960240825
221.25,2.7875000000000005,0.5232000000000019,2.3795724461301635
221.25,2.8125,0.5070000000000018,2.305893024059619
221.25,2.8375000000000004,0.4870000000000017,2.2149307745898117
221.25,2.8625,0.4801000000000017,2.183548798522728
221.25,2.8875,0.44739999999999364,2.034825520639557
221.25,2.9125000000000005,0.4473000000000016,2.0343707093922436
221.25,2.9375,0.4325000000000015,1.9670586447845861
221.25,2.9625000000000004,0.40550000000000147,1.8442596080003464
221.25,2.9875,0.3875000000000014,1.7623935834775197
221.25,3.0125,0.3741999999999947,1.7019036875800675
221.25,3.0375000000000005,0.3550000000000012,1.6145799280890822
221.25,3.0625,0.3502000000000013,1.5927489882163288
221.25,3.0875000000000004,0.3418000000000012,1.5545448434390094
221.25,3.1125,0.3262000000000012,1.48359428885256
221.25,3.1375,0.3225999999999954,1.4672210839479682
221.25,3.1625000000000005,0.3119000000000011,1.4185562804816474
221.25,3.1875,0.3090000000000011,1.4053667543085253
221.25,3.2125000000000004,0.3062000000000011,1.3926320393827523
221.25,3.2375,0.285600000000001,1.2989409224288506
221.25,3.2625,0.2908999999999959,1.323045918538326
221.25,3.2875000000000005,0.29740000000000105,1.352608649616037
221.25,3.3125,0.293200000000001,1.3335065772273773
221.25,3.3375000000000004,0.282700000000001,1.2857513962557285
221.25,3.3625,0.29190000000000105,1.32759403101184
221.25,3.3875,0.29809999999999576,1.355792328347456
221.25,3.4125000000000005,0.28240000000000104,1.2843869625136815
221.25,3.4375,0.29440000000000105,1.3389643121955659
221.25,3.4625000000000004,0.284700000000001,1.2948476212027091
221.25,3.4875,0.286200000000001,1.3016697899129448
221.25,3.5125,0.2947999999999958,1.340783557184938
221.25,3.5375000000000005,0.29250000000000104,1.330322898495934
221.25,3.5625,0.290100000000001,1.3194074285595572
221.25,3.5875000000000004,0.283800000000001,1.2907543199765679
221.25,3.6125,0.286300000000001,1.3021246011602936
221.25,3.6375,0.28839999999999594,1.3116756373546004
221.25,3.6625000000000005,0.280400000000001,1.2752907375667006
221.25,3.6875,0.280600000000001,1.2762003600613987
221.25,3.7125000000000004,0.26190000000000097,1.1911506568071288
221.25,3.7375,0.26070000000000093,1.1856929218389403
221.25,3.7625,0.25479999999999636,1.1588590582453264
221.25,3.7875000000000005,0.24980000000000088,1.1361184958778952
221.25,3.8125,0.23900000000000085,1.086998881164199
221.25,3.8375000000000004,0.2286000000000008,1.0396985114398993
221.25,3.8625,0.21910000000000077,0.9964914429417406
221.25,3.8875,0.2166999999999969,0.9855759730053462
221.25,3.9125000000000005,0.19340000000000068,0.8796049523730382
221.25,3.9375,0.2002000000000007,0.9105321171927727
221.25,3.9625000000000004,0.17960000000000065,0.8168410002388711
221.25,3.9875,0.17450000000000063,0.7936456266240701
221.25,4.0125,0.1622999999999977,0.7381586544474744
221.25,4.0375,0.16490000000000352,0.7499837468785758
221.25,4.0625,0.140699999999998,0.639919425020084
221.25,4.0875,0.13779999999999804,0.6267298988469623
221.25,4.112500000000001,0.13000000000000275,0.591254621553759
221.25,4.1375,0.1119999999999984,0.5093885970309128
221.25,4.1625,0.10650000000000227,0.48437397842673335
221.25,4.1875,0.09579999999999864,0.43570917496037
221.25,4.2125,0.0912999999999987,0.41524266882966365
221.25,4.237500000000001,0.08180000000000175,0.3720356003315191
221.25,4.2625,0.07439999999999895,0.33837956802767777
221.25,4.2875,0.07110000000000151,0.32337079686517123
221.25,4.3125,0.05819999999999917,0.264700145957135
221.25,4.3375,0.0565999999999992,0.25742316599955056
221.25,4.362500000000001,0.047500000000001014,0.21603534249079656
221.25,4.3875,0.044899999999999364,0.20421025005971413
221.25,4.4125,0.04120000000000088,0.1873822339078067
221.25,4.4375,0.038999999999999445,0.1773763864661214
221.25,4.4625,0.0350999999999995,0.15963874781950926
221.25,4.487500000000001,0.034000000000000724,0.15463582409867543
221.25,4.5125,0.026999999999999618,0.1227990367842379
221.25,4.5375,0.022900000000000486,0.10415177564293138
221.25,4.5625,0.021199999999999698,0.0964199844379942
221.25,4.5875,0.019399999999999726,0.08823338198571168
221.25,4.612500000000001,0.016700000000000357,0.07595347830729059
221.25,4.6375,0.014299999999999797,0.06503800837091119
221.25,4.6625,0.012300000000000262,0.05594178342393258
221.25,4.6875,0.01049999999999985,0.04775518097164806
221.25,4.7125,0.009799999999999861,0.04457150224020486
221.25,4.737500000000001,0.0069000000000001465,0.03138197606708413
221.25,4.7625,0.007599999999999892,0.034565654798526226
221.25,4.7875000000000005,0.005799999999999917,0.026379052346243693
221.25,4.8125,0.005000000000000107,0.02274056236745227
221.25,4.8375,0.003399999999999952,0.015463582409866996
221.25,4.862500000000001,0.0034000000000000727,0.015463582409867544
221.25,4.8875,0.00349999999999995,0.015918393657216024
221.25,4.9125000000000005,0.003299999999999953,0.015008771162517965
221.25,4.9375,0.003600000000000077,0.016373204904565637
221.25,4.9625,0.0017999999999999746,0.008186602452282527
221.25,4.987500000000001,0.0019000000000000405,0.008641413699631862
221.25,5.0125,0.0017999999999999746,0.008186602452282527
221.25,5.0375000000000005,0.001699999999999976,0.007731791204933498
221.25,5.0625,0.0011000000000000235,0.0050029237208394995
221.25,5.0875,0.0008999999999999873,0.004093301226141263
221.25,5.112500000000001,0.0006000000000000128,0.0027288674840942728
221.25,5.1375,0.00039999999999999433,0.001819244989396117
221.25,5.1625000000000005,0.00069999999999999,0.0031836787314432043
221.25,5.1875,0.0005000000000000106,0.0022740562367452267
221.25,5.2125,0.00039999999999999433,0.001819244989396117
221.25,5.237500000000001,0.0006000000000000128,0.0027288674840942728
221.25,5.2625,0.00019999999999999716,0.0009096224946980585
221.25,5.2875000000000005,0.00029999999999999575,0.0013644337420470878
221.25,5.3125,0.0,0.0
221.25,5.3375,9.999999999999858e-05,0.00045481124734902923
221.25,5.362500000000001,0.0,0.0
221.25,5.3875,9.999999999999858e-05,0.00045481124734902923
221.25,5.4125000000000005,0.00029999999999999575,0.0013644337420470878
221.25,5.4375,0.0,0.0
221.25,5.4625,0.00019999999999999716,0.0009096224946980585
221.25,5.487500000000001,0.0,0.0
221.25,5.5125,0.0,0.0
221.25,5.5375000000000005,0.0,0.0
221.25,5.5625,0.0,0.0
221.25,5.5875,0.0,0.0
221.25,5.612500000000001,0.0,0.0
221.25,5.6375,0.0,0.0
221.25,5.6625000000000005,0.0,0.0
221.25,5.6875,0.0,0.0
221.25,5.7125,9.999999999999858e-05,0.00045481124734902923
221.25,5.737500000000001,0.0,0.0
221.25,5.7625,0.0,0.0
221.25,5.7875000000000005,0.0,0.0
221.25,5.8125,0.0,0.0
221.25,5.8375,0.0,0.0
221.25,5.862500000000001,0.0,0.0
221.25,5.8875,0.0,0.0
221.25,5.9125000000000005,0.0,0.0
221.25,5.9375,0.0,0.0
221.25,5.9625,0.0,0.0
221.25,5.987500000000001,0.0,0.0
221.25,6.0125,0.0,0.0
221.25,6.0375000000000005,0.0,0.0
221.25,6.0625,0.0,0.0
221.25,6.0875,0.0,0.0
221.25,6.112500000000001,0.0,0.0
221.25,6.1375,0.0,0.0
221.25,6.1625000000000005,0.0,0.0
221.25,6.1875,0.0,0.0
221.25,6.2125,0.0,0.0
221.25,6.237500000000001,0.0,0.0
221.25,6.2625,0.0,0.0
221.25,6.2875000000000005,0.0,0.0
221.25,6.3125,0.0,0.0
221.25,6.3375,0.0,0.0
221.25,6.362500000000001,0.0,0.0
221.25,6.3875,0.0,0.0
221.25,6.4125000000000005,0.0,0.0
221.25,6.4375,0.0,0.0
221.25,6.4625,0.0,0.0
221.25,6.487500000000001,0.0,0.0
221.25,6.5125,0.0,0.0
221.25,6.5375000000000005,0.0,0.0
221.25,6.5625,0.0,0.0
221.25,6.5875,0.0,0.0
221.25,6.612500000000001,0.0,0.0
221.25,6.6375,0.0,0.0
221.25,6.6625000000000005,0.0,0.0
221.25,6.6875,0.0,0.0
221.25,6.7125,0.0,0.0
221.25,6.737500000000001,0.0,0.0
221.25,6.7625,0.0,0.0
221.25,6.7875000000000005,0.0,0.0
221.25,6.8125,0.0,0.0
221.25,6.8375,0.0,0.0
221.25,6.862500000000001,0.0,0.0
221.25,6.8875,0.0,0.0
221.25,6.9125000000000005,0.0,0.0
221.25,6.9375,0.0,0.0
221.25,6.9625,0.0,0.0
221.25,6.987500000000001,0.0,0.0
223.75,0.0125,0.0,0.0
223.75,0.037500000000000006,0.0,0.0
223.75,0.0625,0.0,0.0
223.75,0.08750000000000001,0.00010000000000000003,0.00039880757221743467
223.75,0.1125,0.0006000000000000002,0.002392845433304608
223.75,0.1375,0.0009999999999999992,0.003988075722174342
223.75,0.16250000000000003,0.003800000000000001,0.015154687744262516
223.75,0.1875,0.0062000000000000015,0.024726069477480947
223.75,0.21250000000000002,0.010400000000000001,0.041475987510613196
223.75,0.2375,0.018700000000000005,0.07457701600466028
223.75,0.2625,0.025999999999999975,0.10368996877653289
223.75,0.28750000000000003,0.040199999999999965,0.16032064403140855
223.75,0.3125,0.05010000000000006,0.19980259368093495
223.75,0.3375,0.06469999999999994,0.2580284992246799
223.75,0.36250000000000004,0.0793000000000001,0.31625440476842603
223.75,0.3875,0.09629999999999991,0.38405169204538914
223.75,0.41250000000000003,0.10509999999999992,0.4191467584005234
223.75,0.4375,0.11960000000000016,0.47697385637205236
223.75,0.4625,0.12509999999999988,0.4989082728440101
223.75,0.48750000000000004,0.12770000000000017,0.5092772697216646
223.75,0.5125,0.12509999999999988,0.4989082728440101
223.75,0.5375000000000001,0.1242999999999999,0.4957178122662707
223.75,0.5625,0.12579999999999988,0.5016999258495322
223.75,0.5875000000000001,0.12009999999999989,0.47896789423313846
223.75,0.6125,0.1110000000000004,0.442676405161354
223.75,0.6375,0.1078999999999999,0.4303133704226115
223.75,0.6625000000000001,0.08989999999999991,0.3585280074234733
223.75,0.6875,0.08719999999999993,0.34776020297360266
223.75,0.7125000000000001,0.07859999999999993,0.3134627517629033
223.75,0.7375,0.07090000000000025,0.2827545687021621
223.75,0.7625,0.056499999999999946,0.2253262783028503
223.75,0.7875000000000001,0.054799999999999946,0.2185465495751539
223.75,0.8125,0.04139999999999996,0.16510633489801774
223.75,0.8375000000000001,0.03689999999999997,0.14715999414823322
223.75,0.8625,0.03130000000000011,0.12482677010405746
223.75,0.8875,0.027999999999999976,0.11166612022088158
223.75,0.9125000000000001,0.024599999999999976,0.09810666276548881
223.75,0.9375,0.020299999999999985,0.08095793716013915
223.75,0.9625000000000001,0.021299999999999982,0.08494601288231349
223.75,0.9875,0.02280000000000008,0.0909281264655754
223.75,1.0125000000000002,0.02419999999999987,0.09651143247661864
223.75,1.0375,0.02520000000000009,0.10049950819879387
223.75,1.0625,0.027700000000000096,0.11046969750422975
223.75,1.0875,0.03139999999999983,0.12522557767627376
223.75,1.1125,0.03400000000000012,0.13559457455392823
223.75,1.1375000000000002,0.048699999999999743,0.1942192876698896
223.75,1.1625,0.0555000000000002,0.221338202580677
223.75,1.1875,0.059899999999999676,0.238885735758242
223.75,1.2125000000000001,0.07350000000000026,0.29312356557981545
223.75,1.2375,0.09550000000000033,0.38086123146765133
223.75,1.2625000000000002,0.10499999999999944,0.41874795082830407
223.75,1.2875,0.11390000000000042,0.4542418247556596
223.75,1.3125,0.1341999999999993,0.5351997619157943
223.75,1.3375000000000001,0.15060000000000054,0.6006042037594586
223.75,1.3625,0.1716000000000006,0.6843537939251201
223.75,1.3875000000000002,0.185899999999999,0.7413832767522068
223.75,1.4125,0.20140000000000075,0.8031984504459162
223.75,1.4375,0.21779999999999886,0.8686028922895679
223.75,1.4625000000000001,0.22790000000000082,0.9088824570835367
223.75,1.4875,0.25320000000000087,1.0097807728545478
223.75,1.5125000000000002,0.25879999999999864,1.0321139968987152
223.75,1.5375,0.26820000000000094,1.069601908687163
223.75,1.5625,0.2819999999999985,1.1246373536531593
223.75,1.5875000000000001,0.284300000000001,1.1338099278141704
223.75,1.6125,0.277800000000001,1.1078874356200372
223.75,1.6375000000000002,0.2905999999999984,1.1589348048638586
223.75,1.6625,0.286700000000001,1.1433813095473888
223.75,1.6875,0.2991999999999984,1.1932322560745579
223.75,1.7125000000000001,0.285700000000001,1.1393932338252146
223.75,1.7375,0.283000000000001,1.1286254293753437
223.75,1.7625000000000002,0.27469999999999856,1.095524400881287
223.75,1.7875,0.272100000000001,1.0851554040036435
223.75,1.8125,0.2668999999999986,1.0644174102483273
223.75,1.8375000000000001,0.2466000000000009,0.9834594730881971
223.75,1.8625,0.24630000000000088,0.9822630503715448
223.75,1.8875000000000002,0.24709999999999868,0.9854535109492755
223.75,1.9125,0.23480000000000084,0.9364001795665396
223.75,1.9375,0.23199999999999874,0.9252335675444431
223.75,1.9625000000000001,0.23520000000000083,0.9379954098554093
223.75,1.9875,0.22180000000000077,0.884555195178273
223.75,2.0125,0.23290000000000086,0.9288228356944085
223.75,2.0375,0.23609999999999665,0.9415846780053496
223.75,2.0625,0.23230000000000084,0.9264299902611038
223.75,2.0875000000000004,0.23920000000000086,0.9539477127441068
223.75,2.1125,0.2546000000000009,1.0153640788655918
223.75,2.1375,0.2575000000000009,1.0269294984598976
223.75,2.1625,0.2759999999999961,1.1007088993201037
223.75,2.1875,0.287800000000001,1.1477681928417807
223.75,2.2125000000000004,0.3130000000000011,1.2482677010405745
223.75,2.2375,0.3250000000000012,1.296124609706667
223.75,2.2625,0.34410000000000124,1.3722968560001971
223.75,2.2875,0.3579999999999949,1.4277311085383952
223.75,2.3125,0.38310000000000133,1.527831809164997
223.75,2.3375000000000004,0.39260000000000145,1.5657185285256539
223.75,2.3625,0.4228000000000015,1.6861584153353193
223.75,2.3875,0.4406999999999937,1.757544970762209
223.75,2.4125000000000005,0.4676000000000017,1.8648242076887307
223.75,2.4375,0.4756000000000017,1.8967288134661255
223.75,2.4625000000000004,0.4973000000000018,1.9832700566373092
223.75,2.4875,0.5098000000000018,2.0331210031644886
223.75,2.5125,0.5087999999999928,2.0291329274422782
223.75,2.5375000000000005,0.5344000000000019,2.131227665929978
223.75,2.5625,0.531700000000002,2.120459861480107
223.75,2.5875000000000004,0.5409000000000019,2.1571501581241113
223.75,2.6125,0.5463000000000019,2.1786857670238526
223.75,2.6375,0.5418999999999923,2.161138233846247
223.75,2.6625000000000005,0.5561000000000019,2.217768909101161
223.75,2.6875,0.5298000000000018,2.1128825176079755
223.75,2.7125000000000004,0.5345000000000019,2.131626473502195
223.75,2.7375,0.5412000000000019,2.1583465808407634
223.75,2.7625,0.5274999999999925,2.1037099434469373
223.75,2.7875000000000005,0.5156000000000018,2.0562518423530998
223.75,2.8125,0.5076000000000018,2.024347236575705
223.75,2.8375000000000004,0.48050000000000176,1.91627038450478
223.75,2.8625,0.4716000000000017,1.8807765105774281
223.75,2.8875,0.4483999999999936,1.788253153822951
223.75,2.9125000000000005,0.4487000000000016,1.7894495765396352
223.75,2.9375,0.4343000000000016,1.7320212861403246
223.75,2.9625000000000004,0.40270000000000145,1.6059980933196147
223.75,2.9875,0.40370000000000145,1.609986169041789
223.75,3.0125,0.3804999999999946,1.517462812287317
223.75,3.0375000000000005,0.37730000000000136,1.504700969976386
223.75,3.0625,0.3685000000000013,1.4696059036212517
223.75,3.0875000000000004,0.3453000000000012,1.3770825468668064
223.75,3.1125,0.3363000000000012,1.3411898653672372
223.75,3.1375,0.32049999999999546,1.2781782689568597
223.75,3.1625000000000005,0.32990000000000114,1.3156661807453212
223.75,3.1875,0.3181000000000011,1.2686068872236638
223.75,3.2125000000000004,0.3046000000000011,1.2147678649743099
223.75,3.2375,0.30580000000000107,1.2195535558409192
223.75,3.2625,0.2978999999999958,1.1880477576357207
223.75,3.2875000000000005,0.289600000000001,1.1549467291416946
223.75,3.3125,0.2972000000000011,1.1852561046302197
223.75,3.3375000000000004,0.3017000000000011,1.2032024453800043
223.75,3.3625,0.289900000000001,1.1561431518583467
223.75,3.3875,0.2978999999999958,1.1880477576357207
223.75,3.4125000000000005,0.291600000000001,1.1629228805860432
223.75,3.4375,0.283200000000001,1.1294230445197786
223.75,3.4625000000000004,0.28840000000000104,1.1501610382750853
223.75,3.4875,0.288700000000001,1.1513574609917376
223.75,3.5125,0.2952999999999958,1.1776787607580674
223.75,3.5375000000000005,0.281600000000001,1.1230421233642998
223.75,3.5625,0.275800000000001,1.0999112841756884
223.75,3.5875000000000004,0.281700000000001,1.1234409309365172
223.75,3.6125,0.276400000000001,1.102304129608993
223.75,3.6375,0.27719999999999606,1.1054945901867128
223.75,3.6625000000000005,0.26910000000000095,1.07319117683712
223.75,3.6875,0.27150000000000096,1.0827625585703387
223.75,3.7125000000000004,0.24880000000000088,0.9922332396769806
223.75,3.7375,0.25920000000000093,1.033709227187594
223.75,3.7625,0.25079999999999647,1.0002093911213117
223.75,3.7875000000000005,0.23370000000000082,0.9320132962721478
223.75,3.8125,0.23700000000000082,0.9451739461553231
223.75,3.8375000000000004,0.23060000000000083,0.9196502615334073
223.75,3.8625,0.22090000000000076,0.880965927028316
223.75,3.8875,0.21489999999999693,0.8570374726952545
223.75,3.9125000000000005,0.20090000000000072,0.8012044125848289
223.75,3.9375,0.19040000000000068,0.7593296175019981
223.75,3.9625000000000004,0.18250000000000063,0.7278238192968206
223.75,3.9875,0.17500000000000063,0.697913251380513
223.75,4.0125,0.1683999999999976,0.6715919516141502
223.75,4.0375,0.15640000000000334,0.6237350429480809
223.75,4.0625,0.14489999999999795,0.5778721721430544
223.75,4.0875,0.14289999999999797,0.5698960206987059
223.75,4.112500000000001,0.12960000000000277,0.5168546135938062
223.75,4.1375,0.12129999999999828,0.48375358509974126
223.75,4.1625,0.10890000000000233,0.4343014461447955
223.75,4.1875,0.10339999999999853,0.41236702967282146
223.75,4.2125,0.09559999999999864,0.381260039039862
223.75,4.237500000000001,0.09230000000000198,0.3680993891567
223.75,4.2625,0.08549999999999879,0.3409804742459017
223.75,4.2875,0.07450000000000159,0.2971116413019951
223.75,4.3125,0.06939999999999902,0.27677245511889564
223.75,4.3375,0.060899999999999135,0.2428738114804142
223.75,4.362500000000001,0.06000000000000128,0.23928454333046584
223.75,4.3875,0.05359999999999924,0.2137608587085419
223.75,4.4125,0.04780000000000102,0.1906300195199378
223.75,4.4375,0.0424999999999994,0.16949321819240729
223.75,4.4625,0.03849999999999945,0.1535409153037101
223.75,4.487500000000001,0.035300000000000754,0.1407790729927574
223.75,4.5125,0.029699999999999577,0.11844584894857638
223.75,4.5375,0.027400000000000584,0.1092732747875794
223.75,4.5625,0.023099999999999673,0.09212454918222608
223.75,4.5875,0.019599999999999722,0.07816628415461606
223.75,4.612500000000001,0.018000000000000384,0.07178536299913975
223.75,4.6375,0.016899999999999762,0.0673984797047455
223.75,4.6625,0.01460000000000031,0.05822590554374668
223.75,4.6875,0.010999999999999845,0.043868832943917184
223.75,4.7125,0.010899999999999846,0.04347002537169975
223.75,4.737500000000001,0.008200000000000174,0.032702220921830324
223.75,4.7625,0.00929999999999987,0.03708910421622089
223.75,4.7875000000000005,0.008399999999999882,0.03349983606626403
223.75,4.8125,0.007000000000000149,0.027916530055221014
223.75,4.8375,0.006499999999999908,0.02592249219413288
223.75,4.862500000000001,0.0047000000000001,0.018743955894219823
223.75,4.8875,0.004199999999999941,0.016749918033132014
223.75,4.9125000000000005,0.0052999999999999246,0.02113680132752373
223.75,4.9375,0.0037000000000000787,0.014755880172045393
223.75,4.9625,0.0020999999999999704,0.008374959016566007
223.75,4.987500000000001,0.002100000000000045,0.008374959016566305
223.75,5.0125,0.0014999999999999786,0.005982113583261433
223.75,5.0375000000000005,0.0020999999999999704,0.008374959016566007
223.75,5.0625,0.0012000000000000257,0.004785690866609317
223.75,5.0875,0.0014999999999999786,0.005982113583261433
223.75,5.112500000000001,0.0007000000000000148,0.002791653005522101
223.75,5.1375,0.0015999999999999773,0.006380921155478862
223.75,5.1625000000000005,0.00039999999999999433,0.0015952302888697155
223.75,5.1875,0.0008000000000000172,0.003190460577739545
223.75,5.2125,0.00039999999999999433,0.0015952302888697155
223.75,5.237500000000001,0.0004000000000000086,0.0015952302888697725
223.75,5.2625,0.00039999999999999433,0.0015952302888697155
223.75,5.2875000000000005,0.0005999999999999915,0.0023928454333045734
223.75,5.3125,0.0004000000000000086,0.0015952302888697725
223.75,5.3375,9.999999999999858e-05,0.00039880757221742887
223.75,5.362500000000001,0.0,0.0
223.75,5.3875,0.0,0.0
223.75,5.4125000000000005,0.0,0.0
223.75,5.4375,0.00010000000000000215,0.0003988075722174431
223.75,5.4625,0.0,0.0
223.75,5.487500000000001,0.0,0.0
223.75,5.5125,9.999999999999858e-05,0.00039880757221742887
223.75,5.5375000000000005,0.0,0.0
223.75,5.5625,0.00010000000000000215,0.0003988075722174431
223.75,5.5875,0.0,0.0
223.75,5.612500000000001,0.0,0.0
223.75,5.6375,9.999999999999858e-05,0.00039880757221742887
223.75,5.6625000000000005,0.0,0.0
223.75,5.6875,0.00010000000000000215,0.0003988075722174431
223.75,5.7125,0.0,0.0
223.75,5.737500000000001,0.0,0.0
223.75,5.7625,0.0,0.0
223.75,5.7875000000000005,0.0,0.0
223.75,5.8125,0.0,0.0
223.75,5.8375,0.0,0.0
223.75,5.862500000000001,0.0,0.0
223.75,5.8875,0.0,0.0
223.75,5.9125000000000005,9.999999999999858e-05,0.00039880757221742887
223.75,5.9375,0.0,0.0
223.75,5.9625,0.0,0.0
223.75,5.987500000000001,0.0,0.0
223.75,6.0125,0.0,0.0
223.75,6.0375000000000005,0.0,0.0
223.75,6.0625,0.0,0.0
223.75,6.0875,0.0,0.0
223.75,6.112500000000001,0.0,0.0
223.75,6.1375,0.0,0.0
223.75,6.1625000000000005,0.0,0.0
223.75,6.1875,0.0,0.0
223.75,6.2125,0.0,0.0
223.75,6.237500000000001,0.0,0.0
223.75,6.2625,0.0,0.0
223.75,6.2875000000000005,0.0,0.0
223.75,6.3125,0.0,0.0
223.75,6.3375,0.0,0.0
223.75,6.362500000000001,0.0,0.0
223.75,6.3875,0.0,0.0
223.75,6.4125000000000005,0.0,0.0
223.75,6.4375,0.0,0.0
223.75,6.4625,0.0,0.0
223.75,6.487500000000001,0.0,0.0
223.75,6.5125,0.0,0.0
223.75,6.5375000000000005,0.0,0.0
223.75,6.5625,0.0,0.0
223.75,6.5875,0.0,0.0
223.75,6.612500000000001,0.0,0.0
223.75,6.6375,0.0,0.0
223.75,6.6625000000000005,0.0,0.0
223.75,6.6875,0.0,0.0
223.75,6.7125,0.0,0.0
223.75,6.737500000000001,0.0,0.0
223.75,6.7625,0.0,0.0
223.75,6.7875000000000005,0.0,0.0
223.75,6.8125,0.0,0.0
223.75,6.8375,0.0,0.0
223.75,6.862500000000001,0.0,0.0
223.75,6.8875,0.0,0.0
223.75,6.9125000000000005,0.0,0.0
223.75,6.9375,0.0,0.0
223.75,6.9625,0.0,0.0
223.75,6.987500000000001,0.0,0.0
226.25,0.0125,0.0,0.0
226.25,0.037500000000000006,0.0,0.0
226.25,0.0625,0.0,0.0
226.25,0.08750000000000001,0.00020000000000000006,0.0007027092023754015
226.25,0.1125,0.0009000000000000003,0.0031621914106893067
226.25,0.1375,0.0015999999999999988,0.005621673619003206
226.25,0.16250000000000003,0.0028000000000000004,0.009837928833255618
226.25,0.1875,0.0062000000000000015,0.021783985273637445
226.25,0.21250000000000002,0.010900000000000003,0.03829765152945938
226.25,0.2375,0.018200000000000004,0.06394653741616153
226.25,0.2625,0.027699999999999975,0.09732522452899299
226.25,0.28750000000000003,0.04339999999999996,0.15248789691546194
226.25,0.3125,0.04950000000000007,0.17392052758791207
226.25,0.3375,0.06369999999999994,0.22381288095656507
226.25,0.36250000000000004,0.0815000000000001,0.2863539999679764
226.25,0.3875,0.09349999999999993,0.32851655211049985
226.25,0.41250000000000003,0.10709999999999992,0.3763007778720271
226.25,0.4375,0.11750000000000016,0.4128416563955488
226.25,0.4625,0.12029999999999991,0.42267958522880356
226.25,0.48750000000000004,0.1331000000000002,0.4676529741808302
226.25,0.5125,0.13379999999999986,0.47011245638914295
226.25,0.5375000000000001,0.12619999999999987,0.44340950669887774
226.25,0.5625,0.12859999999999988,0.4518420171273826
226.25,0.5875000000000001,0.1283999999999999,0.4511393079250073
226.25,0.6125,0.1093000000000004,0.3840305790981582
226.25,0.6375,0.10419999999999992,0.3661114944375838
226.25,0.6625000000000001,0.09489999999999991,0.3334355165271276
226.25,0.6875,0.09209999999999992,0.323597587693872
226.25,0.7125000000000001,0.07489999999999994,0.26316459628958755
226.25,0.7375,0.06930000000000025,0.2434887386230774
226.25,0.7625,0.06169999999999995,0.2167857889328111
226.25,0.7875000000000001,0.05129999999999996,0.18024491040929028
226.25,0.8125,0.04429999999999996,0.15565008832615124
226.25,0.8375000000000001,0.04269999999999997,0.15002841470714806
226.25,0.8625,0.03320000000000012,0.11664972759431702
226.25,0.8875,0.029299999999999972,0.10294689814799618
226.25,0.9125000000000001,0.02709999999999998,0.09521709692186679
226.25,0.9375,0.026499999999999975,0.09310896931474058
226.25,0.9625000000000001,0.02339999999999998,0.08221697667792188
226.25,0.9875,0.023300000000000085,0.08186562207673455
226.25,1.0125000000000002,0.021499999999999884,0.07554123925535523
226.25,1.0375,0.026100000000000092,0.09170355090999019
226.25,1.0625,0.029400000000000103,0.10329825274918435
226.25,1.0875,0.034199999999999814,0.12016327360619296
226.25,1.1125,0.041400000000000145,0.14546080489170857
226.25,1.1375000000000002,0.04779999999999975,0.16794749936772002
226.25,1.1625,0.055000000000000195,0.19324503065323603
226.25,1.1875,0.06709999999999965,0.2357589373969459
226.25,1.2125000000000001,0.07280000000000025,0.25578614966464697
226.25,1.2375,0.09120000000000032,0.3204353962831841
226.25,1.2625000000000002,0.10229999999999945,0.3594357570150158
226.25,1.2875,0.1164000000000004,0.40897675578248494
226.25,1.3125,0.13459999999999928,0.4729232931986425
226.25,1.3375000000000001,0.14720000000000052,0.5171939729482972
226.25,1.3625,0.17030000000000062,0.5983568858226563
226.25,1.3875000000000002,0.17909999999999904,0.6292760907271685
226.25,1.4125,0.19340000000000068,0.6795197986970154
226.25,1.4375,0.21779999999999886,0.7652503213868079
226.25,1.4625000000000001,0.22270000000000081,0.7824666968450121
226.25,1.4875,0.2432000000000009,0.854494390088491
226.25,1.5125000000000002,0.2441999999999987,0.8580079361003604
226.25,1.5375,0.26470000000000093,0.9300356293438469
226.25,1.5625,0.2662999999999986,0.9356573029628419
226.25,1.5875000000000001,0.272900000000001,0.9588467066412385
226.25,1.6125,0.280200000000001,0.9844955925279407
226.25,1.6375000000000002,0.2793999999999985,0.9816847557184303
226.25,1.6625,0.279700000000001,0.9827388195220021
226.25,1.6875,0.2822999999999985,0.9918740391528736
226.25,1.7125000000000001,0.28830000000000106,1.0129553152241446
226.25,1.7375,0.278800000000001,0.9795766281113129
226.25,1.7625000000000002,0.27309999999999857,0.9595494158436054
226.25,1.7875,0.26820000000000094,0.9423330403854164
226.25,1.8125,0.26349999999999857,0.9258193741295861
226.25,1.8375000000000001,0.2523000000000009,0.8864676587965719
226.25,1.8625,0.2484000000000009,0.8727648293502516
226.25,1.8875000000000002,0.24399999999999872,0.857305226897985
226.25,1.9125,0.24070000000000086,0.8457105250587984
226.25,1.9375,0.24169999999999872,0.8492240710706679
226.25,1.9625000000000001,0.23530000000000081,0.8267373765946624
226.25,1.9875,0.2294000000000008,0.806007455124588
226.25,2.0125,0.23550000000000085,0.827440085797038
226.25,2.0375,0.23419999999999666,0.8228724759815832
226.25,2.0625,0.24590000000000087,0.8639809643205589
226.25,2.0875000000000004,0.25710000000000094,0.9033326796535817
226.25,2.1125,0.26560000000000095,0.9331978207545362
226.25,2.1375,0.26890000000000097,0.9447925225937304
226.25,2.1625,0.27879999999999605,0.9795766281112955
226.25,2.1875,0.282100000000001,0.991171329950507
226.25,2.2125000000000004,0.30250000000000105,1.0628476685927981
226.25,2.2375,0.32240000000000113,1.1327672342291508
226.25,2.2625,0.34400000000000125,1.2086598280856946
226.25,2.2875,0.3604999999999949,1.2666333372816427
226.25,2.3125,0.38290000000000135,1.3453367679477104
226.25,2.3375000000000004,0.3983000000000014,1.3994453765306165
226.25,2.3625,0.41220000000000145,1.448283666095707
226.25,2.3875,0.43289999999999385,1.5210140685415343
226.25,2.4125000000000005,0.4482000000000016,1.5747713225232798
226.25,2.4375,0.47230000000000166,1.6594477814095159
226.25,2.4625000000000004,0.4797000000000017,1.685448021897406
226.25,2.4875,0.49830000000000174,1.7507999777183183
226.25,2.5125,0.5078999999999928,1.7845300194323062
226.25,2.5375000000000005,0.5122000000000019,1.7996382672834093
226.25,2.5625,0.5178000000000018,1.8193141249499203
226.25,2.5875000000000004,0.540800000000002,1.900125683223092
226.25,2.6125,0.547800000000002,1.9247205053062308
226.25,2.6375,0.5346999999999924,1.8786930525506087
226.25,2.6625000000000005,0.5314000000000019,1.8670983507114478
226.25,2.6875,0.542600000000002,1.9064500660444705
226.25,2.7125000000000004,0.5223000000000019,1.8351250820033669
226.25,2.7375,0.5214000000000019,1.8319628905926777
226.25,2.7625,0.5127999999999927,1.8017463948905033
226.25,2.7875000000000005,0.4909000000000018,1.7247997372304287
226.25,2.8125,0.49250000000000177,1.7304214108494318
226.25,2.8375000000000004,0.4759000000000017,1.6720965470522733
226.25,2.8625,0.4622000000000016,1.623960966689558
226.25,2.8875,0.4672999999999934,1.6418800513501017
226.25,2.9125000000000005,0.44750000000000156,1.5723118403149658
226.25,2.9375,0.4228000000000015,1.4855272538216036
226.25,2.9625000000000004,0.41220000000000145,1.448283666095707
226.25,2.9875,0.3970000000000014,1.3948777667151764
226.25,3.0125,0.40229999999999433,1.4134995605780998
226.25,3.0375000000000005,0.3701000000000013,1.3003633789956848
226.25,3.0625,0.37350000000000133,1.3123094354360665
226.25,3.0875000000000004,0.3647000000000013,1.2813902305315488
226.25,3.1125,0.3460000000000012,1.2156869201094485
226.25,3.1375,0.34799999999999504,1.2227140121331808
226.25,3.1625000000000005,0.3352000000000012,1.177740623181177
226.25,3.1875,0.31780000000000114,1.1166049225745167
226.25,3.2125000000000004,0.3065000000000011,1.0769018526403062
226.25,3.2375,0.3159000000000011,1.1099291851519502
226.25,3.2625,0.30399999999999566,1.0681179876105946
226.25,3.2875000000000005,0.31130000000000113,1.093766873497316
226.25,3.3125,0.3112000000000011,1.093415518896128
226.25,3.3375000000000004,0.29560000000000103,1.0386042011108467
226.25,3.3625,0.2986000000000011,1.049144839146478
226.25,3.3875,0.3038999999999957,1.067766633009407
226.25,3.4125000000000005,0.29090000000000105,1.0220905348550249
226.25,3.4375,0.286600000000001,1.0069822870039535
226.25,3.4625000000000004,0.290100000000001,1.0192796980455232
226.25,3.4875,0.285600000000001,1.0034687409920766
226.25,3.5125,0.27729999999999605,0.9743063090934799
226.25,3.5375000000000005,0.28850000000000103,1.0136580244265199
226.25,3.5625,0.281600000000001,0.9894145569445686
226.25,3.5875000000000004,0.276700000000001,0.9721981814863712
226.25,3.6125,0.27060000000000095,0.9507655508139212
226.25,3.6375,0.2685999999999962,0.9437384587901505
226.25,3.6625000000000005,0.26370000000000093,0.9265220833319698
226.25,3.6875,0.271800000000001,0.9549818060281737
226.25,3.7125000000000004,0.2568000000000009,0.9022786158500185
226.25,3.7375,0.24650000000000086,0.866089091927685
226.25,3.7625,0.24349999999999655,0.8555484538920389
226.25,3.7875000000000005,0.23660000000000084,0.8313049864101026
226.25,3.8125,0.23800000000000085,0.8362239508267305
226.25,3.8375000000000004,0.2203000000000008,0.7740341864165073
226.25,3.8625,0.2239000000000008,0.7866829520592645
226.25,3.8875,0.21269999999999697,0.7473312367262286
226.25,3.9125000000000005,0.2002000000000007,0.7034119115777792
226.25,3.9375,0.18930000000000066,0.6651142600483196
226.25,3.9625000000000004,0.19100000000000067,0.6710872882685106
226.25,3.9875,0.17530000000000062,0.6159246158820414
226.25,4.0125,0.16499999999999768,0.5797350919596979
226.25,4.0375,0.14720000000000313,0.5171939729483064
226.25,4.0625,0.15189999999999784,0.5337076392041097
226.25,4.0875,0.13989999999999803,0.49154508706158623
226.25,4.112500000000001,0.13320000000000284,0.46800432878202725
226.25,4.1375,0.12909999999999816,0.45359879013331506
226.25,4.1625,0.11760000000000251,0.41319301099674477
226.25,4.1875,0.10399999999999852,0.3654087852352035
226.25,4.2125,0.09949999999999859,0.34959782818175716
226.25,4.237500000000001,0.0893000000000019,0.31375965886062335
226.25,4.2625,0.08249999999999884,0.28986754597984893
226.25,4.2875,0.0796000000000017,0.27967826254541567
226.25,4.3125,0.07329999999999895,0.2575429226705809
226.25,4.3375,0.06849999999999903,0.24067790181357154
226.25,4.362500000000001,0.06040000000000129,0.21221817911737573
226.25,4.3875,0.05339999999999924,0.18762335703422947
226.25,4.4125,0.05090000000000108,0.17883949200454344
226.25,4.4375,0.046599999999999336,0.16373124415346615
226.25,4.4625,0.0419999999999994,0.14756893249883216
226.25,4.487500000000001,0.03570000000000076,0.1254335926240118
226.25,4.5125,0.03579999999999949,0.12578494722519504
226.25,4.5375,0.033100000000000705,0.1162983729931314
226.25,4.5625,0.027799999999999603,0.09767657913017938
226.25,4.5875,0.023599999999999666,0.08291968588029618
226.25,4.612500000000001,0.021000000000000445,0.0737844662494187
226.25,4.6375,0.018799999999999734,0.06605466502328679
226.25,4.6625,0.01970000000000042,0.0692168564339785
226.25,4.6875,0.016699999999999764,0.05867621839834518
226.25,4.7125,0.013899999999999801,0.04883828956508969
226.25,4.737500000000001,0.01220000000000026,0.04286526134490039
226.25,4.7625,0.011299999999999838,0.0397030699342096
226.25,4.7875000000000005,0.011999999999999829,0.04216255214252347
226.25,4.8125,0.007900000000000169,0.027757013493828944
226.25,4.8375,0.006499999999999908,0.022838049077200218
226.25,4.862500000000001,0.0066000000000001405,0.023189403678388735
226.25,4.8875,0.005399999999999923,0.018973148464135565
226.25,4.9125000000000005,0.006199999999999912,0.02178398527363713
226.25,4.9375,0.004500000000000096,0.015810957053446865
226.25,4.9625,0.004199999999999941,0.014756893249883218
226.25,4.987500000000001,0.003000000000000064,0.010540638035631242
226.25,5.0125,0.002999999999999957,0.010540638035630868
226.25,5.0375000000000005,0.002999999999999957,0.010540638035630868
226.25,5.0625,0.0018000000000000385,0.006324382821378747
226.25,5.0875,0.001699999999999976,0.0059730282201908265
226.25,5.112500000000001,0.001500000000000032,0.005270319017815621
226.25,5.1375,0.0012999999999999815,0.004567609815440043
226.25,5.1625000000000005,0.0007999999999999887,0.0028108368095015653
226.25,5.1875,0.0007000000000000148,0.0024594822083139566
226.25,5.2125,9.999999999999858e-05,0.00035135460118769567
226.25,5.237500000000001,0.0008000000000000172,0.0028108368095016655
226.25,5.2625,0.000499999999999993,0.0017567730059384785
226.25,5.2875000000000005,0.00039999999999999433,0.0014054184047507827
226.25,5.3125,0.0004000000000000086,0.0014054184047508328
226.25,5.3375,0.0,0.0
226.25,5.362500000000001,0.0003000000000000064,0.0010540638035631245
226.25,5.3875,0.00019999999999999716,0.0007027092023753913
226.25,5.4125000000000005,9.999999999999858e-05,0.00035135460118769567
226.25,5.4375,0.0003000000000000064,0.0010540638035631245
226.25,5.4625,9.999999999999858e-05,0.00035135460118769567
226.25,5.487500000000001,0.0002000000000000043,0.0007027092023754164
226.25,5.5125,0.0,0.0
226.25,5.5375000000000005,0.00019999999999999716,0.0007027092023753913
226.25,5.5625,0.00010000000000000215,0.0003513546011877082
226.25,5.5875,0.0,0.0
226.25,5.612500000000001,0.0,0.0
226.25,5.6375,9.999999999999858e-05,0.00035135460118769567
226.25,5.6625000000000005,0.0,0.0
226.25,5.6875,0.00010000000000000215,0.0003513546011877082
226.25,5.7125,0.0,0.0
226.25,5.737500000000001,0.0,0.0
226.25,5.7625,0.0,0.0
226.25,5.7875000000000005,0.0,0.0
226.25,5.8125,0.0,0.0
226.25,5.8375,0.0,0.0
226.25,5.862500000000001,0.0,0.0
226.25,5.8875,0.0,0.0
226.25,5.9125000000000005,0.0,0.0
226.25,5.9375,0.0,0.0
226.25,5.9625,0.0,0.0
226.25,5.987500000000001,0.0,0.0
226.25,6.0125,0.0,0.0
226.25,6.0375000000000005,0.0,0.0
226.25,6.0625,0.0,0.0
226.25,6.0875,0.0,0.0
226.25,6.112500000000001,0.0,0.0
226.25,6.1375,0.0,0.0
226.25,6.1625000000000005,0.0,0.0
226.25,6.1875,0.0,0.0
226.25,6.2125,0.0,0.0
226.25,6.237500000000001,0.0,0.0
226.25,6.2625,0.0,0.0
226.25,6.2875000000000005,0.0,0.0
226.25,6.3125,0.0,0.0
226.25,6.3375,0.0,0.0
226.25,6.362500000000001,0.0,0.0
226.25,6.3875,0.0,0.0
226.25,6.4125000000000005,0.0,0.0
226.25,6.4375,0.0,0.0
226.25,6.4625,0.0,0.0
226.25,6.487500000000001,0.0,0.0
226.25,6.5125,0.0,0.0
226.25,6.5375000000000005,0.0,0.0
226.25,6.5625,0.0,0.0
226.25,6.5875,0.0,0.0
226.25,6.612500000000001,0.0,0.0
226.25,6.6375,0.0,0.0
226.25,6.6625000000000005,0.0,0.0
226.25,6.6875,0.0,0.0
226.25,6.7125,0.0,0.0
226.25,6.737500000000001,0.0,0.0
226.25,6.7625,0.0,0.0
226.25,6.7875000000000005,0.0,0.0
226.25,6.8125,0.0,0.0
226.25,6.8375,0.0,0.0
226.25,6.862500000000001,0.0,0.0
226.25,6.8875,0.0,0.0
226.25,6.9125000000000005,0.0,0.0
226.25,6.9375,0.0,0.0
226.25,6.9625,0.0,0.0
226.25,6.987500000000001,0.0,0.0
228.75,0.0125,0.0,0.0
228.75,0.037500000000000006,0.0,0.0
228.75,0.0625,0.0,0.0
228.75,0.08750000000000001,0.0003000000000000001,0.0009330832243425252
228.75,0.1125,0.0009000000000000003,0.0027992496730275757
228.75,0.1375,0.002099999999999998,0.0065315825703976685
228.75,0.16250000000000003,0.003400000000000001,0.010574943209215286
228.75,0.1875,0.007100000000000002,0.022082969642773096
228.75,0.21250000000000002,0.013500000000000003,0.04198874509541363
228.75,0.2375,0.020100000000000007,0.06251657603094919
228.75,0.2625,0.027799999999999974,0.08646571212240722
228.75,0.28750000000000003,0.04009999999999996,0.12472212432045071
228.75,0.3125,0.05730000000000007,0.1782188958494225
228.75,0.3375,0.06349999999999995,0.19750261581916762
228.75,0.36250000000000004,0.0793000000000001,0.24664499896787442
228.75,0.3875,0.09279999999999992,0.28863374406328746
228.75,0.41250000000000003,0.10249999999999991,0.31880343498369573
228.75,0.4375,0.11320000000000015,0.35208340331857985
228.75,0.4625,0.12489999999999989,0.3884736490679375
228.75,0.48750000000000004,0.11990000000000017,0.372922261995563
228.75,0.5125,0.1259999999999999,0.3918949542238601
228.75,0.5375000000000001,0.12269999999999989,0.3816310387560924
228.75,0.5625,0.12269999999999989,0.3816310387560924
228.75,0.5875000000000001,0.1106999999999999,0.3443077097823914
228.75,0.6125,0.1112000000000004,0.34586284848963045
228.75,0.6375,0.09999999999999991,0.311027741447508
228.75,0.6625000000000001,0.09669999999999991,0.3007638259797403
228.75,0.6875,0.09249999999999992,0.2877006608389449
228.75,0.7125000000000001,0.07859999999999993,0.24446780477774133
228.75,0.7375,0.06860000000000024,0.21336503063299145
228.75,0.7625,0.06269999999999995,0.19501439388758757
228.75,0.7875000000000001,0.056499999999999946,0.17573067391784203
228.75,0.8125,0.04869999999999996,0.15147051008493642
228.75,0.8375000000000001,0.03789999999999997,0.11787951400860555
228.75,0.8625,0.03710000000000013,0.115391292077026
228.75,0.8875,0.03259999999999997,0.10139504371188761
228.75,0.9125000000000001,0.029499999999999974,0.09175318372701487
228.75,0.9375,0.029799999999999972,0.09268626695135739
228.75,0.9625000000000001,0.02369999999999998,0.07371357472305941
228.75,0.9875,0.02560000000000009,0.07962310181056241
228.75,1.0125000000000002,0.02989999999999984,0.09299729469280449
228.75,1.0375,0.03050000000000011,0.09486346114149037
228.75,1.0625,0.031600000000000114,0.09828476629741298
228.75,1.0875,0.03939999999999979,0.12254493013031761
228.75,1.1125,0.04330000000000015,0.13467501204677157
228.75,1.1375000000000002,0.0551999999999997,0.17168731327902365
228.75,1.1625,0.06080000000000022,0.18910486680008573
228.75,1.1875,0.06829999999999964,0.21243194740864704
228.75,1.2125000000000001,0.07870000000000028,0.24477883251918992
228.75,1.2375,0.08860000000000032,0.27557057892249337
228.75,1.2625000000000002,0.10429999999999945,0.32440193432974945
228.75,1.2875,0.12010000000000043,0.3735443174784588
228.75,1.3125,0.1315999999999993,0.4093125077449188
228.75,1.3375000000000001,0.1449000000000005,0.4506791973574411
228.75,1.3625,0.1650000000000006,0.5131957733883905
228.75,1.3875000000000002,0.186599999999999,0.5803777655410474
228.75,1.4125,0.1916000000000007,0.595929152613428
228.75,1.4375,0.19819999999999896,0.6164569835489583
228.75,1.4625000000000001,0.2251000000000008,0.7001234459983436
228.75,1.4875,0.23960000000000084,0.7452224685082325
228.75,1.5125000000000002,0.24089999999999873,0.7492658291470435
228.75,1.5375,0.2495000000000009,0.776014214911536
228.75,1.5625,0.2590999999999986,0.8058728780904897
228.75,1.5875000000000001,0.25720000000000093,0.7999633510029942
228.75,1.6125,0.26460000000000095,0.8229794038701099
228.75,1.6375000000000002,0.2719999999999985,0.845995456737218
228.75,1.6625,0.280700000000001,0.873054870243159
228.75,1.6875,0.27429999999999854,0.8531490947905108
228.75,1.7125000000000001,0.279900000000001,0.8705666483115788
228.75,1.7375,0.277600000000001,0.8634130102582862
228.75,1.7625000000000002,0.26979999999999854,0.8391528464253729
228.75,1.7875,0.27450000000000097,0.8537711502734133
228.75,1.8125,0.25569999999999865,0.7952979348812745
228.75,1.8375000000000001,0.26540000000000097,0.8254676258016901
228.75,1.8625,0.24280000000000085,0.7551753562345528
228.75,1.8875000000000002,0.24689999999999868,0.7679274936338939
228.75,1.9125,0.2535000000000009,0.7884553245694363
228.75,1.9375,0.2294999999999988,0.7138086666220278
228.75,1.9625000000000001,0.23850000000000085,0.74180116335231
228.75,1.9875,0.24430000000000088,0.7598407723562656
228.75,2.0125,0.24980000000000088,0.7769472981358785
228.75,2.0375,0.2473999999999965,0.7694826323411247
228.75,2.0625,0.26050000000000095,0.8102272664707622
228.75,2.0875000000000004,0.2508000000000009,0.7800575755503537
228.75,2.1125,0.26600000000000096,0.8273337922503751
228.75,2.1375,0.280700000000001,0.873054870243159
228.75,2.1625,0.2902999999999959,0.9029135334221039
228.75,2.1875,0.3007000000000011,0.9352604185326608
228.75,2.2125000000000004,0.31850000000000117,0.9906233565103176
228.75,2.2375,0.32810000000000117,1.0204820196892783
228.75,2.2625,0.35150000000000126,1.0932625111879957
228.75,2.2875,0.35949999999999493,1.1181447305037766
228.75,2.3125,0.3772000000000013,1.1731966407400054
228.75,2.3375000000000004,0.3858000000000014,1.1999450265044915
228.75,2.3625,0.40940000000000143,1.2733475734861035
228.75,2.3875,0.42819999999999386,1.3318207888782114
228.75,2.4125000000000005,0.4551000000000016,1.4154872513276153
228.75,2.4375,0.46340000000000164,1.4413025538677586
228.75,2.4625000000000004,0.4722000000000017,1.4686729951151394
228.75,2.4875,0.48860000000000176,1.5196815447125311
228.75,2.5125,0.49009999999999304,1.5243469608342166
228.75,2.5375000000000005,0.4979000000000018,1.5486071246671493
228.75,2.5625,0.5099000000000018,1.5859304536408505
228.75,2.5875000000000004,0.5347000000000018,1.6630653335198327
228.75,2.6125,0.5106000000000018,1.588107647830983
228.75,2.6375,0.5210999999999926,1.6207655606829428
228.75,2.6625000000000005,0.5139000000000018,1.5983715632987507
228.75,2.6875,0.5207000000000018,1.6195214497171815
228.75,2.7125000000000004,0.5178000000000018,1.6105016452152037
228.75,2.7375,0.5152000000000019,1.6024149239375687
228.75,2.7625,0.4989999999999929,1.5520284298230445
228.75,2.7875000000000005,0.49060000000000176,1.5259020995414811
228.75,2.8125,0.49500000000000177,1.5395873201651717
228.75,2.8375000000000004,0.4734000000000017,1.4724053280125096
228.75,2.8625,0.46170000000000166,1.436015082263151
228.75,2.8875,0.46439999999999343,1.4444128312822082
228.75,2.9125000000000005,0.44440000000000157,1.3822072829927319
228.75,2.9375,0.4229000000000015,1.3153363185815172
228.75,2.9625000000000004,0.42450000000000154,1.3203127624446775
228.75,2.9875,0.40430000000000144,1.2574851586722806
228.75,3.0125,0.3897999999999945,1.2123861361623702
228.75,3.0375000000000005,0.3768000000000013,1.1719525297742153
228.75,3.0625,0.3707000000000013,1.1529798375459173
228.75,3.0875000000000004,0.3763000000000013,1.1703973910669778
228.75,3.1125,0.35550000000000126,1.105703620845896
228.75,3.1375,0.34569999999999507,1.075222902184021
228.75,3.1625000000000005,0.33010000000000117,1.0267025745182286
228.75,3.1875,0.32880000000000115,1.0226592138794108
228.75,3.2125000000000004,0.33160000000000117,1.0313679906399411
228.75,3.2375,0.3239000000000012,1.007418854548483
228.75,3.2625,0.31369999999999554,0.9756940249208197
228.75,3.2875000000000005,0.3155000000000011,0.9812925242668922
228.75,3.3125,0.30680000000000107,0.9542331107609588
228.75,3.3375000000000004,0.29420000000000107,0.9150436153385728
228.75,3.3625,0.3002000000000011,0.9337052798254233
228.75,3.3875,0.30569999999999564,0.9508118056050193
228.75,3.4125000000000005,0.30010000000000103,0.9333942520839756
228.75,3.4375,0.3027000000000011,0.941480973361611
228.75,3.4625000000000004,0.285600000000001,0.8882952295740869
228.75,3.4875,0.29130000000000106,0.906023810836595
228.75,3.5125,0.281799999999996,0.876476175399066
228.75,3.5375000000000005,0.27860000000000096,0.8665232876727611
228.75,3.5625,0.285100000000001,0.8867400908668494
228.75,3.5875000000000004,0.27610000000000096,0.8587475941365734
228.75,3.6125,0.26720000000000094,0.8310661251477451
228.75,3.6375,0.2686999999999962,0.835731541269443
228.75,3.6625000000000005,0.2568000000000009,0.7987192400372042
228.75,3.6875,0.2536000000000009,0.7887663523108838
228.75,3.7125000000000004,0.24780000000000088,0.7707267433069284
228.75,3.7375,0.2514000000000009,0.7819237419990387
228.75,3.7625,0.24979999999999644,0.7769472981358647
228.75,3.7875000000000005,0.23660000000000084,0.7358916362648072
228.75,3.8125,0.22970000000000082,0.7144307221049292
228.75,3.8375000000000004,0.2283000000000008,0.7100763337246639
228.75,3.8625,0.20720000000000072,0.6444494802792394
228.75,3.8875,0.20869999999999703,0.6491148964009406
228.75,3.9125000000000005,0.20430000000000073,0.6354296757772617
228.75,3.9375,0.1961000000000007,0.609925400978566
228.75,3.9625000000000004,0.18460000000000065,0.5741572107121024
228.75,3.9875,0.16650000000000062,0.5178611895101033
228.75,4.0125,0.17359999999999753,0.5399441591528668
228.75,4.0375,0.15760000000000335,0.4901797205212835
228.75,4.0625,0.15339999999999782,0.47711655538047093
228.75,4.0875,0.140799999999998,0.4379270599580855
228.75,4.112500000000001,0.12720000000000273,0.39562728712123907
228.75,4.1375,0.12819999999999818,0.3987375645357
228.75,4.1625,0.12070000000000258,0.37541048392715054
228.75,4.1875,0.11169999999999841,0.34741798719686184
228.75,4.2125,0.10889999999999846,0.33870921043633173
228.75,4.237500000000001,0.08780000000000186,0.2730823569909181
228.75,4.2625,0.08719999999999876,0.2712161905422234
228.75,4.2875,0.08290000000000178,0.25784199765998994
228.75,4.3125,0.07579999999999892,0.23575902801720794
228.75,4.3375,0.07579999999999892,0.23575902801720794
228.75,4.362500000000001,0.06570000000000141,0.20434522613101735
228.75,4.3875,0.05799999999999917,0.18039609003955223
228.75,4.4125,0.05010000000000107,0.15582489846520498
228.75,4.4375,0.05339999999999924,0.16608881393296707
228.75,4.4625,0.0424999999999994,0.13218679011518916
228.75,4.487500000000001,0.042300000000000906,0.13156473463229884
228.75,4.5125,0.036499999999999484,0.11352512562833893
228.75,4.5375,0.03430000000000073,0.10668251531649763
228.75,4.5625,0.026499999999999625,0.08242235148358854
228.75,4.5875,0.028799999999999593,0.08957598953688113
228.75,4.612500000000001,0.027500000000000583,0.08553262889806659
228.75,4.6375,0.02199999999999969,0.06842610311845086
228.75,4.6625,0.01910000000000041,0.05940629861647536
228.75,4.6875,0.019199999999999728,0.05971732635792075
228.75,4.7125,0.01609999999999977,0.050075466373048126
228.75,4.737500000000001,0.012700000000000272,0.0395005231638344
228.75,4.7625,0.011899999999999833,0.03701230123225297
228.75,4.7875000000000005,0.009499999999999864,0.02954763543751287
228.75,4.8125,0.011100000000000238,0.034524079300674165
228.75,4.8375,0.009499999999999864,0.02954763543751287
228.75,4.862500000000001,0.007700000000000163,0.02394913609145865
228.75,4.8875,0.0073999999999998945,0.023016052867115288
228.75,4.9125000000000005,0.005399999999999923,0.01679549803816521
228.75,4.9375,0.005900000000000126,0.01835063674540338
228.75,4.9625,0.003799999999999946,0.011819054175005148
228.75,4.987500000000001,0.0035000000000000747,0.010885970950663022
228.75,5.0125,0.00349999999999995,0.010885970950662635
228.75,5.0375000000000005,0.00349999999999995,0.010885970950662635
228.75,5.0625,0.003000000000000064,0.009330832243425447
228.75,5.0875,0.0024999999999999645,0.007775693536187597
228.75,5.112500000000001,0.0018000000000000385,0.005598499346055269
228.75,5.1375,0.002199999999999969,0.006842610311845086
228.75,5.1625000000000005,0.0007999999999999887,0.002488221931580031
228.75,5.1875,0.0018000000000000385,0.005598499346055269
228.75,5.2125,0.0008999999999999873,0.0027992496730275354
228.75,5.237500000000001,0.0009000000000000193,0.0027992496730276347
228.75,5.2625,0.0010999999999999845,0.003421305155922543
228.75,5.2875000000000005,0.00029999999999999575,0.0009330832243425117
228.75,5.3125,0.0005000000000000106,0.0015551387072375747
228.75,5.3375,0.000499999999999993,0.0015551387072375196
228.75,5.362500000000001,0.0004000000000000086,0.00124411096579006
228.75,5.3875,0.00029999999999999575,0.0009330832243425117
228.75,5.4125000000000005,0.00019999999999999716,0.0006220554828950078
228.75,5.4375,0.0003000000000000064,0.0009330832243425449
228.75,5.4625,0.00039999999999999433,0.0012441109657900155
228.75,5.487500000000001,0.00010000000000000215,0.000311027741447515
228.75,5.5125,0.0,0.0
228.75,5.5375000000000005,0.00019999999999999716,0.0006220554828950078
228.75,5.5625,0.0003000000000000064,0.0009330832243425449
228.75,5.5875,0.0,0.0
228.75,5.612500000000001,0.00010000000000000215,0.000311027741447515
228.75,5.6375,0.0,0.0
228.75,5.6625000000000005,0.0,0.0
228.75,5.6875,0.0,0.0
228.75,5.7125,0.0,0.0
228.75,5.737500000000001,0.0,0.0
228.75,5.7625,9.999999999999858e-05,0.0003110277414475039
228.75,5.7875000000000005,9.999999999999858e-05,0.0003110277414475039
228.75,5.8125,0.0,0.0
228.75,5.8375,0.0,0.0
228.75,5.862500000000001,0.0,0.0
228.75,5.8875,0.0,0.0
228.75,5.9125000000000005,0.0,0.0
228.75,5.9375,0.0,0.0
228.75,5.9625,0.0,0.0
228.75,5.987500000000001,0.0,0.0
228.75,6.0125,0.0,0.0
228.75,6.0375000000000005,0.0,0.0
228.75,6.0625,0.0,0.0
228.75,6.0875,0.0,0.0
228.75,6.112500000000001,0.0,0.0
228.75,6.1375,0.0,0.0
228.75,6.1625000000000005,0.0,0.0
228.75,6.1875,0.0,0.0
228.75,6.2125,0.0,0.0
228.75,6.237500000000001,0.0,0.0
228.75,6.2625,0.0,0.0
228.75,6.2875000000000005,0.0,0.0
228.75,6.3125,0.0,0.0
228.75,6.3375,0.0,0.0
228.75,6.362500000000001,0.0,0.0
228.75,6.3875,0.0,0.0
228.75,6.4125000000000005,0.0,0.0
228.75,6.4375,0.0,0.0
228.75,6.4625,0.0,0.0
228.75,6.487500000000001,0.0,0.0
228.75,6.5125,0.0,0.0
228.75,6.5375000000000005,0.0,0.0
228.75,6.5625,0.0,0.0
228.75,6.5875,0.0,0.0
228.75,6.612500000000001,0.0,0.0
228.75,6.6375,0.0,0.0
228.75,6.6625000000000005,0.0,0.0
228.75,6.6875,0.0,0.0
228.75,6.7125,0.0,0.0
228.75,6.737500000000001,0.0,0.0
228.75,6.7625,0.0,0.0
228.75,6.7875000000000005,0.0,0.0
228.75,6.8125,0.0,0.0
228.75,6.8375,0.0,0.0
228.75,6.862500000000001,0.0,0.0
228.75,6.8875,0.0,0.0
228.75,6.9125000000000005,0.0,0.0
228.75,6.9375,0.0,0.0
228.75,6.9625,0.0,0.0
228.75,6.987500000000001,0.0,0.0
231.25,0.0125,0.0,0.0
231.25,0.037500000000000006,0.0,0.0
231.25,0.0625,0.0,0.0
231.25,0.08750000000000001,0.00020000000000000006,0.0005533506298616049
231.25,0.1125,0.0005000000000000001,0.0013833765746540123
231.25,0.1375,0.0022999999999999982,0.0063635322434084495
231.25,0.16250000000000003,0.003800000000000001,0.010513661967370493
231.25,0.1875,0.009200000000000002,0.025454128973633822
231.25,0.21250000000000002,0.014000000000000004,0.038734544090312344
231.25,0.2375,0.020300000000000006,0.0561650889309529
231.25,0.2625,0.03079999999999997,0.08521599699868705
231.25,0.28750000000000003,0.041899999999999965,0.11592695695600609
231.25,0.3125,0.05020000000000007,0.13889100809526297
231.25,0.3375,0.06769999999999994,0.18730918820815304
231.25,0.36250000000000004,0.08070000000000012,0.22327697914915784
231.25,0.3875,0.08589999999999993,0.23766409552555906
231.25,0.41250000000000003,0.09999999999999991,0.2766753149308021
231.25,0.4375,0.10770000000000014,0.2979793141804746
231.25,0.4625,0.10969999999999991,0.30351282047908995
231.25,0.48750000000000004,0.12090000000000016,0.3345004557513405
231.25,0.5125,0.1166999999999999,0.3228800925242461
231.25,0.5375000000000001,0.1199999999999999,0.3320103779169626
231.25,0.5625,0.1168999999999999,0.3234334431541077
231.25,0.5875000000000001,0.1113999999999999,0.30821630083291357
231.25,0.6125,0.10420000000000038,0.28829567815789714
231.25,0.6375,0.10369999999999992,0.2869123015832418
231.25,0.6625000000000001,0.09579999999999991,0.2650549517037084
231.25,0.6875,0.08679999999999992,0.24015417335993625
231.25,0.7125000000000001,0.08189999999999992,0.22659708292832692
231.25,0.7375,0.06970000000000025,0.19284269450676994
231.25,0.7625,0.06639999999999995,0.18371240911405262
231.25,0.7875000000000001,0.05909999999999995,0.16351511112410408
231.25,0.8125,0.04969999999999995,0.13750763152060866
231.25,0.8375000000000001,0.045499999999999964,0.125887268293515
231.25,0.8625,0.03800000000000014,0.10513661967370529
231.25,0.8875,0.03869999999999997,0.10707334687822044
231.25,0.9125000000000001,0.03479999999999997,0.09628300959591914
231.25,0.9375,0.029099999999999973,0.08051251664486342
231.25,0.9625000000000001,0.029699999999999973,0.08217256853444824
231.25,0.9875,0.028400000000000102,0.07857578944034815
231.25,1.0125000000000002,0.030799999999999834,0.08521599699868668
231.25,1.0375,0.03400000000000012,0.09406960707647315
231.25,1.0625,0.040700000000000146,0.11260685317683697
231.25,1.0875,0.03949999999999979,0.10928674939766636
231.25,1.1125,0.05180000000000018,0.14331781313415612
231.25,1.1375000000000002,0.053299999999999716,0.14746794285811687
231.25,1.1625,0.060300000000000215,0.16683521490327444
231.25,1.1875,0.06609999999999965,0.1828823831692594
231.25,1.2125000000000001,0.0834000000000003,0.23074721265228998
231.25,1.2375,0.09230000000000033,0.25537131568113147
231.25,1.2625000000000002,0.10789999999999941,0.29853266481033414
231.25,1.2875,0.12620000000000045,0.3491642474426738
231.25,1.3125,0.13729999999999926,0.3798752073999896
231.25,1.3375000000000001,0.1401000000000005,0.38762211621805553
231.25,1.3625,0.15760000000000055,0.43604029633094604
231.25,1.3875000000000002,0.17349999999999907,0.4800316714049396
231.25,1.4125,0.17990000000000064,0.49773889156051526
231.25,1.4375,0.19749999999999895,0.5464337469883318
231.25,1.4625000000000001,0.21050000000000074,0.582401537929341
231.25,1.4875,0.23170000000000082,0.6410567046946714
231.25,1.5125000000000002,0.23669999999999874,0.6548904704412057
231.25,1.5375,0.24480000000000085,0.6773011709506066
231.25,1.5625,0.25779999999999864,0.7132689618916047
231.25,1.5875000000000001,0.26120000000000093,0.7226759225992584
231.25,1.6125,0.26170000000000093,0.7240592991739124
231.25,1.6375000000000002,0.27419999999999856,0.7586437135402561
231.25,1.6625,0.27150000000000096,0.7511734800371311
231.25,1.6875,0.27189999999999853,0.7522801812968476
231.25,1.7125000000000001,0.2613000000000009,0.7229525979141892
231.25,1.7375,0.2574000000000009,0.7121622606318878
231.25,1.7625000000000002,0.2580999999999986,0.714098987836397
231.25,1.7875,0.26800000000000096,0.741489844014553
231.25,1.8125,0.25249999999999867,0.6986051702002724
231.25,1.8375000000000001,0.25850000000000095,0.7152056890961268
231.25,1.8625,0.2510000000000009,0.6944550404763165
231.25,1.8875000000000002,0.2528999999999986,0.6997118714599954
231.25,1.9125,0.24580000000000088,0.6800679240999147
231.25,1.9375,0.24539999999999867,0.6789612228401853
231.25,1.9625000000000001,0.24930000000000088,0.6897515601224927
231.25,1.9875,0.2485000000000009,0.6875381576030464
231.25,2.0125,0.24930000000000088,0.6897515601224927
231.25,2.0375,0.2587999999999963,0.7160357150409064
231.25,2.0625,0.2568000000000009,0.7105022087423031
231.25,2.0875000000000004,0.26760000000000095,0.7403831427548297
231.25,2.1125,0.276600000000001,0.7652839210986022
231.25,2.1375,0.280400000000001,0.7757975830659726
231.25,2.1625,0.2885999999999959,0.7984849588902844
231.25,2.1875,0.31130000000000113,0.8612902553795909
231.25,2.2125000000000004,0.3287000000000012,0.9094317601775508
231.25,2.2375,0.3363000000000012,0.9304590841122917
231.25,2.2625,0.3457000000000012,0.9564665637157871
231.25,2.2875,0.36239999999999484,1.0026713413092134
231.25,2.3125,0.37920000000000137,1.0491527942176064
231.25,2.3375000000000004,0.3947000000000014,1.0920374680318807
231.25,2.3625,0.4215000000000015,1.166186452433336
231.25,2.3875,0.421299999999994,1.1656331018034538
231.25,2.4125000000000005,0.44320000000000154,1.2262249957733204
231.25,2.4375,0.44610000000000155,1.2342485799063136
231.25,2.4625000000000004,0.4601000000000017,1.2729831239966263
231.25,2.4875,0.47330000000000166,1.3095042655674922
231.25,2.5125,0.4797999999999932,1.327488161037971
231.25,2.5375000000000005,0.49720000000000175,1.3756296658359541
231.25,2.5625,0.5110000000000018,1.4138108592964052
231.25,2.5875000000000004,0.5029000000000018,1.3914001587870102
231.25,2.6125,0.5135000000000018,1.4207277421696753
231.25,2.6375,0.5083999999999929,1.4066173011081795
231.25,2.6625000000000005,0.5026000000000018,1.3905701328422178
231.25,2.6875,0.5135000000000018,1.4207277421696753
231.25,2.7125000000000004,0.5079000000000018,1.4052339245335501
231.25,2.7375,0.4959000000000018,1.3720328867418539
231.25,2.7625,0.48389999999999317,1.3388318489501339
231.25,2.7875000000000005,0.47850000000000165,1.323891381943894
231.25,2.8125,0.4735000000000017,1.3100576161973538
231.25,2.8375000000000004,0.4685000000000017,1.296223850450814
231.25,2.8625,0.46970000000000167,1.2995439542299834
231.25,2.8875,0.45459999999999356,1.2577659816754099
231.25,2.9125000000000005,0.42480000000000145,1.1753167378260525
231.25,2.9375,0.43790000000000157,1.2115612040819879
231.25,2.9625000000000004,0.4222000000000015,1.1681231796378517
231.25,2.9875,0.4197000000000015,1.1612062967645818
231.25,3.0125,0.4026999999999943,1.1141714932263254
231.25,3.0375000000000005,0.3911000000000014,1.0820771566943719
231.25,3.0625,0.3772000000000013,1.0436192879189903
231.25,3.0875000000000004,0.38990000000000136,1.0787570529152022
231.25,3.1125,0.3704000000000013,1.0248053665036956
231.25,3.1375,0.349599999999995,0.9672569009980714
231.25,3.1625000000000005,0.34000000000000125,0.9406960707647315
231.25,3.1875,0.33370000000000116,0.9232655259240907
231.25,3.2125000000000004,0.33580000000000115,0.9290757075376376
231.25,3.2375,0.3235000000000011,0.8950446438011488
231.25,3.2625,0.31369999999999554,0.8679304629379146
231.25,3.2875000000000005,0.3175000000000011,0.8784441249053007
231.25,3.3125,0.3082000000000011,0.8527133206167359
231.25,3.3375000000000004,0.30250000000000105,0.8369428276656801
231.25,3.3625,0.3046000000000011,0.842753009279227
231.25,3.3875,0.3037999999999957,0.8405396067597657
231.25,3.4125000000000005,0.29630000000000106,0.8197889581399703
231.25,3.4375,0.284600000000001,0.7874179462930664
231.25,3.4625000000000004,0.2962000000000011,0.8195122828250396
231.25,3.4875,0.27800000000000097,0.7691573755076333
231.25,3.5125,0.279599999999996,0.7735841805465125
231.25,3.5375000000000005,0.28930000000000106,0.8004216860948142
231.25,3.5625,0.278300000000001,0.7699874014524257
231.25,3.5875000000000004,0.26890000000000097,0.7439799218489302
231.25,3.6125,0.273800000000001,0.7575370122805396
231.25,3.6375,0.2736999999999961,0.7572603369655954
231.25,3.6625000000000005,0.26370000000000093,0.7295928054725285
231.25,3.6875,0.26020000000000093,0.7199091694499503
231.25,3.7125000000000004,0.2525000000000009,0.6986051702002785
231.25,3.7375,0.2518000000000009,0.6966684429957629
231.25,3.7625,0.2459999999999965,0.6806212747297642
231.25,3.7875000000000005,0.23300000000000085,0.6446534837887719
231.25,3.8125,0.2259000000000008,0.6250095364286847
231.25,3.8375000000000004,0.2169000000000008,0.6001087580849125
231.25,3.8625,0.21520000000000078,0.5954052777310889
231.25,3.8875,0.20019999999999716,0.5539039804914585
231.25,3.9125000000000005,0.19910000000000072,0.5508605520272295
231.25,3.9375,0.18620000000000067,0.5151694364011559
231.25,3.9625000000000004,0.17800000000000063,0.49248206057682997
231.25,3.9875,0.17790000000000064,0.4922053852618992
231.25,4.0125,0.1707999999999976,0.47256143790180377
231.25,4.0375,0.1594000000000034,0.4410204519997084
231.25,4.0625,0.15679999999999777,0.433826893811492
231.25,4.0875,0.1473999999999979,0.4078194142079969
231.25,4.112500000000001,0.14230000000000304,0.3937089731465402
231.25,4.1375,0.12769999999999818,0.3533143771666296
231.25,4.1625,0.12260000000000261,0.3392039361051709
231.25,4.1875,0.1192999999999983,0.33007365071244255
231.25,4.2125,0.10269999999999854,0.28414554843393003
231.25,4.237500000000001,0.10320000000000219,0.2855289250085941
231.25,4.2625,0.09299999999999867,0.2573080428856425
231.25,4.2875,0.0889000000000019,0.24596435497348856
231.25,4.3125,0.07809999999999889,0.2160834209609536
231.25,4.3375,0.07149999999999898,0.19782285017552087
231.25,4.362500000000001,0.06480000000000138,0.17928560407516378
231.25,4.3875,0.0633999999999991,0.1754121496661262
231.25,4.4125,0.05530000000000118,0.15300144915673697
231.25,4.4375,0.05479999999999922,0.15161807258207755
231.25,4.4625,0.052699999999999254,0.14580789096853078
231.25,4.487500000000001,0.046500000000000985,0.12865402144282584
231.25,4.5125,0.03939999999999944,0.1090100740827346
231.25,4.5375,0.03790000000000081,0.10485994435877634
231.25,4.5625,0.03799999999999946,0.1051366196737034
231.25,4.5875,0.032499999999999536,0.08991947735250949
231.25,4.612500000000001,0.02780000000000059,0.0769157375507647
231.25,4.6375,0.025299999999999642,0.069998854677492
231.25,4.6625,0.021300000000000454,0.05893184208026216
231.25,4.6875,0.01909999999999973,0.0528449851517825
231.25,4.7125,0.017199999999999754,0.04758815416809733
231.25,4.737500000000001,0.018400000000000392,0.05090825794726872
231.25,4.7625,0.014899999999999788,0.04122462192468897
231.25,4.7875000000000005,0.014499999999999793,0.04011792066496577
231.25,4.8125,0.011000000000000235,0.030434284642388912
231.25,4.8375,0.010999999999999845,0.030434284642387833
231.25,4.862500000000001,0.00990000000000021,0.027390856178150017
231.25,4.8875,0.00929999999999987,0.02573080428856426
231.25,4.9125000000000005,0.007199999999999898,0.01992062267501749
231.25,4.9375,0.00840000000000018,0.0232407264541879
231.25,4.9625,0.006399999999999909,0.0177072201555711
231.25,4.987500000000001,0.005200000000000111,0.01438711637640203
231.25,5.0125,0.004499999999999936,0.01245038917188593
231.25,5.0375000000000005,0.003999999999999944,0.011067012597231939
231.25,5.0625,0.002900000000000062,0.00802358413299344
231.25,5.0875,0.003299999999999953,0.00913028539271635
231.25,5.112500000000001,0.0032000000000000687,0.008853610077785866
231.25,5.1375,0.0024999999999999645,0.006916882873269961
231.25,5.1625000000000005,0.0014999999999999786,0.004150129723961976
231.25,5.1875,0.0017000000000000363,0.004703480353823741
231.25,5.2125,0.001199999999999983,0.0033201037791695813
231.25,5.237500000000001,0.0006000000000000128,0.0016600518895848499
231.25,5.2625,0.0008999999999999873,0.002490077834377186
231.25,5.2875000000000005,0.00069999999999999,0.001936727204515589
231.25,5.3125,0.0007000000000000148,0.0019367272045156577
231.25,5.3375,0.00069999999999999,0.001936727204515589
231.25,5.362500000000001,0.0004000000000000086,0.0011067012597232332
231.25,5.3875,0.0005999999999999915,0.0016600518895847907
231.25,5.4125000000000005,0.00019999999999999716,0.0005533506298615969
231.25,5.4375,0.0008000000000000172,0.0022134025194464665
231.25,5.4625,0.0,0.0
231.25,5.487500000000001,0.00010000000000000215,0.0002766753149308083
231.25,5.5125,9.999999999999858e-05,0.00027667531493079844
231.25,5.5375000000000005,9.999999999999858e-05,0.00027667531493079844
231.25,5.5625,0.0002000000000000043,0.0005533506298616166
231.25,5.5875,9.999999999999858e-05,0.00027667531493079844
231.25,5.612500000000001,0.0003000000000000064,0.0008300259447924249
231.25,5.6375,9.999999999999858e-05,0.00027667531493079844
231.25,5.6625000000000005,0.0,0.0
231.25,5.6875,0.0,0.0
231.25,5.7125,0.0,0.0
231.25,5.737500000000001,0.0,0.0
231.25,5.7625,0.0,0.0
231.25,5.7875000000000005,0.0,0.0
231.25,5.8125,0.0,0.0
231.25,5.8375,0.0,0.0
231.25,5.862500000000001,0.0,0.0
231.25,5.8875,0.0,0.0
231.25,5.9125000000000005,9.999999999999858e-05,0.00027667531493079844
231.25,5.9375,0.0,0.0
231.25,5.9625,0.0,0.0
231.25,5.987500000000001,0.0,0.0
231.25,6.0125,0.0,0.0
231.25,6.0375000000000005,0.0,0.0
231.25,6.0625,0.0,0.0
231.25,6.0875,0.0,0.0
231.25,6.112500000000001,0.0,0.0
231.25,6.1375,0.0,0.0
231.25,6.1625000000000005,0.0,0.0
231.25,6.1875,0.0,0.0
231.25,6.2125,0.0,0.0
231.25,6.237500000000001,0.0,0.0
231.25,6.2625,0.0,0.0
231.25,6.2875000000000005,0.0,0.0
231.25,6.3125,0.0,0.0
231.25,6.3375,0.0,0.0
231.25,6.362500000000001,0.0,0.0
231.25,6.3875,0.0,0.0
231.25,6.4125000000000005,0.0,0.0
231.25,6.4375,0.0,0.0
231.25,6.4625,0.0,0.0
231.25,6.487500000000001,0.0,0.0
231.25,6.5125,0.0,0.0
231.25,6.5375000000000005,0.0,0.0
231.25,6.5625,0.0,0.0
231.25,6.5875,0.0,0.0
231.25,6.612500000000001,0.0,0.0
231.25,6.6375,0.0,0.0
231.25,6.6625000000000005,0.0,0.0
231.25,6.6875,0.0,0.0
231.25,6.7125,0.0,0.0
231.25,6.737500000000001,0.0,0.0
231.25,6.7625,0.0,0.0
231.25,6.7875000000000005,0.0,0.0
231.25,6.8125,0.0,0.0
231.25,6.8375,0.0,0.0
231.25,6.862500000000001,0.0,0.0
231.25,6.8875,0.0,0.0
231.25,6.9125000000000005,0.0,0.0
231.25,6.9375,0.0,0.0
231.25,6.9625,0.0,0.0
231.25,6.987500000000001,0.0,0.0
233.75,0.0125,0.0,0.0
233.75,0.037500000000000006,0.0,0.0
233.75,0.0625,9.999999999999998e-05,0.0002473488951978327
233.75,0.08750000000000001,0.0003000000000000001,0.0007420466855934984
233.75,0.1125,0.0013000000000000002,0.003215535637571826
233.75,0.1375,0.0026999999999999975,0.006678420170341478
233.75,0.16250000000000003,0.005800000000000001,0.014346235921474302
233.75,0.1875,0.008200000000000002,0.020282609406222292
233.75,0.21250000000000002,0.015600000000000003,0.03858642765086191
233.75,0.2375,0.021900000000000006,0.05416940804832539
233.75,0.2625,0.028999999999999974,0.07173117960737142
233.75,0.28750000000000003,0.03869999999999997,0.0957240224415612
233.75,0.3125,0.050000000000000065,0.12367444759891653
233.75,0.3375,0.06549999999999995,0.16201352635458033
233.75,0.36250000000000004,0.07350000000000009,0.1818014379704073
233.75,0.3875,0.08669999999999993,0.21445149213652082
233.75,0.41250000000000003,0.09319999999999992,0.23052917032437992
233.75,0.4375,0.09920000000000014,0.24537010403625042
233.75,0.4625,0.10629999999999991,0.26293187559529596
233.75,0.48750000000000004,0.11510000000000015,0.28469857837270585
233.75,0.5125,0.11679999999999989,0.28890350959106836
233.75,0.5375000000000001,0.1170999999999999,0.2896455562766619
233.75,0.5625,0.1118999999999999,0.2767834137263746
233.75,0.5875000000000001,0.1119999999999999,0.27703076262157245
233.75,0.6125,0.10530000000000037,0.2604583866433188
233.75,0.6375,0.10239999999999992,0.25328526868258056
233.75,0.6625000000000001,0.09289999999999991,0.2297871236387864
233.75,0.6875,0.08369999999999993,0.2070310252805858
233.75,0.7125000000000001,0.08129999999999993,0.20109465179583785
233.75,0.7375,0.06670000000000023,0.164981713096955
233.75,0.7625,0.06329999999999994,0.15657185066022797
233.75,0.7875000000000001,0.05869999999999995,0.14519380148112768
233.75,0.8125,0.052399999999999954,0.12961082108366423
233.75,0.8375000000000001,0.048099999999999955,0.11897481859015743
233.75,0.8625,0.04380000000000016,0.10833881609665114
233.75,0.8875,0.038999999999999965,0.09646606912715468
233.75,0.9125000000000001,0.03639999999999997,0.09003499785201104
233.75,0.9375,0.03239999999999997,0.08014104204409774
233.75,0.9625000000000001,0.03219999999999997,0.07964634425370207
233.75,0.9875,0.03150000000000011,0.07791490198731758
233.75,1.0125000000000002,0.03529999999999981,0.0873141600048345
233.75,1.0375,0.03650000000000013,0.09028234674720927
233.75,1.0625,0.04010000000000014,0.09918690697433129
233.75,1.0875,0.04649999999999975,0.1150172362669916
233.75,1.1125,0.04730000000000017,0.1169960274285753
233.75,1.1375000000000002,0.062199999999999665,0.15385101281305114
233.75,1.1625,0.06500000000000022,0.16077678187859185
233.75,1.1875,0.0738999999999996,0.1827908335511974
233.75,1.2125000000000001,0.0842000000000003,0.2082677697565759
233.75,1.2375,0.09900000000000037,0.24487540624585533
233.75,1.2625000000000002,0.1107999999999994,0.2740625758791972
233.75,1.2875,0.1149000000000004,0.28420388058231083
233.75,1.3125,0.12839999999999932,0.3175959814340156
233.75,1.3375000000000001,0.15310000000000054,0.37869115854788327
233.75,1.3625,0.16080000000000058,0.39773702347811646
233.75,1.3875000000000002,0.17199999999999907,0.42544009974027003
233.75,1.4125,0.18180000000000066,0.44968029146966154
233.75,1.4375,0.20209999999999892,0.4998921171948173
233.75,1.4625000000000001,0.1988000000000007,0.4917296036532932
233.75,1.4875,0.21400000000000075,0.5293266357233639
233.75,1.5125000000000002,0.23169999999999877,0.5731073901733754
233.75,1.5375,0.23810000000000087,0.5889377194660419
233.75,1.5625,0.25169999999999865,0.6225771692129417
233.75,1.5875000000000001,0.2542000000000009,0.6287608915928932
233.75,1.6125,0.24930000000000088,0.6166407957281992
233.75,1.6375000000000002,0.26829999999999854,0.6636370858157816
233.75,1.6625,0.265300000000001,0.6562166189598527
233.75,1.6875,0.2539999999999986,0.6282661938024917
233.75,1.7125000000000001,0.2648000000000009,0.6549798744838634
233.75,1.7375,0.26920000000000094,0.6658632258725681
233.75,1.7625000000000002,0.2652999999999986,0.6562166189598467
233.75,1.7875,0.26020000000000093,0.6436018253047631
233.75,1.8125,0.25629999999999864,0.6339552183920419
233.75,1.8375000000000001,0.25760000000000094,0.6371707540296194
233.75,1.8625,0.2569000000000009,0.6354393117632345
233.75,1.8875000000000002,0.2539999999999986,0.6282661938024917
233.75,1.9125,0.2546000000000009,0.6297502871736843
233.75,1.9375,0.25369999999999865,0.6275241471168983
233.75,1.9625000000000001,0.25710000000000094,0.6359340095536303
233.75,1.9875,0.2521000000000009,0.6235665647937385
233.75,2.0125,0.25600000000000095,0.6332131717064542
233.75,2.0375,0.2613999999999963,0.6465700120471256
233.75,2.0625,0.26100000000000095,0.6455806164663458
233.75,2.0875000000000004,0.26560000000000095,0.6569586656454461
233.75,2.1125,0.283300000000001,0.7007394200954626
233.75,2.1375,0.28850000000000103,0.71360156264575
233.75,2.1625,0.3013999999999957,0.7455095701262573
233.75,2.1875,0.3096000000000011,0.7657921795324929
233.75,2.2125000000000004,0.32540000000000113,0.8048733049737505
233.75,2.2375,0.33440000000000114,0.8271347055415555
233.75,2.2625,0.3561000000000013,0.8808094157994856
233.75,2.2875,0.35909999999999487,0.8882298826554047
233.75,2.3125,0.37740000000000135,0.9334947304766241
233.75,2.3375000000000004,0.4001000000000014,0.9896429296865322
233.75,2.3625,0.4017000000000014,0.9936005120096976
233.75,2.3875,0.4169999999999941,1.031444892974948
233.75,2.4125000000000005,0.43490000000000156,1.0757203452153785
233.75,2.4375,0.4409000000000015,1.0905612789272483
233.75,2.4625000000000004,0.45450000000000157,1.1242007286741538
233.75,2.4875,0.4563000000000016,1.1286530087877147
233.75,2.5125,0.4646999999999934,1.1494303159843124
233.75,2.5375000000000005,0.48730000000000173,1.2053311662990431
233.75,2.5625,0.4655000000000017,1.1514091071459156
233.75,2.5875000000000004,0.49520000000000175,1.224871729019672
233.75,2.6125,0.49560000000000176,1.2258611246004634
233.75,2.6375,0.48039999999999317,1.1882640925303716
233.75,2.6625000000000005,0.5156000000000018,1.2753309036400302
233.75,2.6875,0.5082000000000018,1.2570270853953904
233.75,2.7125000000000004,0.49760000000000176,1.2308081025044202
233.75,2.7375,0.4876000000000017,1.2060732129846365
233.75,2.7625,0.48389999999999317,1.1969213038622957
233.75,2.7875000000000005,0.47870000000000174,1.1840591613120297
233.75,2.8125,0.47990000000000166,1.1870273480544034
233.75,2.8375000000000004,0.47240000000000165,1.168476180914566
233.75,2.8625,0.46680000000000166,1.1546246427834874
233.75,2.8875,0.44809999999999367,1.1083703993814729
233.75,2.9125000000000005,0.4543000000000016,1.123706030883758
233.75,2.9375,0.4227000000000015,1.0455437800012428
233.75,2.9625000000000004,0.4148000000000015,1.026003217280614
233.75,2.9875,0.4051000000000014,1.002010374446424
233.75,3.0125,0.40349999999999425,0.9980527921232409
233.75,3.0375000000000005,0.3945000000000014,0.9757913915554537
233.75,3.0625,0.38280000000000136,0.9468515708173071
233.75,3.0875000000000004,0.37620000000000137,0.9305265437342501
233.75,3.1125,0.35750000000000126,0.8842723003322551
233.75,3.1375,0.355599999999995,0.8795726713234808
233.75,3.1625000000000005,0.3581000000000013,0.8857563937034423
233.75,3.1875,0.34700000000000125,0.8583006663364827
233.75,3.2125000000000004,0.3323000000000012,0.8219403787424012
233.75,3.2375,0.3248000000000012,0.8033892116025637
233.75,3.2625,0.32059999999999544,0.7930005580042405
233.75,3.2875000000000005,0.32040000000000113,0.7925058602138589
233.75,3.3125,0.32970000000000116,0.8155093074672574
233.75,3.3375000000000004,0.31260000000000115,0.773212646388428
233.75,3.3625,0.3071000000000011,0.7596084571525471
233.75,3.3875,0.30449999999999566,0.7531773858773899
233.75,3.4125000000000005,0.30090000000000106,0.7442728256502813
233.75,3.4375,0.29840000000000105,0.7380891032703355
233.75,3.4625000000000004,0.28950000000000103,0.7160750515977283
233.75,3.4875,0.290200000000001,0.7178064938641131
233.75,3.5125,0.28569999999999596,0.7066757935801982
233.75,3.5375000000000005,0.277700000000001,0.686887881964384
233.75,3.5625,0.274300000000001,0.6784780195276576
233.75,3.5875000000000004,0.27650000000000097,0.6839196952220099
233.75,3.6125,0.272200000000001,0.6732836927285032
233.75,3.6375,0.2619999999999963,0.6480541054183127
233.75,3.6625000000000005,0.2593000000000009,0.6413756852479826
233.75,3.6875,0.2502000000000009,0.6188669357849798
233.75,3.7125000000000004,0.24820000000000086,0.613919957881023
233.75,3.7375,0.2537000000000009,0.627524147116904
233.75,3.7625,0.24109999999999657,0.5963581863219662
233.75,3.7875000000000005,0.22870000000000082,0.5656869233174455
233.75,3.8125,0.23780000000000084,0.5881956727804484
233.75,3.8375000000000004,0.21500000000000075,0.5318001246753422
233.75,3.8625,0.22080000000000077,0.5461463605968166
233.75,3.8875,0.20469999999999708,0.5063231884699564
233.75,3.9125000000000005,0.1950000000000007,0.4823303456357756
233.75,3.9375,0.19060000000000069,0.4714469942470709
233.75,3.9625000000000004,0.18070000000000064,0.44695945362248535
233.75,3.9875,0.17610000000000064,0.43558140444338506
233.75,4.0125,0.17939999999999745,0.44374391798490564
233.75,4.0375,0.16120000000000342,0.39872641905891487
233.75,4.0625,0.1552999999999978,0.3841328342422288
233.75,4.0875,0.14409999999999795,0.3564297579800719
233.75,4.112500000000001,0.13980000000000298,0.34579375548657754
233.75,4.1375,0.13759999999999803,0.340352079792213
233.75,4.1625,0.12570000000000267,0.31091756126368236
233.75,4.1875,0.1131999999999984,0.2799989493639427
233.75,4.2125,0.11139999999999842,0.27554666925038174
233.75,4.237500000000001,0.1029000000000022,0.2545220131585753
233.75,4.2625,0.09599999999999863,0.23745493938991605
233.75,4.2875,0.09270000000000198,0.22929242584839585
233.75,4.3125,0.08959999999999872,0.22162461009725498
233.75,4.3375,0.08019999999999886,0.19837381394865902
233.75,4.362500000000001,0.07460000000000158,0.18452227581758715
233.75,4.3875,0.06449999999999909,0.15954003740259987
233.75,4.4125,0.06570000000000141,0.1625082241449796
233.75,4.4375,0.06119999999999912,0.15137752386107148
233.75,4.4625,0.05529999999999922,0.13678393904439956
233.75,4.487500000000001,0.04640000000000099,0.11476988737179684
233.75,4.5125,0.047999999999999314,0.11872746969495802
233.75,4.5375,0.04140000000000088,0.10240244261190494
233.75,4.5625,0.04039999999999943,0.09992895365992302
233.75,4.5875,0.0353999999999995,0.08756150890003156
233.75,4.612500000000001,0.030300000000000646,0.07494671524494492
233.75,4.6375,0.02669999999999962,0.0660421550178204
233.75,4.6625,0.02300000000000049,0.05689024589550274
233.75,4.6875,0.019999999999999716,0.04946977903956584
233.75,4.7125,0.02059999999999971,0.050953872410752825
233.75,4.737500000000001,0.018400000000000392,0.04551219671640219
233.75,4.7625,0.01859999999999974,0.04600689450679624
233.75,4.7875000000000005,0.014599999999999792,0.03611293869888307
233.75,4.8125,0.013500000000000288,0.03339210085170813
233.75,4.8375,0.01269999999999982,0.03141330969012431
233.75,4.862500000000001,0.010500000000000223,0.02597163399577299
233.75,4.8875,0.00909999999999987,0.022508749463002457
233.75,4.9125000000000005,0.007099999999999899,0.017561771559045876
233.75,4.9375,0.0066000000000001405,0.01632502708305731
233.75,4.9625,0.007299999999999896,0.018056469349441533
233.75,4.987500000000001,0.006800000000000145,0.016819724873452985
233.75,5.0125,0.005999999999999914,0.014840933711869753
233.75,5.0375000000000005,0.0048999999999999305,0.012120095864693632
233.75,5.0625,0.005400000000000115,0.013356840340683252
233.75,5.0875,0.003799999999999946,0.00939925801751751
233.75,5.112500000000001,0.0037000000000000787,0.009151909122320006
233.75,5.1375,0.00279999999999996,0.006925769065539218
233.75,5.1625000000000005,0.0022999999999999674,0.005689024589550073
233.75,5.1875,0.002100000000000045,0.005194326799154598
233.75,5.2125,0.0014999999999999786,0.0037102334279674382
233.75,5.237500000000001,0.0006000000000000128,0.0014840933711870283
233.75,5.2625,0.001199999999999983,0.0029681867423739508
233.75,5.2875000000000005,0.001199999999999983,0.0029681867423739508
233.75,5.3125,0.0016000000000000343,0.003957582323165409
233.75,5.3375,0.00139999999999998,0.003462884532769609
233.75,5.362500000000001,0.0008000000000000172,0.0019787911615827044
233.75,5.3875,0.0007999999999999887,0.0019787911615826337
233.75,5.4125000000000005,0.00069999999999999,0.0017314422663848045
233.75,5.4375,0.0006000000000000128,0.0014840933711870283
233.75,5.4625,0.0007999999999999887,0.0019787911615826337
233.75,5.487500000000001,0.0002000000000000043,0.0004946977903956761
233.75,5.5125,0.00039999999999999433,0.0009893955807913169
233.75,5.5375000000000005,0.00039999999999999433,0.0009893955807913169
233.75,5.5625,0.0,0.0
233.75,5.5875,0.00019999999999999716,0.0004946977903956584
233.75,5.612500000000001,0.0003000000000000064,0.0007420466855935141
233.75,5.6375,9.999999999999858e-05,0.0002473488951978292
233.75,5.6625000000000005,0.00019999999999999716,0.0004946977903956584
233.75,5.6875,0.00010000000000000215,0.00024734889519783805
233.75,5.7125,9.999999999999858e-05,0.0002473488951978292
233.75,5.737500000000001,0.0,0.0
233.75,5.7625,9.999999999999858e-05,0.0002473488951978292
233.75,5.7875000000000005,0.0,0.0
233.75,5.8125,0.0,0.0
233.75,5.8375,0.0,0.0
233.75,5.862500000000001,0.0002000000000000043,0.0004946977903956761
233.75,5.8875,0.0,0.0
233.75,5.9125000000000005,0.0,0.0
233.75,5.9375,0.0,0.0
233.75,5.9625,0.0,0.0
233.75,5.987500000000001,0.0,0.0
233.75,6.0125,0.0,0.0
233.75,6.0375000000000005,0.0,0.0
233.75,6.0625,0.0,0.0
233.75,6.0875,0.0,0.0
233.75,6.112500000000001,0.0,0.0
233.75,6.1375,9.999999999999858e-05,0.0002473488951978292
233.75,6.1625000000000005,0.0,0.0
233.75,6.1875,0.0,0.0
233.75,6.2125,0.0,0.0
233.75,6.237500000000001,0.0,0.0
233.75,6.2625,0.0,0.0
233.75,6.2875000000000005,0.0,0.0
233.75,6.3125,0.0,0.0
233.75,6.3375,0.0,0.0
233.75,6.362500000000001,0.0,0.0
233.75,6.3875,0.0,0.0
233.75,6.4125000000000005,0.0,0.0
233.75,6.4375,0.0,0.0
233.75,6.4625,0.0,0.0
233.75,6.487500000000001,0.0,0.0
233.75,6.5125,0.0,0.0
233.75,6.5375000000000005,0.0,0.0
233.75,6.5625,0.0,0.0
233.75,6.5875,0.0,0.0
233.75,6.612500000000001,0.0,0.0
233.75,6.6375,0.0,0.0
233.75,6.6625000000000005,0.0,0.0
233.75,6.6875,0.0,0.0
233.75,6.7125,0.0,0.0
233.75,6.737500000000001,0.0,0.0
233.75,6.7625,0.0,0.0
233.75,6.7875000000000005,0.0,0.0
233.75,6.8125,0.0,0.0
233.75,6.8375,0.0,0.0
233.75,6.862500000000001,0.0,0.0
233.75,6.8875,0.0,0.0
233.75,6.9125000000000005,0.0,0.0
233.75,6.9375,0.0,0.0
233.75,6.9625,0.0,0.0
233.75,6.987500000000001,0.0,0.0
236.25,0.0125,0.0,0.0
236.25,0.037500000000000006,0.0001,0.00022228942607694459
236.25,0.0625,0.0,0.0
236.25,0.08750000000000001,0.0008000000000000003,0.0017783154086155571
236.25,0.1125,0.0010000000000000002,0.0022228942607694464
236.25,0.1375,0.004299999999999996,0.009558445321308607
236.25,0.16250000000000003,0.006400000000000002,0.014226523268924457
236.25,0.1875,0.010000000000000002,0.022228942607694462
236.25,0.21250000000000002,0.015900000000000004,0.0353440187462342
236.25,0.2375,0.023200000000000005,0.05157114684985115
236.25,0.2625,0.028299999999999974,0.06290790757977525
236.25,0.28750000000000003,0.04049999999999996,0.09002721756116246
236.25,0.3125,0.05500000000000007,0.12225918434231967
236.25,0.3375,0.06239999999999994,0.13870860187201328
236.25,0.36250000000000004,0.0792000000000001,0.17605322545294033
236.25,0.3875,0.08449999999999992,0.187834565035018
236.25,0.41250000000000003,0.09289999999999991,0.20650687682548133
236.25,0.4375,0.10120000000000014,0.22495689918986822
236.25,0.4625,0.1042999999999999,0.231847871398253
236.25,0.48750000000000004,0.11300000000000014,0.2511870514669477
236.25,0.5125,0.1120999999999999,0.24918644663225464
236.25,0.5375000000000001,0.1106999999999999,0.2460743946671774
236.25,0.5625,0.1217999999999999,0.27074852096171825
236.25,0.5875000000000001,0.1064999999999999,0.23673823877194575
236.25,0.6125,0.10240000000000037,0.22762437230279206
236.25,0.6375,0.10259999999999991,0.22806895115494494
236.25,0.6625000000000001,0.10199999999999991,0.22673521459848325
236.25,0.6875,0.08539999999999993,0.18983516986971052
236.25,0.7125000000000001,0.08169999999999993,0.18161046110486356
236.25,0.7375,0.07540000000000027,0.16760622726201682
236.25,0.7625,0.06979999999999995,0.1551580194017072
236.25,0.7875000000000001,0.06119999999999994,0.13604112875908994
236.25,0.8125,0.05659999999999995,0.1258158151595505
236.25,0.8375000000000001,0.050799999999999956,0.11292302844708775
236.25,0.8625,0.04280000000000015,0.09513987436093262
236.25,0.8875,0.04679999999999996,0.10403145140400998
236.25,0.9125000000000001,0.03819999999999996,0.08491456076139274
236.25,0.9375,0.03589999999999997,0.07980190396162302
236.25,0.9625000000000001,0.037299999999999965,0.08291395592670024
236.25,0.9875,0.03650000000000013,0.08113564051808506
236.25,1.0125000000000002,0.037899999999999795,0.08424769248316154
236.25,1.0375,0.04150000000000015,0.09225011182193232
236.25,1.0625,0.04750000000000017,0.10558747738654904
236.25,1.0875,0.04689999999999975,0.10425374083008644
236.25,1.1125,0.0577000000000002,0.12826099884639747
236.25,1.1375000000000002,0.06069999999999968,0.13492968162870464
236.25,1.1625,0.06850000000000024,0.15226825686270756
236.25,1.1875,0.08159999999999958,0.18138817167878582
236.25,1.2125000000000001,0.09300000000000032,0.20672916625155915
236.25,1.2375,0.09270000000000034,0.20606229797332837
236.25,1.2625000000000002,0.1135999999999994,0.2525207880234077
236.25,1.2875,0.11850000000000041,0.26341296990118024
236.25,1.3125,0.1338999999999993,0.2976455415170272
236.25,1.3375000000000001,0.1431000000000005,0.3180961687161088
236.25,1.3625,0.15560000000000054,0.34588234697572695
236.25,1.3875000000000002,0.16419999999999912,0.364999237618341
236.25,1.4125,0.18110000000000065,0.40256615062534806
236.25,1.4375,0.2021999999999989,0.4494692195275795
236.25,1.4625000000000001,0.20580000000000073,0.45747163886635356
236.25,1.4875,0.20910000000000076,0.4648071899268928
236.25,1.5125000000000002,0.2266999999999988,0.5039301289164306
236.25,1.5375,0.22720000000000082,0.5050415760468199
236.25,1.5625,0.2411999999999987,0.5361620956975874
236.25,1.5875000000000001,0.24690000000000087,0.5488325929839781
236.25,1.6125,0.2508000000000009,0.557501880600979
236.25,1.6375000000000002,0.2640999999999986,0.5870663742692075
236.25,1.6625,0.2553000000000009,0.5675049047744415
236.25,1.6875,0.25739999999999863,0.5721729827220523
236.25,1.7125000000000001,0.2638000000000009,0.5863995059909818
236.25,1.7375,0.2599000000000009,0.577730218373981
236.25,1.7625000000000002,0.2627999999999986,0.5841766117302072
236.25,1.7875,0.2658000000000009,0.5908452945125208
236.25,1.8125,0.2610999999999986,0.5803976914868992
236.25,1.8375000000000001,0.2566000000000009,0.5703946673134418
236.25,1.8625,0.24730000000000085,0.5497217506882859
236.25,1.8875000000000002,0.2582999999999986,0.5741735875567447
236.25,1.9125,0.2547000000000009,0.5661711682179799
236.25,1.9375,0.25279999999999864,0.5619476691225128
236.25,1.9625000000000001,0.2559000000000009,0.5688386413309032
236.25,1.9875,0.2562000000000009,0.569505509609134
236.25,2.0125,0.26200000000000095,0.5823982963215969
236.25,2.0375,0.26699999999999624,0.5935127676254337
236.25,2.0625,0.27050000000000096,0.6012928975381372
236.25,2.0875000000000004,0.273800000000001,0.6086284485986765
236.25,2.1125,0.283600000000001,0.6304128123542171
236.25,2.1375,0.2985000000000011,0.663533936839682
236.25,2.1625,0.3038999999999957,0.675537565847825
236.25,2.1875,0.31680000000000114,0.7042129018117629
236.25,2.2125000000000004,0.32520000000000115,0.7228852136022264
236.25,2.2375,0.3477000000000013,0.7729003344695391
236.25,2.2625,0.3503000000000012,0.7786798595475396
236.25,2.2875,0.3677999999999948,0.8175805091109906
236.25,2.3125,0.37640000000000134,0.8366973997536223
236.25,2.3375000000000004,0.39370000000000144,0.875153470464934
236.25,2.3625,0.4015000000000014,0.8924920456989356
236.25,2.3875,0.41929999999999407,0.9320595635406154
236.25,2.4125000000000005,0.4080000000000015,0.9069408583939371
236.25,2.4375,0.43850000000000156,0.9747391333474054
236.25,2.4625000000000004,0.4547000000000016,1.0107500203718705
236.25,2.4875,0.4597000000000016,1.0218644916757178
236.25,2.5125,0.47289999999999327,1.0512066959178559
236.25,2.5375000000000005,0.46050000000000163,1.0236428070843333
236.25,2.5625,0.4721000000000017,1.049428380509259
236.25,2.5875000000000004,0.48210000000000175,1.0716573231169537
236.25,2.6125,0.4845000000000017,1.0769922693428002
236.25,2.6375,0.4817999999999932,1.0709904548387037
236.25,2.6625000000000005,0.48460000000000175,1.0772145587688773
236.25,2.6875,0.47710000000000174,1.0605428518131064
236.25,2.7125000000000004,0.49270000000000175,1.0952200022811098
236.25,2.7375,0.48190000000000166,1.0712127442647996
236.25,2.7625,0.47339999999999327,1.0523181430482407
236.25,2.7875000000000005,0.4727000000000017,1.0507621170657206
236.25,2.8125,0.4680000000000017,1.0403145140401044
236.25,2.8375000000000004,0.4554000000000016,1.0123060463544091
236.25,2.8625,0.4561000000000016,1.0138620723369478
236.25,2.8875,0.4508999999999936,1.0023030221809288
236.25,2.9125000000000005,0.4280000000000015,0.9513987436093261
236.25,2.9375,0.4338000000000016,0.964291530321789
236.25,2.9625000000000004,0.4253000000000015,0.9453969291052486
236.25,2.9875,0.4179000000000015,0.9289475115755547
236.25,3.0125,0.4074999999999942,0.9058294112635362
236.25,3.0375000000000005,0.3952000000000014,0.878487811856088
236.25,3.0625,0.39260000000000145,0.8727082867780876
236.25,3.0875000000000004,0.3761000000000013,0.8360305314753915
236.25,3.1125,0.37800000000000133,0.8402540305708535
236.25,3.1375,0.36909999999999477,0.8204702716499908
236.25,3.1625000000000005,0.3602000000000013,0.8006865127291573
236.25,3.1875,0.34920000000000123,0.7762346758606932
236.25,3.2125000000000004,0.3377000000000012,0.7506713918618445
236.25,3.2375,0.3418000000000012,0.7597852583309993
236.25,3.2625,0.32789999999999536,0.7288870281062909
236.25,3.2875000000000005,0.32030000000000114,0.711993031724456
236.25,3.3125,0.31930000000000114,0.7097701374636866
236.25,3.3375000000000004,0.3046000000000011,0.6770935918303757
236.25,3.3625,0.30240000000000106,0.6722032244566828
236.25,3.3875,0.3013999999999957,0.6699803301959014
236.25,3.4125000000000005,0.29380000000000106,0.6530863338140656
236.25,3.4375,0.29740000000000105,0.6610887531528356
236.25,3.4625000000000004,0.293100000000001,0.6515303078315269
236.25,3.4875,0.28700000000000103,0.6379706528408332
236.25,3.5125,0.28379999999999594,0.6308573912063596
236.25,3.5375000000000005,0.280900000000001,0.6244109978501395
236.25,3.5625,0.278400000000001,0.6188537621982159
236.25,3.5875000000000004,0.270900000000001,0.6021820552424451
236.25,3.6125,0.26450000000000096,0.5879555319735206
236.25,3.6375,0.2561999999999964,0.5695055096091239
236.25,3.6625000000000005,0.2575000000000009,0.5723952721481342
236.25,3.6875,0.2487000000000009,0.5528338026533631
236.25,3.7125000000000004,0.23570000000000085,0.5239361772633603
236.25,3.7375,0.2510000000000009,0.5579464594531328
236.25,3.7625,0.22839999999999674,0.5077090491597341
236.25,3.7875000000000005,0.2294000000000008,0.5099319434205126
236.25,3.8125,0.2270000000000008,0.504596997194666
236.25,3.8375000000000004,0.21530000000000077,0.4785891343436634
236.25,3.8625,0.20810000000000073,0.4625842956661233
236.25,3.8875,0.20049999999999712,0.44569029928426745
236.25,3.9125000000000005,0.19700000000000067,0.43791016937158234
236.25,3.9375,0.1878000000000007,0.4174595421725034
236.25,3.9625000000000004,0.18450000000000066,0.41012399111196424
236.25,3.9875,0.17880000000000063,0.39745349382557826
236.25,4.0125,0.1754999999999975,0.39011794276503214
236.25,4.0375,0.15840000000000337,0.3521064509058877
236.25,4.0625,0.15239999999999784,0.3387690853412587
236.25,4.0875,0.14469999999999794,0.3216527995333342
236.25,4.112500000000001,0.13740000000000294,0.3054256714297284
236.25,4.1375,0.140299999999998,0.3118720647859488
236.25,4.1625,0.1180000000000025,0.26230152277080016
236.25,4.1875,0.11509999999999836,0.25585512941455957
236.25,4.2125,0.11109999999999842,0.2469635523714819
236.25,4.237500000000001,0.1076000000000023,0.23918342245879748
236.25,4.2625,0.0987999999999986,0.21962195296401812
236.25,4.2875,0.0985000000000021,0.21895508468579508
236.25,4.3125,0.0903999999999987,0.20094964117355502
236.25,4.3375,0.08369999999999882,0.18605624962639997
236.25,4.362500000000001,0.07680000000000164,0.1707182792270971
236.25,4.3875,0.07239999999999897,0.16093754447970557
236.25,4.4125,0.06770000000000144,0.15048994145409467
236.25,4.4375,0.06269999999999912,0.1393754701502423
236.25,4.4625,0.05589999999999921,0.12425978917701025
236.25,4.487500000000001,0.05820000000000124,0.1293724459767845
236.25,4.5125,0.047999999999999314,0.10669892451693187
236.25,4.5375,0.04580000000000097,0.10180855714324277
236.25,4.5625,0.0420999999999994,0.09358384837839234
236.25,4.5875,0.03829999999999946,0.08513685018746857
236.25,4.612500000000001,0.03420000000000073,0.07602298371831667
236.25,4.6375,0.031199999999999554,0.06935430093600571
236.25,4.6625,0.025500000000000547,0.05668380364962208
236.25,4.6875,0.02589999999999963,0.05757296135392782
236.25,4.7125,0.023399999999999668,0.052015725702004294
236.25,4.737500000000001,0.021300000000000454,0.0473476477543902
236.25,4.7625,0.020199999999999715,0.04490246406754217
236.25,4.7875000000000005,0.019399999999999726,0.043124148658926637
236.25,4.8125,0.016600000000000354,0.03690004472877358
236.25,4.8375,0.014799999999999789,0.03289883505938733
236.25,4.862500000000001,0.012900000000000274,0.02867533596392646
236.25,4.8875,0.011999999999999829,0.026674731129232968
236.25,4.9125000000000005,0.01119999999999984,0.02489641572061744
236.25,4.9375,0.010400000000000222,0.02311810031200273
236.25,4.9625,0.008399999999999882,0.01867231179046308
236.25,4.987500000000001,0.009200000000000196,0.020450627199079335
236.25,5.0125,0.006299999999999911,0.014004233842847309
236.25,5.0375000000000005,0.004799999999999932,0.010669892451693188
236.25,5.0625,0.004100000000000087,0.009113866469154921
236.25,5.0875,0.0048999999999999305,0.01089218187777013
236.25,5.112500000000001,0.004100000000000087,0.009113866469154921
236.25,5.1375,0.003599999999999949,0.00800241933876989
236.25,5.1625000000000005,0.0038999999999999443,0.008669287617000714
236.25,5.1875,0.003000000000000064,0.006668682782308479
236.25,5.2125,0.002999999999999957,0.006668682782308242
236.25,5.237500000000001,0.002100000000000045,0.004668077947615936
236.25,5.2625,0.0010999999999999845,0.002445183686846356
236.25,5.2875000000000005,0.0015999999999999773,0.0035566308172310626
236.25,5.3125,0.0019000000000000405,0.004223499095462037
236.25,5.3375,0.0008999999999999873,0.0020006048346924727
236.25,5.362500000000001,0.0010000000000000213,0.0022228942607694932
236.25,5.3875,0.0008999999999999873,0.0020006048346924727
236.25,5.4125000000000005,0.0007999999999999887,0.0017783154086155313
236.25,5.4375,0.0011000000000000235,0.0024451836868464426
236.25,5.4625,0.0007999999999999887,0.0017783154086155313
236.25,5.487500000000001,0.0009000000000000193,0.002000604834692544
236.25,5.5125,0.00019999999999999716,0.00044457885215388283
236.25,5.5375000000000005,0.00069999999999999,0.00155602598253859
236.25,5.5625,0.0004000000000000086,0.0008891577043077974
236.25,5.5875,0.0005999999999999915,0.0013337365564616485
236.25,5.612500000000001,0.0,0.0
236.25,5.6375,0.00019999999999999716,0.00044457885215388283
236.25,5.6625000000000005,0.00019999999999999716,0.00044457885215388283
236.25,5.6875,0.0003000000000000064,0.000666868278230848
236.25,5.7125,0.0,0.0
236.25,5.737500000000001,0.0003000000000000064,0.000666868278230848
236.25,5.7625,0.0,0.0
236.25,5.7875000000000005,0.00019999999999999716,0.00044457885215388283
236.25,5.8125,0.0,0.0
236.25,5.8375,0.0,0.0
236.25,5.862500000000001,0.00010000000000000215,0.00022228942607694936
236.25,5.8875,9.999999999999858e-05,0.00022228942607694141
236.25,5.9125000000000005,0.0,0.0
236.25,5.9375,0.0,0.0
236.25,5.9625,0.0,0.0
236.25,5.987500000000001,0.0,0.0
236.25,6.0125,0.0,0.0
236.25,6.0375000000000005,9.999999999999858e-05,0.00022228942607694141
236.25,6.0625,0.0,0.0
236.25,6.0875,9.999999999999858e-05,0.00022228942607694141
236.25,6.112500000000001,0.0,0.0
236.25,6.1375,0.0,0.0
236.25,6.1625000000000005,0.0,0.0
236.25,6.1875,0.0,0.0
236.25,6.2125,0.0,0.0
236.25,6.237500000000001,0.00010000000000000215,0.00022228942607694936
236.25,6.2625,0.0,0.0
236.25,6.2875000000000005,9.999999999999858e-05,0.00022228942607694141
236.25,6.3125,0.0,0.0
236.25,6.3375,0.0,0.0
236.25,6.362500000000001,0.00010000000000000215,0.00022228942607694936
236.25,6.3875,0.0,0.0
236.25,6.4125000000000005,0.0,0.0
236.25,6.4375,0.0,0.0
236.25,6.4625,0.0,0.0
236.25,6.487500000000001,0.0,0.0
236.25,6.5125,0.0,0.0
236.25,6.5375000000000005,0.0,0.0
236.25,6.5625,0.0,0.0
236.25,6.5875,0.0,0.0
236.25,6.612500000000001,0.0,0.0
236.25,6.6375,0.0,0.0
236.25,6.6625000000000005,0.0,0.0
236.25,6.6875,0.0,0.0
236.25,6.7125,0.0,0.0
236.25,6.737500000000001,0.0,0.0
236.25,6.7625,0.0,0.0
236.25,6.7875000000000005,0.0,0.0
236.25,6.8125,0.0,0.0
236.25,6.8375,0.0,0.0
236.25,6.862500000000001,0.0,0.0
236.25,6.8875,0.0,0.0
236.25,6.9125000000000005,0.0,0.0
236.25,6.9375,0.0,0.0
236.25,6.9625,0.0,0.0
236.25,6.987500000000001,0.0,0.0
238.75,0.0125,0.0001,0.00020089511741467518
238.75,0.037500000000000006,0.0,0.0
238.75,0.0625,0.0,0.0
238.75,0.08750000000000001,0.00010000000000000003,0.00020089511741467524
238.75,0.1125,0.0022000000000000006,0.004419692583122855
238.75,0.1375,0.0036999999999999967,0.007433119344342975
238.75,0.16250000000000003,0.006300000000000002,0.01265639239712454
238.75,0.1875,0.009500000000000001,0.019085036154394146
238.75,0.21250000000000002,0.016300000000000002,0.03274590413859206
238.75,0.2375,0.02380000000000001,0.04781303794469271
238.75,0.2625,0.03069999999999997,0.061674801046305225
238.75,0.28750000000000003,0.040399999999999964,0.0811616274355287
238.75,0.3125,0.04600000000000006,0.0924117540107507
238.75,0.3375,0.06169999999999995,0.12395228744485448
238.75,0.36250000000000004,0.07390000000000009,0.14846149176944515
238.75,0.3875,0.08049999999999993,0.1617205695188134
238.75,0.41250000000000003,0.08439999999999992,0.16955547909798568
238.75,0.4375,0.09600000000000011,0.1928593127180884
238.75,0.4625,0.10579999999999991,0.21254703422472615
238.75,0.48750000000000004,0.11030000000000015,0.22158731450838703
238.75,0.5125,0.1100999999999999,0.2211855242735572
238.75,0.5375000000000001,0.10889999999999991,0.2187747828645811
238.75,0.5625,0.1086999999999999,0.2183729926297517
238.75,0.5875000000000001,0.1089999999999999,0.21897567798199574
238.75,0.6125,0.10370000000000038,0.20832823675901893
238.75,0.6375,0.09909999999999991,0.19908706135794293
238.75,0.6625000000000001,0.08919999999999993,0.17919844473389013
238.75,0.6875,0.08539999999999993,0.17156443027213247
238.75,0.7125000000000001,0.08409999999999994,0.1689527937457417
238.75,0.7375,0.07030000000000025,0.14122926754251716
238.75,0.7625,0.06609999999999995,0.1327916726111002
238.75,0.7875000000000001,0.06209999999999995,0.12475586791451318
238.75,0.8125,0.05949999999999995,0.11953259486173164
238.75,0.8375000000000001,0.05189999999999995,0.10426456593821633
238.75,0.8625,0.04710000000000016,0.09462160030231234
238.75,0.8875,0.04319999999999996,0.0867866907231396
238.75,0.9125000000000001,0.04419999999999996,0.08879564189728635
238.75,0.9375,0.03969999999999996,0.07975536161362597
238.75,0.9625000000000001,0.04249999999999997,0.08538042490123689
238.75,0.9875,0.03660000000000013,0.07352761297377139
238.75,1.0125000000000002,0.040199999999999785,0.08075983720069899
238.75,1.0375,0.040400000000000144,0.08116162743552906
238.75,1.0625,0.04560000000000016,0.09160817354109221
238.75,1.0875,0.052599999999999716,0.10567083176011857
238.75,1.1125,0.053500000000000186,0.1074788878168516
238.75,1.1375000000000002,0.06339999999999966,0.1273675044409034
238.75,1.1625,0.07020000000000025,0.14102837242510247
238.75,1.1875,0.08399999999999955,0.16875189862832624
238.75,1.2125000000000001,0.09540000000000033,0.19165394201360078
238.75,1.2375,0.09780000000000036,0.19647542483155306
238.75,1.2625000000000002,0.11339999999999939,0.22781506314824043
238.75,1.2875,0.11890000000000042,0.23886429460604963
238.75,1.3125,0.12869999999999931,0.2585520161126856
238.75,1.3375000000000001,0.1397000000000005,0.2806504790283022
238.75,1.3625,0.16170000000000057,0.3248474048595309
238.75,1.3875000000000002,0.1691999999999991,0.3399145386656286
238.75,1.4125,0.18450000000000066,0.37065149163007705
238.75,1.4375,0.18329999999999902,0.36824075022109765
238.75,1.4625000000000001,0.20460000000000073,0.4110314102304269
238.75,1.4875,0.21420000000000078,0.43031734150223583
238.75,1.5125000000000002,0.21899999999999883,0.43996030713813633
238.75,1.5375,0.22150000000000078,0.4449826850735071
238.75,1.5625,0.22839999999999877,0.45884444817511566
238.75,1.5875000000000001,0.23900000000000085,0.4801393306210754
238.75,1.6125,0.2517000000000009,0.5056530105327393
238.75,1.6375000000000002,0.24009999999999873,0.48234917691263257
238.75,1.6625,0.24990000000000087,0.502036898419275
238.75,1.6875,0.25249999999999867,0.5072601714720522
238.75,1.7125000000000001,0.24930000000000088,0.500831527714787
238.75,1.7375,0.2559000000000009,0.5140906054641556
238.75,1.7625000000000002,0.25109999999999866,0.5044476398282467
238.75,1.7875,0.24710000000000087,0.49641183513166415
238.75,1.8125,0.25729999999999864,0.5169031371079565
238.75,1.8375000000000001,0.25770000000000093,0.5177067175776198
238.75,1.8625,0.2624000000000009,0.5271487880961095
238.75,1.8875000000000002,0.25099999999999867,0.5042467447108321
238.75,1.9125,0.2624000000000009,0.5271487880961095
238.75,1.9375,0.2627999999999986,0.5279523685657636
238.75,1.9625000000000001,0.25960000000000094,0.5215237248084986
238.75,1.9875,0.271800000000001,0.5460329291330891
238.75,2.0125,0.26960000000000095,0.5416132365499662
238.75,2.0375,0.2679999999999962,0.5383989146713218
238.75,2.0625,0.27800000000000097,0.5584884264127989
238.75,2.0875000000000004,0.286800000000001,0.5761671967452905
238.75,2.1125,0.29090000000000105,0.5844038965592923
238.75,2.1375,0.3065000000000011,0.6157435348759817
238.75,2.1625,0.31099999999999556,0.6247838151596309
238.75,2.1875,0.3139000000000011,0.6306097735646676
238.75,2.2125000000000004,0.3369000000000012,0.6768156505700431
238.75,2.2375,0.3463000000000012,0.6956997916070226
238.75,2.2625,0.34540000000000126,0.6938917355502906
238.75,2.2875,0.35979999999999485,0.722820632457991
238.75,2.3125,0.3729000000000013,0.7491378928393263
238.75,2.3375000000000004,0.38450000000000134,0.7724417264594288
238.75,2.3625,0.3945000000000014,0.7925312382008964
238.75,2.3875,0.40819999999999423,0.8200538692866925
238.75,2.4125000000000005,0.4289000000000015,0.8616391585915448
238.75,2.4375,0.4271000000000015,0.8580230464780807
238.75,2.4625000000000004,0.4440000000000016,0.8919743213211611
238.75,2.4875,0.4518000000000016,0.9076441404795057
238.75,2.5125,0.4553999999999935,0.9148763647064176
238.75,2.5375000000000005,0.45730000000000165,0.9186933719373129
238.75,2.5625,0.46950000000000164,0.9432025762619033
238.75,2.5875000000000004,0.4881000000000017,0.980569068101033
238.75,2.6125,0.4696000000000017,0.943403471379318
238.75,2.6375,0.46709999999999335,0.9383810934439344
238.75,2.6625000000000005,0.4683000000000016,0.9407918348529271
238.75,2.6875,0.49030000000000173,0.9849887606841559
238.75,2.7125000000000004,0.4711000000000017,0.9464168981405382
238.75,2.7375,0.4790000000000017,0.9622876124162976
238.75,2.7625,0.4849999999999931,0.9743413194611608
238.75,2.7875000000000005,0.4566000000000016,0.9172871061154101
238.75,2.8125,0.46970000000000167,0.9436043664967327
238.75,2.8375000000000004,0.45490000000000164,0.9138718891193607
238.75,2.8625,0.46090000000000164,0.9259255961642412
238.75,2.8875,0.4427999999999937,0.8895635799121691
238.75,2.9125000000000005,0.43850000000000156,0.8809250898633538
238.75,2.9375,0.41330000000000144,0.8302995202748554
238.75,2.9625000000000004,0.41270000000000145,0.8290941495703674
238.75,2.9875,0.4100000000000015,0.8236699814001712
238.75,3.0125,0.4066999999999942,0.8170404425254723
238.75,3.0375000000000005,0.4039000000000015,0.811415379237876
238.75,3.0625,0.39290000000000136,0.7893169163222615
238.75,3.0875000000000004,0.38290000000000135,0.769227404580794
238.75,3.1125,0.3712000000000013,0.7457226758432769
238.75,3.1375,0.36219999999999486,0.7276421152759431
238.75,3.1625000000000005,0.3567000000000013,0.716592883818149
238.75,3.1875,0.35800000000000126,0.7192045203445397
238.75,3.2125000000000004,0.3419000000000012,0.6868604064407768
238.75,3.2375,0.3394000000000012,0.68183802850541
238.75,3.2625,0.33589999999999526,0.6748066993958844
238.75,3.2875000000000005,0.3245000000000012,0.6519046560106233
238.75,3.3125,0.3167000000000011,0.6362348368522786
238.75,3.3375000000000004,0.31510000000000116,0.6330205149736439
238.75,3.3625,0.3097000000000011,0.6221721786332512
238.75,3.3875,0.31109999999999555,0.6249847102770455
238.75,3.4125000000000005,0.3050000000000011,0.6127301081147615
238.75,3.4375,0.293300000000001,0.5892253793772443
238.75,3.4625000000000004,0.29880000000000106,0.6002746108350516
238.75,3.4875,0.28100000000000097,0.5645152799352392
238.75,3.5125,0.282899999999996,0.5683322871661081
238.75,3.5375000000000005,0.287600000000001,0.5777743576846078
238.75,3.5625,0.27020000000000094,0.5428186072544542
238.75,3.5875000000000004,0.267800000000001,0.5379971244365022
238.75,3.6125,0.272200000000001,0.5468365096027479
238.75,3.6375,0.2581999999999963,0.518711193164684
238.75,3.6625000000000005,0.26190000000000097,0.5261443125090363
238.75,3.6875,0.2546000000000009,0.5114789689377648
238.75,3.7125000000000004,0.23730000000000084,0.4767241136250259
238.75,3.7375,0.23710000000000084,0.47632232339019653
238.75,3.7625,0.2438999999999965,0.4899831913743858
238.75,3.7875000000000005,0.22350000000000078,0.4490005874218006
238.75,3.8125,0.24030000000000085,0.4827509671474662
238.75,3.8375000000000004,0.21330000000000074,0.42850928544550365
238.75,3.8625,0.21040000000000075,0.4226833270404781
238.75,3.8875,0.20719999999999705,0.4162546832832011
238.75,3.9125000000000005,0.19440000000000068,0.39054010825412994
238.75,3.9375,0.18590000000000065,0.37346402327388245
238.75,3.9625000000000004,0.18660000000000065,0.3748702890957852
238.75,3.9875,0.17940000000000064,0.36040584064192854
238.75,4.0125,0.17509999999999754,0.3517673505930913
238.75,4.0375,0.16630000000000353,0.33408858026061194
238.75,4.0625,0.1601999999999977,0.32183397809830505
238.75,4.0875,0.15039999999999787,0.3021462565916672
238.75,4.112500000000001,0.14270000000000305,0.2866773325507476
238.75,4.1375,0.13119999999999812,0.26357439404805005
238.75,4.1625,0.12960000000000277,0.2603600721694246
238.75,4.1875,0.12109999999999826,0.24328398718916816
238.75,4.2125,0.11119999999999841,0.2233953705651156
238.75,4.237500000000001,0.11100000000000237,0.22299358033029423
238.75,4.2625,0.10619999999999849,0.21335061469438202
238.75,4.2875,0.10030000000000215,0.20149780276692353
238.75,4.3125,0.09309999999999868,0.18703335431305995
238.75,4.3375,0.08659999999999876,0.1739751716811062
238.75,4.362500000000001,0.08640000000000184,0.17357338144628304
238.75,4.3875,0.07629999999999891,0.15328297458739498
238.75,4.4125,0.06760000000000145,0.13580509937232335
238.75,4.4375,0.06469999999999908,0.129979140967293
238.75,4.4625,0.06009999999999914,0.12073796556621806
238.75,4.487500000000001,0.05810000000000124,0.11672006321792877
238.75,4.5125,0.04869999999999931,0.09783592218094543
238.75,4.5375,0.050000000000001064,0.10044755870733973
238.75,4.5625,0.04689999999999933,0.09421981006748131
238.75,4.5875,0.03879999999999945,0.07794730555689287
238.75,4.612500000000001,0.03830000000000082,0.07694282996982224
238.75,4.6375,0.03569999999999949,0.07171955691703802
238.75,4.6625,0.03100000000000066,0.06227748639855063
238.75,4.6875,0.03009999999999957,0.06046943034181637
238.75,4.7125,0.028999999999999585,0.05825958405025497
238.75,4.737500000000001,0.023200000000000495,0.04660766724020564
238.75,4.7625,0.022299999999999685,0.044799611183471935
238.75,4.7875000000000005,0.015799999999999776,0.03174142855151823
238.75,4.8125,0.018700000000000397,0.03756738695654506
238.75,4.8375,0.017199999999999754,0.034553960195323634
238.75,4.862500000000001,0.014900000000000318,0.02993337249478724
238.75,4.8875,0.01269999999999982,0.025513679911663388
238.75,4.9125000000000005,0.011799999999999833,0.023705623854931336
238.75,4.9375,0.010500000000000223,0.02109398732854134
238.75,4.9625,0.009399999999999867,0.0188841410369792
238.75,4.987500000000001,0.009100000000000195,0.018281455684735833
238.75,5.0125,0.007099999999999899,0.014263553336441736
238.75,5.0375000000000005,0.0073999999999998945,0.014866238688685751
238.75,5.0625,0.007300000000000155,0.0146653435712716
238.75,5.0875,0.007299999999999896,0.01466534357127108
238.75,5.112500000000001,0.005100000000000109,0.010245650988148653
238.75,5.1375,0.004999999999999929,0.010044755870733616
238.75,5.1625000000000005,0.0036999999999999473,0.007433119344342876
238.75,5.1875,0.004600000000000098,0.009241175401075255
238.75,5.2125,0.003999999999999944,0.008035804696586895
238.75,5.237500000000001,0.0027000000000000574,0.005424168170196345
238.75,5.2625,0.00279999999999996,0.0056250632876108245
238.75,5.2875000000000005,0.002599999999999963,0.00522327305278148
238.75,5.3125,0.0016000000000000343,0.003214321878634872
238.75,5.3375,0.001999999999999972,0.004017902348293447
238.75,5.362500000000001,0.001500000000000032,0.003013426761220192
238.75,5.3875,0.001899999999999973,0.0038170072308787743
238.75,5.4125000000000005,0.00139999999999998,0.0028125316438054123
238.75,5.4375,0.0005000000000000106,0.0010044755870733974
238.75,5.4625,0.001199999999999983,0.002410741408976068
238.75,5.487500000000001,0.0008000000000000172,0.001607160939317436
238.75,5.5125,0.0007999999999999887,0.0016071609393173787
238.75,5.5375000000000005,0.00029999999999999575,0.000602685352244017
238.75,5.5625,0.0005000000000000106,0.0010044755870733974
238.75,5.5875,0.000999999999999986,0.0020089511741467237
238.75,5.612500000000001,0.0005000000000000106,0.0010044755870733974
238.75,5.6375,0.00029999999999999575,0.000602685352244017
238.75,5.6625000000000005,0.000499999999999993,0.0010044755870733618
238.75,5.6875,0.00010000000000000215,0.0002008951174146795
238.75,5.7125,0.00019999999999999716,0.0004017902348293447
238.75,5.737500000000001,0.00010000000000000215,0.0002008951174146795
238.75,5.7625,0.00029999999999999575,0.000602685352244017
238.75,5.7875000000000005,0.00029999999999999575,0.000602685352244017
238.75,5.8125,0.0,0.0
238.75,5.8375,0.00019999999999999716,0.0004017902348293447
238.75,5.862500000000001,0.00010000000000000215,0.0002008951174146795
238.75,5.8875,9.999999999999858e-05,0.00020089511741467234
238.75,5.9125000000000005,9.999999999999858e-05,0.00020089511741467234
238.75,5.9375,0.00010000000000000215,0.0002008951174146795
238.75,5.9625,9.999999999999858e-05,0.00020089511741467234
238.75,5.987500000000001,0.0,0.0
238.75,6.0125,0.0,0.0
238.75,6.0375000000000005,0.0,0.0
238.75,6.0625,0.0,0.0
238.75,6.0875,0.0,0.0
238.75,6.112500000000001,0.0,0.0
238.75,6.1375,0.0,0.0
238.75,6.1625000000000005,0.0,0.0
238.75,6.1875,0.0,0.0
238.75,6.2125,0.0,0.0
238.75,6.237500000000001,0.0,0.0
238.75,6.2625,0.0,0.0
238.75,6.2875000000000005,0.0,0.0
238.75,6.3125,0.0,0.0
238.75,6.3375,0.0,0.0
238.75,6.362500000000001,0.0,0.0
238.75,6.3875,0.0,0.0
238.75,6.4125000000000005,0.0,0.0
238.75,6.4375,0.0,0.0
238.75,6.4625,0.0,0.0
238.75,6.487500000000001,0.0,0.0
238.75,6.5125,0.0,0.0
238.75,6.5375000000000005,0.0,0.0
238.75,6.5625,0.0,0.0
238.75,6.5875,0.0,0.0
238.75,6.612500000000001,0.0,0.0
238.75,6.6375,0.0,0.0
238.75,6.6625000000000005,0.0,0.0
238.75,6.6875,0.0,0.0
238.75,6.7125,0.0,0.0
238.75,6.737500000000001,0.0,0.0
238.75,6.7625,0.0,0.0
238.75,6.7875000000000005,0.0,0.0
238.75,6.8125,0.0,0.0
238.75,6.8375,0.0,0.0
238.75,6.862500000000001,0.0,0.0
238.75,6.8875,0.0,0.0
238.75,6.9125000000000005,0.0,0.0
238.75,6.9375,0.0,0.0
238.75,6.9625,0.0,0.0
238.75,6.987500000000001,0.0,0.0
241.25,0.0125,0.0,0.0
241.25,0.037500000000000006,0.0,0.0
241.25,0.0625,0.0004999999999999999,0.0009134540561873331
241.25,0.08750000000000001,0.0009000000000000003,0.0016442173011372004
241.25,0.1125,0.0019000000000000004,0.003471125413511867
241.25,0.1375,0.003499999999999997,0.0063941783933113274
241.25,0.16250000000000003,0.006100000000000001,0.011144139485485467
241.25,0.1875,0.012300000000000002,0.0224709697822084
241.25,0.21250000000000002,0.015600000000000003,0.0284997665530448
241.25,0.2375,0.026700000000000005,0.048778446600403605
241.25,0.2625,0.030999999999999972,0.05663415148361461
241.25,0.28750000000000003,0.040899999999999964,0.0747205417961238
241.25,0.3125,0.047800000000000065,0.08732620777150918
241.25,0.3375,0.06219999999999994,0.11363368458970415
241.25,0.36250000000000004,0.0741000000000001,0.13537389112696296
241.25,0.3875,0.08059999999999992,0.14724879385739797
241.25,0.41250000000000003,0.09779999999999991,0.17867161339024223
241.25,0.4375,0.09840000000000013,0.17976775825766741
241.25,0.4625,0.10479999999999991,0.19145997017686486
241.25,0.48750000000000004,0.10400000000000013,0.18999844368696556
241.25,0.5125,0.1138999999999999,0.20808483399947433
241.25,0.5375000000000001,0.10589999999999991,0.19346956910047702
241.25,0.5625,0.1098999999999999,0.20077720154997566
241.25,0.5875000000000001,0.10529999999999991,0.1923734242330522
241.25,0.6125,0.10240000000000037,0.1870753907071665
241.25,0.6375,0.09829999999999992,0.17958506744642955
241.25,0.6625000000000001,0.09239999999999991,0.16880630958341902
241.25,0.6875,0.08489999999999992,0.15510449874060903
241.25,0.7125000000000001,0.08649999999999992,0.1580275517204085
241.25,0.7375,0.07490000000000027,0.13683541761686302
241.25,0.7625,0.06839999999999993,0.12496051488642707
241.25,0.7875000000000001,0.05999999999999995,0.1096144867424799
241.25,0.8125,0.05589999999999996,0.10212416348174377
241.25,0.8375000000000001,0.05799999999999995,0.10596067051773056
241.25,0.8625,0.04560000000000016,0.08330700992428508
241.25,0.8875,0.045399999999999954,0.08294162830180977
241.25,0.9125000000000001,0.052199999999999955,0.0953646034659575
241.25,0.9375,0.04049999999999996,0.07398977855117392
241.25,0.9625000000000001,0.04269999999999997,0.0780089763983982
241.25,0.9875,0.03930000000000014,0.07179748881632465
241.25,1.0125000000000002,0.04579999999999976,0.08367239154675928
241.25,1.0375,0.049200000000000174,0.0898838791288339
241.25,1.0625,0.05090000000000018,0.09298962291987085
241.25,1.0875,0.061299999999999674,0.11198946728856646
241.25,1.1125,0.06490000000000024,0.11856633649311628
241.25,1.1375000000000002,0.06779999999999964,0.12386437001900172
241.25,1.1625,0.07320000000000026,0.13372967382582607
241.25,1.1875,0.08659999999999952,0.15821024253164526
241.25,1.2125000000000001,0.09590000000000033,0.17520048797673113
241.25,1.2375,0.09840000000000035,0.1797677582576678
241.25,1.2625000000000002,0.11159999999999941,0.2038829453410117
241.25,1.2875,0.11990000000000044,0.2190462826737233
241.25,1.3125,0.1331999999999993,0.24334416056830427
241.25,1.3375000000000001,0.14170000000000052,0.2588728795234912
241.25,1.3625,0.15830000000000058,0.28919955418891075
241.25,1.3875000000000002,0.1655999999999991,0.30253598340924315
241.25,1.4125,0.17830000000000062,0.32573771643640415
241.25,1.4375,0.17849999999999905,0.3261030980588762
241.25,1.4625000000000001,0.19630000000000072,0.35862206245914835
241.25,1.4875,0.20910000000000076,0.38200648629754413
241.25,1.5125000000000002,0.2086999999999989,0.38127572305259083
241.25,1.5375,0.21260000000000076,0.3884006646908555
241.25,1.5625,0.22809999999999878,0.4167177404326592
241.25,1.5875000000000001,0.23590000000000083,0.43096762370918534
241.25,1.6125,0.23680000000000084,0.4326118410103226
241.25,1.6375000000000002,0.2469999999999987,0.45124630375654023
241.25,1.6625,0.24860000000000088,0.4541693567363437
241.25,1.6875,0.24909999999999868,0.455082810792527
241.25,1.7125000000000001,0.2564000000000009,0.4684192400128661
241.25,1.7375,0.2518000000000009,0.4600154626959427
241.25,1.7625000000000002,0.24609999999999868,0.449602086455403
241.25,1.7875,0.2529000000000009,0.4620250616195548
241.25,1.8125,0.2540999999999986,0.4642173513544002
241.25,1.8375000000000001,0.2615000000000009,0.4777364713859769
241.25,1.8625,0.2584000000000009,0.4720730562376155
241.25,1.8875000000000002,0.2609999999999986,0.47682301732978544
241.25,1.9125,0.2494000000000009,0.45563088322624345
241.25,1.9375,0.2610999999999986,0.4770057081410229
241.25,1.9625000000000001,0.2594000000000009,0.47389996434999015
241.25,1.9875,0.273200000000001,0.4991112963007607
241.25,2.0125,0.2615000000000009,0.4777364713859769
241.25,2.0375,0.282399999999996,0.5159188509345984
241.25,2.0625,0.283700000000001,0.5182938314806947
241.25,2.0875000000000004,0.290600000000001,0.5308994974560799
241.25,2.1125,0.3027000000000011,0.5530050856158135
241.25,2.1375,0.3111000000000011,0.5683511137597608
241.25,2.1625,0.31739999999999546,0.5798606348677109
241.25,2.1875,0.34200000000000125,0.6248025744321382
241.25,2.2125000000000004,0.32220000000000115,0.5886297938071197
241.25,2.2375,0.3363000000000012,0.6143891981916025
241.25,2.2625,0.3493000000000013,0.6381390036524733
241.25,2.2875,0.36599999999999483,0.6686483691291185
241.25,2.3125,0.38530000000000136,0.7039076956979615
241.25,2.3375000000000004,0.38360000000000133,0.7008019519069245
241.25,2.3625,0.40190000000000137,0.7342343703633809
241.25,2.3875,0.4045999999999943,0.7391670222667797
241.25,2.4125000000000005,0.42230000000000145,0.7715032958558243
241.25,2.4375,0.4222000000000015,0.771320605044587
241.25,2.4625000000000004,0.42930000000000157,0.7842916526424472
241.25,2.4875,0.43460000000000154,0.7939742656380329
241.25,2.5125,0.43989999999999374,0.8036568786336044
241.25,2.5375000000000005,0.45000000000000157,0.8221086505686027
241.25,2.5625,0.46520000000000167,0.8498776538766979
241.25,2.5875000000000004,0.4568000000000016,0.8345316257327505
241.25,2.6125,0.44660000000000155,0.8158971629865288
241.25,2.6375,0.4678999999999933,0.8548103057800942
241.25,2.6625000000000005,0.4666000000000017,0.8524353252340224
241.25,2.6875,0.47080000000000166,0.860108339305996
241.25,2.7125000000000004,0.4703000000000017,0.8591948852498088
241.25,2.7375,0.4700000000000017,0.8586468128160963
241.25,2.7625,0.4504999999999936,0.8230221046247755
241.25,2.7875000000000005,0.46970000000000167,0.8580987403823839
241.25,2.8125,0.4561000000000016,0.8332527900540884
241.25,2.8375000000000004,0.45080000000000164,0.8235701770585027
241.25,2.8625,0.44970000000000165,0.8215605781348905
241.25,2.8875,0.42759999999999393,0.7811859088513963
241.25,2.9125000000000005,0.4334000000000015,0.7917819759031832
241.25,2.9375,0.4262000000000015,0.7786282374940856
241.25,2.9625000000000004,0.4314000000000015,0.7881281596784339
241.25,2.9875,0.4207000000000015,0.7685802428760249
241.25,3.0125,0.4097999999999942,0.7486669444511278
241.25,3.0375000000000005,0.40120000000000144,0.7329555346847189
241.25,3.0625,0.4044000000000014,0.7388016406443177
241.25,3.0875000000000004,0.38790000000000135,0.7086576567901356
241.25,3.1125,0.37140000000000134,0.6785136729359535
241.25,3.1375,0.3710999999999947,0.6779656005022291
241.25,3.1625000000000005,0.36070000000000124,0.6589657561335445
241.25,3.1875,0.35210000000000125,0.6432543463671223
241.25,3.2125000000000004,0.3401000000000012,0.6213314490186262
241.25,3.2375,0.3397000000000012,0.6206006857736764
241.25,3.2625,0.33589999999999526,0.6136584349466417
241.25,3.2875000000000005,0.3383000000000012,0.6180430144163519
241.25,3.3125,0.3270000000000012,0.5973989527465181
241.25,3.3375000000000004,0.31570000000000115,0.5767548910766843
241.25,3.3625,0.32290000000000113,0.5899086294857818
241.25,3.3875,0.3154999999999955,0.5763895094541991
241.25,3.4125000000000005,0.29680000000000106,0.542226327752803
241.25,3.4375,0.29750000000000104,0.5435051634314652
241.25,3.4625000000000004,0.29280000000000106,0.5349186953033043
241.25,3.4875,0.29100000000000104,0.5316302607010298
241.25,3.5125,0.28509999999999597,0.5208515028380101
241.25,3.5375000000000005,0.276600000000001,0.5053227838828346
241.25,3.5625,0.2638000000000009,0.4819383600444387
241.25,3.5875000000000004,0.2649000000000009,0.4839479589680508
241.25,3.6125,0.25600000000000095,0.46768847676791636
241.25,3.6375,0.24969999999999645,0.4561789556599477
241.25,3.6625000000000005,0.26460000000000095,0.48339988653433846
241.25,3.6875,0.2501000000000009,0.45690971890490567
241.25,3.7125000000000004,0.23640000000000086,0.4318810777653727
241.25,3.7375,0.22970000000000082,0.41964079341246235
241.25,3.7625,0.2302999999999967,0.4207369382798797
241.25,3.7875000000000005,0.22270000000000081,0.4068524366258397
241.25,3.8125,0.21920000000000076,0.4004582582325283
241.25,3.8375000000000004,0.21430000000000077,0.39150640848189244
241.25,3.8625,0.21490000000000076,0.3926025533493172
241.25,3.8875,0.19399999999999726,0.3544201738006803
241.25,3.9125000000000005,0.19730000000000072,0.36044897057152303
241.25,3.9375,0.18610000000000068,0.3399875997129267
241.25,3.9625000000000004,0.18550000000000066,0.3388914548455018
241.25,3.9875,0.17980000000000063,0.3284780786049662
241.25,4.0125,0.1699999999999976,0.3105743791036889
241.25,4.0375,0.16510000000000352,0.3016225293530639
241.25,4.0625,0.15959999999999772,0.29157453473499256
241.25,4.0875,0.14669999999999792,0.26800742008535977
241.25,4.112500000000001,0.15100000000000321,0.2758631249685805
241.25,4.1375,0.1349999999999981,0.24663259517057648
241.25,4.1625,0.13030000000000277,0.23804612704242412
241.25,4.1875,0.1265999999999982,0.23128656702662945
241.25,4.2125,0.12009999999999829,0.21941166429619433
241.25,4.237500000000001,0.11090000000000236,0.20260410966235481
241.25,4.2625,0.10399999999999852,0.18999844368696261
241.25,4.2875,0.10480000000000222,0.1914599701768691
241.25,4.3125,0.09279999999999868,0.16953707282836664
241.25,4.3375,0.09319999999999867,0.1702678360733165
241.25,4.362500000000001,0.08230000000000175,0.15035453764843823
241.25,4.3875,0.07919999999999887,0.14469112250007152
241.25,4.4125,0.07590000000000162,0.13866232572924014
241.25,4.4375,0.06739999999999904,0.12313360677405077
241.25,4.4625,0.06439999999999908,0.11765288243692684
241.25,4.487500000000001,0.05800000000000123,0.1059606705177329
241.25,4.5125,0.05689999999999919,0.10395107159411704
241.25,4.5375,0.0565000000000012,0.10322030834917086
241.25,4.5625,0.04439999999999937,0.08111472018943404
241.25,4.5875,0.0420999999999994,0.07691283153097236
241.25,4.612500000000001,0.038700000000000824,0.0707013439489011
241.25,4.6375,0.03609999999999949,0.06595138285672453
241.25,4.6625,0.031600000000000676,0.0577302963510407
241.25,4.6875,0.039299999999999446,0.07179748881632338
241.25,4.7125,0.03129999999999956,0.057182223917326254
241.25,4.737500000000001,0.027400000000000584,0.050057282279066924
241.25,4.7625,0.026499999999999625,0.04841306497792797
241.25,4.7875000000000005,0.02439999999999965,0.04457655794194122
241.25,4.8125,0.020400000000000435,0.03726892549244399
241.25,4.8375,0.017999999999999745,0.03288434602274353
241.25,4.862500000000001,0.018600000000000397,0.033980490890169524
241.25,4.8875,0.015599999999999777,0.02849976655304439
241.25,4.9125000000000005,0.01619999999999977,0.029595911420469176
241.25,4.9375,0.012700000000000272,0.02320173302715876
241.25,4.9625,0.011499999999999837,0.021009443292308364
241.25,4.987500000000001,0.011500000000000244,0.02100944329230911
241.25,5.0125,0.008799999999999876,0.01607679138889684
241.25,5.0375000000000005,0.008199999999999883,0.01498064652147205
241.25,5.0625,0.007600000000000162,0.013884501654047761
241.25,5.0875,0.007899999999999888,0.01443257408775966
241.25,5.112500000000001,0.008100000000000173,0.014797955710235114
241.25,5.1375,0.0054999999999999225,0.010047994618060524
241.25,5.1625000000000005,0.004999999999999929,0.009134540561873202
241.25,5.1875,0.003800000000000081,0.0069422508270238804
241.25,5.2125,0.003799999999999946,0.006942250827023634
241.25,5.237500000000001,0.0037000000000000787,0.00675956001578641
241.25,5.2625,0.002999999999999957,0.005480724337123921
241.25,5.2875000000000005,0.003299999999999953,0.0060287967708363135
241.25,5.3125,0.0027000000000000574,0.0049326519034117045
241.25,5.3375,0.002399999999999966,0.004384579469699138
241.25,5.362500000000001,0.001500000000000032,0.002740362168562058
241.25,5.3875,0.001699999999999976,0.003105743791036889
241.25,5.4125000000000005,0.0015999999999999773,0.002923052979799425
241.25,5.4375,0.0020000000000000425,0.0036538162247494108
241.25,5.4625,0.000999999999999986,0.0018269081123746408
241.25,5.487500000000001,0.0011000000000000235,0.002009598923612176
241.25,5.5125,0.0010999999999999845,0.002009598923612105
241.25,5.5375000000000005,0.0008999999999999873,0.0016442173011371765
241.25,5.5625,0.0005000000000000106,0.0009134540561873527
241.25,5.5875,0.000999999999999986,0.0018269081123746408
241.25,5.612500000000001,0.0008000000000000172,0.0014615264898997645
241.25,5.6375,0.0005999999999999915,0.0010961448674247844
241.25,5.6625000000000005,0.000499999999999993,0.0009134540561873204
241.25,5.6875,0.0004000000000000086,0.0007307632449498823
241.25,5.7125,0.000499999999999993,0.0009134540561873204
241.25,5.737500000000001,0.00010000000000000215,0.00018269081123747056
241.25,5.7625,9.999999999999858e-05,0.00018269081123746406
241.25,5.7875000000000005,0.00039999999999999433,0.0007307632449498562
241.25,5.8125,0.00010000000000000215,0.00018269081123747056
241.25,5.8375,9.999999999999858e-05,0.00018269081123746406
241.25,5.862500000000001,0.0,0.0
241.25,5.8875,9.999999999999858e-05,0.00018269081123746406
241.25,5.9125000000000005,0.0,0.0
241.25,5.9375,0.0,0.0
241.25,5.9625,9.999999999999858e-05,0.00018269081123746406
241.25,5.987500000000001,0.00010000000000000215,0.00018269081123747056
241.25,6.0125,9.999999999999858e-05,0.00018269081123746406
241.25,6.0375000000000005,0.00019999999999999716,0.0003653816224749281
241.25,6.0625,0.0,0.0
241.25,6.0875,9.999999999999858e-05,0.00018269081123746406
241.25,6.112500000000001,0.0002000000000000043,0.00036538162247494113
241.25,6.1375,0.0,0.0
241.25,6.1625000000000005,0.0,0.0
241.25,6.1875,0.0,0.0
241.25,6.2125,9.999999999999858e-05,0.00018269081123746406
241.25,6.237500000000001,0.0,0.0
241.25,6.2625,9.999999999999858e-05,0.00018269081123746406
241.25,6.2875000000000005,0.0,0.0
241.25,6.3125,0.0,0.0
241.25,6.3375,0.0,0.0
241.25,6.362500000000001,0.0,0.0
241.25,6.3875,0.0,0.0
241.25,6.4125000000000005,0.0,0.0
241.25,6.4375,0.0,0.0
241.25,6.4625,0.0,0.0
241.25,6.487500000000001,0.0,0.0
241.25,6.5125,0.0,0.0
241.25,6.5375000000000005,0.0,0.0
241.25,6.5625,0.0,0.0
241.25,6.5875,0.0,0.0
241.25,6.612500000000001,0.0,0.0
241.25,6.6375,0.0,0.0
241.25,6.6625000000000005,0.0,0.0
241.25,6.6875,0.0,0.0
241.25,6.7125,0.0,0.0
241.25,6.737500000000001,0.0,0.0
241.25,6.7625,0.0,0.0
241.25,6.7875000000000005,0.0,0.0
241.25,6.8125,0.0,0.0
241.25,6.8375,0.0,0.0
241.25,6.862500000000001,0.0,0.0
241.25,6.8875,0.0,0.0
241.25,6.9125000000000005,0.0,0.0
241.25,6.9375,0.0,0.0
241.25,6.9625,0.0,0.0
241.25,6.987500000000001,0.0,0.0
243.75,0.0125,0.0,0.0
243.75,0.037500000000000006,0.0,0.0
243.75,0.0625,0.0005999999999999998,0.0010040092652903745
243.75,0.08750000000000001,0.0009000000000000003,0.0015060138979355628
243.75,0.1125,0.0028000000000000004,0.004685376571355083
243.75,0.1375,0.003599999999999997,0.006024055591742243
243.75,0.16250000000000003,0.008000000000000002,0.013386790203871667
243.75,0.1875,0.012700000000000003,0.02125152944864627
243.75,0.21250000000000002,0.019000000000000003,0.03179362673419521
243.75,0.2375,0.025700000000000004,0.04300506352993773
243.75,0.2625,0.032499999999999966,0.05438383520322858
243.75,0.28750000000000003,0.04279999999999996,0.07161932759071334
243.75,0.3125,0.05180000000000007,0.08667946657006914
243.75,0.3375,0.06139999999999994,0.10274361481471492
243.75,0.36250000000000004,0.0683000000000001,0.11428972136555449
243.75,0.3875,0.07849999999999992,0.13135787887549055
243.75,0.41250000000000003,0.09059999999999992,0.15160539905884646
243.75,0.4375,0.08970000000000013,0.15009938516091123
243.75,0.4625,0.09989999999999992,0.16716754267084727
243.75,0.48750000000000004,0.10780000000000015,0.18038699799717092
243.75,0.5125,0.10189999999999991,0.17051424022181516
243.75,0.5375000000000001,0.0988999999999999,0.1654941938953633
243.75,0.5625,0.0993999999999999,0.16633086828310525
243.75,0.5875000000000001,0.09849999999999991,0.1648248543851697
243.75,0.6125,0.09660000000000034,0.1616454917117509
243.75,0.6375,0.09729999999999993,0.162816835854589
243.75,0.6625000000000001,0.09099999999999993,0.15227473856904006
243.75,0.6875,0.08579999999999993,0.14357332493652347
243.75,0.7125000000000001,0.08339999999999993,0.13955728787536198
243.75,0.7375,0.07650000000000026,0.12801118132452322
243.75,0.7625,0.07209999999999994,0.12064844671239328
243.75,0.7875000000000001,0.062299999999999946,0.10424962871265049
243.75,0.8125,0.06049999999999994,0.10123760091677936
243.75,0.8375000000000001,0.05429999999999995,0.09086283850877884
243.75,0.8625,0.05360000000000019,0.08969149436594047
243.75,0.8875,0.04969999999999995,0.08316543414155263
243.75,0.9125000000000001,0.04499999999999996,0.07530069489677804
243.75,0.9375,0.04949999999999996,0.08283076438645585
243.75,0.9625000000000001,0.041599999999999956,0.06961130906013258
243.75,0.9875,0.04700000000000017,0.07864739244774631
243.75,1.0125000000000002,0.04999999999999973,0.08366743877419745
243.75,1.0375,0.05030000000000018,0.08416944340684339
243.75,1.0625,0.051300000000000186,0.08584279218232736
243.75,1.0875,0.062399999999999664,0.10441696359019842
243.75,1.1125,0.06170000000000022,0.10324561944736058
243.75,1.1375000000000002,0.06989999999999963,0.11696707940632804
243.75,1.1625,0.07640000000000027,0.12784384644697486
243.75,1.1875,0.08609999999999954,0.14407532956916802
243.75,1.2125000000000001,0.09790000000000035,0.16382084511988007
243.75,1.2375,0.10680000000000038,0.17871364922168734
243.75,1.2625000000000002,0.11049999999999942,0.18490503969097638
243.75,1.2875,0.12090000000000042,0.20230786695601122
243.75,1.3125,0.13709999999999928,0.22941611711884943
243.75,1.3375000000000001,0.14600000000000052,0.24430892122065873
243.75,1.3625,0.15030000000000054,0.2515043209552398
243.75,1.3875000000000002,0.16509999999999914,0.2762698828324
243.75,1.4125,0.1669000000000006,0.2792819106282736
243.75,1.4375,0.18549999999999903,0.3104061978522726
243.75,1.4625000000000001,0.1958000000000007,0.32764169023976014
243.75,1.4875,0.20890000000000072,0.3495625591986
243.75,1.5125000000000002,0.20949999999999888,0.35056656846388734
243.75,1.5375,0.21090000000000075,0.352909256749568
243.75,1.5625,0.23319999999999877,0.39022493444285694
243.75,1.5875000000000001,0.2236000000000008,0.37416078619821436
243.75,1.6125,0.23230000000000084,0.38871892054492485
243.75,1.6375000000000002,0.24609999999999868,0.4118111336465999
243.75,1.6625,0.24600000000000088,0.41164379876905516
243.75,1.6875,0.25789999999999863,0.43155664919731046
243.75,1.7125000000000001,0.2550000000000009,0.42670393774841076
243.75,1.7375,0.2549000000000009,0.4265366028708624
243.75,1.7625000000000002,0.25329999999999864,0.4238592448300843
243.75,1.7875,0.2552000000000009,0.42703860750350764
243.75,1.8125,0.2518999999999987,0.4215165565444068
243.75,1.8375000000000001,0.26310000000000094,0.44025806282983093
243.75,1.8625,0.25510000000000094,0.42687127262595925
243.75,1.8875000000000002,0.2604999999999986,0.4359073560135687
243.75,1.9125,0.278100000000001,0.4653582944620904
243.75,1.9375,0.26819999999999855,0.44879214158479513
243.75,1.9625000000000001,0.27110000000000095,0.4536448530337026
243.75,1.9875,0.27150000000000096,0.4543141925438962
243.75,2.0125,0.277300000000001,0.4640196154417032
243.75,2.0375,0.28379999999999594,0.4748963824823405
243.75,2.0625,0.29130000000000106,0.48744649829847875
243.75,2.0875000000000004,0.287200000000001,0.4805857683189944
243.75,2.1125,0.3020000000000011,0.5053513301961572
243.75,2.1375,0.30630000000000107,0.5125467299307381
243.75,2.1625,0.3170999999999955,0.5306188967059555
243.75,2.1875,0.32130000000000114,0.5376469615629976
243.75,2.2125000000000004,0.3357000000000012,0.5617431839299667
243.75,2.2375,0.34660000000000124,0.5799826855827419
243.75,2.2625,0.3371000000000012,0.5640858722156442
243.75,2.2875,0.36189999999999484,0.6055849218476358
243.75,2.3125,0.36970000000000136,0.6186370422964216
243.75,2.3375000000000004,0.3911000000000014,0.6544467060917784
243.75,2.3625,0.38610000000000133,0.6460799622143584
243.75,2.3875,0.39719999999999434,0.6646541336222186
243.75,2.4125000000000005,0.41080000000000144,0.6874116769688123
243.75,2.4375,0.4308000000000015,0.7208786524784916
243.75,2.4625000000000004,0.4227000000000015,0.7073245273970716
243.75,2.4875,0.44020000000000153,0.7366081309680409
243.75,2.5125,0.44049999999999373,0.737110135600673
243.75,2.5375000000000005,0.44800000000000156,0.7496602514168158
243.75,2.5625,0.4469000000000016,0.7478195677637834
243.75,2.5875000000000004,0.4571000000000016,0.76488772527372
243.75,2.6125,0.4550000000000016,0.7613736928452036
243.75,2.6375,0.4755999999999932,0.795844677620159
243.75,2.6625000000000005,0.46640000000000165,0.7804498688857208
243.75,2.6875,0.44700000000000156,0.7479869026413318
243.75,2.7125000000000004,0.4523000000000016,0.7568556511513969
243.75,2.7375,0.46180000000000165,0.7727524645184946
243.75,2.7625,0.44939999999999364,0.7520029397024801
243.75,2.7875000000000005,0.44910000000000155,0.7515009350698482
243.75,2.8125,0.4492000000000016,0.7516682699473966
243.75,2.8375000000000004,0.44240000000000157,0.7402894982741056
243.75,2.8625,0.43560000000000154,0.7289107266008147
243.75,2.8875,0.4505999999999936,0.7540109582330607
243.75,2.9125000000000005,0.4314000000000015,0.721882661743782
243.75,2.9375,0.42590000000000156,0.7126792434786203
243.75,2.9625000000000004,0.41470000000000146,0.6939377371931998
243.75,2.9875,0.4228000000000015,0.7074918622746199
243.75,3.0125,0.3994999999999943,0.6685028358058317
243.75,3.0375000000000005,0.4034000000000014,0.6750288960302311
243.75,3.0625,0.37920000000000137,0.6345338556635192
243.75,3.0875000000000004,0.39370000000000144,0.6587974129080366
243.75,3.1125,0.37740000000000135,0.631521827867648
243.75,3.1375,0.3680999999999948,0.6159596842556363
243.75,3.1625000000000005,0.3553000000000012,0.5945408199294523
243.75,3.1875,0.35410000000000125,0.5925328013988717
243.75,3.2125000000000004,0.35010000000000124,0.5858394062969358
243.75,3.2375,0.3339000000000012,0.5587311561340956
243.75,3.2625,0.34129999999999516,0.5711139370726668
243.75,3.2875000000000005,0.33620000000000116,0.5625798583177086
243.75,3.3125,0.3276000000000011,0.5481890588485465
243.75,3.3375000000000004,0.3174000000000011,0.5311209013386101
243.75,3.3625,0.32430000000000114,0.5426670078894494
243.75,3.3875,0.30349999999999566,0.507861353359374
243.75,3.4125000000000005,0.2995000000000011,0.5011679582574473
243.75,3.4375,0.30030000000000107,0.5025066372778344
243.75,3.4625000000000004,0.29430000000000106,0.4924665446249306
243.75,3.4875,0.29750000000000104,0.49782126070647925
243.75,3.5125,0.282399999999996,0.47255369419666304
243.75,3.5375000000000005,0.27400000000000097,0.4584975644826061
243.75,3.5625,0.268700000000001,0.4496288159725412
243.75,3.5875000000000004,0.26890000000000097,0.44996348572763795
243.75,3.6125,0.26610000000000095,0.4452781091562828
243.75,3.6375,0.2555999999999964,0.42770794701369363
243.75,3.6625000000000005,0.2466000000000009,0.41264780803434553
243.75,3.6875,0.2484000000000009,0.41565983583021665
243.75,3.7125000000000004,0.23250000000000082,0.3890535903000216
243.75,3.7375,0.23090000000000083,0.3863762322592473
243.75,3.7625,0.23529999999999665,0.3937389668713697
243.75,3.7875000000000005,0.23310000000000083,0.390057599565312
243.75,3.8125,0.21820000000000075,0.3651247028106009
243.75,3.8375000000000004,0.21720000000000078,0.36345135403511697
243.75,3.8625,0.20580000000000073,0.34437517799459977
243.75,3.8875,0.19879999999999715,0.33266173656620607
243.75,3.9125000000000005,0.18600000000000064,0.31124287224001723
243.75,3.9375,0.19280000000000067,0.3226216439133082
243.75,3.9625000000000004,0.18710000000000068,0.3130835558930497
243.75,3.9875,0.17450000000000063,0.2919993613219517
243.75,4.0125,0.16549999999999765,0.2769392223425911
243.75,4.0375,0.1642000000000035,0.2747638689344718
243.75,4.0625,0.1620999999999977,0.27124983650594575
243.75,4.0875,0.15219999999999784,0.2546836836286548
243.75,4.112500000000001,0.14680000000000312,0.24564760024105026
243.75,4.1375,0.14219999999999797,0.2379501958738154
243.75,4.1625,0.1313000000000028,0.21971069422104839
243.75,4.1875,0.12929999999999817,0.2163639966700727
243.75,4.2125,0.1131999999999984,0.18942308138478137
243.75,4.237500000000001,0.11550000000000246,0.19327178356840127
243.75,4.2625,0.1130999999999984,0.18925574650723295
243.75,4.2875,0.10580000000000227,0.17704030044620656
243.75,4.3125,0.09779999999999861,0.16365351024232877
243.75,4.3375,0.0911999999999987,0.1526094083241348
243.75,4.362500000000001,0.09050000000000194,0.15143806418130146
243.75,4.3875,0.08549999999999879,0.14307132030387637
243.75,4.4125,0.0754000000000016,0.12617049767149313
243.75,4.4375,0.06919999999999901,0.11579573526348824
243.75,4.4625,0.06669999999999905,0.1116123633247784
243.75,4.487500000000001,0.06350000000000135,0.10625764724323358
243.75,4.5125,0.057799999999999185,0.09671955922297142
243.75,4.5375,0.05030000000000107,0.08416944340684489
243.75,4.5625,0.05079999999999928,0.08500611779458386
243.75,4.5875,0.0491999999999993,0.08232875975380956
243.75,4.612500000000001,0.046500000000000985,0.0778107180600057
243.75,4.6375,0.044899999999999364,0.07513336001922866
243.75,4.6625,0.038500000000000825,0.06442392785613377
243.75,4.6875,0.034999999999999504,0.0585672071419377
243.75,4.7125,0.033799999999999525,0.05655918861135698
243.75,4.737500000000001,0.03180000000000068,0.053212491060391005
243.75,4.7625,0.027799999999999603,0.04651909595845337
243.75,4.7875000000000005,0.02319999999999967,0.038821691591227274
243.75,4.8125,0.023800000000000508,0.03982570085651905
243.75,4.8375,0.019999999999999716,0.033466975509678684
243.75,4.862500000000001,0.01970000000000042,0.03296497087703467
243.75,4.8875,0.017199999999999754,0.028781598938323664
243.75,4.9125000000000005,0.01819999999999974,0.030454947713807603
243.75,4.9375,0.014400000000000308,0.02409622236696951
243.75,4.9625,0.014299999999999797,0.02392888748942026
243.75,4.987500000000001,0.014400000000000308,0.02409622236696951
243.75,5.0125,0.011399999999999837,0.01907617604051685
243.75,5.0375000000000005,0.009699999999999863,0.016231483122194162
243.75,5.0625,0.008900000000000189,0.014892804101807542
243.75,5.0875,0.00769999999999989,0.012884785571226293
243.75,5.112500000000001,0.007800000000000166,0.013052120448775151
243.75,5.1375,0.008099999999999885,0.013554125081419868
243.75,5.1625000000000005,0.006699999999999905,0.011211436795742359
243.75,5.1875,0.005900000000000126,0.009872757775355562
243.75,5.2125,0.005199999999999926,0.008701413632516457
243.75,5.237500000000001,0.004600000000000098,0.0076974043672263705
243.75,5.2625,0.003999999999999944,0.006693395101935738
243.75,5.2875000000000005,0.003999999999999944,0.006693395101935738
243.75,5.3125,0.0028000000000000594,0.004685376571355182
243.75,5.3375,0.003599999999999949,0.0060240555917421635
243.75,5.362500000000001,0.002300000000000049,0.0038487021836131853
243.75,5.3875,0.001699999999999976,0.0028446929183226885
243.75,5.4125000000000005,0.0020999999999999704,0.0035140324285162622
243.75,5.4375,0.002100000000000045,0.003514032428516387
243.75,5.4625,0.00139999999999998,0.0023426882856775076
243.75,5.487500000000001,0.0011000000000000235,0.001840683653032393
243.75,5.5125,0.0012999999999999815,0.0021753534081291144
243.75,5.5375000000000005,0.001199999999999983,0.002008018530580721
243.75,5.5625,0.0012000000000000257,0.0020080185305807927
243.75,5.5875,0.0008999999999999873,0.0015060138979355409
243.75,5.612500000000001,0.0004000000000000086,0.0006693395101935976
243.75,5.6375,0.0005999999999999915,0.0010040092652903606
243.75,5.6625000000000005,0.00069999999999999,0.0011713441428387538
243.75,5.6875,0.0002000000000000043,0.0003346697550967988
243.75,5.7125,0.00039999999999999433,0.0006693395101935737
243.75,5.737500000000001,0.0003000000000000064,0.0005020046326451982
243.75,5.7625,0.00029999999999999575,0.0005020046326451803
243.75,5.7875000000000005,0.00039999999999999433,0.0006693395101935737
243.75,5.8125,0.0004000000000000086,0.0006693395101935976
243.75,5.8375,0.00029999999999999575,0.0005020046326451803
243.75,5.862500000000001,0.0003000000000000064,0.0005020046326451982
243.75,5.8875,0.00019999999999999716,0.00033466975509678686
243.75,5.9125000000000005,0.00019999999999999716,0.00033466975509678686
243.75,5.9375,0.0,0.0
243.75,5.9625,0.0,0.0
243.75,5.987500000000001,0.00010000000000000215,0.0001673348775483994
243.75,6.0125,0.0,0.0
243.75,6.0375000000000005,9.999999999999858e-05,0.00016733487754839343
243.75,6.0625,0.0,0.0
243.75,6.0875,0.00019999999999999716,0.00033466975509678686
243.75,6.112500000000001,0.0,0.0
243.75,6.1375,0.00019999999999999716,0.00033466975509678686
243.75,6.1625000000000005,9.999999999999858e-05,0.00016733487754839343
243.75,6.1875,0.0,0.0
243.75,6.2125,0.0,0.0
243.75,6.237500000000001,0.0,0.0
243.75,6.2625,0.0,0.0
243.75,6.2875000000000005,0.0,0.0
243.75,6.3125,0.0,0.0
243.75,6.3375,9.999999999999858e-05,0.00016733487754839343
243.75,6.362500000000001,0.0,0.0
243.75,6.3875,0.0,0.0
243.75,6.4125000000000005,0.0,0.0
243.75,6.4375,0.0,0.0
243.75,6.4625,0.0,0.0
243.75,6.487500000000001,0.0,0.0
243.75,6.5125,0.0,0.0
243.75,6.5375000000000005,0.0,0.0
243.75,6.5625,0.0,0.0
243.75,6.5875,0.0,0.0
243.75,6.612500000000001,0.0,0.0
243.75,6.6375,0.0,0.0
243.75,6.6625000000000005,0.0,0.0
243.75,6.6875,0.0,0.0
243.75,6.7125,0.0,0.0
243.75,6.737500000000001,0.0,0.0
243.75,6.7625,0.0,0.0
243.75,6.7875000000000005,0.0,0.0
243.75,6.8125,0.00010000000000000215,0.0001673348775483994
243.75,6.8375,0.0,0.0
243.75,6.862500000000001,0.0,0.0
243.75,6.8875,0.0,0.0
243.75,6.9125000000000005,0.0,0.0
243.75,6.9375,0.0,0.0
243.75,6.9625,0.0,0.0
243.75,6.987500000000001,0.0,0.0
246.25,0.0125,0.0,0.0
246.25,0.037500000000000006,0.0003,0.0004638187564190066
246.25,0.0625,0.00019999999999999996,0.0003092125042793377
246.25,0.08750000000000001,0.0015000000000000002,0.0023190937820950336
246.25,0.1125,0.0019000000000000004,0.0029375187906537092
246.25,0.1375,0.004399999999999996,0.006802675094145424
246.25,0.16250000000000003,0.007800000000000001,0.012059287666894174
246.25,0.1875,0.011500000000000002,0.017779718996061924
246.25,0.21250000000000002,0.018900000000000004,0.029220581654397424
246.25,0.2375,0.025700000000000004,0.03973380679989491
246.25,0.2625,0.032499999999999966,0.05024703194539233
246.25,0.28750000000000003,0.04329999999999996,0.06694450717647656
246.25,0.3125,0.05270000000000007,0.08147749487760561
246.25,0.3375,0.05879999999999994,0.0909084762581252
246.25,0.36250000000000004,0.06520000000000009,0.10080327639506424
246.25,0.3875,0.07859999999999993,0.12152051418177963
246.25,0.41250000000000003,0.08579999999999993,0.1326521643358358
246.25,0.4375,0.09400000000000013,0.14532987701128894
246.25,0.4625,0.09709999999999991,0.15012267082761835
246.25,0.48750000000000004,0.09740000000000014,0.1505864895840377
246.25,0.5125,0.0992999999999999,0.15352400837469105
246.25,0.5375000000000001,0.0992999999999999,0.15352400837469105
246.25,0.5625,0.0983999999999999,0.15213255210543403
246.25,0.5875000000000001,0.1022999999999999,0.15816219593888112
246.25,0.6125,0.09530000000000034,0.14733975828910498
246.25,0.6375,0.09329999999999991,0.14424763324631093
246.25,0.6625000000000001,0.08899999999999993,0.13759956440430518
246.25,0.6875,0.08389999999999992,0.12971464554518206
246.25,0.7125000000000001,0.07969999999999992,0.12322118295531598
246.25,0.7375,0.07520000000000027,0.11626390160903141
246.25,0.7625,0.06719999999999994,0.10389540143785739
246.25,0.7875000000000001,0.06799999999999994,0.10513225145497473
246.25,0.8125,0.06159999999999994,0.09523745131803593
246.25,0.8375000000000001,0.05549999999999995,0.08580646993751616
246.25,0.8625,0.05850000000000021,0.09044465750170662
246.25,0.8875,0.05209999999999996,0.08054985736476743
246.25,0.9125000000000001,0.051499999999999956,0.0796222198519294
246.25,0.9375,0.054099999999999954,0.0836419824075608
246.25,0.9625000000000001,0.047099999999999954,0.07281954475778397
246.25,0.9875,0.05120000000000018,0.07915840109551074
246.25,1.0125000000000002,0.05119999999999973,0.07915840109551005
246.25,1.0375,0.06090000000000022,0.09415520755305869
246.25,1.0625,0.06110000000000022,0.09446442005733802
246.25,1.0875,0.06459999999999966,0.09987563888222556
246.25,1.1125,0.06720000000000025,0.10389540143785786
246.25,1.1375000000000002,0.07069999999999962,0.10930662026274532
246.25,1.1625,0.07990000000000029,0.12353039545959588
246.25,1.1875,0.0907999999999995,0.14038247694281858
246.25,1.2125000000000001,0.09600000000000034,0.14842200205408265
246.25,1.2375,0.10270000000000036,0.1587806209474405
246.25,1.2625000000000002,0.1107999999999994,0.1713037273707522
246.25,1.2875,0.12500000000000044,0.1932578151745868
246.25,1.3125,0.13259999999999927,0.2050078903371998
246.25,1.3375000000000001,0.14800000000000052,0.22881725316671073
246.25,1.3625,0.15150000000000055,0.23422847199159919
246.25,1.3875000000000002,0.16069999999999915,0.24845224718844658
246.25,1.4125,0.17170000000000063,0.26545893492381245
246.25,1.4375,0.19269999999999896,0.2979262478731403
246.25,1.4625000000000001,0.18960000000000068,0.29313345405681324
246.25,1.4875,0.1975000000000007,0.3053473479758471
246.25,1.5125000000000002,0.20289999999999891,0.31369608559138645
246.25,1.5375,0.20350000000000074,0.3146237231042273
246.25,1.5625,0.21349999999999889,0.33008434831819133
246.25,1.5875000000000001,0.2291000000000008,0.35420292365198264
246.25,1.6125,0.23040000000000083,0.35621280492979834
246.25,1.6375000000000002,0.23789999999999872,0.36780827384027026
246.25,1.6625,0.22890000000000083,0.35389371114770335
246.25,1.6875,0.2434999999999987,0.37646622396009166
246.25,1.7125000000000001,0.24330000000000088,0.3761570114558157
246.25,1.7375,0.24790000000000087,0.3832688990542405
246.25,1.7625000000000002,0.25569999999999865,0.39532818672113124
246.25,1.7875,0.2583000000000009,0.39934794927676615
246.25,1.8125,0.25379999999999864,0.3923906679304775
246.25,1.8375000000000001,0.26170000000000093,0.4046045618495149
246.25,1.8625,0.26760000000000095,0.4137263307257554
246.25,1.8875000000000002,0.2653999999999986,0.410324993178679
246.25,1.9125,0.26860000000000095,0.4152723932471521
246.25,1.9375,0.27129999999999854,0.41944676205491943
246.25,1.9625000000000001,0.26890000000000097,0.41573621200357114
246.25,1.9875,0.271800000000001,0.42021979331562154
246.25,2.0125,0.277600000000001,0.4291869559397224
246.25,2.0375,0.281099999999996,0.43459817476460305
246.25,2.0625,0.292200000000001,0.45175946875211404
246.25,2.0875000000000004,0.29890000000000105,0.4621180876454719
246.25,2.1125,0.30250000000000105,0.4676839127225
246.25,2.1375,0.3097000000000011,0.4788155628765562
246.25,2.1625,0.32769999999999533,0.5066446882616877
246.25,2.1875,0.32160000000000116,0.4972137068811769
246.25,2.2125000000000004,0.34250000000000125,0.5295264135783678
246.25,2.2375,0.34670000000000123,0.5360198761682339
246.25,2.2625,0.3518000000000013,0.5439047950273571
246.25,2.2875,0.3733999999999947,0.5772997454895153
246.25,2.3125,0.36320000000000124,0.5615299077712793
246.25,2.3375000000000004,0.37580000000000136,0.5810102955408777
246.25,2.3625,0.3914000000000014,0.6051288708746662
246.25,2.3875,0.40279999999999433,0.6227539836185775
246.25,2.4125000000000005,0.40660000000000146,0.6286290211998959
246.25,2.4375,0.41260000000000147,0.637905396328276
246.25,2.4625000000000004,0.42170000000000146,0.6519745652729859
246.25,2.4875,0.4240000000000015,0.6555305090721983
246.25,2.5125,0.4361999999999938,0.674392471833226
246.25,2.5375000000000005,0.4240000000000015,0.6555305090721983
246.25,2.5625,0.4423000000000016,0.6838234532137579
246.25,2.5875000000000004,0.4426000000000016,0.6842872719701769
246.25,2.6125,0.4487000000000016,0.6937182533506967
246.25,2.6375,0.4479999999999936,0.6926360095857067
246.25,2.6625000000000005,0.4531000000000016,0.7005209284448422
246.25,2.6875,0.4471000000000016,0.6912445533164621
246.25,2.7125000000000004,0.4472000000000016,0.6913991595686017
246.25,2.7375,0.45760000000000167,0.7074782097911274
246.25,2.7625,0.44269999999999365,0.6844418782223043
246.25,2.7875000000000005,0.4541000000000016,0.7020669909662388
246.25,2.8125,0.43400000000000155,0.6709911342861653
246.25,2.8375000000000004,0.4343000000000016,0.6714549530425844
246.25,2.8625,0.43710000000000154,0.675783928102495
246.25,2.8875,0.43519999999999387,0.6728464093118295
246.25,2.9125000000000005,0.43130000000000157,0.6668167654783943
246.25,2.9375,0.4229000000000015,0.653829840298662
246.25,2.9625000000000004,0.4186000000000015,0.6471817714566562
246.25,2.9875,0.4148000000000015,0.6413067338753489
246.25,3.0125,0.40019999999999434,0.6187342210629461
246.25,3.0375000000000005,0.3955000000000014,0.6114677272123926
246.25,3.0625,0.3910000000000014,0.6045104458661075
246.25,3.0875000000000004,0.3858000000000014,0.5964709207548448
246.25,3.1125,0.37490000000000134,0.5796188392716207
246.25,3.1375,0.37129999999999475,0.5740530141945824
246.25,3.1625000000000005,0.3746000000000013,0.5791550205152016
246.25,3.1875,0.36630000000000135,0.5663227015876092
246.25,3.2125000000000004,0.3527000000000013,0.5452962512966141
246.25,3.2375,0.35160000000000124,0.5435955825230777
246.25,3.2625,0.3308999999999953,0.511592088330157
246.25,3.2875000000000005,0.3262000000000012,0.5043255944796018
246.25,3.3125,0.3260000000000011,0.5040163819753223
246.25,3.3375000000000004,0.32570000000000116,0.5035525632189033
246.25,3.3625,0.32320000000000115,0.4996874069154116
246.25,3.3875,0.32209999999999545,0.4979867381418664
246.25,3.4125000000000005,0.30010000000000103,0.4639733626711479
246.25,3.4375,0.29540000000000105,0.4567068688205835
246.25,3.4625000000000004,0.29930000000000107,0.4627365126540306
246.25,3.4875,0.287200000000001,0.44402915614513055
246.25,3.5125,0.27949999999999603,0.43212447473036836
246.25,3.5375000000000005,0.2683000000000009,0.41480857449073305
246.25,3.5625,0.277300000000001,0.42872313718330335
246.25,3.5875000000000004,0.27260000000000095,0.42145664333273886
246.25,3.6125,0.2643000000000009,0.4086243244051463
246.25,3.6375,0.24979999999999644,0.38620641784488735
246.25,3.6625000000000005,0.2562000000000009,0.3961012179818331
246.25,3.6875,0.24510000000000087,0.37893992399432974
246.25,3.7125000000000004,0.2506000000000009,0.38744326786201155
246.25,3.7375,0.23740000000000086,0.36703524257957526
246.25,3.7625,0.2330999999999967,0.36038717373756307
246.25,3.7875000000000005,0.2204000000000008,0.34075217971583144
246.25,3.8125,0.21410000000000073,0.3310119858310322
246.25,3.8375000000000004,0.21090000000000075,0.3260645857625628
246.25,3.8625,0.21160000000000076,0.32714682952754054
246.25,3.8875,0.20859999999999704,0.3225086419633447
246.25,3.9125000000000005,0.1976000000000007,0.30550195422798676
246.25,3.9375,0.1915000000000007,0.296070972847467
246.25,3.9625000000000004,0.17730000000000062,0.2741168850436339
246.25,3.9875,0.17600000000000063,0.2721070037658182
246.25,4.0125,0.17909999999999746,0.276899797582143
246.25,4.0375,0.1685000000000036,0.2605115348553476
246.25,4.0625,0.1617999999999977,0.2501529159619807
246.25,4.0875,0.15679999999999777,0.24242260335499735
246.25,4.112500000000001,0.1502000000000032,0.2322185907137876
246.25,4.1375,0.13899999999999801,0.21490269047413665
246.25,4.1625,0.1267000000000027,0.19588612146096465
246.25,4.1875,0.1192999999999983,0.18444525880262233
246.25,4.2125,0.1206999999999983,0.1866097463325777
246.25,4.237500000000001,0.11830000000000253,0.1828991962812322
246.25,4.2625,0.11109999999999842,0.17176754612716968
246.25,4.2875,0.10570000000000225,0.16341880851163348
246.25,4.3125,0.0989999999999986,0.15306018961827003
246.25,4.3375,0.09459999999999866,0.1462575145241247
246.25,4.362500000000001,0.0890000000000019,0.13759956440430823
246.25,4.3875,0.08609999999999877,0.133115983092253
246.25,4.4125,0.08560000000000183,0.1323429518315594
246.25,4.4375,0.07499999999999893,0.11595468910475
246.25,4.4625,0.07369999999999895,0.11394480782693434
246.25,4.487500000000001,0.06680000000000143,0.10327697642930102
246.25,4.5125,0.06039999999999914,0.09338217629235868
246.25,4.5375,0.0561000000000012,0.08673410745035609
246.25,4.5625,0.05899999999999916,0.09121768876240334
246.25,4.5875,0.05049999999999928,0.07807615733053166
246.25,4.612500000000001,0.04600000000000098,0.0711188759842492
246.25,4.6375,0.046199999999999346,0.07142808848852601
246.25,4.6625,0.042800000000000914,0.0661714759157797
246.25,4.6875,0.03939999999999944,0.060914863343028675
246.25,4.7125,0.0353999999999995,0.05473061325744201
246.25,4.737500000000001,0.032100000000000684,0.04962860693683477
246.25,4.7625,0.03059999999999956,0.047309513154738
246.25,4.7875000000000005,0.027599999999999607,0.042671325590548
246.25,4.8125,0.02630000000000056,0.04066144431273378
246.25,4.8375,0.024199999999999656,0.037414713017799334
246.25,4.862500000000001,0.022800000000000487,0.03525022548784525
246.25,4.8875,0.023099999999999673,0.035714044244263006
246.25,4.9125000000000005,0.019899999999999717,0.030766644175793667
246.25,4.9375,0.016900000000000363,0.0261284566116046
246.25,4.9625,0.016799999999999763,0.025973850359464003
246.25,4.987500000000001,0.014800000000000315,0.02288172531667148
246.25,5.0125,0.012999999999999816,0.020098812778156668
246.25,5.0375000000000005,0.01119999999999984,0.017315900239642665
246.25,5.0625,0.010200000000000218,0.01576983771824656
246.25,5.0875,0.009399999999999867,0.014532987701128668
246.25,5.112500000000001,0.010200000000000218,0.01576983771824656
246.25,5.1375,0.0073999999999998945,0.011440862658335334
246.25,5.1625000000000005,0.006199999999999912,0.009585587632659334
246.25,5.1875,0.007000000000000149,0.010822437649777052
246.25,5.2125,0.006399999999999909,0.009894800136938667
246.25,5.237500000000001,0.0062000000000001325,0.009585587632659676
246.25,5.2625,0.006499999999999908,0.010049406389078334
246.25,5.2875000000000005,0.004699999999999933,0.007266493850564334
246.25,5.3125,0.0032000000000000687,0.00494740006846951
246.25,5.3375,0.003299999999999953,0.005102006320609
246.25,5.362500000000001,0.004100000000000087,0.006338856337726559
246.25,5.3875,0.0031999999999999546,0.004947400068469334
246.25,5.4125000000000005,0.002199999999999969,0.003401337547072667
246.25,5.4375,0.003000000000000064,0.004638187564190165
246.25,5.4625,0.00279999999999996,0.004328975059910666
246.25,5.487500000000001,0.001500000000000032,0.0023190937820950826
246.25,5.5125,0.0015999999999999773,0.002473700034234667
246.25,5.5375000000000005,0.0007999999999999887,0.0012368500171173334
246.25,5.5625,0.0005000000000000106,0.0007730312606983608
246.25,5.5875,0.000999999999999986,0.001546062521396667
246.25,5.612500000000001,0.0011000000000000235,0.001700668773536394
246.25,5.6375,0.0005999999999999915,0.0009276375128380001
246.25,5.6625000000000005,0.00019999999999999716,0.00030921250427933336
246.25,5.6875,0.0006000000000000128,0.0009276375128380331
246.25,5.7125,0.0005999999999999915,0.0009276375128380001
246.25,5.737500000000001,0.0009000000000000193,0.0013914562692570497
246.25,5.7625,0.000499999999999993,0.0007730312606983335
246.25,5.7875000000000005,0.0005999999999999915,0.0009276375128380001
246.25,5.8125,0.0003000000000000064,0.00046381875641901657
246.25,5.8375,0.000499999999999993,0.0007730312606983335
246.25,5.862500000000001,0.0002000000000000043,0.00030921250427934436
246.25,5.8875,0.00039999999999999433,0.0006184250085586667
246.25,5.9125000000000005,9.999999999999858e-05,0.00015460625213966668
246.25,5.9375,0.0004000000000000086,0.0006184250085586887
246.25,5.9625,0.00029999999999999575,0.00046381875641900004
246.25,5.987500000000001,0.0004000000000000086,0.0006184250085586887
246.25,6.0125,0.00039999999999999433,0.0006184250085586667
246.25,6.0375000000000005,9.999999999999858e-05,0.00015460625213966668
246.25,6.0625,0.00010000000000000215,0.00015460625213967218
246.25,6.0875,0.00019999999999999716,0.00030921250427933336
246.25,6.112500000000001,0.0002000000000000043,0.00030921250427934436
246.25,6.1375,9.999999999999858e-05,0.00015460625213966668
246.25,6.1625000000000005,0.00019999999999999716,0.00030921250427933336
246.25,6.1875,0.0,0.0
246.25,6.2125,0.00019999999999999716,0.00030921250427933336
246.25,6.237500000000001,0.00010000000000000215,0.00015460625213967218
246.25,6.2625,0.0,0.0
246.25,6.2875000000000005,0.0,0.0
246.25,6.3125,0.0,0.0
246.25,6.3375,0.0,0.0
246.25,6.362500000000001,0.0,0.0
246.25,6.3875,0.0,0.0
246.25,6.4125000000000005,0.0,0.0
246.25,6.4375,0.0,0.0
246.25,6.4625,0.0,0.0
246.25,6.487500000000001,0.0,0.0
246.25,6.5125,0.0,0.0
246.25,6.5375000000000005,0.0,0.0
246.25,6.5625,0.0,0.0
246.25,6.5875,9.999999999999858e-05,0.00015460625213966668
246.25,6.612500000000001,0.0,0.0
246.25,6.6375,0.0,0.0
246.25,6.6625000000000005,0.0,0.0
246.25,6.6875,0.0,0.0
246.25,6.7125,0.0,0.0
246.25,6.737500000000001,0.0,0.0
246.25,6.7625,0.0,0.0
246.25,6.7875000000000005,0.0,0.0
246.25,6.8125,0.0,0.0
246.25,6.8375,0.0,0.0
246.25,6.862500000000001,0.0,0.0
246.25,6.8875,0.0,0.0
246.25,6.9125000000000005,0.0,0.0
246.25,6.9375,0.0,0.0
246.25,6.9625,0.0,0.0
246.25,6.987500000000001,0.0,0.0
248.75,0.0125,0.0,0.0
248.75,0.037500000000000006,0.0001,0.00014438938640370163
248.75,0.0625,0.0005999999999999998,0.0008663363184222095
248.75,0.08750000000000001,0.0021000000000000007,0.003032177114477735
248.75,0.1125,0.0037000000000000006,0.005342407296936961
248.75,0.1375,0.006299999999999995,0.009096531343433195
248.75,0.16250000000000003,0.009600000000000003,0.01386138109475536
248.75,0.1875,0.011600000000000003,0.016749168822829393
248.75,0.21250000000000002,0.017100000000000004,0.024690585075032984
248.75,0.2375,0.027300000000000005,0.03941830248821055
248.75,0.2625,0.03459999999999997,0.04995872769568072
248.75,0.28750000000000003,0.04109999999999996,0.05934403781192132
248.75,0.3125,0.046600000000000065,0.06728545406412505
248.75,0.3375,0.06099999999999995,0.08807752570625792
248.75,0.36250000000000004,0.06750000000000009,0.09746283582249872
248.75,0.3875,0.07259999999999993,0.10482669452908727
248.75,0.41250000000000003,0.08239999999999993,0.11897685439665004
248.75,0.4375,0.08980000000000012,0.12966166899052423
248.75,0.4625,0.08979999999999992,0.12966166899052395
248.75,0.48750000000000004,0.09660000000000013,0.13948014726597596
248.75,0.5125,0.09519999999999992,0.13745869585632384
248.75,0.5375000000000001,0.09569999999999992,0.13818064278834236
248.75,0.5625,0.09609999999999992,0.13875820033395714
248.75,0.5875000000000001,0.09809999999999991,0.14164598806203116
248.75,0.6125,0.09020000000000032,0.13023922653613934
248.75,0.6375,0.09849999999999991,0.14222354560764597
248.75,0.6625000000000001,0.09089999999999993,0.13124995224096467
248.75,0.6875,0.08569999999999992,0.12374170414797217
248.75,0.7125000000000001,0.07959999999999993,0.1149339515773464
248.75,0.7375,0.07590000000000027,0.10959154428040993
248.75,0.7625,0.07059999999999994,0.10193890680101327
248.75,0.7875000000000001,0.06519999999999994,0.09414187993521338
248.75,0.8125,0.06539999999999994,0.09443065870802078
248.75,0.8375000000000001,0.058199999999999946,0.08403462288695426
248.75,0.8625,0.058800000000000206,0.08490095920537685
248.75,0.8875,0.05719999999999995,0.08259072902291727
248.75,0.9125000000000001,0.05489999999999995,0.07926977313563212
248.75,0.9375,0.05419999999999996,0.07825904743080622
248.75,0.9625000000000001,0.05599999999999995,0.08085805638607284
248.75,0.9875,0.047800000000000176,0.06901812670096963
248.75,1.0125000000000002,0.05219999999999972,0.07537125970273184
248.75,1.0375,0.0562000000000002,0.0811468351588806
248.75,1.0625,0.06710000000000024,0.09688527827688415
248.75,1.0875,0.06999999999999963,0.1010725704825906
248.75,1.1125,0.07160000000000025,0.10338280066505072
248.75,1.1375000000000002,0.07719999999999959,0.11146860630365706
248.75,1.1625,0.08930000000000032,0.128939722058506
248.75,1.1875,0.08649999999999954,0.12489681923920123
248.75,1.2125000000000001,0.10000000000000035,0.14438938640370214
248.75,1.2375,0.10290000000000037,0.1485766786094095
248.75,1.2625000000000002,0.10839999999999943,0.15651809486161172
248.75,1.2875,0.12290000000000044,0.17745455589014994
248.75,1.3125,0.12049999999999936,0.17398921061645953
248.75,1.3375000000000001,0.1461000000000005,0.21095289353580882
248.75,1.3625,0.15770000000000056,0.22770206235863827
248.75,1.3875000000000002,0.16089999999999915,0.2323225227235547
248.75,1.4125,0.16720000000000057,0.24141905406698994
248.75,1.4375,0.18319999999999903,0.26452135589158
248.75,1.4625000000000001,0.18300000000000066,0.2642325771187749
248.75,1.4875,0.19730000000000072,0.28488025937450434
248.75,1.5125000000000002,0.2018999999999989,0.29152217114907203
248.75,1.5375,0.20600000000000074,0.2974421359916264
248.75,1.5625,0.21119999999999886,0.30495038408461617
248.75,1.5875000000000001,0.21920000000000076,0.3165015349969151
248.75,1.6125,0.23150000000000082,0.33426142952457044
248.75,1.6375000000000002,0.23599999999999874,0.34075895191273403
248.75,1.6625,0.23610000000000084,0.34090334129914074
248.75,1.6875,0.2410999999999987,0.34812281061932276
248.75,1.7125000000000001,0.24130000000000085,0.34841158939213324
248.75,1.7375,0.24640000000000087,0.3557754480987221
248.75,1.7625000000000002,0.24909999999999868,0.35967396153161885
248.75,1.7875,0.26020000000000093,0.37570118342243297
248.75,1.8125,0.25069999999999865,0.36198419171407803
248.75,1.8375000000000001,0.2537000000000009,0.36631587330619236
248.75,1.8625,0.2638000000000009,0.38089920133296623
248.75,1.8875000000000002,0.26699999999999857,0.38551966169788127
248.75,1.9125,0.26520000000000093,0.38292065274261805
248.75,1.9375,0.2739999999999985,0.3956269187461403
248.75,1.9625000000000001,0.26190000000000097,0.378155802991296
248.75,1.9875,0.271400000000001,0.39187279469964764
248.75,2.0125,0.28100000000000097,0.40573417579440296
248.75,2.0375,0.2934999999999958,0.42378284909485825
248.75,2.0625,0.3032000000000011,0.4377886195760249
248.75,2.0875000000000004,0.3079000000000011,0.4445749207369989
248.75,2.1125,0.31490000000000107,0.45468217778525793
248.75,2.1375,0.3047000000000011,0.4399544603720804
248.75,2.1625,0.32009999999999544,0.46219042587824233
248.75,2.1875,0.32610000000000117,0.47085378906247266
248.75,2.2125000000000004,0.3398000000000012,0.4906351349997799
248.75,2.2375,0.35150000000000126,0.5075286932090131
248.75,2.2625,0.3502000000000013,0.505651631185765
248.75,2.2875,0.3661999999999948,0.5287539330103479
248.75,2.3125,0.3757000000000013,0.542470924718709
248.75,2.3375000000000004,0.37840000000000135,0.5463694381516089
248.75,2.3625,0.3841000000000014,0.55459963317662
248.75,2.3875,0.3849999999999945,0.5558991376542434
248.75,2.4125000000000005,0.3994000000000015,0.5766912092963864
248.75,2.4375,0.40050000000000147,0.5782794925468271
248.75,2.4625000000000004,0.4173000000000015,0.602536909462649
248.75,2.4875,0.41610000000000147,0.6008042368258045
248.75,2.5125,0.43169999999999387,0.6233289811047711
248.75,2.5375000000000005,0.42790000000000156,0.6178421844214415
248.75,2.5625,0.4423000000000016,0.6386342560635746
248.75,2.5875000000000004,0.4392000000000016,0.6341581850850598
248.75,2.6125,0.44540000000000163,0.6431103270420894
248.75,2.6375,0.4462999999999937,0.6444098315197112
248.75,2.6625000000000005,0.4437000000000016,0.6406557074732264
248.75,2.6875,0.44390000000000157,0.6409444862460337
248.75,2.7125000000000004,0.43740000000000157,0.6315591761297932
248.75,2.7375,0.44910000000000155,0.6484527343390263
248.75,2.7625,0.4368999999999938,0.6308372291977634
248.75,2.7875000000000005,0.43690000000000156,0.6308372291977746
248.75,2.8125,0.43410000000000154,0.626794326378471
248.75,2.8375000000000004,0.4448000000000016,0.6422439907236671
248.75,2.8625,0.4322000000000015,0.6240509280368006
248.75,2.8875,0.4147999999999941,0.5989271748025459
248.75,2.9125000000000005,0.4283000000000015,0.6184197419670563
248.75,2.9375,0.42170000000000146,0.6088900424644119
248.75,2.9625000000000004,0.4197000000000015,0.606002254736338
248.75,2.9875,0.40250000000000147,0.5811672802749012
248.75,3.0125,0.3961999999999944,0.5720707489314577
248.75,3.0375000000000005,0.3975000000000014,0.573947810954716
248.75,3.0625,0.3969000000000014,0.5730814746362938
248.75,3.0875000000000004,0.39510000000000145,0.5704824656810272
248.75,3.1125,0.3757000000000013,0.542470924718709
248.75,3.1375,0.3792999999999946,0.5476689426292325
248.75,3.1625000000000005,0.36210000000000125,0.5228339681678054
248.75,3.1875,0.34450000000000125,0.4974214361607539
248.75,3.2125000000000004,0.36070000000000124,0.5208125167581535
248.75,3.2375,0.34160000000000124,0.49323414395504656
248.75,3.2625,0.3413999999999951,0.49294536518223026
248.75,3.2875000000000005,0.32580000000000114,0.47042062090326153
248.75,3.3125,0.3346000000000012,0.48312688690678735
248.75,3.3375000000000004,0.3248000000000012,0.4689767270392246
248.75,3.3625,0.32070000000000115,0.4630567621966728
248.75,3.3875,0.3142999999999955,0.45381584146682774
248.75,3.4125000000000005,0.3055000000000011,0.44110957546331003
248.75,3.4375,0.29890000000000105,0.43157987596066566
248.75,3.4625000000000004,0.3017000000000011,0.43562277877996936
248.75,3.4875,0.29270000000000107,0.4226277340036362
248.75,3.5125,0.2886999999999959,0.4168521585474807
248.75,3.5375000000000005,0.290200000000001,0.41901799934354356
248.75,3.5625,0.27070000000000094,0.3908620689948217
248.75,3.5875000000000004,0.271400000000001,0.39187279469964764
248.75,3.6125,0.26660000000000095,0.3849421041522699
248.75,3.6375,0.2587999999999963,0.3736797320127745
248.75,3.6625000000000005,0.2536000000000009,0.3661714839197886
248.75,3.6875,0.24310000000000084,0.3510105983473999
248.75,3.7125000000000004,0.24300000000000085,0.3508662089609962
248.75,3.7375,0.23450000000000082,0.3385931111166815
248.75,3.7625,0.22779999999999678,0.32891902222762764
248.75,3.7875000000000005,0.2258000000000008,0.32603123449955945
248.75,3.8125,0.2196000000000008,0.3170790925425299
248.75,3.8375000000000004,0.20750000000000074,0.2996079767876819
248.75,3.8625,0.21350000000000077,0.3082713399719041
248.75,3.8875,0.20559999999999706,0.2968645784460063
248.75,3.9125000000000005,0.20090000000000072,0.2900782772850376
248.75,3.9375,0.18840000000000065,0.2720296039845748
248.75,3.9625000000000004,0.19090000000000068,0.2756393386446674
248.75,3.9875,0.18200000000000066,0.2627886832547379
248.75,4.0125,0.1715999999999976,0.2477721870687485
248.75,4.0375,0.16720000000000354,0.24141905406699424
248.75,4.0625,0.1560999999999978,0.22539183217617506
248.75,4.0875,0.15189999999999784,0.21932747794721966
248.75,4.112500000000001,0.14710000000000314,0.21239678739984963
248.75,4.1375,0.13789999999999805,0.19911296385070174
248.75,4.1625,0.14000000000000298,0.20214514096518657
248.75,4.1875,0.13189999999999813,0.19044960066647976
248.75,4.2125,0.12229999999999826,0.17658821957172458
248.75,4.237500000000001,0.1177000000000025,0.1699463077971604
248.75,4.2625,0.11069999999999842,0.15983905074889543
248.75,4.2875,0.10970000000000234,0.15839515688486405
248.75,4.3125,0.0919999999999987,0.1328382354914036
248.75,4.3375,0.09929999999999858,0.14337866069887367
248.75,4.362500000000001,0.09630000000000205,0.13904697910676764
248.75,4.3875,0.0907999999999987,0.1311055628545592
248.75,4.4125,0.08340000000000178,0.12042074826068973
248.75,4.4375,0.07569999999999892,0.10930276550760057
248.75,4.4625,0.07149999999999898,0.10323841127864519
248.75,4.487500000000001,0.07340000000000156,0.10598180962031925
248.75,4.5125,0.06779999999999903,0.0978960039817083
248.75,4.5375,0.06440000000000137,0.09298676484398583
248.75,4.5625,0.057299999999999185,0.08273511840931985
248.75,4.5875,0.05229999999999926,0.07551564908913487
248.75,4.612500000000001,0.047200000000001005,0.06815179038254862
248.75,4.6375,0.04689999999999933,0.06771862222333509
248.75,4.6625,0.04520000000000096,0.06526400265447452
248.75,4.6875,0.04119999999999942,0.05948842719832423
248.75,4.7125,0.0352999999999995,0.05096945340050595
248.75,4.737500000000001,0.03790000000000081,0.05472357744700408
248.75,4.7625,0.03139999999999955,0.04533826733076166
248.75,4.7875000000000005,0.03179999999999955,0.045915824876376465
248.75,4.8125,0.031100000000000662,0.04490509917155216
248.75,4.8375,0.026399999999999625,0.03811879801057669
248.75,4.862500000000001,0.02490000000000053,0.03595295721452247
248.75,4.8875,0.02469999999999965,0.035664178441713795
248.75,4.9125000000000005,0.023799999999999665,0.0343646739640805
248.75,4.9375,0.02160000000000046,0.031188107463200214
248.75,4.9625,0.01819999999999974,0.026278868325473322
248.75,4.987500000000001,0.015300000000000325,0.02209157611976682
248.75,5.0125,0.014799999999999789,0.021369629187747537
248.75,5.0375000000000005,0.013499999999999809,0.019492567164499444
248.75,5.0625,0.01360000000000029,0.01963695655090384
248.75,5.0875,0.011799999999999833,0.01703794759563655
248.75,5.112500000000001,0.008700000000000185,0.012561876617122308
248.75,5.1375,0.009499999999999864,0.013716991708351459
248.75,5.1625000000000005,0.007799999999999889,0.011262372139488566
248.75,5.1875,0.00750000000000016,0.010829203980277853
248.75,5.2125,0.008199999999999883,0.011839929685103364
248.75,5.237500000000001,0.005500000000000118,0.00794141625220376
248.75,5.2625,0.006899999999999902,0.00996286766185527
248.75,5.2875000000000005,0.004099999999999941,0.005919964842551682
248.75,5.3125,0.004600000000000098,0.006641911774570416
248.75,5.3375,0.004399999999999938,0.006353133001762781
248.75,5.362500000000001,0.0035000000000000747,0.005053628524129664
248.75,5.3875,0.0031999999999999546,0.004620460364918386
248.75,5.4125000000000005,0.00349999999999995,0.005053628524129485
248.75,5.4375,0.0027000000000000574,0.0038985134329000267
248.75,5.4625,0.002999999999999957,0.0043316815921109865
248.75,5.487500000000001,0.0018000000000000385,0.002599008955266685
248.75,5.5125,0.0017999999999999746,0.0025990089552665927
248.75,5.5375000000000005,0.002199999999999969,0.0031765665008813906
248.75,5.5625,0.002200000000000047,0.0031765665008815034
248.75,5.5875,0.001999999999999972,0.002887787728073992
248.75,5.612500000000001,0.0009000000000000193,0.0012995044776333425
248.75,5.6375,0.001699999999999976,0.002454619568862893
248.75,5.6625000000000005,0.0012999999999999815,0.0018770620232480945
248.75,5.6875,0.0009000000000000193,0.0012995044776333425
248.75,5.7125,0.0008999999999999873,0.0012995044776332963
248.75,5.737500000000001,0.0012000000000000257,0.0017326726368444567
248.75,5.7625,0.0008999999999999873,0.0012995044776332963
248.75,5.7875000000000005,0.000499999999999993,0.000721946932018498
248.75,5.8125,0.0009000000000000193,0.0012995044776333425
248.75,5.8375,0.00039999999999999433,0.0005775575456147983
248.75,5.862500000000001,0.0005000000000000106,0.0007219469320185235
248.75,5.8875,0.00029999999999999575,0.00043316815921109873
248.75,5.9125000000000005,0.00039999999999999433,0.0005775575456147983
248.75,5.9375,0.0002000000000000043,0.00028877877280740943
248.75,5.9625,9.999999999999858e-05,0.00014438938640369957
248.75,5.987500000000001,0.0004000000000000086,0.0005775575456148189
248.75,6.0125,0.00019999999999999716,0.00028877877280739913
248.75,6.0375000000000005,9.999999999999858e-05,0.00014438938640369957
248.75,6.0625,0.00010000000000000215,0.00014438938640370472
248.75,6.0875,0.0,0.0
248.75,6.112500000000001,0.0,0.0
248.75,6.1375,0.0,0.0
248.75,6.1625000000000005,0.0,0.0
248.75,6.1875,0.0,0.0
248.75,6.2125,0.0,0.0
248.75,6.237500000000001,0.0002000000000000043,0.00028877877280740943
248.75,6.2625,9.999999999999858e-05,0.00014438938640369957
248.75,6.2875000000000005,0.0,0.0
248.75,6.3125,0.0,0.0
248.75,6.3375,0.0,0.0
248.75,6.362500000000001,0.0,0.0
248.75,6.3875,9.999999999999858e-05,0.00014438938640369957
248.75,6.4125000000000005,0.0,0.0
248.75,6.4375,0.0,0.0
248.75,6.4625,9.999999999999858e-05,0.00014438938640369957
248.75,6.487500000000001,0.0,0.0
248.75,6.5125,0.0,0.0
248.75,6.5375000000000005,0.0,0.0
248.75,6.5625,0.0,0.0
248.75,6.5875,0.0,0.0
248.75,6.612500000000001,0.0,0.0
248.75,6.6375,0.0,0.0
248.75,6.6625000000000005,9.999999999999858e-05,0.00014438938640369957
248.75,6.6875,0.0,0.0
248.75,6.7125,0.0,0.0
248.75,6.737500000000001,0.0,0.0
248.75,6.7625,0.0,0.0
248.75,6.7875000000000005,0.0,0.0
248.75,6.8125,0.0,0.0
248.75,6.8375,0.0,0.0
248.75,6.862500000000001,0.0,0.0
248.75,6.8875,0.0,0.0
248.75,6.9125000000000005,0.0,0.0
248.75,6.9375,0.0,0.0
248.75,6.9625,0.0,0.0
248.75,6.987500000000001,0.0,0.0
251.25,0.0125,0.0,0.0
251.25,0.037500000000000006,0.0002,0.0002730806960512945
251.25,0.0625,0.0008999999999999998,0.001228863132230825
251.25,0.08750000000000001,0.0020000000000000005,0.0027308069605129458
251.25,0.1125,0.003300000000000001,0.00450583148484636
251.25,0.1375,0.005099999999999996,0.006963557749308004
251.25,0.16250000000000003,0.009000000000000001,0.012288631322308254
251.25,0.1875,0.014500000000000002,0.019798350463718854
251.25,0.21250000000000002,0.019700000000000006,0.026898448561052515
251.25,0.2375,0.02720000000000001,0.03713897466297606
251.25,0.2625,0.036299999999999964,0.049564146333309904
251.25,0.28750000000000003,0.041599999999999956,0.0568007847786692
251.25,0.3125,0.05120000000000007,0.06990865818913149
251.25,0.3375,0.05789999999999995,0.0790568615068497
251.25,0.36250000000000004,0.07050000000000009,0.09626094535808144
251.25,0.3875,0.07229999999999993,0.09871867162254287
251.25,0.41250000000000003,0.08009999999999992,0.10936881876854335
251.25,0.4375,0.0828000000000001,0.11305540816523606
251.25,0.4625,0.08859999999999991,0.12097474835072335
251.25,0.48750000000000004,0.09070000000000011,0.12384209565926221
251.25,0.5125,0.08749999999999993,0.11947280452244124
251.25,0.5375000000000001,0.09449999999999992,0.12903062888423655
251.25,0.5625,0.08959999999999992,0.12234015183097982
251.25,0.5875000000000001,0.09199999999999992,0.12561712018359536
251.25,0.6125,0.09300000000000032,0.12698252366385238
251.25,0.6375,0.09479999999999993,0.1294402499283135
251.25,0.6625000000000001,0.08539999999999993,0.11660545721390267
251.25,0.6875,0.08089999999999993,0.11046114155274853
251.25,0.7125000000000001,0.08299999999999992,0.11332848886128712
251.25,0.7375,0.07940000000000028,0.1084130363323643
251.25,0.7625,0.07179999999999993,0.09803596988241464
251.25,0.7875000000000001,0.06479999999999994,0.08847814552061933
251.25,0.8125,0.06449999999999995,0.0880685244765424
251.25,0.8375000000000001,0.06259999999999995,0.0854742578640551
251.25,0.8625,0.059800000000000214,0.08165112811933735
251.25,0.8875,0.05639999999999995,0.07700875628646499
251.25,0.9125000000000001,0.05569999999999995,0.07605297385028545
251.25,0.9375,0.059899999999999946,0.08178766846736263
251.25,0.9625000000000001,0.053199999999999956,0.07263946514964428
251.25,0.9875,0.054300000000000195,0.07414140897792672
251.25,1.0125000000000002,0.059499999999999685,0.08124150707525968
251.25,1.0375,0.05940000000000021,0.08110496672723476
251.25,1.0625,0.06460000000000023,0.08820506482456843
251.25,1.0875,0.06769999999999964,0.09243781561336269
251.25,1.1125,0.07960000000000028,0.1086861170284156
251.25,1.1375000000000002,0.07959999999999957,0.10868611702841463
251.25,1.1625,0.09670000000000034,0.13203451654080137
251.25,1.1875,0.09279999999999951,0.12670944296779998
251.25,1.2125000000000001,0.10120000000000036,0.1381788322019555
251.25,1.2375,0.10760000000000039,0.14691741447559697
251.25,1.2625000000000002,0.11639999999999938,0.15893296510185256
251.25,1.2875,0.12850000000000045,0.17545434721295733
251.25,1.3125,0.14019999999999924,0.19142956793195642
251.25,1.3375000000000001,0.14820000000000053,0.20235279577400994
251.25,1.3625,0.15180000000000055,0.20726824830293328
251.25,1.3875000000000002,0.16139999999999916,0.22037612171339352
251.25,1.4125,0.16720000000000057,0.22829546189888297
251.25,1.4375,0.17219999999999908,0.2351224793001633
251.25,1.4625000000000001,0.18100000000000066,0.24713802992642242
251.25,1.4875,0.18520000000000064,0.25287272454349957
251.25,1.5125000000000002,0.20479999999999893,0.2796346327565241
251.25,1.5375,0.20480000000000073,0.27963463275652656
251.25,1.5625,0.2199999999999988,0.3003887656564223
251.25,1.5875000000000001,0.21440000000000076,0.2927425061669887
251.25,1.6125,0.23240000000000083,0.31731976881160534
251.25,1.6375000000000002,0.23229999999999876,0.3171832284635769
251.25,1.6625,0.2318000000000008,0.3165005267234514
251.25,1.6875,0.23369999999999874,0.31909479333593593
251.25,1.7125000000000001,0.23910000000000087,0.32646797212932377
251.25,1.7375,0.2502000000000009,0.34162395076017066
251.25,1.7625000000000002,0.2569999999999986,0.35090869442591155
251.25,1.7875,0.25330000000000086,0.34585670154896564
251.25,1.8125,0.2564999999999986,0.3502259926857833
251.25,1.8375000000000001,0.2609000000000009,0.35623376799891493
251.25,1.8625,0.26510000000000095,0.36196846261599214
251.25,1.8875000000000002,0.27419999999999856,0.3743936342863228
251.25,1.9125,0.2649000000000009,0.36169538191994083
251.25,1.9375,0.2843999999999985,0.3883207497849387
251.25,1.9625000000000001,0.283200000000001,0.3866822656086344
251.25,1.9875,0.29050000000000104,0.3966497110145067
251.25,2.0125,0.292600000000001,0.39951705832304524
251.25,2.0375,0.2880999999999959,0.39337274266188416
251.25,2.0625,0.3065000000000011,0.41849616669861034
251.25,2.0875000000000004,0.287800000000001,0.39296312161781416
251.25,2.1125,0.3114000000000011,0.42518664375186704
251.25,2.1375,0.32090000000000113,0.4381579768143036
251.25,2.1625,0.3214999999999954,0.4389772189024496
251.25,2.1875,0.3370000000000012,0.46014097284643285
251.25,2.2125000000000004,0.3422000000000012,0.46724107094376655
251.25,2.2375,0.35750000000000126,0.48813174419169064
251.25,2.2625,0.3597000000000013,0.4911356318482549
251.25,2.2875,0.353399999999995,0.48253358992263057
251.25,2.3125,0.3561000000000013,0.48622017931933165
251.25,2.3375000000000004,0.37920000000000137,0.5177609997132563
251.25,2.3625,0.37670000000000137,0.514347491012615
251.25,2.3875,0.3808999999999946,0.520082185629683
251.25,2.4125000000000005,0.40190000000000137,0.5487556587150781
251.25,2.4375,0.40570000000000145,0.5539441919400528
251.25,2.4625000000000004,0.40160000000000146,0.5483460376710013
251.25,2.4875,0.4087000000000014,0.5580404023808222
251.25,2.5125,0.4134999999999941,0.5645943390860433
251.25,2.5375000000000005,0.4150000000000015,0.5666424443064381
251.25,2.5625,0.4228000000000015,0.5772925914524386
251.25,2.5875000000000004,0.4230000000000015,0.5775656721484899
251.25,2.6125,0.4317000000000015,0.5894446824267213
251.25,2.6375,0.4349999999999938,0.5939505139115571
251.25,2.6625000000000005,0.4361000000000016,0.5954524577398499
251.25,2.6875,0.4398000000000015,0.6005044506167987
251.25,2.7125000000000004,0.42570000000000147,0.5812522615451824
251.25,2.7375,0.4322000000000015,0.5901273841668495
251.25,2.7625,0.43399999999999384,0.5925851104313007
251.25,2.7875000000000005,0.42410000000000153,0.579067615976772
251.25,2.8125,0.4378000000000016,0.5977736436562858
251.25,2.8375000000000004,0.43550000000000155,0.5946332156516959
251.25,2.8625,0.4197000000000015,0.5730598406636436
251.25,2.8875,0.41249999999999415,0.5632289356057869
251.25,2.9125000000000005,0.43240000000000156,0.5904004648629009
251.25,2.9375,0.4157000000000015,0.5675982267426177
251.25,2.9625000000000004,0.40810000000000146,0.5572211602926684
251.25,2.9875,0.40190000000000137,0.5487556587150781
251.25,3.0125,0.39559999999999435,0.5401536167894528
251.25,3.0375000000000005,0.3900000000000014,0.5325073573000262
251.25,3.0625,0.3903000000000014,0.5329169783441031
251.25,3.0875000000000004,0.38430000000000136,0.5247245574625643
251.25,3.1125,0.3811000000000013,0.5203552663257435
251.25,3.1375,0.3715999999999947,0.507383933263298
251.25,3.1625000000000005,0.37440000000000134,0.5112070630080251
251.25,3.1875,0.35900000000000126,0.4901798494120754
251.25,3.2125000000000004,0.3573000000000012,0.4878586634956393
251.25,3.2375,0.35150000000000126,0.4799393233101518
251.25,3.2625,0.33749999999999525,0.460823674586553
251.25,3.2875000000000005,0.3270000000000012,0.44648693804386813
251.25,3.3125,0.33020000000000116,0.4508562291806888
251.25,3.3375000000000004,0.3181000000000011,0.4343348470695854
251.25,3.3625,0.32610000000000117,0.44525807491163727
251.25,3.3875,0.30649999999999566,0.4184961666986029
251.25,3.4125000000000005,0.2997000000000011,0.4092114230328663
251.25,3.4375,0.30580000000000107,0.41754038426243073
251.25,3.4625000000000004,0.29440000000000105,0.40197478458750696
251.25,3.4875,0.291200000000001,0.3976054934506862
251.25,3.5125,0.2919999999999959,0.3986978162348843
251.25,3.5375000000000005,0.28490000000000104,0.38900345152507043
251.25,3.5625,0.28740000000000104,0.3924169602257116
251.25,3.5875000000000004,0.26890000000000097,0.3671569958409668
251.25,3.6125,0.2590000000000009,0.3536395013864276
251.25,3.6375,0.2613999999999963,0.35691646973903685
251.25,3.6625000000000005,0.24550000000000086,0.33520655440296515
251.25,3.6875,0.24460000000000087,0.33397769127073434
251.25,3.7125000000000004,0.24510000000000087,0.3346603930108626
251.25,3.7375,0.23760000000000084,0.32441986690893904
251.25,3.7625,0.22799999999999676,0.31131199349847133
251.25,3.7875000000000005,0.2252000000000008,0.30748886375375867
251.25,3.8125,0.2179000000000008,0.2975214183478864
251.25,3.8375000000000004,0.21280000000000077,0.2905578605985784
251.25,3.8625,0.20740000000000075,0.2831846818051934
251.25,3.8875,0.20599999999999707,0.28127311693282936
251.25,3.9125000000000005,0.19730000000000072,0.269394106654603
251.25,3.9375,0.18740000000000065,0.25587661220006386
251.25,3.9625000000000004,0.18170000000000064,0.24809381236260192
251.25,3.9875,0.17560000000000062,0.23976485113303742
251.25,4.0125,0.17739999999999748,0.24222257739749478
251.25,4.0375,0.17570000000000374,0.23990139148106732
251.25,4.0625,0.1552999999999978,0.21204716048382719
251.25,4.0875,0.15359999999999782,0.2097259745673912
251.25,4.112500000000001,0.141500000000003,0.19320459245629498
251.25,4.1375,0.13989999999999803,0.19101994688787782
251.25,4.1625,0.14230000000000304,0.1942969152405002
251.25,4.1875,0.12489999999999822,0.170538894684031
251.25,4.2125,0.13049999999999815,0.17818515417346714
251.25,4.237500000000001,0.12150000000000258,0.16589652285116493
251.25,4.2625,0.11509999999999836,0.15715794057751775
251.25,4.2875,0.10910000000000232,0.14896551969598432
251.25,4.3125,0.10829999999999845,0.14787319691177386
251.25,4.3375,0.10399999999999852,0.1420019619466711
251.25,4.362500000000001,0.09510000000000202,0.12984987097239328
251.25,4.3875,0.08789999999999874,0.12001896591454221
251.25,4.4125,0.09320000000000199,0.12725560435990596
251.25,4.4375,0.0774999999999989,0.10581876971987512
251.25,4.4625,0.07909999999999888,0.10800341528828544
251.25,4.487500000000001,0.07770000000000166,0.10609185041593018
251.25,4.5125,0.06689999999999904,0.0913454928291567
251.25,4.5375,0.06880000000000147,0.09393975944164731
251.25,4.5625,0.05899999999999916,0.08055880533513073
251.25,4.5875,0.05769999999999918,0.07878378081079734
251.25,4.612500000000001,0.051600000000001096,0.07045481958123548
251.25,4.6375,0.0489999999999993,0.0669047705325662
251.25,4.6625,0.04950000000000106,0.06758747227269683
251.25,4.6875,0.04729999999999933,0.06458358461613023
251.25,4.7125,0.04079999999999942,0.05570846199446328
251.25,4.737500000000001,0.03840000000000082,0.052431493641849666
251.25,4.7625,0.03779999999999946,0.05161225155369392
251.25,4.7875000000000005,0.03349999999999952,0.04574101658859118
251.25,4.8125,0.03150000000000067,0.043010209628079804
251.25,4.8375,0.027699999999999607,0.03782167640310375
251.25,4.862500000000001,0.02400000000000051,0.032769683526156036
251.25,4.8875,0.02319999999999967,0.03167736074194971
251.25,4.9125000000000005,0.026299999999999626,0.035910111530744714
251.25,4.9375,0.021800000000000465,0.029765795869591737
251.25,4.9625,0.020699999999999705,0.028263852041308577
251.25,4.987500000000001,0.01740000000000037,0.023758020556463127
251.25,5.0125,0.017099999999999758,0.02334839951238535
251.25,5.0375000000000005,0.017099999999999758,0.02334839951238535
251.25,5.0625,0.013800000000000293,0.01884256802753972
251.25,5.0875,0.011599999999999834,0.015838680370974856
251.25,5.112500000000001,0.011200000000000238,0.015292518978872816
251.25,5.1375,0.010699999999999849,0.01460981723874405
251.25,5.1625000000000005,0.010299999999999854,0.014063655846641468
251.25,5.1875,0.010100000000000216,0.013790575150590668
251.25,5.2125,0.008899999999999873,0.012152090974282432
251.25,5.237500000000001,0.00990000000000021,0.013517494454539366
251.25,5.2625,0.009899999999999859,0.013517494454538885
251.25,5.2875000000000005,0.005999999999999914,0.008192420881538718
251.25,5.3125,0.006700000000000143,0.009148203317718562
251.25,5.3375,0.006299999999999911,0.008602041925615655
251.25,5.362500000000001,0.0062000000000001325,0.008465501577590311
251.25,5.3875,0.005399999999999923,0.007373178793384847
251.25,5.4125000000000005,0.004299999999999938,0.005871234965102748
251.25,5.4375,0.004000000000000085,0.005461613921026006
251.25,5.4625,0.003599999999999949,0.0049154525289232314
251.25,5.487500000000001,0.002200000000000047,0.0030038876565643036
251.25,5.5125,0.004299999999999938,0.005871234965102748
251.25,5.5375000000000005,0.002199999999999969,0.003003887656564197
251.25,5.5625,0.0024000000000000514,0.003276968352615604
251.25,5.5875,0.0024999999999999645,0.0034135087006411328
251.25,5.612500000000001,0.0018000000000000385,0.0024577262644617033
251.25,5.6375,0.0015999999999999773,0.002184645568410325
251.25,5.6625000000000005,0.001899999999999973,0.002594266612487261
251.25,5.6875,0.0016000000000000343,0.0021846455684104028
251.25,5.7125,0.0005999999999999915,0.0008192420881538719
251.25,5.737500000000001,0.0008000000000000172,0.0010923227842052014
251.25,5.7625,0.000499999999999993,0.0006827017401282267
251.25,5.7875000000000005,0.00069999999999999,0.0009557824361795172
251.25,5.8125,0.0007000000000000148,0.000955782436179551
251.25,5.8375,0.00039999999999999433,0.0005461613921025813
251.25,5.862500000000001,0.0011000000000000235,0.0015019438282821518
251.25,5.8875,0.0007999999999999887,0.0010923227842051626
251.25,5.9125000000000005,0.0007999999999999887,0.0010923227842051626
251.25,5.9375,0.0004000000000000086,0.0005461613921026007
251.25,5.9625,9.999999999999858e-05,0.00013654034802564532
251.25,5.987500000000001,0.0004000000000000086,0.0005461613921026007
251.25,6.0125,0.00029999999999999575,0.00040962104407693594
251.25,6.0375000000000005,9.999999999999858e-05,0.00013654034802564532
251.25,6.0625,0.0002000000000000043,0.00027308069605130035
251.25,6.0875,9.999999999999858e-05,0.00013654034802564532
251.25,6.112500000000001,0.0002000000000000043,0.00027308069605130035
251.25,6.1375,0.0,0.0
251.25,6.1625000000000005,0.00029999999999999575,0.00040962104407693594
251.25,6.1875,0.0002000000000000043,0.00027308069605130035
251.25,6.2125,9.999999999999858e-05,0.00013654034802564532
251.25,6.237500000000001,0.00010000000000000215,0.00013654034802565017
251.25,6.2625,0.0,0.0
251.25,6.2875000000000005,0.0,0.0
251.25,6.3125,0.00010000000000000215,0.00013654034802565017
251.25,6.3375,9.999999999999858e-05,0.00013654034802564532
251.25,6.362500000000001,0.0,0.0
251.25,6.3875,0.0,0.0
251.25,6.4125000000000005,0.0,0.0
251.25,6.4375,0.0,0.0
251.25,6.4625,0.0,0.0
251.25,6.487500000000001,0.00010000000000000215,0.00013654034802565017
251.25,6.5125,0.0,0.0
251.25,6.5375000000000005,0.0,0.0
251.25,6.5625,0.00010000000000000215,0.00013654034802565017
251.25,6.5875,0.0,0.0
251.25,6.612500000000001,0.00010000000000000215,0.00013654034802565017
251.25,6.6375,0.0,0.0
251.25,6.6625000000000005,0.0,0.0
251.25,6.6875,0.0,0.0
251.25,6.7125,0.0,0.0
251.25,6.737500000000001,0.0,0.0
251.25,6.7625,0.0,0.0
251.25,6.7875000000000005,0.0,0.0
251.25,6.8125,0.0,0.0
251.25,6.8375,0.0,0.0
251.25,6.862500000000001,0.0,0.0
251.25,6.8875,0.0,0.0
251.25,6.9125000000000005,0.0,0.0
251.25,6.9375,0.0,0.0
251.25,6.9625,0.0,0.0
251.25,6.987500000000001,0.0,0.0
